Date,Time,Wind Direction (degTN),Wind Speed (m/s),Wind Sigma Theta (deg),Wind Speed Std Dev (m/s),Air Temperature (degC),Relative Humidity (%),Rainfall (mm),Barometric Pressure (hPa),PM10 (ug/m^3),PM2.5 (ug/m^3),Visibility-reducing Particles (Mm^-1)
01/01/2023,00:00,115,0.6,38.0,0.3,22.7,73.8,0.0,1009,23.4,9.4,18
01/01/2023,01:00,136,0.5,37.6,0.3,22.5,75.4,0.0,1008,20.8,8.5,9
01/01/2023,02:00,190,0.2,67.2,0.3,22.0,77.0,0.0,1008,24.2,10.7,23
01/01/2023,03:00,182,0.3,64.5,0.3,21.4,79.3,0.0,1008,26.2,11.9,27
01/01/2023,04:00,194,0.2,71.4,0.3,21.1,79.4,0.0,1008,23.6,11.2,26
01/01/2023,05:00,193,0.3,63.1,0.2,21.3,76.9,0.0,1008,22.2,10.0,22
01/01/2023,06:00,172,0.4,65.4,0.3,22.7,71.6,0.0,1009,18.5,8.3,19
01/01/2023,07:00,181,0.6,55.5,0.4,23.5,69.3,0.0,1010,18.6,7.4,17
01/01/2023,08:00,170,1.0,34.7,0.6,24.9,60.2,0.0,1009,20.2,7.7,13
01/01/2023,09:00,155,0.9,45.0,0.6,25.3,58.1,0.0,1009,19.8,7.5,12
01/01/2023,10:00,111,1.2,39.6,0.6,25.7,54.8,0.0,1009,16.0,6.0,8
01/01/2023,11:00,40,0.6,46.4,0.5,26.9,52.3,0.0,1008,16.1,6.1,8
01/01/2023,12:00,8,1.4,31.0,0.7,26.9,53.2,0.0,1008,18.6,7.3,10
01/01/2023,13:00,12,1.4,35.4,0.8,26.7,53.6,0.0,1008,19.2,7.2,11
01/01/2023,14:00,40,1.3,42.3,0.8,26.6,53.6,0.0,1007,18.2,6.6,11
01/01/2023,15:00,64,1.4,38.5,0.9,26.1,55.1,0.0,1007,18.8,6.7,12
01/01/2023,16:00,75,1.2,40.9,0.8,25.9,52.9,0.0,1007,18.7,6.7,11
01/01/2023,17:00,75,1.1,39.0,0.8,25.3,56.2,0.0,1008,18.9,6.9,12
01/01/2023,18:00,95,1.3,38.6,0.7,24.4,59.1,0.0,1008,19.1,6.9,13
01/01/2023,19:00,98,1.1,33.9,0.5,23.9,61.7,0.0,1009,20.9,7.4,14
01/01/2023,20:00,99,0.8,37.7,0.5,23.5,63.3,0.0,1010,21.3,7.7,15
01/01/2023,21:00,107,0.6,43.3,0.3,23.1,64.6,0.0,1010,21.5,7.8,14
01/01/2023,22:00,101,0.5,45.0,0.3,22.8,65.7,0.0,1009,19.3,7.5,14
01/01/2023,23:00,133,0.5,33.8,0.3,22.3,68.0,0.0,1009,20.2,7.5,14
02/01/2023,00:00,165,0.5,36.1,0.3,22.0,68.9,0.0,1008,19.7,7.4,14
02/01/2023,01:00,180,0.3,69.4,0.3,21.8,70.8,0.0,1008,20.5,8.0,11
02/01/2023,02:00,188,0.4,61.0,0.3,21.5,71.8,0.0,1007,22.1,8.1,16
02/01/2023,03:00,180,0.4,56.6,0.4,21.4,71.6,0.0,1007,19.9,7.9,16
02/01/2023,04:00,187,0.4,59.3,0.3,20.8,74.2,0.0,1007,18.7,8.1,17
02/01/2023,05:00,185,0.5,52.5,0.4,20.9,72.0,0.0,1007,18.5,7.5,16
02/01/2023,06:00,189,0.7,49.9,0.5,22.3,65.1,0.0,1008,18.1,7.5,15
02/01/2023,07:00,159,0.7,64.9,0.5,24.1,58.3,0.0,1008,18.9,7.5,13
02/01/2023,08:00,168,1.4,36.5,0.8,25.2,52.1,0.0,1008,18.2,6.8,10
02/01/2023,09:00,166,1.6,35.3,0.8,25.7,49.6,0.0,1008,15.5,6.5,10
02/01/2023,10:00,170,1.1,46.3,0.7,27.0,44.4,0.0,1008,15.4,6.3,9
02/01/2023,11:00,170,1.4,40.6,0.8,27.8,38.3,0.0,1007,14.4,5.7,7
02/01/2023,12:00,127,1.0,56.0,0.7,27.7,41.5,0.0,1006,16.8,6.5,10
02/01/2023,13:00,91,1.1,45.9,0.8,27.4,44.9,0.0,1005,17.1,6.8,11
02/01/2023,14:00,26,1.3,42.7,0.9,27.0,49.0,0.0,1005,18.9,6.9,10
02/01/2023,15:00,61,1.2,45.2,0.7,26.7,47.9,0.0,1004,19.2,6.8,10
02/01/2023,16:00,90,1.3,40.6,0.8,26.7,49.2,0.0,1004,18.3,6.7,12
02/01/2023,17:00,64,1.1,45.0,0.8,25.6,52.5,0.0,1005,19.0,7.1,13
02/01/2023,18:00,67,1.2,34.2,0.7,24.5,55.4,0.0,1005,18.0,6.9,13
02/01/2023,19:00,62,0.8,47.0,0.5,23.8,58.4,0.0,1006,18.9,7.2,14
02/01/2023,20:00,44,0.7,39.6,0.4,23.3,61.3,0.0,1006,19.6,7.4,14
02/01/2023,21:00,72,0.4,50.2,0.3,23.0,63.6,0.0,1006,18.1,7.4,15
02/01/2023,22:00,87,0.6,28.1,0.2,22.8,64.5,0.0,1006,19.5,7.5,15
02/01/2023,23:00,71,0.3,46.6,0.2,22.7,63.9,0.0,1005,19.7,7.2,14
03/01/2023,00:00,92,0.4,41.3,0.2,22.5,63.4,0.0,1004,19.2,7.2,13
03/01/2023,01:00,126,0.6,24.9,0.2,22.3,65.1,0.0,1004,19.4,7.2,9
03/01/2023,02:00,200,0.2,53.0,0.2,21.6,70.8,0.0,1003,17.6,7.0,12
03/01/2023,03:00,188,0.4,51.2,0.2,21.1,72.7,0.0,1003,17.6,7.1,13
03/01/2023,04:00,206,0.1,68.1,0.2,20.8,72.4,0.0,1004,16.8,7.4,15
03/01/2023,05:00,222,0.1,61.8,0.2,21.0,71.3,0.0,1004,17.5,7.2,14
03/01/2023,06:00,170,0.3,75.1,0.3,23.0,63.4,0.0,1004,20.3,7.7,15
03/01/2023,07:00,176,1.1,28.4,0.4,23.8,60.0,0.0,1005,19.7,7.7,14
03/01/2023,08:00,181,0.7,51.6,0.5,25.5,51.6,0.0,1005,19.6,7.9,13
03/01/2023,09:00,172,0.6,65.2,0.4,27.2,43.1,0.0,1004,16.1,6.8,10
03/01/2023,10:00,171,0.6,52.0,0.6,27.6,41.2,0.0,1003,15.2,6.8,10
03/01/2023,11:00,163,0.7,48.4,0.6,29.3,38.5,0.0,1002,17.7,7.8,12
03/01/2023,12:00,2,1.1,43.9,0.7,29.8,40.3,0.0,1001,18.8,8.3,15
03/01/2023,13:00,358,2.2,26.1,0.9,28.5,46.3,0.0,1000,20.0,8.6,18
03/01/2023,14:00,6,1.7,35.6,0.9,28.5,44.8,0.0,1000,21.1,8.6,16
03/01/2023,15:00,37,1.6,37.2,0.9,27.8,48.4,0.0,999,23.9,8.3,16
03/01/2023,16:00,354,2.2,28.5,1.0,26.9,52.4,0.0,999,21.9,7.5,15
03/01/2023,17:00,1,1.6,36.5,0.8,26.3,55.6,0.0,1000,20.6,7.3,15
03/01/2023,18:00,22,1.4,36.6,0.8,25.3,61.2,0.0,1000,21.8,7.5,16
03/01/2023,19:00,27,1.0,42.1,0.7,24.8,63.8,0.0,1001,20.0,7.4,16
03/01/2023,20:00,359,1.3,33.5,0.7,24.6,66.2,0.0,1001,19.0,7.4,17
03/01/2023,21:00,10,1.0,42.0,0.6,24.7,62.6,0.0,1002,16.1,6.5,13
03/01/2023,22:00,1,1.0,38.7,0.6,24.7,62.8,0.0,1002,14.3,5.9,11
03/01/2023,23:00,347,0.9,32.5,0.4,24.2,65.6,0.0,1001,14.4,5.9,12
04/01/2023,00:00,345,0.3,67.7,0.3,23.7,68.6,0.0,1001,17.6,6.7,13
04/01/2023,01:00,327,0.1,62.3,0.2,23.4,70.3,0.0,1000,20.2,7.6,12
04/01/2023,02:00,114,0.1,64.7,0.2,23.2,70.5,0.0,1000,19.0,7.4,14
04/01/2023,03:00,268,0.2,53.6,0.2,22.9,71.8,0.0,1000,17.6,7.2,15
04/01/2023,04:00,197,0.2,67.6,0.3,22.1,76.6,0.0,1000,16.4,7.3,17
04/01/2023,05:00,194,0.3,62.9,0.3,21.9,76.9,0.0,1001,17.9,8.1,19
04/01/2023,06:00,183,0.3,64.0,0.3,23.8,68.9,0.0,1001,20.5,8.5,20
04/01/2023,07:00,175,0.8,41.0,0.4,24.7,62.9,0.0,1001,20.9,8.4,18
04/01/2023,08:00,120,0.3,73.5,0.4,27.2,53.0,0.0,1001,21.5,8.7,17
04/01/2023,09:00,74,0.6,50.9,0.4,28.2,50.1,0.0,1000,21.6,9.3,18
04/01/2023,10:00,24,0.7,52.9,0.6,30.0,46.8,0.0,1000,25.2,10.1,21
04/01/2023,11:00,5,1.2,41.4,0.7,30.3,47.4,0.0,999,28.9,10.8,24
04/01/2023,12:00,359,1.9,30.0,0.9,30.5,46.9,0.0,998,30.1,10.9,25
04/01/2023,13:00,41,1.4,36.4,0.8,30.7,45.9,0.0,998,30.9,10.9,25
04/01/2023,14:00,360,2.1,31.5,1.0,29.8,52.1,0.0,997,26.5,9.9,25
04/01/2023,15:00,357,2.5,28.2,1.1,28.1,62.0,0.0,997,22.0,8.3,20
04/01/2023,16:00,359,1.9,27.3,0.9,27.3,64.1,0.0,997,21.2,8.0,20
04/01/2023,17:00,350,2.5,24.4,1.0,26.6,69.1,0.0,997,20.4,7.7,17
04/01/2023,18:00,356,2.3,27.2,0.9,26.2,73.2,0.0,997,20.2,7.7,16
04/01/2023,19:00,31,0.9,37.3,0.7,26.3,74.1,0.0,999,21.3,7.9,15
04/01/2023,20:00,104,1.2,34.9,0.7,26.5,72.9,0.0,999,20.6,8.0,16
04/01/2023,21:00,57,1.0,41.2,0.7,25.4,80.8,16.2,1000,22.1,8.4,19
04/01/2023,22:00,21,1.4,30.8,0.7,23.2,87.4,11.3,1000,12.0,5.1,10
04/01/2023,23:00,350,2.0,22.4,0.8,22.8,85.4,0.0,1000,16.3,7.4,17
05/01/2023,00:00,15,1.0,36.1,0.5,22.7,82.6,5.4,1000,21.6,9.3,21
05/01/2023,01:00,346,0.8,36.0,0.3,22.8,82.0,0.0,999,16.5,7.6,15
05/01/2023,02:00,257,0.1,79.6,0.2,22.7,82.8,0.0,998,18.3,7.6,16
05/01/2023,03:00,193,0.3,61.1,0.3,22.5,83.1,0.0,998,16.0,6.1,13
05/01/2023,04:00,189,0.2,73.0,0.2,22.5,82.9,0.0,998,13.5,5.2,10
05/01/2023,05:00,173,0.2,85.3,0.3,22.6,81.9,0.0,999,13.3,5.1,10
05/01/2023,06:00,190,0.4,65.6,0.4,22.8,81.3,0.0,999,14.7,6.1,14
05/01/2023,07:00,116,0.5,31.7,0.3,22.9,83.6,0.0,1000,13.8,6.2,14
05/01/2023,08:00,163,0.5,43.1,0.3,23.8,80.1,0.0,1000,14.6,6.5,17
05/01/2023,09:00,161,0.9,29.0,0.4,24.0,77.6,0.0,1000,14.4,6.1,16
05/01/2023,10:00,129,0.5,40.5,0.3,25.0,71.9,0.0,1000,13.3,6.3,18
05/01/2023,11:00,56,0.4,56.0,0.3,25.7,68.6,0.0,1000,14.5,7.2,21
05/01/2023,12:00,66,0.5,37.6,0.3,26.3,67.2,0.0,1000,14.6,8.2,26
05/01/2023,13:00,13,0.4,52.4,0.4,27.0,63.9,0.0,999,17.1,9.5,32
05/01/2023,14:00,357,1.0,37.0,0.6,26.8,66.5,0.0,998,18.7,10.4,37
05/01/2023,15:00,2,1.0,37.1,0.6,26.5,68.3,0.0,998,16.0,9.3,32
05/01/2023,16:00,3,0.9,42.9,0.5,25.9,71.3,0.0,998,14.8,7.9,25
05/01/2023,17:00,358,0.2,67.9,0.4,25.3,73.7,0.1,999,14.4,7.4,23
05/01/2023,18:00,140,0.1,58.3,0.3,23.7,77.6,0.3,999,13.3,6.0,16
05/01/2023,19:00,199,0.4,66.0,0.4,22.8,78.0,0.0,1000,14.5,6.0,15
05/01/2023,20:00,189,1.4,34.1,0.7,22.7,75.6,0.0,1001,15.2,5.2,10
05/01/2023,21:00,109,0.5,36.8,0.3,22.4,79.8,0.0,1002,8.9,3.6,5
05/01/2023,22:00,188,0.5,50.6,0.3,22.3,78.2,0.0,1002,9.6,3.4,5
05/01/2023,23:00,198,0.3,68.7,0.4,22.4,73.8,0.0,1002,11.1,4.1,6
06/01/2023,00:00,193,0.5,61.7,0.4,22.2,70.9,0.0,1002,13.0,4.9,7
06/01/2023,01:00,194,0.7,48.5,0.5,22.0,69.0,0.0,1001,13.9,4.7,5
06/01/2023,02:00,198,0.8,46.6,0.6,21.7,68.2,0.0,1000,11.3,4.3,5
06/01/2023,03:00,190,0.5,55.2,0.4,21.4,69.0,0.0,1001,12.9,4.1,5
06/01/2023,04:00,192,0.4,67.9,0.4,21.2,70.0,0.0,1001,11.0,3.9,4
06/01/2023,05:00,187,0.5,60.5,0.5,21.2,70.1,0.0,1002,9.5,3.3,3
06/01/2023,06:00,188,0.7,49.4,0.4,22.1,66.5,0.0,1002,8.6,2.9,3
06/01/2023,07:00,183,0.7,53.6,0.6,24.0,58.7,0.0,1003,9.2,2.2,1
06/01/2023,08:00,186,1.1,50.1,0.8,25.2,53.6,0.0,1003,7.6,2.3,1
06/01/2023,09:00,179,1.5,38.3,0.8,26.0,51.9,0.0,1003,9.4,2.5,2
06/01/2023,10:00,157,1.2,38.8,0.7,27.1,49.4,0.0,1003,9.1,3.2,3
06/01/2023,11:00,137,0.7,59.3,0.6,27.8,47.1,0.0,1002,9.9,3.7,4
06/01/2023,12:00,51,0.6,45.7,0.5,27.7,50.2,0.0,1002,10.6,4.0,5
06/01/2023,13:00,93,1.1,43.5,0.7,27.7,51.6,0.0,1002,13.1,4.7,7
06/01/2023,14:00,99,1.3,41.3,0.8,27.7,51.9,0.0,1001,13.4,4.9,7
06/01/2023,15:00,87,1.6,41.1,0.9,26.5,55.6,0.0,1001,15.3,5.3,9
06/01/2023,16:00,82,1.3,41.1,0.9,25.8,58.8,0.0,1001,16.0,6.1,11
06/01/2023,17:00,88,1.3,47.0,0.9,25.1,60.7,0.0,1002,15.0,5.7,10
06/01/2023,18:00,127,1.9,34.8,1.0,24.0,60.6,0.0,1003,14.6,4.6,7
06/01/2023,19:00,115,1.4,40.4,0.8,23.5,61.2,0.0,1004,15.4,5.1,8
06/01/2023,20:00,139,1.0,45.3,0.6,23.2,63.1,0.0,1005,17.3,5.4,9
06/01/2023,21:00,136,1.0,38.7,0.6,22.8,64.1,0.0,1005,16.8,5.5,8
06/01/2023,22:00,163,1.2,35.2,0.6,22.6,64.9,0.0,1006,16.1,5.5,9
06/01/2023,23:00,178,0.9,38.0,0.5,22.1,67.4,0.0,1005,17.4,5.9,10
07/01/2023,00:00,185,1.1,32.8,0.6,21.9,66.7,0.0,1004,15.8,5.7,9
07/01/2023,01:00,185,0.6,47.3,0.4,21.8,65.2,0.0,1004,13.6,5.2,5
07/01/2023,02:00,185,0.5,51.2,0.4,21.5,66.9,0.0,1003,14.0,5.3,8
07/01/2023,03:00,189,0.4,60.3,0.4,21.2,68.3,0.0,1004,13.5,5.4,8
07/01/2023,04:00,197,0.4,57.7,0.4,20.8,69.7,0.0,1004,13.2,5.4,8
07/01/2023,05:00,192,0.7,50.7,0.5,20.8,68.7,0.0,1004,13.8,5.5,9
07/01/2023,06:00,182,0.6,58.6,0.5,22.2,62.4,0.0,1005,13.7,5.8,10
07/01/2023,07:00,179,0.7,56.6,0.5,23.8,55.4,0.0,1005,13.9,5.3,8
07/01/2023,08:00,148,1.2,37.1,0.8,24.8,50.9,0.0,1005,13.2,4.9,6
07/01/2023,09:00,163,0.9,45.7,0.6,25.9,47.2,0.0,1005,12.0,4.8,6
07/01/2023,10:00,160,0.9,44.3,0.6,27.0,44.1,0.0,1005,11.5,4.5,5
07/01/2023,11:00,162,0.6,58.2,0.6,27.9,41.7,0.0,1004,12.0,4.7,6
07/01/2023,12:00,206,0.3,71.6,0.4,29.1,38.9,0.0,1004,12.8,5.1,7
07/01/2023,13:00,33,1.1,43.4,0.6,28.2,46.5,0.0,1003,14.4,5.4,8
07/01/2023,14:00,23,1.2,36.9,0.7,27.9,49.4,0.0,1003,16.0,5.6,8
07/01/2023,15:00,21,0.9,40.4,0.6,27.4,51.6,0.0,1002,15.3,5.7,9
07/01/2023,16:00,34,1.1,42.8,0.7,27.1,54.1,0.0,1002,18.3,6.1,10
07/01/2023,17:00,101,1.5,35.0,0.8,25.9,57.8,0.0,1003,17.7,6.1,11
07/01/2023,18:00,96,1.4,36.1,0.8,24.8,61.2,0.0,1004,17.1,6.0,11
07/01/2023,19:00,93,1.0,47.6,0.6,24.3,63.0,0.0,1004,16.0,5.7,10
07/01/2023,20:00,109,0.7,57.5,0.6,24.0,62.0,0.0,1004,15.6,5.5,9
07/01/2023,21:00,144,0.9,44.9,0.6,23.9,59.6,0.0,1005,14.4,4.8,7
07/01/2023,22:00,129,0.7,48.6,0.4,23.6,58.5,0.0,1005,11.4,4.4,6
07/01/2023,23:00,122,0.5,29.2,0.3,23.2,59.8,0.0,1005,11.2,4.4,6
08/01/2023,00:00,174,0.4,58.5,0.3,23.2,60.7,0.0,1005,12.5,4.5,6
08/01/2023,01:00,193,0.3,67.4,0.3,23.0,62.1,0.0,1005,12.0,4.7,6
08/01/2023,02:00,193,0.6,50.3,0.4,22.4,64.0,0.0,1005,12.1,4.8,6
08/01/2023,03:00,192,0.6,55.0,0.5,22.0,66.5,0.0,1005,11.5,4.3,6
08/01/2023,04:00,187,0.6,54.1,0.4,21.6,69.2,0.0,1006,10.3,4.0,5
08/01/2023,05:00,190,0.7,48.5,0.5,21.7,68.9,0.0,1006,8.9,3.6,4
08/01/2023,06:00,194,0.9,55.5,0.7,23.0,62.6,0.0,1007,10.2,3.8,4
08/01/2023,07:00,188,0.9,57.3,0.7,24.3,56.3,0.0,1007,10.6,3.8,4
08/01/2023,08:00,181,0.6,66.3,0.5,26.2,49.5,0.0,1007,9.9,3.8,3
08/01/2023,09:00,175,0.7,56.9,0.6,27.0,47.2,0.0,1007,8.5,3.3,2
08/01/2023,10:00,159,0.4,47.7,0.4,27.2,47.0,0.0,1007,8.5,3.0,3
08/01/2023,11:00,76,0.4,53.6,0.4,27.6,45.6,0.0,1006,7.1,2.7,2
08/01/2023,12:00,17,0.9,41.9,0.6,27.8,48.4,0.0,1006,10.4,3.7,5
08/01/2023,13:00,355,1.5,31.5,0.7,28.0,49.5,0.0,1005,11.5,4.5,6
08/01/2023,14:00,51,1.1,40.8,0.7,27.9,50.3,0.0,1005,13.0,4.6,6
08/01/2023,15:00,34,1.3,41.6,0.8,27.7,52.2,0.0,1005,14.4,5.3,7
08/01/2023,16:00,42,1.1,42.9,0.8,26.8,56.5,0.0,1004,15.3,5.6,9
08/01/2023,17:00,45,1.3,44.0,0.8,25.8,60.8,0.0,1005,17.2,5.9,11
08/01/2023,18:00,66,1.4,40.6,0.8,24.7,64.2,0.0,1006,17.1,6.1,11
08/01/2023,19:00,66,1.1,40.5,0.7,24.3,65.5,0.0,1007,18.0,6.6,12
08/01/2023,20:00,97,1.2,38.0,0.7,24.1,64.3,0.0,1008,18.4,6.4,11
08/01/2023,21:00,89,0.8,49.0,0.5,24.0,64.2,0.0,1008,19.2,6.7,12
08/01/2023,22:00,96,0.8,47.9,0.5,24.0,63.6,0.0,1008,21.6,7.0,13
08/01/2023,23:00,107,0.8,38.2,0.4,23.8,63.5,0.0,1008,21.6,7.0,13
09/01/2023,00:00,133,0.8,38.6,0.5,23.5,64.2,0.0,1008,20.5,7.1,13
09/01/2023,01:00,135,0.7,40.6,0.4,23.2,65.3,0.0,1008,21.5,7.0,8
09/01/2023,02:00,155,0.9,33.1,0.4,22.9,65.7,0.0,1007,20.4,6.8,10
09/01/2023,03:00,148,0.7,38.1,0.4,23.0,65.2,0.0,1008,18.3,6.7,11
09/01/2023,04:00,158,0.8,32.5,0.4,22.7,64.9,0.0,1008,16.3,6.0,10
09/01/2023,05:00,147,0.4,57.8,0.3,22.8,64.5,0.0,1008,16.0,5.9,10
09/01/2023,06:00,173,0.6,45.6,0.4,23.9,59.9,0.0,1009,15.8,6.2,12
09/01/2023,07:00,184,0.1,76.7,0.2,25.1,56.3,0.0,1009,18.7,6.6,11
09/01/2023,08:00,164,0.3,67.6,0.3,26.3,51.9,0.0,1009,18.1,6.6,11
09/01/2023,09:00,10,0.2,74.4,0.4,27.7,48.8,0.0,1008,17.1,6.6,11
09/01/2023,10:00,357,0.2,76.5,0.4,28.4,48.3,0.0,1008,16.5,6.6,13
09/01/2023,11:00,2,1.1,47.5,0.7,28.3,48.9,0.0,1007,17.9,7.5,15
09/01/2023,12:00,2,1.5,38.2,0.8,28.6,48.8,0.0,1006,19.1,7.5,14
09/01/2023,13:00,359,2.0,32.6,0.8,28.4,51.0,0.0,1006,19.9,7.5,16
09/01/2023,14:00,357,2.2,28.8,0.9,27.9,54.8,0.0,1005,20.0,8.1,20
09/01/2023,15:00,11,1.8,33.3,0.9,27.8,55.9,0.0,1005,21.8,8.5,22
09/01/2023,16:00,36,1.6,37.1,0.9,27.1,60.9,0.0,1005,22.4,8.2,20
09/01/2023,17:00,41,1.4,41.6,0.9,25.9,64.7,0.0,1005,22.7,7.1,15
09/01/2023,18:00,25,1.2,39.7,0.7,25.2,66.1,0.0,1006,18.0,6.4,13
09/01/2023,19:00,38,1.0,42.9,0.7,24.6,68.4,0.0,1007,17.0,6.3,14
09/01/2023,20:00,43,0.7,48.3,0.4,24.5,68.6,0.0,1008,18.0,6.6,14
09/01/2023,21:00,88,0.7,36.1,0.3,24.0,68.7,0.0,1008,16.2,6.8,15
09/01/2023,22:00,79,0.6,36.7,0.3,23.6,69.6,0.0,1008,16.0,6.8,15
09/01/2023,23:00,73,0.7,40.2,0.3,23.4,70.3,0.0,1008,17.2,6.6,14
10/01/2023,00:00,80,0.5,47.9,0.3,23.3,69.5,0.0,1008,17.2,6.3,13
10/01/2023,01:00,93,0.5,34.7,0.2,23.0,69.7,0.0,1007,15.3,6.1,9
10/01/2023,02:00,128,0.5,24.6,0.2,22.9,69.7,0.0,1007,15.5,6.0,11
10/01/2023,03:00,157,0.5,41.8,0.2,22.8,68.6,0.0,1007,15.4,6.1,11
10/01/2023,04:00,176,0.6,46.6,0.3,22.2,71.7,0.0,1007,16.2,6.7,14
10/01/2023,05:00,168,0.4,61.4,0.3,22.1,72.4,0.0,1007,17.8,7.6,17
10/01/2023,06:00,162,0.5,50.0,0.4,23.1,67.2,0.0,1008,16.9,7.4,16
10/01/2023,07:00,166,0.5,64.4,0.4,24.5,62.4,0.0,1008,16.9,7.0,15
10/01/2023,08:00,163,0.7,60.1,0.5,25.9,58.1,0.0,1008,17.4,7.5,16
10/01/2023,09:00,154,0.4,63.8,0.4,27.4,49.6,0.0,1008,18.5,7.4,15
10/01/2023,10:00,158,0.2,64.3,0.4,28.8,45.1,0.0,1007,19.7,8.0,16
10/01/2023,11:00,41,0.6,54.9,0.5,28.7,45.6,0.0,1007,17.6,8.0,17
10/01/2023,12:00,43,1.1,44.4,0.7,28.4,46.1,0.0,1006,17.5,6.9,13
10/01/2023,13:00,49,1.3,39.0,0.8,28.0,47.0,0.0,1006,17.2,6.2,11
10/01/2023,14:00,55,1.3,39.2,0.8,28.1,46.2,0.0,1005,16.7,5.6,9
10/01/2023,15:00,80,1.3,43.8,0.8,27.8,46.4,0.0,1005,14.7,5.2,8
10/01/2023,16:00,99,1.5,40.1,0.9,27.2,49.5,0.0,1005,15.5,5.1,7
10/01/2023,17:00,101,1.8,39.0,1.0,25.8,55.6,0.0,1006,17.1,5.4,8
10/01/2023,18:00,98,1.4,40.5,0.8,24.8,59.8,0.0,1006,17.9,5.7,9
10/01/2023,19:00,93,1.1,43.5,0.7,24.2,62.1,0.0,1007,17.1,5.8,9
10/01/2023,20:00,105,1.0,42.8,0.6,23.8,63.5,0.0,1008,17.4,6.0,10
10/01/2023,21:00,107,0.9,37.8,0.6,23.6,63.9,0.0,1008,18.0,6.1,11
10/01/2023,22:00,116,1.1,38.2,0.7,23.3,60.8,0.0,1009,17.5,5.8,9
10/01/2023,23:00,124,1.1,38.6,0.6,23.2,56.7,0.0,1009,15.4,5.5,8
11/01/2023,00:00,154,0.8,37.0,0.4,22.9,56.6,0.0,1008,14.3,5.4,8
11/01/2023,01:00,171,0.6,42.9,0.3,22.8,58.6,0.0,1008,16.1,5.4,6
11/01/2023,02:00,185,0.5,44.0,0.3,22.3,62.5,0.0,1008,16.9,5.7,8
11/01/2023,03:00,183,0.4,58.0,0.3,21.8,66.4,0.0,1008,16.5,5.7,9
11/01/2023,04:00,162,0.4,58.3,0.2,21.5,68.5,0.0,1009,14.2,5.4,9
11/01/2023,05:00,183,0.6,52.6,0.3,21.5,69.0,0.0,1009,14.5,5.4,9
11/01/2023,06:00,177,0.2,87.1,0.3,22.7,65.4,0.0,1010,23.1,10.3,26
11/01/2023,07:00,177,0.3,84.0,0.3,24.9,56.1,0.0,1010,29.7,18.1,47
11/01/2023,08:00,170,0.9,60.3,0.5,25.6,49.3,0.0,1010,24.7,11.0,24
11/01/2023,09:00,163,1.4,38.7,0.7,26.2,43.6,0.0,1010,16.6,5.5,7
11/01/2023,10:00,165,0.7,61.0,0.6,27.5,39.8,0.0,1009,16.3,5.5,7
11/01/2023,11:00,131,0.6,48.7,0.6,28.1,37.5,0.0,1009,16.7,5.4,6
11/01/2023,12:00,45,0.8,51.3,0.6,28.2,38.5,0.0,1008,14.7,4.6,5
11/01/2023,13:00,12,1.3,35.5,0.8,28.5,40.5,0.0,1008,16.9,4.7,5
11/01/2023,14:00,42,1.1,43.0,0.7,28.2,46.1,0.0,1007,16.9,5.3,7
11/01/2023,15:00,35,1.3,47.4,0.8,27.1,51.7,0.0,1007,15.8,5.3,7
11/01/2023,16:00,50,1.3,41.6,0.8,26.3,54.5,0.0,1007,16.4,5.2,8
11/01/2023,17:00,65,1.0,45.1,0.7,25.8,57.9,0.0,1008,16.3,5.3,8
11/01/2023,18:00,71,1.0,40.4,0.7,25.2,59.7,0.0,1009,15.5,5.1,7
11/01/2023,19:00,92,1.1,40.6,0.6,24.5,62.6,0.0,1010,16.8,5.4,8
11/01/2023,20:00,84,0.8,41.3,0.5,24.2,64.5,0.0,1010,15.6,5.4,8
11/01/2023,21:00,88,0.7,41.7,0.4,23.9,65.8,0.0,1011,15.2,5.4,8
11/01/2023,22:00,87,0.7,39.7,0.4,23.6,66.7,0.0,1011,16.6,5.3,8
11/01/2023,23:00,108,0.6,40.9,0.3,23.4,66.7,0.0,1011,14.2,4.8,6
12/01/2023,00:00,145,0.8,34.6,0.4,23.0,68.2,0.0,1010,14.4,4.9,7
12/01/2023,01:00,173,0.5,62.3,0.3,22.7,69.2,0.0,1010,15.0,5.0,5
12/01/2023,02:00,158,0.2,69.3,0.3,22.6,69.7,0.0,1010,14.9,4.8,6
12/01/2023,03:00,176,0.3,63.7,0.3,22.6,68.7,0.0,1010,14.0,4.7,6
12/01/2023,04:00,193,0.2,76.5,0.3,22.2,70.2,0.0,1010,12.4,4.6,6
12/01/2023,05:00,183,0.4,66.4,0.3,22.2,70.3,0.0,1011,16.4,7.1,16
12/01/2023,06:00,186,0.3,73.1,0.3,22.9,67.5,0.0,1011,19.5,10.2,26
12/01/2023,07:00,187,0.8,50.9,0.6,23.9,60.6,0.0,1012,23.5,10.4,25
12/01/2023,08:00,179,0.9,57.8,0.5,25.1,55.4,0.0,1012,18.4,6.4,12
12/01/2023,09:00,177,0.9,48.6,0.6,26.1,50.2,0.0,1012,14.5,4.7,6
12/01/2023,10:00,171,0.9,54.7,0.6,27.0,46.5,0.0,1012,14.1,4.6,10
12/01/2023,11:00,147,0.7,46.2,0.5,27.2,46.1,0.0,1011,13.5,4.6,5
12/01/2023,12:00,1,1.4,38.3,0.8,27.3,51.1,0.0,1010,18.2,5.1,7
12/01/2023,13:00,24,1.4,40.5,0.8,27.5,50.0,0.0,1010,14.4,4.6,5
12/01/2023,14:00,35,1.3,44.2,0.8,27.2,48.6,0.0,1010,11.6,4.2,4
12/01/2023,15:00,39,1.4,39.9,0.8,26.6,50.2,0.0,1010,12.4,3.9,3
12/01/2023,16:00,42,1.2,41.8,0.8,26.0,53.5,0.0,1010,11.5,4.1,4
12/01/2023,17:00,55,1.0,47.3,0.7,25.3,56.8,0.0,1010,12.0,4.1,4
12/01/2023,18:00,54,1.0,41.5,0.7,24.8,58.2,0.0,1011,13.2,4.5,5
12/01/2023,19:00,68,0.9,40.6,0.5,24.6,59.6,0.0,1011,12.5,4.7,6
12/01/2023,20:00,85,0.8,33.8,0.4,24.3,60.8,0.0,1012,13.1,4.7,6
12/01/2023,21:00,99,0.7,34.2,0.4,24.0,61.2,0.0,1012,13.7,4.7,6
12/01/2023,22:00,145,0.7,34.4,0.3,23.8,62.7,0.0,1012,12.9,5.0,7
12/01/2023,23:00,153,0.6,43.1,0.3,23.6,64.2,0.0,1012,14.9,5.3,8
13/01/2023,00:00,166,0.8,30.6,0.4,23.1,66.1,0.0,1011,14.8,5.6,9
13/01/2023,01:00,177,0.5,50.0,0.3,22.6,68.4,0.0,1011,17.4,5.6,6
13/01/2023,02:00,176,0.5,54.5,0.4,22.2,70.0,0.0,1010,16.2,5.8,9
13/01/2023,03:00,193,0.3,66.1,0.3,21.3,73.2,0.0,1011,14.6,6.1,11
13/01/2023,04:00,193,0.4,62.3,0.3,20.8,74.8,0.0,1011,16.2,6.0,11
13/01/2023,05:00,190,0.4,61.1,0.3,20.7,74.3,0.0,1012,16.7,6.6,14
13/01/2023,06:00,175,0.4,76.4,0.4,22.3,68.4,0.0,1013,17.1,6.0,12
13/01/2023,07:00,157,1.4,34.3,0.7,24.2,61.3,0.0,1013,15.8,5.2,8
13/01/2023,08:00,142,1.6,33.2,0.8,24.9,57.4,0.0,1013,16.1,5.0,7
13/01/2023,09:00,123,1.4,37.5,0.8,25.9,50.7,0.0,1013,14.2,4.6,5
13/01/2023,10:00,122,1.2,44.5,0.8,26.9,43.9,0.0,1013,13.1,4.2,4
13/01/2023,11:00,78,1.1,44.2,0.9,27.8,40.2,0.0,1012,11.1,3.9,3
13/01/2023,12:00,93,1.3,45.8,0.8,27.9,41.3,0.0,1012,10.1,3.7,3
13/01/2023,13:00,77,1.4,41.7,0.8,27.7,43.2,0.0,1011,11.4,3.6,3
13/01/2023,14:00,82,1.7,37.5,0.9,27.4,44.9,0.0,1011,11.6,3.6,2
13/01/2023,15:00,72,1.6,44.1,1.0,26.5,51.9,0.0,1011,11.7,4.0,4
13/01/2023,16:00,80,1.5,40.2,0.9,25.7,55.0,0.0,1011,13.1,4.4,5
13/01/2023,17:00,75,1.6,40.4,1.0,25.2,54.9,0.0,1012,11.3,4.2,4
13/01/2023,18:00,83,1.3,43.0,0.7,24.8,59.2,0.0,1012,13.9,4.9,6
13/01/2023,19:00,82,1.1,41.8,0.7,24.4,61.0,0.0,1013,13.6,5.1,7
13/01/2023,20:00,76,0.8,49.8,0.6,24.3,62.9,0.0,1013,14.7,5.4,7
13/01/2023,21:00,76,0.9,39.2,0.5,24.2,65.0,0.0,1013,15.3,5.4,7
13/01/2023,22:00,117,0.7,39.5,0.4,24.0,64.7,0.0,1013,14.7,5.6,8
13/01/2023,23:00,107,0.9,33.1,0.5,23.9,64.7,0.0,1012,16.1,5.5,8
14/01/2023,00:00,116,0.7,36.9,0.4,23.8,63.2,0.0,1012,14.8,5.3,7
14/01/2023,01:00,148,0.7,43.5,0.4,23.6,64.0,0.0,1011,14.7,5.6,5
14/01/2023,02:00,148,1.1,34.7,0.5,22.7,70.5,0.5,1011,14.2,5.6,7
14/01/2023,03:00,171,1.1,34.4,0.5,22.0,75.7,0.0,1011,12.3,5.2,8
14/01/2023,04:00,180,1.3,26.6,0.6,21.5,75.8,0.0,1011,11.0,4.7,7
14/01/2023,05:00,172,1.2,33.8,0.6,21.3,77.2,0.0,1012,9.7,4.0,5
14/01/2023,06:00,161,1.2,38.0,0.7,21.5,74.0,0.0,1013,10.5,3.8,5
14/01/2023,07:00,167,1.2,32.3,0.6,22.1,71.6,0.0,1013,11.2,4.0,5
14/01/2023,08:00,170,1.6,31.2,0.7,22.5,71.5,0.0,1014,11.4,4.4,6
14/01/2023,09:00,167,1.6,31.7,0.8,23.5,68.3,0.0,1013,11.1,4.4,6
14/01/2023,10:00,169,1.8,35.2,0.9,24.6,63.1,0.0,1013,12.7,4.5,6
14/01/2023,11:00,90,1.2,38.4,0.7,25.5,53.8,0.0,1013,16.4,5.2,6
14/01/2023,12:00,92,1.4,36.7,0.8,25.2,53.9,0.0,1012,15.4,5.4,6
14/01/2023,13:00,105,1.0,41.2,0.7,25.0,57.2,0.0,1012,16.4,5.5,7
14/01/2023,14:00,92,0.9,45.2,0.6,24.5,59.4,0.0,1012,16.0,5.4,6
14/01/2023,15:00,133,1.3,35.0,0.7,24.0,64.6,0.0,1011,13.5,4.9,6
14/01/2023,16:00,158,1.1,36.1,0.6,23.2,69.5,0.0,1011,9.6,4.2,6
14/01/2023,17:00,156,1.2,34.8,0.6,23.3,70.0,0.0,1012,13.4,5.0,8
14/01/2023,18:00,154,1.0,30.9,0.5,23.0,69.2,0.0,1012,12.9,5.2,8
14/01/2023,19:00,137,0.7,34.9,0.4,22.9,68.5,0.0,1012,13.9,5.5,9
14/01/2023,20:00,171,0.7,37.0,0.3,22.4,72.9,0.0,1013,14.3,6.1,11
14/01/2023,21:00,167,0.5,47.3,0.3,22.1,75.6,0.0,1013,13.8,6.4,12
14/01/2023,22:00,169,0.3,65.4,0.3,22.0,75.6,0.0,1013,13.7,6.1,11
14/01/2023,23:00,175,0.4,65.6,0.3,21.7,76.8,0.0,1012,13.1,5.6,10
15/01/2023,00:00,188,0.3,67.0,0.3,21.4,78.2,0.0,1012,13.3,6.2,12
15/01/2023,01:00,181,0.3,71.8,0.3,21.2,79.1,0.0,1012,11.9,5.9,10
15/01/2023,02:00,186,0.4,66.3,0.3,20.9,79.5,0.0,1011,12.0,5.5,10
15/01/2023,03:00,193,0.4,59.9,0.3,20.7,79.2,0.0,1011,11.7,5.3,9
15/01/2023,04:00,189,0.3,71.4,0.4,20.7,78.7,0.0,1012,12.9,5.6,10
15/01/2023,05:00,187,0.3,67.8,0.4,20.7,78.5,0.0,1012,11.9,5.1,8
15/01/2023,06:00,179,0.4,54.7,0.3,21.1,76.7,0.0,1013,12.2,4.9,8
15/01/2023,07:00,174,0.5,61.6,0.4,22.2,71.7,0.0,1014,13.1,5.4,9
15/01/2023,08:00,141,0.7,54.9,0.5,24.3,62.3,0.0,1014,13.4,5.2,7
15/01/2023,09:00,107,0.8,44.5,0.5,25.1,58.1,0.0,1014,14.8,5.1,6
15/01/2023,10:00,91,0.9,41.9,0.7,25.5,54.0,0.0,1014,13.0,4.8,5
15/01/2023,11:00,71,1.0,46.5,0.7,26.4,50.4,0.0,1013,11.2,4.6,4
15/01/2023,12:00,78,1.2,43.9,0.7,27.0,47.1,0.0,1012,12.0,4.5,4
15/01/2023,13:00,71,1.3,41.7,0.8,27.1,44.5,0.0,1012,11.5,4.3,3
15/01/2023,14:00,84,1.3,41.4,0.8,26.9,43.9,0.0,1012,10.1,4.1,3
15/01/2023,15:00,60,1.2,41.8,0.8,26.4,47.8,0.0,1012,11.6,4.4,3
15/01/2023,16:00,68,1.2,41.8,0.7,26.0,52.4,0.0,1012,13.8,4.7,5
15/01/2023,17:00,71,1.1,43.0,0.7,25.5,55.3,0.0,1012,13.7,4.9,6
15/01/2023,18:00,79,1.1,37.0,0.7,24.8,59.3,0.0,1013,13.9,5.1,6
15/01/2023,19:00,86,0.9,35.0,0.5,24.3,61.5,0.0,1013,14.5,5.4,7
15/01/2023,20:00,93,0.8,29.3,0.4,24.2,63.7,0.0,1014,14.9,5.8,8
15/01/2023,21:00,98,0.6,31.3,0.3,23.9,66.9,0.0,1014,15.5,6.1,9
15/01/2023,22:00,120,0.5,34.5,0.2,23.5,69.7,0.0,1014,15.8,6.0,9
15/01/2023,23:00,151,0.7,37.3,0.3,23.3,72.1,0.0,1013,16.4,6.0,9
16/01/2023,00:00,154,0.7,34.6,0.3,23.2,73.4,0.0,1013,16.7,6.4,10
16/01/2023,01:00,165,0.9,26.9,0.4,22.9,74.5,0.0,1012,19.2,8.6,18
16/01/2023,02:00,170,0.5,47.9,0.3,22.9,73.3,0.0,1012,21.9,10.0,22
16/01/2023,03:00,177,0.8,36.2,0.4,22.7,72.4,0.0,1012,17.0,6.7,11
16/01/2023,04:00,170,0.5,51.8,0.3,22.6,71.9,0.0,1012,16.4,6.4,11
16/01/2023,05:00,182,0.6,47.9,0.4,22.1,73.2,0.0,1013,17.4,6.2,11
16/01/2023,06:00,180,0.4,65.9,0.3,22.4,73.3,0.0,1014,17.1,6.3,11
16/01/2023,07:00,179,0.4,61.8,0.4,22.8,73.1,0.0,1014,21.2,6.4,13
16/01/2023,08:00,169,1.0,41.6,0.5,22.8,79.7,0.0,1014,16.1,6.1,13
16/01/2023,09:00,158,1.0,39.8,0.5,23.4,78.5,0.0,1015,11.5,4.8,8
16/01/2023,10:00,144,1.5,38.6,0.8,24.8,71.2,0.0,1014,12.6,4.3,7
16/01/2023,11:00,86,0.7,44.8,0.5,23.8,79.4,1.0,1014,12.1,5.0,8
16/01/2023,12:00,76,0.9,40.8,0.5,24.9,71.2,0.0,1014,14.7,5.4,7
16/01/2023,13:00,52,1.1,43.9,0.7,26.1,63.3,0.0,1014,19.0,5.8,9
16/01/2023,14:00,73,1.2,39.8,0.8,26.6,59.5,0.0,1013,17.1,5.6,8
16/01/2023,15:00,73,1.5,38.6,0.8,26.0,62.2,0.0,1013,17.6,6.1,9
16/01/2023,16:00,69,1.2,46.0,0.8,25.6,61.0,0.0,1013,16.6,5.9,8
16/01/2023,17:00,93,1.4,37.0,0.7,25.1,63.7,0.0,1013,16.6,6.0,9
16/01/2023,18:00,128,1.1,37.3,0.6,24.6,69.2,0.0,1014,16.6,6.3,10
16/01/2023,19:00,116,0.7,34.1,0.4,24.2,72.7,0.0,1014,16.1,6.3,11
16/01/2023,20:00,114,0.7,33.8,0.3,24.0,73.4,0.0,1015,16.3,6.4,11
16/01/2023,21:00,107,0.8,32.8,0.4,23.8,72.6,0.0,1015,18.6,6.7,11
16/01/2023,22:00,101,0.9,34.9,0.4,23.6,73.2,0.0,1015,19.1,6.9,11
16/01/2023,23:00,100,0.9,33.6,0.5,23.4,74.3,0.0,1014,19.2,6.8,10
17/01/2023,00:00,131,0.9,36.6,0.5,23.2,72.7,0.0,1013,19.0,6.7,11
17/01/2023,01:00,137,0.9,40.6,0.4,23.0,72.6,0.0,1013,17.8,6.4,6
17/01/2023,02:00,131,0.8,32.5,0.4,22.8,73.5,0.0,1012,21.4,6.6,9
17/01/2023,03:00,109,0.7,36.2,0.4,22.7,73.6,0.0,1012,19.4,6.7,11
17/01/2023,04:00,156,0.7,36.7,0.4,22.5,73.6,0.0,1012,17.0,6.4,10
17/01/2023,05:00,181,0.5,56.5,0.3,21.9,77.2,0.0,1013,18.8,6.6,11
17/01/2023,06:00,165,0.6,66.6,0.4,23.4,70.9,0.0,1013,20.1,6.8,13
17/01/2023,07:00,139,1.2,39.5,0.7,24.8,63.6,0.0,1014,19.9,6.8,11
17/01/2023,08:00,104,1.4,44.1,0.8,25.8,55.5,0.0,1014,16.7,6.0,7
17/01/2023,09:00,107,1.4,44.0,0.9,26.1,52.9,0.0,1014,15.6,5.7,6
17/01/2023,10:00,96,1.2,42.5,0.8,26.7,51.0,0.0,1013,16.3,5.9,6
17/01/2023,11:00,97,1.4,42.8,0.8,26.9,49.3,0.0,1013,16.5,6.0,7
17/01/2023,12:00,116,1.6,42.0,0.9,27.2,47.0,0.0,1012,16.1,5.9,6
17/01/2023,13:00,101,1.7,38.2,1.0,27.4,44.4,0.0,1012,15.5,5.5,6
17/01/2023,14:00,98,1.5,46.8,0.9,27.3,45.0,0.0,1011,15.3,5.7,6
17/01/2023,15:00,106,1.5,36.6,0.9,27.4,47.1,0.0,1010,16.8,6.4,7
17/01/2023,16:00,98,1.4,44.9,0.9,26.8,49.9,0.0,1010,17.6,6.6,7
17/01/2023,17:00,103,1.7,37.0,0.9,25.7,55.9,0.0,1011,19.5,7.1,10
17/01/2023,18:00,97,1.3,38.7,0.8,25.1,57.2,0.0,1011,17.4,6.7,8
17/01/2023,19:00,105,1.1,30.2,0.5,24.4,62.9,0.0,1012,18.4,7.1,11
17/01/2023,20:00,99,0.8,31.3,0.4,23.9,64.4,0.0,1012,16.9,6.7,10
17/01/2023,21:00,92,0.8,24.1,0.3,23.4,68.6,0.0,1012,17.8,7.1,11
17/01/2023,22:00,109,0.7,31.8,0.3,23.1,69.7,0.0,1011,19.7,7.9,13
17/01/2023,23:00,145,0.8,31.3,0.3,22.8,69.6,0.0,1011,21.2,7.9,13
18/01/2023,00:00,165,0.7,35.5,0.3,22.5,68.8,0.0,1010,20.8,7.5,12
18/01/2023,01:00,181,0.3,66.7,0.3,21.9,73.1,0.0,1009,20.2,7.5,9
18/01/2023,02:00,176,0.4,56.5,0.4,21.4,74.5,0.0,1009,17.4,7.2,10
18/01/2023,03:00,185,0.4,61.5,0.4,21.2,74.8,0.0,1009,17.4,7.0,11
18/01/2023,04:00,186,0.5,54.9,0.3,21.1,75.6,0.0,1009,17.6,6.8,11
18/01/2023,05:00,178,0.5,48.6,0.3,20.8,76.3,0.0,1009,16.2,6.3,10
18/01/2023,06:00,150,0.5,48.2,0.3,22.6,69.7,0.0,1010,16.9,6.4,11
18/01/2023,07:00,148,1.1,39.0,0.6,24.3,61.0,0.0,1010,17.5,6.2,9
18/01/2023,08:00,143,1.2,43.7,0.7,24.1,60.6,0.0,1009,16.0,5.7,7
18/01/2023,09:00,122,1.4,37.7,0.8,25.2,54.8,0.0,1009,14.6,5.8,8
18/01/2023,10:00,108,1.2,42.0,0.9,26.6,44.8,0.0,1009,16.6,6.0,6
18/01/2023,11:00,81,1.3,40.8,0.9,27.2,39.5,0.0,1008,15.9,5.9,6
18/01/2023,12:00,74,1.2,43.5,0.7,27.4,41.3,0.0,1008,17.6,5.6,5
18/01/2023,13:00,65,1.2,43.3,0.8,27.1,44.3,0.0,1007,15.1,5.4,5
18/01/2023,14:00,70,1.2,41.5,0.7,27.6,41.3,0.0,1006,14.5,5.1,4
18/01/2023,15:00,86,1.5,36.2,0.8,27.4,41.4,0.0,1006,14.9,5.2,4
18/01/2023,16:00,80,1.6,41.0,0.9,26.7,47.8,0.0,1005,15.4,5.6,5
18/01/2023,17:00,74,1.2,41.7,0.7,25.6,52.8,0.0,1005,16.5,5.6,5
18/01/2023,18:00,61,1.0,41.5,0.6,24.8,56.2,0.0,1006,16.1,5.8,6
18/01/2023,19:00,73,0.9,36.2,0.5,24.1,58.6,0.0,1007,15.8,5.9,7
18/01/2023,20:00,75,0.7,38.8,0.3,23.6,60.6,0.0,1007,15.9,5.8,7
18/01/2023,21:00,75,0.5,48.5,0.3,23.4,61.9,0.0,1007,15.4,5.8,7
18/01/2023,22:00,85,0.6,30.7,0.2,23.0,63.5,0.0,1007,16.0,5.8,7
18/01/2023,23:00,94,0.6,24.7,0.2,22.7,64.1,0.0,1006,15.8,6.0,7
19/01/2023,00:00,78,0.7,24.0,0.2,22.1,66.2,0.0,1005,16.2,6.0,7
19/01/2023,01:00,77,0.5,45.2,0.2,22.1,66.1,0.0,1004,16.1,6.0,6
19/01/2023,02:00,190,0.3,57.1,0.3,21.1,72.4,0.0,1004,15.2,6.1,8
19/01/2023,03:00,184,0.4,60.3,0.3,20.3,74.3,0.0,1004,14.6,6.2,9
19/01/2023,04:00,202,0.1,78.2,0.2,19.9,74.8,0.0,1004,13.3,5.8,9
19/01/2023,05:00,185,0.2,75.2,0.3,19.9,75.8,0.0,1005,15.2,6.1,9
19/01/2023,06:00,181,0.8,46.0,0.4,20.9,70.5,0.0,1005,18.5,6.4,10
19/01/2023,07:00,173,0.4,66.4,0.4,23.3,60.5,0.0,1006,22.0,7.0,11
19/01/2023,08:00,227,0.0,65.7,0.4,25.5,51.8,0.0,1006,26.6,7.3,10
19/01/2023,09:00,75,0.2,76.3,0.4,26.6,46.6,0.0,1005,17.9,6.5,7
19/01/2023,10:00,28,0.6,48.3,0.5,27.5,41.7,0.0,1004,20.2,6.9,8
19/01/2023,11:00,353,1.3,36.4,0.8,28.2,37.5,0.0,1004,22.9,6.6,7
19/01/2023,12:00,5,1.3,38.5,0.8,28.5,38.7,0.0,1003,20.3,6.5,7
19/01/2023,13:00,355,2.1,27.9,0.9,28.5,41.0,0.0,1002,23.4,6.9,8
19/01/2023,14:00,353,2.2,27.2,0.9,28.4,42.7,0.0,1002,18.0,6.7,8
19/01/2023,15:00,0,2.0,29.7,0.9,28.0,46.4,0.0,1001,21.6,6.9,9
19/01/2023,16:00,358,2.2,27.2,1.0,27.1,52.7,0.0,1002,17.9,6.5,9
19/01/2023,17:00,3,2.0,29.3,1.0,26.3,57.2,0.0,1002,17.2,5.9,7
19/01/2023,18:00,1,1.9,30.0,0.9,25.5,61.8,0.0,1002,17.0,5.8,7
19/01/2023,19:00,359,1.7,27.1,0.8,25.2,63.3,0.0,1003,19.2,6.1,9
19/01/2023,20:00,13,1.2,35.8,0.7,25.2,64.0,0.0,1004,16.4,5.6,8
19/01/2023,21:00,58,0.7,44.0,0.4,25.4,64.2,0.0,1004,18.4,6.0,8
19/01/2023,22:00,122,0.8,33.7,0.4,25.1,65.2,0.0,1005,15.4,5.8,8
19/01/2023,23:00,152,0.8,36.7,0.4,24.7,67.0,0.0,1005,15.8,5.5,7
20/01/2023,00:00,171,0.7,48.0,0.4,23.6,74.7,1.4,1004,16.7,5.9,9
20/01/2023,01:00,181,0.4,64.5,0.3,22.4,83.7,0.0,1004,11.3,5.2,6
20/01/2023,02:00,193,0.7,55.0,0.5,22.0,84.4,0.0,1004,10.5,4.9,8
20/01/2023,03:00,197,0.9,49.0,0.6,21.7,83.2,0.0,1004,8.8,4.0,6
20/01/2023,04:00,197,0.4,65.0,0.4,21.5,83.3,0.0,1004,11.0,4.3,7
20/01/2023,05:00,187,0.6,58.1,0.5,21.6,82.4,0.0,1005,10.4,4.5,8
20/01/2023,06:00,182,1.1,32.3,0.5,21.9,80.8,1.5,1006,13.8,5.1,9
20/01/2023,07:00,167,1.1,35.5,0.6,21.6,83.4,0.5,1006,11.7,5.2,10
20/01/2023,08:00,140,0.8,38.3,0.4,22.2,81.1,0.0,1007,11.3,4.7,8
20/01/2023,09:00,149,0.7,46.6,0.4,23.8,72.3,0.0,1007,12.8,5.1,9
20/01/2023,10:00,4,1.0,36.9,0.6,23.9,71.7,0.2,1007,12.4,5.1,8
20/01/2023,11:00,354,1.4,27.6,0.5,23.9,72.2,0.0,1007,12.2,5.1,
20/01/2023,12:00,107,0.5,51.5,0.6,26.2,55.7,0.0,1006,12.4,4.5,5
20/01/2023,13:00,125,1.4,41.2,0.9,27.0,49.9,0.0,1006,11.1,3.9,3
20/01/2023,14:00,136,1.8,36.4,1.0,26.5,52.4,0.0,1006,11.2,3.5,3
20/01/2023,15:00,144,2.4,34.7,1.1,25.6,55.5,0.0,1006,11.9,3.9,4
20/01/2023,16:00,151,2.4,33.7,1.2,24.1,57.6,0.0,1006,18.0,5.7,7
20/01/2023,17:00,157,1.9,35.3,1.2,24.2,57.5,0.0,1007,20.3,6.9,9
20/01/2023,18:00,157,1.6,39.6,0.9,24.1,57.4,0.0,1008,22.7,7.5,10
20/01/2023,19:00,135,1.4,40.2,0.8,24.0,58.5,0.0,1009,20.6,7.5,10
20/01/2023,20:00,153,1.6,33.1,0.8,23.7,57.3,0.0,1009,26.7,9.3,14
20/01/2023,21:00,174,1.5,31.2,0.8,23.2,58.4,0.0,1010,22.7,7.8,10
20/01/2023,22:00,171,1.4,36.4,0.7,22.9,59.1,0.0,1010,24.6,7.6,9
20/01/2023,23:00,171,1.0,33.6,0.5,22.4,59.3,0.0,1010,21.9,7.1,7
21/01/2023,00:00,177,0.8,39.1,0.4,21.9,59.6,0.0,1009,20.7,6.7,6
21/01/2023,01:00,186,0.8,36.9,0.4,21.4,62.5,0.0,1008,20.5,6.7,7
21/01/2023,02:00,195,0.5,57.8,0.4,20.8,66.0,0.0,1008,17.9,6.4,7
21/01/2023,03:00,184,0.3,70.2,0.3,20.5,67.6,0.0,1008,16.8,6.1,7
21/01/2023,04:00,179,0.4,65.7,0.4,20.3,68.9,0.0,1008,16.4,6.0,7
21/01/2023,05:00,188,0.6,57.3,0.4,20.1,68.9,0.0,1009,17.7,6.0,7
21/01/2023,06:00,193,0.6,58.1,0.5,21.2,64.3,0.0,1010,17.9,5.9,8
21/01/2023,07:00,188,1.1,45.2,0.6,22.8,57.5,0.0,1010,15.7,5.3,6
21/01/2023,08:00,174,1.8,37.6,1.0,24.1,52.2,0.0,1010,16.9,5.7,6
21/01/2023,09:00,171,1.6,37.8,0.9,25.5,47.2,0.0,1010,17.3,5.6,6
21/01/2023,10:00,130,1.5,42.9,0.9,26.9,42.6,0.0,1009,14.7,5.0,4
21/01/2023,11:00,133,1.2,44.2,0.8,27.8,41.1,0.0,1009,14.8,5.2,5
21/01/2023,12:00,125,1.2,47.0,0.9,28.1,41.3,0.0,1008,14.6,5.3,5
21/01/2023,13:00,87,1.1,47.3,0.8,27.6,45.1,0.0,1008,17.5,5.8,8
21/01/2023,14:00,106,1.9,35.3,1.0,27.7,44.4,0.0,1007,15.3,5.4,5
21/01/2023,15:00,104,2.0,37.5,1.1,26.8,48.0,0.0,1006,15.8,5.3,5
21/01/2023,16:00,101,2.0,37.2,1.1,26.3,48.1,0.0,1006,13.3,4.6,3
21/01/2023,17:00,101,1.8,37.3,0.9,25.2,51.9,0.0,1007,13.0,4.3,3
21/01/2023,18:00,111,1.6,36.6,0.8,24.3,57.9,0.0,1008,15.9,5.6,5
21/01/2023,19:00,95,1.3,36.4,0.7,23.7,62.1,0.0,1008,17.6,6.3,8
21/01/2023,20:00,118,0.9,38.3,0.5,23.4,64.1,0.0,1010,19.1,7.0,10
21/01/2023,21:00,166,0.9,39.0,0.5,23.2,63.3,0.0,1010,20.6,7.2,11
21/01/2023,22:00,169,1.1,33.6,0.5,22.8,62.8,0.0,1010,20.4,7.1,9
21/01/2023,23:00,174,0.8,33.1,0.4,22.5,63.6,0.0,1009,20.6,6.9,9
22/01/2023,00:00,183,0.5,56.8,0.4,22.0,65.2,0.0,1009,18.9,6.9,10
22/01/2023,01:00,196,0.7,47.7,0.5,21.4,64.8,0.0,1008,17.1,6.5,7
22/01/2023,02:00,192,0.4,62.5,0.4,21.0,65.8,0.0,1008,16.0,6.2,8
22/01/2023,03:00,183,0.6,51.5,0.5,20.8,67.3,0.0,1007,16.8,6.2,8
22/01/2023,04:00,195,0.3,67.6,0.3,20.4,69.0,0.0,1007,17.3,6.3,8
22/01/2023,05:00,185,0.3,67.2,0.3,20.5,68.6,0.0,1008,17.6,6.2,8
22/01/2023,06:00,188,0.6,59.4,0.5,21.9,62.9,0.0,1008,18.4,6.1,8
22/01/2023,07:00,186,0.7,54.5,0.5,23.0,59.4,0.0,1009,16.9,6.1,7
22/01/2023,08:00,181,0.6,58.8,0.4,24.3,56.2,0.0,1009,16.9,6.1,7
22/01/2023,09:00,141,0.5,52.7,0.5,25.9,52.7,0.0,1009,14.6,5.5,6
22/01/2023,10:00,44,0.4,62.7,0.6,27.7,47.5,0.0,1008,13.9,5.1,6
22/01/2023,11:00,12,1.6,38.3,0.9,27.9,49.6,0.0,1008,12.9,4.4,4
22/01/2023,12:00,19,1.5,40.9,0.9,27.8,49.1,0.0,1008,8.5,3.5,2
22/01/2023,13:00,32,1.4,38.0,0.8,27.2,52.9,0.0,1008,10.2,3.8,3
22/01/2023,14:00,45,1.4,39.9,0.8,26.8,55.1,0.0,1007,12.2,4.2,3
22/01/2023,15:00,50,1.2,39.7,0.8,26.7,53.3,0.0,1007,10.7,4.0,3
22/01/2023,16:00,51,1.3,40.8,0.7,26.7,53.0,0.0,1007,11.0,4.1,3
22/01/2023,17:00,21,1.3,38.3,0.7,26.0,56.1,0.0,1007,13.6,4.2,4
22/01/2023,18:00,27,1.3,37.9,0.7,25.3,58.1,0.0,1008,12.1,4.3,4
22/01/2023,19:00,52,0.8,43.9,0.5,24.8,60.0,0.0,1008,12.6,4.4,5
22/01/2023,20:00,83,0.9,27.5,0.4,24.4,61.9,0.0,1009,12.2,4.6,5
22/01/2023,21:00,81,0.8,29.9,0.3,24.0,64.6,0.0,1009,14.3,5.5,8
22/01/2023,22:00,80,0.6,35.3,0.3,23.8,65.4,0.0,1009,12.6,4.9,6
22/01/2023,23:00,91,0.6,30.3,0.3,23.5,67.1,0.0,1009,14.1,5.0,6
23/01/2023,00:00,108,0.5,29.9,0.2,23.2,69.2,0.0,1008,14.8,5.2,6
23/01/2023,01:00,158,0.3,61.5,0.2,22.8,71.4,0.0,1008,14.1,5.1,7
23/01/2023,02:00,186,0.2,67.0,0.2,22.0,74.7,0.0,1008,14.2,5.3,9
23/01/2023,03:00,180,0.3,59.9,0.3,21.5,76.3,0.0,1008,15.0,5.7,9
23/01/2023,04:00,187,0.2,72.3,0.2,21.2,76.5,0.0,1008,12.5,5.7,11
23/01/2023,05:00,182,0.6,45.9,0.4,21.0,76.1,0.0,1008,13.2,5.6,10
23/01/2023,06:00,177,0.5,56.5,0.3,22.5,70.2,0.0,1009,15.4,5.4,9
23/01/2023,07:00,171,0.7,52.3,0.4,24.2,62.7,0.0,1009,17.7,5.6,8
23/01/2023,08:00,153,0.2,52.3,0.5,25.6,55.5,0.0,1009,18.1,5.6,7
23/01/2023,09:00,349,0.8,43.4,0.5,27.7,46.5,0.0,1009,16.5,5.2,6
23/01/2023,10:00,11,0.9,49.2,0.6,27.9,47.1,0.0,1009,15.9,5.7,7
23/01/2023,11:00,25,0.9,44.6,0.6,28.9,45.7,0.0,1008,20.2,6.6,9
23/01/2023,12:00,11,1.3,43.6,0.8,29.2,45.2,0.0,1007,26.6,7.2,
23/01/2023,13:00,23,1.5,35.4,0.8,29.0,46.8,0.0,1007,28.0,6.9,10
23/01/2023,14:00,33,1.5,37.7,0.8,28.7,47.3,0.0,1006,23.7,6.4,9
23/01/2023,15:00,25,1.5,37.4,0.9,28.1,50.4,0.0,1006,22.8,5.8,8
23/01/2023,16:00,5,2.0,30.9,0.9,27.3,53.5,0.0,1006,19.1,5.3,7
23/01/2023,17:00,11,1.5,35.2,0.8,26.8,56.8,0.0,1006,17.3,5.3,7
23/01/2023,18:00,41,1.2,41.1,0.7,26.0,59.8,0.0,1007,19.4,5.5,8
23/01/2023,19:00,23,1.0,36.8,0.6,25.5,62.5,0.0,1007,18.2,5.3,7
23/01/2023,20:00,22,0.9,43.4,0.5,25.6,62.6,0.0,1008,17.0,5.2,8
23/01/2023,21:00,21,0.8,44.3,0.5,25.5,63.0,0.0,1008,21.4,5.2,7
23/01/2023,22:00,2,1.0,37.6,0.5,25.3,64.4,0.0,1008,16.2,5.0,8
23/01/2023,23:00,13,0.8,44.4,0.5,25.3,64.9,0.0,1008,14.4,4.8,7
24/01/2023,00:00,44,0.5,46.7,0.3,24.5,71.0,0.2,1008,11.6,4.5,7
24/01/2023,01:00,70,0.4,31.5,0.2,23.6,78.8,0.5,1007,12.1,4.5,5
24/01/2023,02:00,103,0.6,27.0,0.2,23.4,79.4,0.0,1007,12.5,5.3,10
24/01/2023,03:00,157,0.5,25.2,0.2,23.6,78.2,0.0,1007,11.6,4.6,8
24/01/2023,04:00,80,0.4,55.1,0.2,23.9,74.7,0.0,1008,11.1,4.4,7
24/01/2023,05:00,118,0.6,18.4,0.2,24.1,75.0,0.0,1008,11.8,4.5,8
24/01/2023,06:00,168,0.4,52.9,0.3,24.4,77.0,0.0,1009,14.1,5.1,10
24/01/2023,07:00,162,0.3,55.5,0.2,24.5,76.0,0.0,1009,15.9,5.5,12
24/01/2023,08:00,125,0.4,57.1,0.3,25.7,68.3,0.0,1009,15.9,5.6,12
24/01/2023,09:00,28,0.2,69.1,0.3,26.3,64.0,0.0,1009,16.3,5.6,10
24/01/2023,10:00,338,0.1,84.6,0.3,27.5,59.5,0.0,1009,15.0,5.3,9
24/01/2023,11:00,43,0.5,45.1,0.4,27.5,56.3,0.0,1008,14.0,5.7,9
24/01/2023,12:00,36,0.7,46.8,0.5,29.0,50.4,0.0,1008,15.2,6.1,10
24/01/2023,13:00,40,1.2,36.2,0.8,29.8,48.3,0.0,1006,22.8,6.4,11
24/01/2023,14:00,9,1.7,37.0,0.9,29.3,51.9,0.0,1006,20.3,6.5,12
24/01/2023,15:00,350,2.2,24.2,0.9,28.0,58.4,0.0,1005,17.6,6.7,12
24/01/2023,16:00,354,2.3,25.8,0.9,27.0,63.8,0.0,1004,15.5,5.7,10
24/01/2023,17:00,358,1.6,34.2,0.8,26.6,64.0,0.0,1006,13.3,5.1,9
24/01/2023,18:00,14,0.9,42.3,0.6,26.4,66.9,0.1,1007,13.7,5.2,9
24/01/2023,19:00,174,1.2,36.0,0.6,23.0,80.5,8.0,1010,12.5,4.8,8
24/01/2023,20:00,111,0.6,38.4,0.4,21.6,86.3,2.2,1010,7.3,3.1,4
24/01/2023,21:00,351,1.5,18.8,0.5,21.2,85.2,0.2,1010,7.8,3.2,5
24/01/2023,22:00,345,1.4,26.8,0.5,21.6,83.0,0.6,1009,8.7,3.5,6
24/01/2023,23:00,325,0.3,73.9,0.4,21.8,85.2,0.0,1009,7.1,3.3,5
25/01/2023,00:00,334,0.2,72.8,0.3,22.0,85.2,0.0,1008,7.3,2.9,5
25/01/2023,01:00,185,0.1,86.5,0.3,22.2,83.8,0.0,1007,9.0,3.7,8
25/01/2023,02:00,217,0.1,81.4,0.3,22.2,84.7,0.0,1007,12.0,5.7,14
25/01/2023,03:00,187,0.1,82.0,0.3,22.1,84.3,0.0,1007,11.1,4.3,8
25/01/2023,04:00,185,0.5,55.1,0.4,21.9,84.8,0.0,1007,11.0,4.5,9
25/01/2023,05:00,180,0.5,58.5,0.3,21.8,85.2,0.0,1008,15.6,6.3,15
25/01/2023,06:00,172,0.5,48.8,0.3,22.4,81.9,0.0,1009,15.0,6.1,14
25/01/2023,07:00,145,0.3,55.6,0.3,24.5,72.5,0.0,1009,14.0,7.1,17
25/01/2023,08:00,335,0.4,64.0,0.3,26.5,64.2,0.0,1009,14.3,5.9,13
25/01/2023,09:00,353,0.1,81.1,0.3,28.5,58.3,0.0,1009,14.2,5.8,12
25/01/2023,10:00,101,0.4,58.8,0.3,29.6,54.5,0.0,1009,15.8,6.7,15
25/01/2023,11:00,50,0.3,62.0,0.4,30.5,52.2,0.0,1008,14.8,7.2,17
25/01/2023,12:00,16,0.8,45.8,0.5,30.2,56.5,0.0,1007,14.9,6.9,19
25/01/2023,13:00,24,0.9,32.5,0.5,29.6,59.3,0.0,1007,15.9,6.2,16
25/01/2023,14:00,357,1.5,29.1,0.7,29.7,59.3,0.0,1007,16.4,6.4,15
25/01/2023,15:00,12,1.5,33.0,0.8,29.7,59.4,0.0,1006,17.4,6.5,15
25/01/2023,16:00,358,1.5,30.5,0.7,28.6,60.9,0.0,1006,16.5,6.2,13
25/01/2023,17:00,18,1.2,31.5,0.6,28.2,61.9,0.0,1007,14.2,5.7,11
25/01/2023,18:00,5,1.3,30.0,0.6,27.5,64.6,0.0,1008,13.8,5.3,11
25/01/2023,19:00,353,1.0,36.9,0.5,26.9,67.8,0.0,1008,16.8,6.5,16
25/01/2023,20:00,0,1.3,31.5,0.6,26.5,72.5,0.0,1009,16.7,6.5,13
25/01/2023,21:00,355,1.3,29.1,0.6,26.1,73.6,0.0,1009,19.2,6.6,14
25/01/2023,22:00,2,0.9,40.4,0.5,26.0,75.2,0.0,1009,16.8,6.2,12
25/01/2023,23:00,62,0.5,42.8,0.3,25.8,78.1,0.0,1010,15.9,5.8,10
26/01/2023,00:00,29,0.5,45.7,0.4,25.6,77.5,0.0,1009,13.6,5.5,10
26/01/2023,01:00,47,0.2,56.7,0.3,25.3,77.5,0.0,1009,13.7,5.3,8
26/01/2023,02:00,155,0.2,68.7,0.2,24.6,80.9,0.0,1009,13.2,5.6,11
26/01/2023,03:00,239,0.1,59.6,0.2,23.8,82.0,0.0,1009,14.2,6.0,14
26/01/2023,04:00,243,0.1,66.7,0.2,23.4,83.5,0.0,1010,17.9,7.3,17
26/01/2023,05:00,179,0.3,65.4,0.3,23.2,85.2,0.0,1010,22.6,10.4,30
26/01/2023,06:00,186,0.1,82.0,0.3,23.5,84.4,0.0,1011,18.2,8.5,26
26/01/2023,07:00,169,0.5,54.3,0.3,24.6,79.3,0.0,1011,20.8,9.3,29
26/01/2023,08:00,178,0.2,79.0,0.3,26.3,71.4,0.0,1011,14.2,7.6,24
26/01/2023,09:00,167,0.5,63.9,0.4,28.6,61.7,0.0,1010,17.5,8.8,26
26/01/2023,10:00,172,1.0,40.4,0.5,29.6,55.1,0.0,1010,16.9,8.2,21
26/01/2023,11:00,71,0.2,66.3,0.3,31.9,47.5,0.0,1009,16.3,8.3,22
26/01/2023,12:00,15,0.7,39.7,0.6,32.1,47.6,0.0,1009,18.6,8.6,22
26/01/2023,13:00,3,1.5,33.3,0.8,31.8,51.4,0.0,1008,16.4,7.8,20
26/01/2023,14:00,12,1.5,32.3,0.8,30.8,51.7,0.0,1008,15.6,6.7,15
26/01/2023,15:00,13,1.7,32.5,0.8,30.5,50.9,0.0,1007,13.9,6.0,12
26/01/2023,16:00,2,2.0,25.8,0.8,29.3,55.8,0.0,1007,15.0,5.6,11
26/01/2023,17:00,0,1.9,27.0,0.8,28.4,65.8,0.0,1008,13.3,5.3,10
26/01/2023,18:00,359,2.1,27.0,0.9,27.5,70.9,0.0,1008,12.9,5.1,10
26/01/2023,19:00,354,1.6,32.5,0.8,27.0,71.3,0.0,1009,12.4,5.0,9
26/01/2023,20:00,356,1.7,26.1,0.7,26.9,71.5,0.0,1009,12.5,4.7,9
26/01/2023,21:00,10,0.5,57.6,0.4,26.8,71.9,0.0,1010,12.6,4.6,7
26/01/2023,22:00,53,0.3,45.1,0.3,26.5,71.7,0.0,1010,10.5,4.3,7
26/01/2023,23:00,42,0.6,37.8,0.4,26.5,73.3,0.0,1010,10.9,4.4,6
27/01/2023,00:00,26,0.5,36.8,0.3,26.3,75.0,0.0,1009,11.1,4.4,7
27/01/2023,01:00,349,0.6,45.5,0.3,26.1,75.8,0.0,1008,11.0,4.4,6
27/01/2023,02:00,304,0.1,71.7,0.2,25.6,76.3,0.0,1008,11.5,4.4,8
27/01/2023,03:00,317,0.2,78.5,0.2,25.3,77.3,0.0,1008,12.0,4.7,9
27/01/2023,04:00,286,0.1,78.2,0.2,24.9,74.9,0.0,1009,12.6,5.4,11
27/01/2023,05:00,195,0.2,78.5,0.3,24.9,74.3,0.0,1010,14.5,5.5,12
27/01/2023,06:00,191,0.8,44.6,0.5,24.8,73.0,0.0,1011,15.0,5.6,13
27/01/2023,07:00,186,0.5,61.6,0.5,25.8,68.8,0.0,1012,20.1,6.4,15
27/01/2023,08:00,184,0.6,61.3,0.5,26.9,65.7,0.0,1011,18.3,6.4,15
27/01/2023,09:00,184,0.8,44.7,0.5,27.6,55.0,0.0,1011,20.5,6.1,13
27/01/2023,10:00,161,0.8,47.3,0.5,28.1,51.5,0.0,1011,16.5,5.5,11
27/01/2023,11:00,162,0.7,48.4,0.5,30.2,44.1,0.0,1011,14.4,5.7,11
27/01/2023,12:00,185,0.8,53.3,0.5,31.6,40.6,0.0,1010,20.0,6.7,14
27/01/2023,13:00,181,0.7,61.9,0.5,31.6,38.6,0.0,1010,18.9,6.4,13
27/01/2023,14:00,182,1.0,42.5,0.6,30.7,41.1,0.0,1009,19.5,6.6,13
27/01/2023,15:00,181,0.9,39.4,0.5,31.0,39.8,0.0,1008,16.2,6.0,12
27/01/2023,16:00,32,0.5,49.6,0.5,30.1,46.4,0.0,1008,17.2,5.9,12
27/01/2023,17:00,4,1.3,33.4,0.7,28.0,66.3,0.0,1008,18.5,6.8,16
27/01/2023,18:00,46,0.7,34.1,0.4,27.6,68.9,0.0,1009,21.5,7.6,22
27/01/2023,19:00,74,0.8,33.1,0.4,27.4,71.9,0.0,1009,14.4,7.0,18
27/01/2023,20:00,50,0.7,47.4,0.5,26.8,75.0,0.0,1010,13.5,6.5,16
27/01/2023,21:00,50,0.6,31.6,0.4,26.8,74.7,0.0,1010,14.8,7.0,18
27/01/2023,22:00,47,0.4,44.8,0.3,26.5,76.3,0.0,1010,14.0,6.7,18
27/01/2023,23:00,94,0.6,31.7,0.3,26.0,77.6,0.0,1010,13.9,7.0,19
28/01/2023,00:00,152,0.6,31.8,0.2,25.5,78.2,0.0,1009,12.2,6.1,15
28/01/2023,01:00,154,0.2,54.1,0.2,25.1,80.2,0.0,1009,13.1,6.2,13
28/01/2023,02:00,156,0.2,70.0,0.3,24.7,82.4,0.0,1008,17.1,8.0,25
28/01/2023,03:00,78,0.5,37.8,0.3,24.3,83.7,0.0,1008,14.5,7.3,21
28/01/2023,04:00,335,0.0,54.5,0.2,24.2,83.3,0.0,1009,13.0,6.6,17
28/01/2023,05:00,176,0.3,43.1,0.2,23.9,82.2,0.0,1009,16.6,8.4,25
28/01/2023,06:00,141,0.5,43.7,0.2,25.4,75.7,0.0,1010,18.5,8.5,24
28/01/2023,07:00,165,0.6,57.0,0.4,26.5,70.7,0.0,1011,17.1,7.9,21
28/01/2023,08:00,59,0.1,73.6,0.4,28.4,62.2,0.0,1011,15.7,6.9,17
28/01/2023,09:00,61,0.7,51.6,0.5,29.2,56.2,0.0,1011,12.6,5.6,13
28/01/2023,10:00,25,0.7,53.3,0.6,30.6,48.2,0.0,1010,10.0,4.8,10
28/01/2023,11:00,12,1.0,41.3,0.7,31.3,46.5,0.0,1009,10.0,4.8,10
28/01/2023,12:00,9,1.4,37.2,0.7,31.8,44.7,0.0,1009,11.5,5.0,10
28/01/2023,13:00,32,1.5,38.0,0.9,31.2,45.6,0.0,1008,13.5,4.6,9
28/01/2023,14:00,69,1.1,34.7,0.5,29.1,54.4,0.0,1008,11.8,4.1,8
28/01/2023,15:00,27,1.0,43.1,0.6,29.3,57.1,0.0,1008,10.1,4.2,8
28/01/2023,16:00,12,1.4,35.3,0.8,29.5,56.2,0.0,1008,12.6,4.5,9
28/01/2023,17:00,359,1.9,30.0,0.9,28.4,62.5,0.0,1009,12.0,4.4,9
28/01/2023,18:00,355,1.9,24.5,0.8,27.3,67.9,0.0,1009,10.1,4.5,10
28/01/2023,19:00,358,1.1,31.4,0.5,27.1,68.8,0.0,1010,10.3,4.5,9
28/01/2023,20:00,360,1.4,29.7,0.7,26.8,70.1,0.0,1010,9.1,4.0,8
28/01/2023,21:00,355,1.5,25.1,0.6,26.5,70.7,0.0,1010,9.2,4.1,8
28/01/2023,22:00,0,1.1,33.1,0.5,26.4,71.7,0.0,1010,9.8,4.3,9
28/01/2023,23:00,355,1.1,38.2,0.5,26.4,73.4,0.0,1010,11.0,4.7,9
29/01/2023,00:00,5,0.8,51.6,0.5,26.1,74.9,0.0,1010,11.2,4.8,9
29/01/2023,01:00,335,0.2,81.4,0.2,25.9,74.9,0.0,1009,10.8,4.9,8
29/01/2023,02:00,342,0.4,62.1,0.3,25.5,75.8,0.0,1009,10.8,4.8,10
29/01/2023,03:00,252,0.1,72.9,0.2,25.1,76.8,0.0,1009,10.7,4.8,10
29/01/2023,04:00,203,0.1,73.9,0.2,25.1,76.5,0.0,1009,10.4,4.7,9
29/01/2023,05:00,311,0.0,76.0,0.2,24.7,77.4,0.0,1010,10.5,4.8,10
29/01/2023,06:00,219,0.1,75.7,0.2,25.9,71.2,0.0,1011,12.7,5.0,10
29/01/2023,07:00,249,0.1,75.1,0.2,28.1,60.2,0.0,1011,10.8,4.9,10
29/01/2023,08:00,174,0.1,73.6,0.2,28.2,59.5,0.0,1011,11.4,4.8,11
29/01/2023,09:00,308,0.2,67.6,0.3,29.8,52.6,0.0,1011,11.0,5.2,11
29/01/2023,10:00,116,0.5,40.7,0.3,29.5,52.4,0.0,1011,11.5,5.6,13
29/01/2023,11:00,19,0.7,50.7,0.7,30.7,49.9,0.0,1010,11.3,5.5,12
29/01/2023,12:00,1,1.6,36.2,0.9,30.6,50.3,0.0,1010,12.0,5.2,11
29/01/2023,13:00,357,2.0,31.0,0.9,30.6,48.7,0.0,1009,11.4,4.8,10
29/01/2023,14:00,5,1.9,31.6,0.9,30.5,49.0,0.0,1008,11.4,4.5,9
29/01/2023,15:00,356,2.3,25.4,0.9,29.4,52.8,0.0,1008,11.3,4.5,9
29/01/2023,16:00,356,2.2,25.3,1.0,28.1,59.2,0.0,1008,11.6,4.2,8
29/01/2023,17:00,354,2.1,25.9,0.9,27.5,62.1,0.0,1008,11.5,4.5,8
29/01/2023,18:00,351,2.3,19.1,0.8,26.9,64.1,0.0,1009,11.5,4.5,9
29/01/2023,19:00,1,1.4,31.5,0.7,26.7,66.2,0.0,1010,11.0,4.7,10
29/01/2023,20:00,359,1.6,30.1,0.8,26.5,66.8,0.0,1010,12.1,5.0,11
29/01/2023,21:00,5,1.3,33.6,0.7,26.4,65.7,0.0,1010,12.0,5.0,11
29/01/2023,22:00,354,1.4,21.1,0.6,26.3,65.6,0.0,1010,12.0,5.1,11
29/01/2023,23:00,359,1.1,30.1,0.5,26.4,65.8,0.0,1010,11.6,5.0,11
30/01/2023,00:00,0,0.6,52.3,0.4,26.3,66.4,0.0,1009,10.7,5.0,11
30/01/2023,01:00,351,0.6,50.4,0.3,25.9,67.8,0.0,1009,11.2,5.1,9
30/01/2023,02:00,351,0.6,45.9,0.4,25.6,69.1,0.0,1008,11.9,5.3,11
30/01/2023,03:00,342,0.4,48.0,0.2,25.2,71.1,0.0,1008,11.5,5.4,11
30/01/2023,04:00,324,0.3,56.5,0.2,25.2,71.1,0.0,1008,12.3,5.3,11
30/01/2023,05:00,353,0.1,81.2,0.2,25.3,70.0,0.0,1008,11.9,5.1,11
30/01/2023,06:00,279,0.0,79.1,0.2,25.9,66.9,0.0,1009,13.9,5.7,15
30/01/2023,07:00,139,0.1,90.7,0.3,27.1,62.4,0.0,1009,15.1,5.2,12
30/01/2023,08:00,163,0.7,56.9,0.5,28.3,54.6,0.0,1009,12.2,5.2,11
30/01/2023,09:00,132,0.2,70.2,0.3,29.0,52.3,0.0,1009,13.9,5.6,12
30/01/2023,10:00,49,0.4,50.5,0.5,29.9,48.3,0.0,1008,13.0,5.8,12
30/01/2023,11:00,5,1.2,46.5,0.8,30.7,46.9,0.0,1007,19.7,6.4,14
30/01/2023,12:00,6,1.5,35.2,0.8,30.2,49.7,0.0,1007,20.4,6.2,14
30/01/2023,13:00,355,1.7,34.4,0.9,30.3,48.8,0.0,1006,17.2,6.2,14
30/01/2023,14:00,352,2.4,26.4,1.0,30.0,49.5,0.0,1005,15.8,5.9,13
30/01/2023,15:00,357,2.5,25.0,1.0,29.2,52.4,0.0,1004,16.5,5.4,11
30/01/2023,16:00,355,2.2,27.5,0.9,28.3,55.8,0.0,1004,13.1,5.1,10
30/01/2023,17:00,356,2.5,24.9,1.0,27.5,62.5,0.0,1004,12.3,5.0,10
30/01/2023,18:00,352,2.6,23.0,1.0,26.8,65.9,0.0,1005,13.0,5.0,11
30/01/2023,19:00,352,2.3,23.1,0.9,26.6,66.1,0.0,1005,12.5,5.1,11
30/01/2023,20:00,349,2.5,19.2,0.9,26.5,63.3,0.0,1006,11.8,4.9,10
30/01/2023,21:00,351,2.1,23.0,0.8,26.5,65.2,0.0,1006,11.9,4.7,9
30/01/2023,22:00,355,1.2,33.6,0.6,25.8,71.7,0.4,1006,11.3,4.6,9
30/01/2023,23:00,358,0.5,62.4,0.4,25.1,77.2,1.5,1005,10.5,4.6,9
31/01/2023,00:00,354,0.9,44.3,0.5,24.5,79.4,0.6,1004,11.2,4.6,9
31/01/2023,01:00,339,0.3,71.5,0.3,23.8,82.5,0.4,1004,9.2,4.4,7
31/01/2023,02:00,1,0.5,66.3,0.5,23.3,84.0,0.5,1003,10.0,4.6,9
31/01/2023,03:00,8,0.6,55.1,0.4,23.1,84.7,0.0,1002,9.6,4.5,10
31/01/2023,04:00,10,0.3,73.8,0.3,23.2,84.4,0.0,1002,9.8,4.4,10
31/01/2023,05:00,30,0.3,51.4,0.3,23.5,83.3,0.0,1002,11.0,4.6,11
31/01/2023,06:00,345,0.5,59.1,0.3,23.9,81.1,0.0,1002,10.0,4.7,11
31/01/2023,07:00,20,0.2,68.9,0.3,25.6,73.3,0.0,1002,11.9,5.0,11
31/01/2023,08:00,354,0.0,101.0,0.3,28.2,59.8,0.0,1002,12.9,4.9,10
31/01/2023,09:00,156,0.1,82.5,0.3,30.5,49.9,0.0,1002,13.1,5.5,12
31/01/2023,10:00,142,0.1,81.8,0.3,31.6,47.1,0.0,1001,14.2,6.0,14
31/01/2023,11:00,348,0.2,79.5,0.4,32.9,43.6,0.0,1000,16.6,6.8,16
31/01/2023,12:00,338,0.2,84.9,0.5,33.4,42.2,0.0,999,17.3,8.3,22
31/01/2023,13:00,343,0.0,81.8,0.5,33.4,41.8,0.0,998,19.0,8.7,24
31/01/2023,14:00,65,0.6,53.3,0.4,32.8,45.6,0.0,996,18.4,8.3,22
31/01/2023,15:00,9,1.7,31.6,0.8,30.1,60.8,0.0,996,23.8,8.4,22
31/01/2023,16:00,19,1.2,37.0,0.7,29.2,64.9,0.0,996,21.4,8.5,21
31/01/2023,17:00,357,1.4,31.9,0.8,29.0,64.4,0.0,996,21.4,8.3,20
31/01/2023,18:00,351,1.5,26.2,0.7,28.7,65.4,0.0,997,20.0,8.3,20
31/01/2023,19:00,343,0.6,53.8,0.4,28.6,65.2,0.0,997,22.1,8.4,21
31/01/2023,20:00,321,0.1,79.9,0.2,28.5,65.9,0.0,998,18.1,8.0,20
31/01/2023,21:00,301,0.2,70.9,0.2,27.2,69.9,0.0,999,12.4,6.1,16
31/01/2023,22:00,335,0.2,72.3,0.3,27.0,68.8,0.0,999,12.9,5.7,14
31/01/2023,23:00,289,0.1,70.0,0.2,27.0,66.8,0.0,998,10.7,4.8,10
01/02/2023,00:00,123,0.2,53.2,0.2,26.6,69.0,0.0,998,12.1,4.9,10
01/02/2023,01:00,34,0.4,39.6,0.3,26.5,68.7,0.0,997,12.9,5.1,9
01/02/2023,02:00,335,0.3,59.4,0.2,26.3,66.5,0.0,997,11.8,5.5,11
01/02/2023,03:00,340,0.7,30.8,0.3,26.1,67.8,0.0,997,13.1,5.8,12
01/02/2023,04:00,353,0.3,58.0,0.2,26.1,69.1,0.0,997,12.4,5.7,12
01/02/2023,05:00,322,0.1,74.8,0.2,26.0,70.0,0.0,998,13.2,5.6,13
01/02/2023,06:00,211,0.1,84.8,0.2,27.4,65.1,0.0,998,12.1,5.5,13
01/02/2023,07:00,279,0.1,85.6,0.3,28.9,59.7,0.0,998,13.3,5.1,12
01/02/2023,08:00,261,0.1,85.8,0.4,29.9,56.3,0.0,998,13.4,5.7,19
01/02/2023,09:00,181,0.1,92.6,0.3,30.9,52.0,0.0,998,12.0,5.8,19
01/02/2023,10:00,170,0.1,83.4,0.4,32.1,47.3,0.0,998,11.2,6.1,19
01/02/2023,11:00,185,0.5,66.7,0.4,33.5,43.2,0.0,997,14.1,7.9,25
01/02/2023,12:00,174,1.0,47.0,0.6,33.4,41.9,0.0,997,14.2,7.9,27
01/02/2023,13:00,39,0.6,51.6,0.5,32.9,46.4,0.0,996,19.3,8.8,31
01/02/2023,14:00,16,1.2,43.3,0.8,32.0,53.8,0.0,995,29.1,10.2,36
01/02/2023,15:00,47,0.9,42.6,0.9,31.9,52.7,0.0,995,24.5,9.8,35
01/02/2023,16:00,75,1.5,35.9,0.9,29.0,65.4,0.1,996,18.0,8.5,31
01/02/2023,17:00,59,1.2,41.3,0.8,28.2,70.9,0.0,996,15.8,8.2,27
01/02/2023,18:00,59,1.2,42.9,0.7,27.8,72.0,0.0,997,14.2,7.1,22
01/02/2023,19:00,61,1.0,38.2,0.5,27.5,74.5,0.0,998,13.8,6.4,19
01/02/2023,20:00,88,1.0,37.2,0.5,27.0,75.4,0.0,998,12.4,6.0,17
01/02/2023,21:00,106,1.0,36.4,0.5,26.7,77.0,0.0,999,11.3,5.3,15
01/02/2023,22:00,133,1.0,38.7,0.5,26.4,76.6,0.0,999,9.5,4.7,11
01/02/2023,23:00,115,1.0,36.3,0.6,26.1,76.7,0.0,999,9.0,4.2,8
02/02/2023,00:00,121,0.8,36.8,0.4,25.9,76.1,0.0,998,9.1,4.0,6
02/02/2023,01:00,111,1.0,39.0,0.5,25.7,77.4,0.0,998,10.0,4.3,7
02/02/2023,02:00,111,0.8,42.6,0.5,25.6,77.1,0.0,997,11.1,4.4,8
02/02/2023,03:00,118,0.9,34.4,0.4,25.6,76.5,0.0,997,11.6,4.6,8
02/02/2023,04:00,149,0.8,34.5,0.5,25.6,75.6,0.0,997,11.0,4.7,9
02/02/2023,05:00,147,1.0,33.1,0.5,25.5,75.7,0.0,997,11.3,4.9,11
02/02/2023,06:00,170,1.2,33.7,0.6,25.6,74.4,0.0,998,12.5,5.3,12
02/02/2023,07:00,150,1.0,35.4,0.5,26.6,68.7,0.0,998,12.2,5.2,13
02/02/2023,08:00,140,0.6,48.6,0.5,27.7,63.2,0.0,998,11.5,5.1,13
02/02/2023,09:00,132,0.7,48.1,0.4,28.8,58.7,0.0,998,11.6,5.3,14
02/02/2023,10:00,44,0.6,47.0,0.4,29.6,56.1,0.0,997,12.7,5.5,15
02/02/2023,11:00,46,0.7,49.5,0.5,30.1,55.1,0.0,997,11.1,5.5,16
02/02/2023,12:00,88,0.9,40.0,0.5,30.1,56.0,0.0,996,13.6,6.4,19
02/02/2023,13:00,64,0.8,42.5,0.6,30.9,53.3,0.0,995,12.8,6.4,19
02/02/2023,14:00,34,1.2,43.8,0.7,30.3,57.4,0.0,994,13.5,6.0,16
02/02/2023,15:00,45,1.3,37.7,0.8,29.0,63.4,0.0,994,13.3,5.7,16
02/02/2023,16:00,55,1.0,41.4,0.6,28.4,66.5,0.0,994,13.4,5.5,15
02/02/2023,17:00,58,1.1,35.2,0.5,28.0,68.9,0.0,994,11.1,5.2,12
02/02/2023,18:00,23,1.0,37.9,0.6,27.4,73.2,0.0,994,14.4,5.1,11
02/02/2023,19:00,50,1.0,38.5,0.6,27.2,73.4,0.0,995,15.4,4.9,9
02/02/2023,20:00,32,0.7,42.8,0.4,27.0,73.3,0.0,996,13.8,4.6,6
02/02/2023,21:00,22,0.7,44.7,0.4,26.7,72.4,0.0,996,14.2,4.6,5
02/02/2023,22:00,17,0.5,59.7,0.4,26.6,73.8,0.0,995,13.6,4.5,6
02/02/2023,23:00,335,0.1,66.6,0.2,26.2,74.5,0.0,995,11.0,4.2,5
03/02/2023,00:00,222,0.0,81.7,0.2,26.1,75.6,0.0,994,10.6,4.3,6
03/02/2023,01:00,258,0.1,71.1,0.2,25.7,77.0,0.0,993,11.3,4.5,7
03/02/2023,02:00,210,0.1,80.0,0.2,25.4,78.2,0.0,993,11.2,4.6,8
03/02/2023,03:00,312,0.1,65.6,0.2,25.3,77.7,0.0,993,12.1,4.8,9
03/02/2023,04:00,181,0.1,78.2,0.2,25.1,79.5,0.0,993,10.6,5.0,10
03/02/2023,05:00,208,0.1,61.9,0.3,24.9,81.0,0.0,993,11.5,5.3,12
03/02/2023,06:00,165,0.7,39.4,0.3,25.8,76.7,0.0,994,13.2,5.5,13
03/02/2023,07:00,169,1.0,25.6,0.3,27.3,68.9,0.0,994,13.1,5.7,13
03/02/2023,08:00,85,0.1,80.3,0.4,29.9,57.6,0.0,994,12.7,5.5,14
03/02/2023,09:00,122,0.5,50.1,0.4,30.9,54.4,0.0,994,15.5,6.7,18
03/02/2023,10:00,85,0.3,62.4,0.4,32.7,48.6,0.0,994,18.3,7.3,19
03/02/2023,11:00,37,0.9,45.2,0.6,34.3,43.4,0.0,993,18.7,7.4,19
03/02/2023,12:00,28,1.3,32.9,0.7,33.9,47.7,0.0,993,20.4,6.7,17
03/02/2023,13:00,21,1.4,29.7,0.8,32.3,53.0,0.0,993,26.1,7.0,17
03/02/2023,14:00,357,2.1,29.8,1.0,31.6,57.2,0.0,992,19.8,5.8,14
03/02/2023,15:00,4,2.1,29.8,1.0,30.0,68.4,0.0,992,15.0,5.9,14
03/02/2023,16:00,358,1.4,35.7,0.7,31.1,59.2,0.0,992,15.8,6.3,15
03/02/2023,17:00,357,1.5,31.8,0.7,31.8,51.8,0.0,993,16.2,6.2,14
03/02/2023,18:00,346,1.7,20.2,0.7,30.6,56.9,0.0,993,16.8,7.1,18
03/02/2023,19:00,347,1.2,36.7,0.6,30.2,65.9,0.0,994,18.2,7.9,24
03/02/2023,20:00,354,1.3,21.6,0.5,30.0,68.8,0.0,995,18.1,8.6,28
03/02/2023,21:00,355,1.0,41.9,0.5,29.7,72.0,0.0,995,19.1,8.8,29
03/02/2023,22:00,353,1.2,24.8,0.5,29.2,75.1,0.0,996,19.5,8.9,32
03/02/2023,23:00,353,0.9,30.9,0.4,28.9,76.7,0.0,995,18.0,9.3,33
04/02/2023,00:00,28,0.0,54.4,0.3,28.6,76.9,0.0,995,16.8,9.5,34
04/02/2023,01:00,333,0.2,57.5,0.2,28.3,76.1,0.0,995,18.8,9.5,29
04/02/2023,02:00,349,0.5,35.6,0.2,28.2,74.8,0.0,995,17.3,9.0,31
04/02/2023,03:00,353,0.6,45.1,0.3,28.7,65.4,0.0,995,15.7,8.1,23
04/02/2023,04:00,356,0.9,32.8,0.3,28.8,62.3,0.0,996,15.9,7.4,21
04/02/2023,05:00,350,1.3,12.6,0.5,28.6,64.2,0.0,997,15.8,7.8,23
04/02/2023,06:00,348,1.1,21.4,0.4,28.7,60.8,0.0,998,17.7,7.4,20
04/02/2023,07:00,305,0.2,57.3,0.2,29.2,57.0,0.0,999,15.3,6.2,16
04/02/2023,08:00,161,0.2,61.0,0.3,30.6,52.1,0.0,1000,15.0,5.9,15
04/02/2023,09:00,93,0.1,102.7,0.3,30.7,48.4,0.0,1001,13.6,5.6,12
04/02/2023,10:00,168,0.1,93.0,0.4,29.8,38.8,0.0,1002,14.6,4.9,7
04/02/2023,11:00,173,0.1,88.0,0.3,28.4,43.9,0.0,1002,15.3,5.0,7
04/02/2023,12:00,203,0.2,89.6,0.3,26.3,52.3,0.0,1002,15.7,5.4,10
04/02/2023,13:00,170,0.3,76.0,0.3,23.9,68.2,0.1,1002,12.4,5.2,10
04/02/2023,14:00,331,0.0,63.7,0.3,22.3,78.4,0.0,1002,11.2,5.1,11
04/02/2023,15:00,337,0.2,67.2,0.3,25.3,65.5,0.0,1002,10.3,4.0,7
04/02/2023,16:00,31,0.3,59.3,0.3,26.7,57.2,0.0,1001,10.9,4.3,7
04/02/2023,17:00,10,0.7,39.9,0.4,27.1,54.3,0.0,1002,11.7,4.4,8
04/02/2023,18:00,74,0.6,41.6,0.3,26.4,61.2,0.0,1003,13.9,5.0,10
04/02/2023,19:00,95,0.8,23.4,0.3,25.6,66.2,0.0,1004,15.8,5.7,12
04/02/2023,20:00,103,0.6,24.9,0.2,25.2,68.2,0.0,1005,14.2,6.6,16
04/02/2023,21:00,75,0.7,29.6,0.3,25.0,68.2,0.0,1006,11.7,5.4,13
04/02/2023,22:00,65,0.5,40.1,0.3,24.8,67.8,0.0,1006,12.4,5.3,12
04/02/2023,23:00,107,0.6,39.2,0.3,24.7,71.2,0.0,1007,11.7,5.5,12
05/02/2023,00:00,150,0.7,47.9,0.4,24.0,76.7,0.0,1006,11.9,5.3,12
05/02/2023,01:00,171,0.5,61.0,0.4,23.9,78.9,0.0,1006,12.1,5.4,9
05/02/2023,02:00,170,0.6,34.8,0.3,23.8,79.5,0.0,1006,15.5,6.6,14
05/02/2023,03:00,146,0.6,34.7,0.2,23.7,80.5,0.0,1006,17.8,7.2,16
05/02/2023,04:00,179,0.5,51.1,0.3,23.5,80.8,0.0,1007,16.7,7.2,17
05/02/2023,05:00,188,0.4,58.5,0.3,23.0,82.1,0.0,1008,18.3,7.6,19
05/02/2023,06:00,180,0.4,69.7,0.4,24.0,77.4,0.0,1009,18.1,7.8,18
05/02/2023,07:00,166,0.9,46.8,0.5,25.7,69.7,0.0,1009,21.0,7.9,16
05/02/2023,08:00,148,1.2,40.3,0.6,27.2,63.2,0.0,1010,19.7,7.4,16
05/02/2023,09:00,164,1.4,32.4,0.7,28.1,59.1,0.0,1010,19.6,7.3,16
05/02/2023,10:00,160,1.3,41.5,0.7,28.8,55.9,0.0,1010,20.6,8.0,17
05/02/2023,11:00,157,1.1,46.9,0.7,29.3,51.1,0.0,1010,19.7,7.6,16
05/02/2023,12:00,136,1.1,48.8,0.7,30.9,43.5,0.0,1009,18.3,7.1,13
05/02/2023,13:00,91,1.3,47.9,0.9,30.4,46.2,0.0,1009,19.0,7.5,13
05/02/2023,14:00,95,1.4,47.5,0.9,30.3,46.6,0.0,1008,20.1,7.2,13
05/02/2023,15:00,108,1.8,37.6,0.8,29.7,44.8,0.0,1008,19.7,7.0,11
05/02/2023,16:00,105,1.7,40.9,0.9,28.9,47.8,0.0,1009,20.0,6.7,11
05/02/2023,17:00,96,1.6,38.9,0.9,27.8,48.2,0.0,1009,18.5,6.4,10
05/02/2023,18:00,99,1.8,34.5,0.9,27.1,43.0,0.0,1010,17.6,6.1,7
05/02/2023,19:00,79,1.2,36.1,0.6,26.3,50.4,0.0,1011,19.6,6.4,9
05/02/2023,20:00,78,0.9,38.5,0.5,25.9,55.2,0.0,1011,20.5,6.8,11
05/02/2023,21:00,79,0.8,35.6,0.4,25.6,56.3,0.0,1012,21.5,6.7,11
05/02/2023,22:00,86,0.7,32.5,0.3,25.3,58.2,0.0,1012,20.9,6.7,11
05/02/2023,23:00,111,0.6,36.1,0.3,24.8,60.9,0.0,1011,21.7,6.8,11
06/02/2023,00:00,150,0.7,34.3,0.3,24.4,63.8,0.0,1011,22.8,6.9,12
06/02/2023,01:00,168,0.8,38.7,0.4,24.0,66.1,0.0,1011,21.6,7.1,9
06/02/2023,02:00,186,0.4,61.6,0.3,23.4,68.9,0.0,1010,20.5,7.0,12
06/02/2023,03:00,189,0.6,44.2,0.4,22.7,71.5,0.0,1010,19.0,6.8,13
06/02/2023,04:00,190,0.4,59.5,0.4,22.4,71.7,0.0,1011,20.4,6.4,12
06/02/2023,05:00,184,0.5,57.6,0.4,22.2,71.7,0.0,1012,18.9,6.5,12
06/02/2023,06:00,183,0.3,74.3,0.3,23.4,66.7,0.0,1012,22.6,6.8,13
06/02/2023,07:00,177,0.7,55.5,0.5,24.9,61.3,0.0,1013,22.2,6.9,13
06/02/2023,08:00,143,1.4,41.2,0.7,26.7,54.6,0.0,1013,20.5,5.9,9
06/02/2023,09:00,134,1.4,40.1,0.8,28.0,47.2,0.0,1013,17.9,5.3,7
06/02/2023,10:00,136,1.2,43.4,0.8,29.2,40.1,0.0,1012,18.6,5.0,6
06/02/2023,11:00,81,1.2,44.1,0.9,29.6,40.9,0.0,1012,17.2,5.2,7
06/02/2023,12:00,88,1.1,43.6,0.8,29.7,40.5,0.0,1012,16.9,5.2,7
06/02/2023,13:00,65,1.4,43.6,0.9,29.8,44.2,0.0,1011,18.0,5.4,8
06/02/2023,14:00,65,1.6,38.7,0.9,29.2,45.2,0.0,1010,18.2,5.5,8
06/02/2023,15:00,79,1.5,40.3,0.9,28.8,44.4,0.0,1010,17.5,5.4,8
06/02/2023,16:00,77,1.4,44.8,0.8,28.1,47.8,0.0,1010,18.0,5.4,8
06/02/2023,17:00,56,1.3,40.9,0.8,27.0,52.7,0.0,1010,16.7,5.6,9
06/02/2023,18:00,71,1.2,41.5,0.7,26.0,55.7,0.0,1011,16.2,5.5,9
06/02/2023,19:00,78,0.9,38.3,0.5,25.4,58.9,0.0,1011,16.6,5.5,9
06/02/2023,20:00,83,0.8,39.1,0.4,25.0,60.8,0.0,1012,16.3,5.5,9
06/02/2023,21:00,79,0.8,35.8,0.4,24.8,61.4,0.0,1012,16.1,5.2,8
06/02/2023,22:00,84,0.7,33.8,0.3,24.5,62.7,0.0,1012,14.3,5.2,8
06/02/2023,23:00,96,0.7,32.4,0.3,24.1,64.1,0.0,1011,14.1,4.8,8
07/02/2023,00:00,80,0.8,33.9,0.3,23.9,65.0,0.0,1010,15.9,4.9,7
07/02/2023,01:00,125,0.6,32.9,0.3,23.5,66.5,0.0,1010,14.0,4.7,5
07/02/2023,02:00,163,0.6,42.6,0.3,23.2,67.5,0.0,1010,14.5,4.9,7
07/02/2023,03:00,181,0.3,69.1,0.3,22.5,72.3,0.0,1010,17.5,5.9,13
07/02/2023,04:00,182,0.3,66.9,0.3,22.2,72.6,0.0,1010,16.7,6.1,13
07/02/2023,05:00,176,0.4,59.0,0.4,21.9,72.7,0.0,1010,17.3,6.2,16
07/02/2023,06:00,184,0.4,67.9,0.4,22.9,67.9,0.0,1010,19.5,6.4,15
07/02/2023,07:00,171,0.3,89.6,0.4,24.9,60.0,0.0,1011,21.0,6.6,14
07/02/2023,08:00,148,0.8,49.9,0.5,25.7,57.4,0.0,1011,20.1,5.6,10
07/02/2023,09:00,113,0.6,61.0,0.6,27.0,51.8,0.0,1011,16.8,5.0,7
07/02/2023,10:00,100,1.0,43.5,0.6,28.0,46.6,0.0,1010,17.1,4.8,7
07/02/2023,11:00,96,1.0,47.5,0.8,28.3,44.9,0.0,1010,13.8,4.4,7
07/02/2023,12:00,104,1.2,41.6,0.8,28.1,46.4,0.0,1010,14.7,4.7,7
07/02/2023,13:00,104,1.2,44.8,0.7,28.2,45.6,0.0,1009,14.8,5.7,11
07/02/2023,14:00,90,1.4,38.9,0.8,27.8,48.3,0.0,1009,15.9,4.9,9
07/02/2023,15:00,75,1.2,42.5,0.8,27.8,49.4,0.0,1008,15.4,5.3,10
07/02/2023,16:00,92,1.4,39.2,0.8,27.1,49.6,0.0,1008,14.5,5.0,9
07/02/2023,17:00,101,1.3,42.7,0.8,26.5,50.5,0.0,1008,13.0,4.3,6
07/02/2023,18:00,86,1.1,41.0,0.7,25.9,53.8,0.0,1009,12.7,4.4,7
07/02/2023,19:00,99,1.0,36.8,0.5,25.2,57.5,0.0,1010,13.3,4.5,7
07/02/2023,20:00,94,1.0,31.4,0.5,24.9,60.8,0.0,1010,12.1,4.8,9
07/02/2023,21:00,101,1.0,28.4,0.4,24.5,62.7,0.0,1010,14.4,5.0,9
07/02/2023,22:00,106,0.8,34.1,0.4,24.3,63.7,0.0,1010,15.4,5.2,9
07/02/2023,23:00,134,0.9,31.5,0.5,24.0,64.0,0.0,1010,14.5,5.3,10
08/02/2023,00:00,163,1.0,33.2,0.4,24.0,64.7,0.0,1009,16.2,6.7,16
08/02/2023,01:00,174,1.3,27.7,0.5,23.5,65.7,0.0,1008,16.7,5.6,8
08/02/2023,02:00,167,1.1,31.4,0.6,23.3,66.5,0.0,1008,14.9,5.3,9
08/02/2023,03:00,165,1.0,32.8,0.5,23.0,67.5,0.0,1008,15.6,5.3,9
08/02/2023,04:00,154,1.0,35.4,0.5,22.8,68.0,0.0,1008,14.6,5.1,9
08/02/2023,05:00,164,0.8,50.2,0.4,22.7,68.8,0.0,1009,15.1,5.1,9
08/02/2023,06:00,183,0.5,63.8,0.4,23.0,67.4,0.0,1009,18.6,6.1,13
08/02/2023,07:00,152,1.0,42.3,0.5,24.8,60.0,0.0,1010,18.6,6.0,12
08/02/2023,08:00,125,1.0,43.5,0.7,25.8,53.0,0.0,1010,17.8,5.8,9
08/02/2023,09:00,141,1.4,41.0,0.7,26.3,50.2,0.0,1009,17.7,5.7,9
08/02/2023,10:00,119,1.4,41.7,0.8,27.5,42.8,0.0,1009,15.6,5.3,7
08/02/2023,11:00,132,1.0,50.9,0.9,28.6,38.9,0.0,1009,15.1,5.2,7
08/02/2023,12:00,116,1.0,54.1,0.8,28.5,39.6,0.0,1008,15.5,5.7,9
08/02/2023,13:00,97,1.1,43.2,0.8,28.3,39.1,0.0,1008,14.7,5.1,7
08/02/2023,14:00,101,1.4,44.2,0.9,28.4,38.6,0.0,1007,16.4,5.0,6
08/02/2023,15:00,109,1.4,38.7,0.8,28.0,39.6,0.0,1007,15.8,4.9,6
08/02/2023,16:00,92,1.4,38.1,0.9,27.2,43.8,0.0,1007,16.4,5.0,7
08/02/2023,17:00,93,1.5,38.8,0.8,26.2,52.1,0.0,1007,16.3,5.4,9
08/02/2023,18:00,100,1.7,34.9,0.9,25.4,56.1,0.0,1008,16.1,5.5,9
08/02/2023,19:00,103,1.6,30.3,0.7,25.1,58.8,0.0,1008,16.6,5.5,10
08/02/2023,20:00,123,1.0,37.9,0.6,24.8,60.6,0.0,1009,15.3,5.5,10
08/02/2023,21:00,148,1.0,36.1,0.6,24.6,63.4,0.1,1009,14.8,5.4,10
08/02/2023,22:00,111,0.7,39.6,0.4,23.8,70.1,0.0,1009,12.6,4.8,8
08/02/2023,23:00,117,0.8,42.5,0.4,24.0,67.6,0.0,1009,13.1,4.9,9
09/02/2023,00:00,161,1.0,33.2,0.5,23.5,69.8,0.0,1008,12.7,5.1,10
09/02/2023,01:00,168,0.9,32.7,0.5,23.1,72.1,0.0,1007,11.5,4.2,4
09/02/2023,02:00,179,0.6,47.6,0.4,22.8,72.9,0.0,1007,11.8,4.4,6
09/02/2023,03:00,165,0.9,34.0,0.5,22.7,74.1,0.0,1006,10.2,4.2,6
09/02/2023,04:00,156,0.3,63.6,0.3,22.6,75.5,0.0,1006,11.7,4.4,7
09/02/2023,05:00,105,0.6,49.4,0.4,22.4,76.4,0.0,1007,12.5,4.4,7
09/02/2023,06:00,128,0.6,41.0,0.4,23.9,65.0,0.0,1007,9.4,3.7,5
09/02/2023,07:00,99,1.0,41.9,0.6,25.6,58.4,0.0,1008,15.2,5.0,7
09/02/2023,08:00,76,1.4,41.5,0.9,26.6,51.3,0.0,1008,16.4,5.2,7
09/02/2023,09:00,100,1.6,40.6,0.9,26.8,51.2,0.0,1008,15.5,4.9,6
09/02/2023,10:00,82,1.7,40.8,1.0,26.5,51.9,0.0,1008,15.6,5.0,7
09/02/2023,11:00,98,0.5,53.4,0.5,23.3,72.5,2.0,1008,16.0,5.6,10
09/02/2023,12:00,80,0.7,41.0,0.6,25.6,59.6,0.0,1007,18.4,5.8,10
09/02/2023,13:00,91,1.5,38.9,0.8,27.3,44.9,0.0,1006,18.6,5.0,6
09/02/2023,14:00,89,1.3,45.2,0.8,27.1,45.3,0.0,1006,15.4,4.9,6
09/02/2023,15:00,85,1.5,38.7,0.9,26.6,48.7,0.0,1005,15.2,4.9,7
09/02/2023,16:00,97,1.4,37.1,0.8,26.1,53.7,0.0,1005,15.6,5.2,8
09/02/2023,17:00,120,1.5,35.3,0.8,25.6,53.5,0.0,1005,13.9,5.0,8
09/02/2023,18:00,105,1.4,34.6,0.7,25.2,56.1,0.0,1005,14.2,5.1,8
09/02/2023,19:00,100,1.2,32.0,0.6,24.9,54.8,0.0,1005,14.4,5.1,8
09/02/2023,20:00,103,1.1,31.0,0.5,24.7,56.5,0.0,1006,14.1,4.9,7
09/02/2023,21:00,136,0.8,35.8,0.5,24.5,57.1,0.0,1006,13.6,4.8,7
09/02/2023,22:00,159,0.9,31.4,0.5,24.4,56.9,0.0,1006,14.5,4.8,7
09/02/2023,23:00,170,0.7,34.0,0.4,24.0,58.5,0.0,1005,16.3,5.1,8
10/02/2023,00:00,161,0.8,34.7,0.4,23.5,59.9,0.0,1004,15.2,5.0,8
10/02/2023,01:00,164,0.8,38.2,0.4,23.2,61.2,0.0,1003,13.7,5.0,6
10/02/2023,02:00,189,0.6,58.9,0.5,22.2,66.1,0.0,1003,19.5,10.2,26
10/02/2023,03:00,194,0.4,69.9,0.4,21.5,68.5,0.0,1003,25.9,15.2,40
10/02/2023,04:00,193,0.4,66.4,0.4,21.1,68.4,0.0,1003,20.4,10.7,26
10/02/2023,05:00,199,0.7,53.5,0.5,20.8,68.8,0.0,1003,20.4,11.6,29
10/02/2023,06:00,196,0.7,55.4,0.6,21.9,66.0,0.0,1004,16.3,6.0,12
10/02/2023,07:00,187,1.0,38.2,0.6,23.2,60.9,0.0,1004,20.6,6.5,13
10/02/2023,08:00,175,1.8,34.1,0.9,24.9,56.3,0.0,1004,16.4,5.3,8
10/02/2023,09:00,175,2.3,30.3,1.2,26.8,48.3,0.0,1003,16.6,4.9,6
10/02/2023,10:00,157,2.2,32.5,1.1,27.7,42.0,0.0,1003,14.3,4.3,4
10/02/2023,11:00,134,1.8,41.3,1.0,28.1,42.6,0.0,1002,16.3,4.6,5
10/02/2023,12:00,139,1.7,39.2,1.0,28.8,37.4,0.0,1001,16.8,4.7,5
10/02/2023,13:00,124,1.4,47.1,1.0,29.2,39.3,0.0,1000,20.0,5.1,6
10/02/2023,14:00,132,1.5,42.0,0.9,28.7,42.7,0.0,1000,22.8,5.2,7
10/02/2023,15:00,144,1.9,37.2,0.9,28.6,42.0,0.0,1000,20.0,4.9,6
10/02/2023,16:00,131,1.7,38.8,1.0,27.8,46.3,0.0,1000,17.6,4.9,6
10/02/2023,17:00,97,1.3,39.6,0.8,27.0,50.0,0.0,1000,17.4,4.8,6
10/02/2023,18:00,121,1.5,38.6,0.8,26.0,52.4,0.0,1001,14.0,4.6,6
10/02/2023,19:00,115,1.2,37.4,0.7,25.1,56.8,0.0,1002,15.0,4.9,7
10/02/2023,20:00,121,1.0,41.3,0.6,24.7,60.1,0.0,1002,16.9,5.5,8
10/02/2023,21:00,151,0.8,32.6,0.5,24.3,61.4,0.0,1003,24.5,10.7,26
10/02/2023,22:00,164,1.1,33.0,0.5,24.1,61.6,0.0,1003,18.6,5.8,9
10/02/2023,23:00,173,0.4,60.4,0.3,23.9,61.2,0.0,1003,14.8,5.0,7
11/02/2023,00:00,187,0.3,70.3,0.3,23.8,60.9,0.0,1003,14.0,4.9,7
11/02/2023,01:00,191,0.5,57.8,0.4,23.5,61.4,0.0,1002,14.1,5.0,6
11/02/2023,02:00,197,0.5,57.9,0.4,23.0,63.9,0.0,1002,14.7,5.6,9
11/02/2023,03:00,195,0.2,70.9,0.3,22.7,66.4,0.0,1002,13.9,5.3,9
11/02/2023,04:00,218,0.1,73.9,0.2,22.3,67.5,0.0,1002,12.4,4.9,8
11/02/2023,05:00,280,0.1,78.3,0.2,22.3,66.9,0.0,1003,12.1,4.6,7
11/02/2023,06:00,208,0.1,81.6,0.3,23.7,61.3,0.0,1003,13.5,4.6,7
11/02/2023,07:00,188,0.5,71.2,0.6,24.7,57.3,0.0,1003,12.8,4.6,6
11/02/2023,08:00,178,0.6,64.3,0.4,26.3,51.8,0.0,1004,14.2,5.1,7
11/02/2023,09:00,174,0.9,51.7,0.6,27.8,42.6,0.0,1004,14.3,4.3,5
11/02/2023,10:00,182,0.7,62.6,0.6,29.6,35.7,0.0,1003,14.5,4.4,5
11/02/2023,11:00,175,1.0,52.2,0.7,30.7,30.8,0.0,1003,22.1,14.0,36
11/02/2023,12:00,169,0.9,57.9,0.7,31.9,27.1,0.0,1002,34.0,24.8,57
11/02/2023,13:00,27,1.0,45.3,0.8,31.2,34.0,0.0,1001,14.5,5.7,8
11/02/2023,14:00,3,1.9,32.6,0.8,30.4,39.9,0.0,1001,17.3,5.0,6
11/02/2023,15:00,9,1.5,34.1,0.8,29.8,43.4,0.0,1001,18.5,5.2,7
11/02/2023,16:00,26,1.4,36.8,0.8,29.3,44.5,0.0,1001,17.4,4.9,6
11/02/2023,17:00,30,1.1,45.6,0.7,27.8,53.2,0.0,1002,16.0,5.0,7
11/02/2023,18:00,58,1.1,40.2,0.6,26.7,57.8,0.0,1002,15.9,4.9,7
11/02/2023,19:00,61,0.8,41.9,0.6,26.0,59.8,0.0,1003,15.9,5.0,8
11/02/2023,20:00,37,0.6,57.4,0.5,25.6,61.4,0.0,1004,13.8,4.9,8
11/02/2023,21:00,61,0.7,46.8,0.4,25.4,63.1,0.0,1004,18.8,5.2,9
11/02/2023,22:00,51,0.4,65.4,0.4,25.3,64.4,0.0,1004,18.9,5.6,9
11/02/2023,23:00,23,0.3,78.2,0.3,25.1,66.1,0.0,1004,22.3,6.6,13
12/02/2023,00:00,334,0.3,69.6,0.2,24.8,67.2,0.0,1003,18.8,5.9,10
12/02/2023,01:00,331,0.9,34.8,0.4,24.2,68.9,0.0,1002,17.2,5.7,7
12/02/2023,02:00,337,0.5,55.2,0.3,23.8,70.5,0.0,1002,16.1,5.5,9
12/02/2023,03:00,302,0.1,69.1,0.2,23.5,72.2,0.0,1002,17.3,5.7,9
12/02/2023,04:00,292,0.1,74.4,0.2,23.5,73.3,0.0,1002,15.1,5.6,9
12/02/2023,05:00,300,0.2,66.0,0.3,22.9,74.4,0.0,1002,14.0,5.2,8
12/02/2023,06:00,178,0.4,61.8,0.3,22.8,73.9,0.0,1003,12.8,5.0,8
12/02/2023,07:00,188,0.3,67.4,0.3,24.0,68.9,0.0,1003,15.7,5.4,9
12/02/2023,08:00,179,0.4,68.9,0.3,26.5,57.5,0.0,1003,14.9,5.6,10
12/02/2023,09:00,13,0.1,82.7,0.3,29.4,47.4,0.0,1002,15.1,6.3,11
12/02/2023,10:00,152,0.4,61.6,0.4,31.2,40.2,0.0,1001,15.0,5.8,9
12/02/2023,11:00,46,0.0,67.7,0.4,34.0,32.0,0.0,1000,17.0,5.6,8
12/02/2023,12:00,2,1.4,37.6,0.6,34.0,35.1,0.0,999,15.3,6.0,10
12/02/2023,13:00,359,1.8,32.7,0.9,33.1,38.9,0.0,998,18.2,6.9,12
12/02/2023,14:00,354,2.3,27.6,0.9,32.5,40.3,0.0,997,20.0,7.1,12
12/02/2023,15:00,358,2.3,24.9,0.9,31.8,41.9,0.0,997,18.9,6.9,12
12/02/2023,16:00,353,2.6,20.7,1.0,30.9,44.9,0.0,996,19.8,6.6,12
12/02/2023,17:00,351,2.6,23.7,1.0,28.8,61.0,0.0,997,21.5,7.9,17
12/02/2023,18:00,357,1.9,25.9,0.8,28.0,65.0,0.0,997,25.0,8.7,19
12/02/2023,19:00,354,2.0,26.2,0.9,27.7,65.7,0.0,998,22.7,8.3,18
12/02/2023,20:00,354,2.3,22.1,0.8,27.1,72.1,0.0,998,23.2,8.8,18
12/02/2023,21:00,354,1.3,32.5,0.6,27.0,74.2,0.0,999,28.0,10.0,21
12/02/2023,22:00,345,0.6,53.7,0.4,26.7,75.2,0.0,999,31.0,10.7,22
12/02/2023,23:00,188,0.6,56.1,0.4,26.3,76.0,0.0,999,28.2,10.1,22
13/02/2023,00:00,186,1.0,41.1,0.6,26.2,78.5,0.0,999,27.8,10.1,20
13/02/2023,01:00,174,1.5,33.6,0.7,25.9,77.7,0.0,999,26.8,10.6,20
13/02/2023,02:00,168,1.0,30.5,0.5,25.8,78.0,0.0,999,32.4,12.5,30
13/02/2023,03:00,174,0.9,45.7,0.5,25.6,78.9,0.0,999,32.3,11.8,27
13/02/2023,04:00,190,0.3,69.8,0.3,25.2,76.0,0.0,1000,25.4,10.7,25
13/02/2023,05:00,190,0.4,66.6,0.4,24.8,74.8,0.0,1000,23.4,10.5,26
13/02/2023,06:00,198,0.3,79.8,0.4,25.8,70.8,0.0,1001,23.8,10.0,25
13/02/2023,07:00,180,0.6,60.0,0.5,27.4,65.5,0.0,1002,31.8,10.4,26
13/02/2023,08:00,183,0.3,79.7,0.4,29.3,59.8,0.0,1002,33.8,10.9,28
13/02/2023,09:00,180,0.4,85.6,0.5,30.1,56.0,0.0,1002,35.1,11.1,28
13/02/2023,10:00,167,0.7,49.1,0.6,31.3,50.3,0.0,1002,30.9,11.0,27
13/02/2023,11:00,106,0.4,62.3,0.5,32.5,43.4,0.0,1001,25.3,10.2,23
13/02/2023,12:00,20,1.0,46.6,0.7,32.9,46.5,0.0,1000,29.8,10.7,25
13/02/2023,13:00,63,1.4,38.8,0.9,32.8,48.1,0.0,999,28.5,11.6,30
13/02/2023,14:00,44,1.6,41.0,0.9,32.1,51.2,0.0,999,28.5,12.3,35
13/02/2023,15:00,68,1.8,40.7,1.1,30.8,56.4,0.0,1000,28.6,11.4,32
13/02/2023,16:00,104,1.9,35.0,1.0,29.8,58.9,0.0,1000,24.5,9.1,24
13/02/2023,17:00,92,1.5,36.8,0.8,29.1,59.2,0.0,1000,18.4,7.6,19
13/02/2023,18:00,91,1.3,41.1,0.7,28.1,61.9,0.0,1001,16.4,5.8,13
13/02/2023,19:00,88,1.4,37.9,0.8,27.0,67.8,0.0,1002,20.5,8.0,19
13/02/2023,20:00,99,1.3,33.5,0.7,26.4,68.8,0.0,1003,20.7,8.3,21
13/02/2023,21:00,124,1.1,44.2,0.7,25.9,71.5,0.0,1003,24.7,9.4,24
13/02/2023,22:00,147,1.3,40.2,0.7,25.9,70.5,0.0,1003,28.6,11.3,28
13/02/2023,23:00,171,1.3,34.9,0.6,25.8,69.7,0.0,1003,28.9,10.6,27
14/02/2023,00:00,177,1.2,41.8,0.7,25.4,69.6,0.0,1002,23.7,8.9,22
14/02/2023,01:00,175,1.0,36.8,0.6,25.1,70.7,0.0,1002,18.7,7.2,11
14/02/2023,02:00,178,1.3,37.6,0.7,24.8,71.5,0.0,1001,16.5,6.3,13
14/02/2023,03:00,164,0.8,44.4,0.5,24.6,72.4,0.0,1002,13.3,5.3,10
14/02/2023,04:00,191,0.3,71.9,0.3,24.6,71.9,0.0,1002,14.2,5.3,11
14/02/2023,05:00,183,0.2,77.7,0.3,24.6,70.7,0.0,1003,13.0,5.8,13
14/02/2023,06:00,192,0.4,62.2,0.4,25.1,68.6,0.0,1003,17.0,6.5,15
14/02/2023,07:00,169,0.9,48.2,0.6,26.1,65.7,0.0,1003,19.1,7.0,17
14/02/2023,08:00,165,1.3,37.9,0.7,27.1,65.1,0.0,1003,19.8,6.2,14
14/02/2023,09:00,141,1.0,42.6,0.7,27.8,63.7,0.0,1003,20.6,7.2,17
14/02/2023,10:00,97,0.6,50.3,0.5,28.5,61.9,0.0,1003,22.2,8.8,22
14/02/2023,11:00,13,1.5,37.1,0.9,28.2,65.9,0.0,1003,22.5,10.0,24
14/02/2023,12:00,48,1.1,40.7,0.7,28.6,63.6,0.0,1002,20.9,8.7,21
14/02/2023,13:00,89,1.2,40.8,0.8,29.0,59.9,0.0,1001,19.7,7.4,17
14/02/2023,14:00,87,1.7,38.8,1.0,27.5,66.5,7.6,1000,21.5,8.2,18
14/02/2023,15:00,88,0.9,39.7,0.8,22.6,85.3,33.7,1002,24.8,18.1,51
14/02/2023,16:00,110,1.1,41.9,0.8,21.9,85.9,0.6,1002,15.0,11.4,29
14/02/2023,17:00,66,0.7,45.0,0.6,22.2,84.8,0.3,1003,11.1,6.8,17
14/02/2023,18:00,101,0.6,52.4,0.4,22.4,84.6,0.0,1003,16.5,10.4,29
14/02/2023,19:00,128,0.6,42.9,0.4,22.7,85.0,0.0,1004,23.4,13.3,36
14/02/2023,20:00,101,0.6,44.2,0.4,23.0,84.1,0.0,1006,22.4,11.8,30
14/02/2023,21:00,166,1.3,34.7,0.7,23.1,82.1,0.0,1007,17.9,6.9,14
14/02/2023,22:00,177,2.3,34.6,1.2,21.4,79.9,1.7,1007,8.8,3.3,5
14/02/2023,23:00,170,1.4,42.2,0.8,21.0,80.4,0.0,1008,5.1,1.6,2
15/02/2023,00:00,13,0.6,35.8,0.5,20.9,81.3,0.0,1007,8.5,3.5,4
15/02/2023,01:00,13,0.3,34.2,0.4,21.2,80.6,0.0,1006,13.0,5.1,6
15/02/2023,02:00,177,0.8,30.4,0.4,21.4,80.4,0.0,1006,14.4,5.0,8
15/02/2023,03:00,194,0.6,58.1,0.4,21.2,81.7,0.0,1006,13.6,5.2,10
15/02/2023,04:00,200,0.6,65.0,0.5,20.8,80.8,0.0,1007,12.2,4.5,8
15/02/2023,05:00,211,0.2,74.4,0.3,20.7,78.8,0.0,1008,11.5,3.8,5
15/02/2023,06:00,198,0.3,79.6,0.4,21.7,74.8,0.0,1009,11.5,4.0,6
15/02/2023,07:00,190,0.5,66.3,0.5,23.1,67.1,0.0,1009,13.5,4.6,8
15/02/2023,08:00,177,1.0,47.6,0.7,24.7,61.8,0.0,1010,14.0,4.8,9
15/02/2023,09:00,174,1.8,35.7,0.9,25.5,59.2,0.0,1010,15.1,5.1,8
15/02/2023,10:00,154,1.8,36.9,0.9,26.2,55.2,0.0,1010,13.3,4.9,8
15/02/2023,11:00,153,1.9,37.3,0.9,26.4,54.3,0.0,1010,14.5,5.4,9
15/02/2023,12:00,152,2.1,34.1,1.0,26.8,52.2,0.0,1009,17.5,5.9,9
15/02/2023,13:00,123,1.8,37.7,1.0,27.6,49.5,0.0,1009,20.5,6.9,10
15/02/2023,14:00,134,2.1,37.9,1.1,26.6,52.8,0.0,1009,25.5,8.0,12
15/02/2023,15:00,134,2.1,40.3,1.1,26.8,50.5,0.0,1009,23.8,7.5,10
15/02/2023,16:00,129,2.0,35.7,1.0,26.2,50.4,0.0,1009,20.9,7.0,10
15/02/2023,17:00,125,1.8,38.3,1.0,25.4,54.9,0.0,1010,24.1,7.3,12
15/02/2023,18:00,121,1.6,37.9,0.9,24.8,55.7,0.0,1011,23.9,7.6,12
15/02/2023,19:00,132,1.1,40.2,0.7,24.4,53.4,0.0,1012,20.6,7.2,12
15/02/2023,20:00,153,0.9,37.3,0.5,24.0,55.7,0.0,1012,21.7,7.4,12
15/02/2023,21:00,166,1.3,31.8,0.6,23.6,61.2,0.0,1013,22.2,7.4,12
15/02/2023,22:00,168,1.1,30.9,0.5,23.2,63.8,0.0,1013,22.1,7.2,12
15/02/2023,23:00,162,1.0,35.5,0.5,22.8,64.0,0.0,1013,22.8,7.0,11
16/02/2023,00:00,188,0.3,65.3,0.3,22.3,65.5,0.0,1013,20.6,6.7,11
16/02/2023,01:00,251,0.1,77.6,0.2,21.8,68.2,0.0,1012,19.4,6.8,8
16/02/2023,02:00,183,0.4,67.9,0.4,21.5,68.4,0.0,1012,19.6,6.5,9
16/02/2023,03:00,199,0.4,69.8,0.4,20.9,71.1,0.0,1012,18.2,6.4,11
16/02/2023,04:00,193,0.3,77.2,0.4,20.5,72.1,0.0,1012,17.8,6.1,10
16/02/2023,05:00,201,0.2,78.8,0.3,20.4,71.7,0.0,1013,16.7,6.0,10
16/02/2023,06:00,190,0.5,63.1,0.4,21.1,68.3,0.0,1014,18.1,5.9,10
16/02/2023,07:00,184,0.5,71.5,0.5,22.5,62.3,0.0,1014,19.7,6.0,11
16/02/2023,08:00,168,0.5,73.5,0.5,24.5,53.2,0.0,1014,19.3,6.3,10
16/02/2023,09:00,110,0.8,51.6,0.6,25.5,48.3,0.0,1014,16.5,4.8,6
16/02/2023,10:00,144,1.1,36.0,0.6,26.2,45.1,0.0,1014,13.5,4.4,5
16/02/2023,11:00,2,1.2,40.5,0.7,27.1,43.7,0.0,1013,13.4,4.4,5
16/02/2023,12:00,3,1.7,34.6,0.8,26.9,46.3,0.0,1013,14.9,4.3,5
16/02/2023,13:00,30,1.2,42.9,0.8,27.0,45.7,0.0,1012,13.0,4.4,5
16/02/2023,14:00,52,1.2,42.2,0.8,26.9,45.5,0.0,1012,13.7,4.1,5
16/02/2023,15:00,43,1.1,45.6,0.7,26.8,45.6,0.0,1012,11.7,3.8,4
16/02/2023,16:00,81,1.3,37.5,0.8,26.4,46.2,0.0,1012,11.6,3.7,3
16/02/2023,17:00,83,1.3,41.2,0.8,25.7,47.8,0.0,1012,10.8,3.6,3
16/02/2023,18:00,89,1.0,42.0,0.5,24.8,49.9,0.0,1012,11.0,3.5,3
16/02/2023,19:00,62,0.8,46.1,0.5,24.2,52.7,0.0,1013,10.0,3.5,3
16/02/2023,20:00,86,0.5,41.0,0.3,23.7,54.4,0.0,1013,10.3,3.5,4
16/02/2023,21:00,84,0.6,21.8,0.2,23.5,55.4,0.0,1014,10.8,3.7,4
16/02/2023,22:00,89,0.6,26.7,0.2,23.4,56.6,0.0,1014,11.0,3.9,5
16/02/2023,23:00,94,0.5,27.8,0.2,23.1,58.7,0.0,1014,9.4,3.5,4
17/02/2023,00:00,156,0.4,43.6,0.2,22.4,62.0,0.0,1013,11.3,3.7,4
17/02/2023,01:00,203,0.2,57.9,0.2,21.7,66.4,0.0,1013,13.0,4.2,6
17/02/2023,02:00,176,0.1,79.2,0.2,21.1,66.1,0.0,1012,12.4,4.3,6
17/02/2023,03:00,179,0.3,62.1,0.3,20.7,68.0,0.0,1012,12.0,4.4,6
17/02/2023,04:00,188,0.5,40.3,0.3,20.1,72.1,0.0,1013,10.4,4.1,6
17/02/2023,05:00,185,0.5,45.4,0.4,19.7,74.0,0.0,1013,11.8,4.3,7
17/02/2023,06:00,181,0.7,44.4,0.4,20.5,69.6,0.0,1014,16.4,5.5,11
17/02/2023,07:00,172,0.3,77.1,0.4,22.8,59.9,0.0,1014,17.1,5.2,9
17/02/2023,08:00,173,0.6,59.8,0.4,24.4,54.0,0.0,1014,21.2,5.3,9
17/02/2023,09:00,54,0.1,69.2,0.4,26.5,46.4,0.0,1014,13.7,4.0,5
17/02/2023,10:00,117,0.3,55.6,0.4,27.4,42.4,0.0,1014,10.7,3.6,4
17/02/2023,11:00,126,0.3,48.9,0.5,28.4,38.0,0.0,1013,10.1,3.6,4
17/02/2023,12:00,37,1.1,42.5,0.6,28.7,37.6,0.0,1012,14.9,3.8,4
17/02/2023,13:00,52,1.1,38.7,0.6,28.7,38.0,0.0,1011,15.4,4.3,5
17/02/2023,14:00,16,1.2,41.6,0.7,28.7,40.9,0.0,1011,15.2,3.9,4
17/02/2023,15:00,15,1.3,36.5,0.7,28.0,44.8,0.0,1010,16.0,3.9,4
17/02/2023,16:00,23,1.2,40.3,0.8,27.2,49.5,0.0,1010,11.6,3.4,3
17/02/2023,17:00,33,1.2,40.0,0.7,26.5,52.9,0.0,1011,9.4,2.9,3
17/02/2023,18:00,51,1.0,42.9,0.6,25.5,56.6,0.0,1011,8.1,2.6,3
17/02/2023,19:00,65,0.7,44.4,0.4,25.1,58.9,0.0,1012,8.1,3.0,3
17/02/2023,20:00,93,0.7,31.9,0.3,24.5,61.6,0.0,1013,8.8,3.4,4
17/02/2023,21:00,95,0.6,32.5,0.2,24.4,62.4,0.0,1013,9.1,3.3,4
17/02/2023,22:00,97,0.6,23.8,0.2,24.2,62.9,0.0,1013,8.3,3.2,4
17/02/2023,23:00,89,0.6,33.8,0.2,24.2,64.7,0.0,1013,9.6,2.8,3
18/02/2023,00:00,107,0.6,27.7,0.2,24.0,66.2,0.0,1012,9.1,3.3,4
18/02/2023,01:00,160,0.2,54.9,0.2,23.5,68.6,0.0,1012,12.1,5.0,6
18/02/2023,02:00,219,0.1,76.9,0.3,22.9,69.7,0.0,1011,9.7,3.6,5
18/02/2023,03:00,183,0.2,72.2,0.3,22.3,72.3,0.0,1011,9.3,3.5,5
18/02/2023,04:00,192,0.2,73.8,0.3,21.8,74.1,0.0,1012,10.5,4.0,7
18/02/2023,05:00,193,0.2,75.2,0.2,21.7,74.3,0.0,1012,10.6,4.2,8
18/02/2023,06:00,186,0.4,69.5,0.4,22.3,71.3,0.0,1013,10.2,3.7,6
18/02/2023,07:00,176,0.5,72.5,0.5,24.3,61.5,0.0,1013,12.9,4.1,6
18/02/2023,08:00,170,0.8,49.7,0.5,25.6,58.2,0.0,1013,13.7,4.3,6
18/02/2023,09:00,173,0.3,68.0,0.3,28.0,49.9,0.0,1013,11.7,3.9,5
18/02/2023,10:00,142,0.3,64.4,0.4,28.9,44.9,0.0,1012,11.1,4.5,6
18/02/2023,11:00,47,0.3,45.4,0.5,29.4,41.6,0.0,1012,12.5,4.8,8
18/02/2023,12:00,65,0.2,67.1,0.5,30.3,40.4,0.0,1011,13.3,5.1,8
18/02/2023,13:00,26,1.3,36.3,0.7,29.4,46.3,0.0,1010,15.4,5.0,8
18/02/2023,14:00,24,1.4,36.6,0.7,29.0,47.7,0.0,1010,16.8,4.6,7
18/02/2023,15:00,44,1.5,34.2,0.7,28.2,49.2,0.0,1010,14.7,4.2,6
18/02/2023,16:00,12,1.7,31.3,0.8,27.3,53.2,0.0,1010,14.9,3.9,5
18/02/2023,17:00,4,2.0,27.5,0.9,26.2,56.8,0.0,1010,12.4,3.5,4
18/02/2023,18:00,5,1.5,30.5,0.8,25.5,58.2,0.0,1010,9.1,3.2,4
18/02/2023,19:00,6,1.4,31.6,0.7,25.3,56.8,0.0,1011,8.5,3.4,4
18/02/2023,20:00,4,1.3,26.8,0.5,25.0,58.7,0.0,1012,8.5,3.3,4
18/02/2023,21:00,12,0.9,39.6,0.5,24.9,59.1,0.0,1012,8.4,3.0,3
18/02/2023,22:00,8,0.9,38.3,0.4,24.6,63.1,0.0,1012,8.9,2.9,3
18/02/2023,23:00,53,0.2,54.3,0.2,24.5,64.8,0.0,1012,8.9,2.9,4
19/02/2023,00:00,162,0.3,54.5,0.2,24.1,64.6,0.0,1012,9.4,3.6,5
19/02/2023,01:00,178,0.4,58.4,0.3,23.7,66.8,0.0,1012,9.9,3.7,5
19/02/2023,02:00,177,0.2,69.3,0.2,23.5,67.5,0.0,1011,11.1,4.4,8
19/02/2023,03:00,235,0.1,69.0,0.2,22.9,69.4,0.0,1012,11.7,4.9,11
19/02/2023,04:00,174,0.4,67.3,0.3,22.5,69.4,0.0,1012,11.7,5.7,14
19/02/2023,05:00,181,0.4,68.4,0.4,22.5,68.2,0.0,1013,11.4,5.6,11
19/02/2023,06:00,189,0.7,51.3,0.5,22.9,66.9,0.0,1014,9.8,4.2,7
19/02/2023,07:00,169,0.2,76.1,0.3,24.9,61.6,0.0,1014,10.0,4.0,6
19/02/2023,08:00,168,0.4,70.0,0.3,25.8,58.3,0.0,1014,10.4,4.0,6
19/02/2023,09:00,59,0.4,47.8,0.3,26.9,52.8,0.0,1014,9.4,3.6,5
19/02/2023,10:00,65,0.4,58.2,0.4,28.1,47.6,0.0,1014,11.3,4.2,6
19/02/2023,11:00,25,0.8,42.5,0.6,28.6,43.3,0.0,1014,11.6,4.5,7
19/02/2023,12:00,11,1.3,40.7,0.8,29.0,39.6,0.0,1013,10.2,3.4,4
19/02/2023,13:00,15,1.2,36.9,0.8,29.0,43.8,0.0,1013,9.9,3.5,4
19/02/2023,14:00,51,1.3,40.3,0.7,28.1,49.8,0.0,1012,10.1,3.5,4
19/02/2023,15:00,46,1.1,42.9,0.7,27.7,50.6,0.0,1013,10.1,3.5,4
19/02/2023,16:00,36,1.2,43.3,0.7,27.2,51.7,0.0,1013,10.1,4.0,6
19/02/2023,17:00,67,1.3,34.9,0.7,26.4,53.0,0.0,1013,8.0,2.9,3
19/02/2023,18:00,76,1.1,42.6,0.7,25.8,56.1,0.0,1014,8.3,2.9,3
19/02/2023,19:00,79,0.9,36.8,0.5,25.3,59.4,0.0,1015,9.0,3.3,4
19/02/2023,20:00,79,1.0,31.8,0.5,25.0,61.6,0.0,1015,9.6,3.8,5
19/02/2023,21:00,80,0.9,32.8,0.4,24.8,62.3,0.0,1016,10.4,3.8,5
19/02/2023,22:00,92,0.8,25.7,0.3,24.7,62.9,0.0,1016,10.2,3.9,5
19/02/2023,23:00,129,0.9,35.6,0.5,24.6,63.4,0.0,1015,12.1,4.1,7
20/02/2023,00:00,89,0.8,30.0,0.4,24.6,63.4,0.0,1015,12.5,3.8,5
20/02/2023,01:00,101,0.8,28.1,0.3,24.4,63.2,0.0,1014,10.7,3.8,3
20/02/2023,02:00,95,0.7,27.5,0.3,24.0,65.8,0.0,1014,10.4,4.0,5
20/02/2023,03:00,99,0.6,31.5,0.2,23.9,65.5,0.0,1014,11.3,4.0,5
20/02/2023,04:00,151,0.6,39.4,0.3,24.0,65.8,0.0,1014,12.1,4.2,6
20/02/2023,05:00,160,0.7,33.5,0.3,23.4,68.7,0.0,1015,15.1,4.9,8
20/02/2023,06:00,161,0.5,44.9,0.3,24.1,66.5,0.0,1016,16.2,5.1,10
20/02/2023,07:00,148,0.8,34.1,0.4,25.3,62.2,0.0,1016,21.3,5.9,12
20/02/2023,08:00,83,0.9,45.2,0.7,26.6,55.8,0.0,1016,17.4,5.7,8
20/02/2023,09:00,63,1.1,39.8,0.7,26.8,54.0,0.0,1016,17.1,5.7,8
20/02/2023,10:00,69,1.1,38.9,0.6,27.2,51.7,0.0,1016,16.0,5.7,8
20/02/2023,11:00,60,1.2,40.0,0.7,26.2,60.3,0.0,1016,18.4,5.7,9
20/02/2023,12:00,21,1.1,41.4,0.7,26.2,63.1,0.0,1016,17.8,6.6,12
20/02/2023,13:00,56,1.2,40.2,0.7,27.3,52.7,0.0,1015,20.2,6.5,9
20/02/2023,14:00,67,1.3,36.4,0.7,27.0,53.9,0.0,1015,21.7,6.8,9
20/02/2023,15:00,52,1.2,36.2,0.7,26.8,56.0,0.0,1015,24.9,6.9,12
20/02/2023,16:00,69,1.1,36.4,0.7,26.5,58.2,0.0,1015,22.4,7.1,13
20/02/2023,17:00,87,1.4,34.6,0.7,25.5,62.5,0.0,1015,17.6,6.4,12
20/02/2023,18:00,87,0.9,31.9,0.4,25.0,67.1,0.0,1016,18.8,7.2,15
20/02/2023,19:00,86,0.8,31.9,0.3,24.9,67.0,0.0,1016,21.0,7.4,15
20/02/2023,20:00,82,0.8,30.3,0.3,24.6,67.8,0.0,1017,18.9,6.9,14
20/02/2023,21:00,89,0.7,33.3,0.3,24.5,66.3,0.0,1017,19.7,6.8,13
20/02/2023,22:00,100,0.8,29.5,0.3,24.3,66.2,0.0,1017,18.2,6.6,12
20/02/2023,23:00,86,0.7,28.4,0.2,24.1,67.1,0.0,1016,18.8,6.7,11
21/02/2023,00:00,84,0.7,23.5,0.2,23.8,68.1,0.0,1016,19.1,6.6,11
21/02/2023,01:00,105,0.6,35.8,0.3,23.7,69.0,0.0,1015,20.3,6.9,8
21/02/2023,02:00,146,0.6,48.3,0.4,23.8,68.6,0.0,1015,19.8,6.5,11
21/02/2023,03:00,168,0.4,64.7,0.3,23.4,71.7,0.0,1015,21.4,7.4,15
21/02/2023,04:00,174,0.2,72.9,0.2,22.8,73.7,0.0,1015,20.4,7.0,14
21/02/2023,05:00,188,0.4,64.5,0.4,22.4,74.8,0.0,1015,19.4,6.9,16
21/02/2023,06:00,175,0.7,47.3,0.4,22.3,74.5,0.0,1016,21.4,6.8,15
21/02/2023,07:00,178,0.5,55.4,0.4,23.3,71.6,0.0,1016,22.7,7.4,17
21/02/2023,08:00,156,0.9,38.9,0.5,25.2,63.8,0.0,1016,24.7,7.6,16
21/02/2023,09:00,119,1.2,38.6,0.7,26.0,58.8,0.0,1016,22.1,7.1,12
21/02/2023,10:00,107,1.3,39.3,0.8,26.5,55.5,0.0,1016,22.1,6.9,11
21/02/2023,11:00,61,1.4,41.4,0.8,26.6,55.2,0.0,1016,24.4,7.3,11
21/02/2023,12:00,71,1.4,40.1,0.9,27.8,46.8,0.0,1015,21.5,6.4,9
21/02/2023,13:00,112,1.4,45.8,1.0,28.3,43.4,0.0,1015,19.2,6.1,8
21/02/2023,14:00,67,1.4,47.4,0.9,28.1,42.7,0.0,1014,21.2,5.9,8
21/02/2023,15:00,66,1.4,38.8,0.8,27.5,49.0,0.0,1014,18.7,6.1,9
21/02/2023,16:00,88,1.4,39.2,0.7,27.1,51.5,0.0,1014,19.2,6.3,9
21/02/2023,17:00,84,1.2,40.5,0.7,26.1,56.1,0.0,1014,17.9,5.9,11
21/02/2023,18:00,82,1.0,41.9,0.6,25.4,59.5,0.0,1015,17.9,6.3,11
21/02/2023,19:00,88,0.8,32.9,0.4,24.9,61.5,0.0,1015,18.3,6.2,11
21/02/2023,20:00,84,0.8,28.8,0.3,24.5,62.9,0.0,1015,16.9,6.1,11
21/02/2023,21:00,102,0.7,30.5,0.3,24.1,64.7,0.0,1016,17.6,6.0,11
21/02/2023,22:00,150,0.8,38.9,0.4,23.7,66.1,0.0,1015,20.2,6.4,12
21/02/2023,23:00,159,0.7,37.8,0.4,23.4,66.3,0.0,1015,16.5,5.9,10
22/02/2023,00:00,183,0.4,59.0,0.4,22.6,70.0,0.0,1014,17.7,6.6,14
22/02/2023,01:00,187,0.5,61.6,0.4,22.0,70.0,0.0,1014,17.0,6.6,10
22/02/2023,02:00,182,0.5,58.6,0.4,21.9,68.6,0.0,1013,16.5,6.0,10
22/02/2023,03:00,178,0.8,50.5,0.6,21.5,72.5,0.0,1013,14.7,5.4,9
22/02/2023,04:00,137,1.1,34.1,0.6,21.3,77.7,0.0,1013,10.4,4.5,8
22/02/2023,05:00,162,0.3,67.1,0.4,21.4,77.5,0.0,1013,12.3,4.8,8
22/02/2023,06:00,188,0.5,67.3,0.4,21.9,74.5,0.0,1014,12.0,4.7,9
22/02/2023,07:00,180,1.5,34.0,0.7,21.2,79.4,0.0,1014,12.6,4.8,10
22/02/2023,08:00,180,0.9,51.4,0.5,21.8,76.4,0.0,1014,11.6,4.4,8
22/02/2023,09:00,191,0.9,52.5,0.7,22.5,76.5,0.9,1014,13.9,5.0,10
22/02/2023,10:00,176,0.8,55.2,0.5,23.5,70.1,0.0,1014,12.3,4.8,9
22/02/2023,11:00,150,1.1,42.8,0.8,25.9,56.4,0.0,1014,17.1,5.6,10
22/02/2023,12:00,118,1.6,40.2,1.0,28.0,43.3,0.2,1013,7.5,2.3,
22/02/2023,13:00,111,2.4,33.2,1.1,27.7,41.4,0.0,1012,18.0,5.4,
22/02/2023,14:00,118,2.3,36.7,1.1,27.6,46.2,0.0,1012,19.4,6.1,8
22/02/2023,15:00,114,1.8,36.3,1.0,27.1,50.0,0.0,1012,19.1,6.5,9
22/02/2023,16:00,100,2.1,35.1,1.1,26.6,52.5,0.0,1012,19.9,6.3,10
22/02/2023,17:00,114,2.0,40.5,1.1,25.4,55.4,0.0,1012,18.2,5.8,10
22/02/2023,18:00,125,1.5,40.6,0.9,24.0,64.4,0.0,1013,17.5,6.3,12
22/02/2023,19:00,124,1.6,35.8,0.9,23.7,68.3,0.0,1013,18.2,6.9,13
22/02/2023,20:00,116,1.2,35.6,0.6,23.6,65.5,0.0,1014,17.2,6.3,11
22/02/2023,21:00,111,1.2,30.4,0.7,22.1,74.8,0.0,1014,13.2,5.6,11
22/02/2023,22:00,122,1.6,32.4,0.8,22.2,71.8,0.0,1014,17.1,6.3,12
22/02/2023,23:00,130,1.0,34.5,0.5,21.5,78.0,0.1,1013,15.6,6.6,12
23/02/2023,00:00,152,1.2,33.7,0.6,21.4,80.9,0.0,1012,15.2,6.2,12
23/02/2023,01:00,161,0.7,55.2,0.5,21.6,79.4,0.0,1011,12.6,5.3,6
23/02/2023,02:00,158,0.5,63.7,0.4,21.7,79.4,0.2,1011,13.1,5.4,10
23/02/2023,03:00,168,0.6,52.2,0.5,21.4,81.1,0.0,1011,11.4,5.0,10
23/02/2023,04:00,173,0.6,54.1,0.4,21.2,80.4,0.0,1011,11.5,5.0,10
23/02/2023,05:00,170,0.6,58.2,0.4,21.0,80.2,0.0,1011,12.3,5.0,10
23/02/2023,06:00,164,0.3,61.5,0.3,21.4,78.3,0.0,1012,12.4,5.4,13
23/02/2023,07:00,153,0.5,63.5,0.4,22.4,71.0,0.0,1013,14.5,5.6,13
23/02/2023,08:00,134,1.2,39.8,0.6,24.2,65.4,0.0,1013,17.1,6.3,13
23/02/2023,09:00,124,1.6,37.1,0.8,25.5,58.2,0.0,1013,19.2,6.6,13
23/02/2023,10:00,110,1.6,36.9,0.9,25.5,59.1,0.0,1013,19.4,6.6,13
23/02/2023,11:00,125,1.8,35.3,0.9,25.3,61.4,0.1,1013,17.4,6.6,13
23/02/2023,12:00,133,2.0,35.2,0.9,26.0,53.9,0.0,1012,19.2,6.3,10
23/02/2023,13:00,107,1.7,41.7,1.1,26.8,45.7,0.0,1012,15.6,5.7,8
23/02/2023,14:00,100,1.9,37.3,1.1,27.5,40.6,0.0,1011,15.2,5.1,7
23/02/2023,15:00,109,2.1,35.8,1.0,26.7,43.5,0.0,1011,15.5,5.2,7
23/02/2023,16:00,112,1.7,38.3,0.9,26.3,42.6,0.0,1011,12.9,4.8,6
23/02/2023,17:00,138,1.8,34.8,0.8,25.7,46.5,0.0,1012,12.6,4.0,5
23/02/2023,18:00,129,1.7,34.4,0.9,24.3,54.1,0.0,1012,11.8,3.9,5
23/02/2023,19:00,149,1.7,32.7,0.9,23.3,58.8,0.0,1013,11.7,4.1,6
23/02/2023,20:00,150,1.5,36.0,0.8,22.6,64.1,0.0,1013,9.5,3.6,5
23/02/2023,21:00,155,1.5,35.5,0.8,22.6,63.6,0.0,1013,11.2,4.1,6
23/02/2023,22:00,155,1.0,42.7,0.5,22.6,62.8,0.0,1013,13.9,4.9,7
23/02/2023,23:00,163,0.6,61.2,0.4,22.6,63.1,0.0,1013,11.2,4.4,6
24/02/2023,00:00,177,0.7,50.8,0.5,22.1,65.6,0.0,1012,14.2,5.0,8
24/02/2023,01:00,172,0.8,48.4,0.6,21.8,66.5,0.0,1012,16.8,5.9,7
24/02/2023,02:00,162,0.7,49.5,0.5,21.8,67.7,0.0,1011,15.6,5.8,8
24/02/2023,03:00,160,0.6,57.5,0.5,21.3,72.5,0.0,1011,11.6,4.6,7
24/02/2023,04:00,170,0.5,66.3,0.4,21.0,75.5,0.0,1011,10.3,4.4,7
24/02/2023,05:00,172,1.3,38.4,0.7,20.8,75.6,0.0,1012,10.2,3.8,6
24/02/2023,06:00,166,1.2,40.3,0.7,21.2,73.7,0.0,1012,8.4,2.7,4
24/02/2023,07:00,166,1.5,38.7,1.0,22.3,67.8,0.0,1013,8.0,2.2,3
24/02/2023,08:00,163,2.3,29.0,1.1,23.1,64.2,0.0,1013,4.5,1.5,2
24/02/2023,09:00,158,1.7,35.5,0.9,24.2,59.1,0.0,1013,7.6,1.9,2
24/02/2023,10:00,132,2.3,33.7,1.1,25.8,50.9,0.0,1012,10.4,3.3,4
24/02/2023,11:00,132,1.9,37.7,1.1,25.2,54.7,0.0,1012,12.3,4.3,6
24/02/2023,12:00,105,1.7,36.3,0.9,24.9,56.0,0.0,1012,13.6,4.7,8
24/02/2023,13:00,121,2.2,42.3,1.1,25.4,54.5,0.0,1012,10.6,3.3,5
24/02/2023,14:00,142,2.2,36.5,1.1,22.9,69.0,0.0,1012,6.0,1.6,2
24/02/2023,15:00,135,2.0,33.8,0.9,22.6,68.9,0.0,1012,8.6,2.8,4
24/02/2023,16:00,133,2.3,33.7,1.2,23.3,63.6,0.0,1011,13.6,4.8,8
24/02/2023,17:00,142,2.0,31.4,0.9,23.4,61.3,0.0,1012,14.0,5.0,9
24/02/2023,18:00,128,1.4,34.6,0.7,23.2,62.5,0.0,1012,15.6,5.7,10
24/02/2023,19:00,144,1.2,36.3,0.7,22.9,65.3,0.0,1013,17.9,6.1,11
24/02/2023,20:00,160,1.4,37.8,0.8,21.4,75.3,0.0,1013,10.2,3.9,7
24/02/2023,21:00,147,0.8,37.7,0.5,21.0,76.0,0.0,1013,9.7,4.1,7
24/02/2023,22:00,148,0.7,49.5,0.4,20.9,75.1,0.0,1013,10.8,4.4,7
24/02/2023,23:00,158,0.7,50.1,0.4,20.8,77.2,0.0,1013,12.1,4.7,9
25/02/2023,00:00,152,0.4,69.4,0.4,20.7,76.6,0.0,1012,10.6,4.3,8
25/02/2023,01:00,163,0.5,52.4,0.4,20.5,77.4,0.0,1012,9.2,3.7,4
25/02/2023,02:00,165,0.3,71.6,0.3,20.4,79.2,0.0,1012,11.0,4.5,7
25/02/2023,03:00,173,0.5,64.1,0.4,20.1,78.3,0.0,1012,12.3,5.0,9
25/02/2023,04:00,176,0.8,50.3,0.6,19.8,76.4,0.0,1012,13.1,5.0,8
25/02/2023,05:00,174,0.7,53.6,0.5,19.5,75.7,0.0,1012,14.3,5.5,9
25/02/2023,06:00,170,0.6,59.7,0.5,20.1,73.5,0.0,1012,15.6,5.6,10
25/02/2023,07:00,147,0.7,57.0,0.5,22.0,65.5,0.0,1013,12.2,4.8,8
25/02/2023,08:00,149,1.8,33.3,0.9,23.5,58.2,0.0,1013,11.2,3.9,4
25/02/2023,09:00,141,1.6,33.5,0.8,24.8,51.6,0.0,1013,10.9,3.8,4
25/02/2023,10:00,143,1.8,35.2,0.8,25.7,47.5,0.0,1012,10.3,3.8,4
25/02/2023,11:00,134,1.5,37.8,0.8,26.5,45.1,0.0,1012,11.6,4.0,4
25/02/2023,12:00,91,1.1,49.4,0.7,27.0,44.9,0.0,1011,10.5,3.7,4
25/02/2023,13:00,76,1.3,40.4,0.8,27.3,43.5,0.0,1010,9.7,3.7,3
25/02/2023,14:00,63,1.5,40.7,0.9,27.6,41.8,0.0,1010,10.8,3.7,3
25/02/2023,15:00,64,1.5,41.7,0.8,27.4,42.3,0.0,1010,10.8,3.5,3
25/02/2023,16:00,80,1.3,43.6,0.8,26.5,46.2,0.0,1010,11.4,3.8,3
25/02/2023,17:00,62,1.4,38.2,0.8,25.4,53.1,0.0,1010,10.2,3.7,4
25/02/2023,18:00,51,1.0,40.3,0.6,24.4,60.6,0.0,1011,11.5,4.3,5
25/02/2023,19:00,57,0.8,34.1,0.4,23.9,63.0,0.0,1011,12.9,4.5,6
25/02/2023,20:00,62,0.7,33.4,0.3,23.5,64.9,0.0,1012,12.2,4.9,9
25/02/2023,21:00,60,0.7,30.8,0.2,23.2,65.3,0.0,1012,13.6,4.8,8
25/02/2023,22:00,99,0.6,27.9,0.2,22.8,66.4,0.0,1012,13.2,4.6,7
25/02/2023,23:00,130,0.7,38.9,0.3,22.5,67.6,0.0,1012,14.2,4.9,9
26/02/2023,00:00,138,0.5,45.1,0.3,22.2,69.6,0.0,1011,11.9,4.5,7
26/02/2023,01:00,155,0.2,72.0,0.2,21.6,72.7,0.0,1011,13.7,5.1,8
26/02/2023,02:00,166,0.3,69.2,0.3,21.1,74.0,0.0,1011,11.8,5.0,9
26/02/2023,03:00,165,0.2,87.6,0.3,20.7,75.4,0.0,1011,12.0,4.7,8
26/02/2023,04:00,166,0.2,82.8,0.3,20.2,77.0,0.0,1011,10.7,4.7,8
26/02/2023,05:00,180,0.2,74.0,0.3,20.0,76.7,0.0,1011,11.0,4.5,7
26/02/2023,06:00,159,0.4,67.8,0.4,20.5,73.1,0.0,1012,10.1,4.5,7
26/02/2023,07:00,148,0.4,71.1,0.4,22.6,64.1,0.0,1012,11.9,4.7,8
26/02/2023,08:00,147,0.6,51.2,0.4,24.4,58.9,0.0,1012,11.3,4.6,7
26/02/2023,09:00,136,0.2,55.5,0.4,26.1,54.7,0.0,1012,12.3,4.6,6
26/02/2023,10:00,38,0.2,49.6,0.4,27.5,49.1,0.0,1012,11.4,4.6,6
26/02/2023,11:00,9,0.8,45.5,0.6,28.4,44.0,0.0,1011,12.1,4.4,6
26/02/2023,12:00,344,1.4,37.2,0.8,28.9,43.3,0.0,1010,11.9,4.3,6
26/02/2023,13:00,352,1.4,39.6,0.8,28.8,46.2,0.0,1010,11.9,4.4,6
26/02/2023,14:00,6,1.4,39.5,0.8,28.6,46.5,0.0,1009,13.1,4.3,5
26/02/2023,15:00,17,1.3,43.5,0.8,28.0,48.9,0.0,1009,13.9,4.4,5
26/02/2023,16:00,0,1.3,35.8,0.8,27.3,54.2,0.0,1009,15.7,4.6,6
26/02/2023,17:00,18,1.2,38.6,0.7,26.3,59.2,0.0,1009,16.8,4.8,7
26/02/2023,18:00,345,1.7,27.9,0.8,25.6,61.7,0.0,1010,15.0,4.7,7
26/02/2023,19:00,342,1.5,29.6,0.7,25.2,65.3,0.0,1010,12.9,4.7,7
26/02/2023,20:00,345,1.3,27.1,0.7,25.0,66.1,0.0,1011,14.1,4.7,7
26/02/2023,21:00,349,1.2,31.7,0.6,24.8,66.8,0.0,1011,13.1,4.6,7
26/02/2023,22:00,348,1.0,34.3,0.5,24.7,67.2,0.0,1011,13.4,4.6,7
26/02/2023,23:00,341,0.9,31.8,0.4,24.5,68.5,0.0,1010,13.4,4.6,7
27/02/2023,00:00,337,0.7,40.5,0.3,24.4,68.1,0.0,1010,12.9,4.6,7
27/02/2023,01:00,157,0.5,42.7,0.2,23.8,71.9,0.0,1010,11.6,4.4,5
27/02/2023,02:00,170,0.3,70.1,0.2,23.0,74.7,0.0,1010,15.3,5.5,10
27/02/2023,03:00,156,0.4,58.8,0.3,22.7,74.9,0.0,1009,14.6,5.6,12
27/02/2023,04:00,161,0.3,69.0,0.3,22.1,76.8,0.0,1010,14.6,5.7,14
27/02/2023,05:00,159,0.4,70.4,0.4,21.8,77.1,0.0,1010,12.7,5.0,11
27/02/2023,06:00,161,0.3,64.1,0.3,22.4,76.0,0.0,1010,13.6,4.8,9
27/02/2023,07:00,153,1.0,34.8,0.4,23.7,70.0,0.0,1011,17.5,5.2,9
27/02/2023,08:00,134,0.4,58.5,0.3,26.2,60.3,0.0,1011,18.2,5.3,9
27/02/2023,09:00,45,0.6,48.7,0.4,27.6,52.3,0.0,1011,13.9,5.1,8
27/02/2023,10:00,16,0.8,40.8,0.5,28.6,47.5,0.0,1011,15.0,5.1,8
27/02/2023,11:00,2,0.8,44.3,0.6,29.1,47.0,0.0,1010,15.3,5.6,9
27/02/2023,12:00,343,1.3,36.9,0.8,29.5,45.9,0.0,1009,16.2,5.4,9
27/02/2023,13:00,340,1.8,34.6,0.9,29.8,43.2,0.0,1008,15.3,4.8,7
27/02/2023,14:00,338,2.2,27.0,1.0,29.1,46.6,0.0,1008,14.9,5.0,8
27/02/2023,15:00,338,2.2,29.4,1.0,28.4,50.4,0.0,1007,14.3,4.7,7
27/02/2023,16:00,335,2.4,22.8,1.0,27.5,52.2,0.0,1007,12.9,4.2,5
27/02/2023,17:00,339,2.0,26.9,0.9,26.7,53.6,0.0,1007,11.2,4.0,5
27/02/2023,18:00,336,2.1,25.7,0.9,25.8,63.3,0.0,1008,11.9,4.5,7
27/02/2023,19:00,335,1.9,23.6,0.8,25.5,64.6,0.0,1008,11.5,4.5,7
27/02/2023,20:00,331,2.0,19.4,0.7,25.3,65.9,0.0,1009,12.3,4.4,7
27/02/2023,21:00,343,1.3,34.0,0.6,25.2,66.4,0.0,1009,11.9,4.2,6
27/02/2023,22:00,339,1.3,33.5,0.6,25.1,66.1,0.0,1010,10.8,3.9,5
27/02/2023,23:00,345,0.6,46.0,0.4,25.1,66.4,0.0,1009,11.1,3.9,5
28/02/2023,00:00,341,0.8,36.3,0.4,25.0,67.0,0.0,1009,11.6,3.9,5
28/02/2023,01:00,321,0.8,41.5,0.5,24.6,67.4,0.0,1008,14.6,4.4,5
28/02/2023,02:00,334,0.7,39.9,0.3,24.4,67.8,0.0,1008,14.7,4.6,6
28/02/2023,03:00,330,0.5,54.9,0.3,24.3,67.6,0.0,1008,13.9,4.4,6
28/02/2023,04:00,312,0.2,58.8,0.2,24.2,67.4,0.0,1008,13.8,4.1,6
28/02/2023,05:00,172,0.1,69.0,0.2,23.9,69.4,0.0,1008,11.8,4.2,7
28/02/2023,06:00,298,0.0,70.4,0.2,24.9,66.6,0.0,1009,13.7,4.6,8
28/02/2023,07:00,116,0.1,90.1,0.3,26.2,60.1,0.0,1009,15.9,4.9,9
28/02/2023,08:00,153,0.4,66.2,0.3,26.3,59.0,0.0,1009,12.4,4.4,7
28/02/2023,09:00,119,0.3,65.1,0.3,28.1,50.0,0.0,1009,14.6,5.5,10
28/02/2023,10:00,104,0.1,78.0,0.3,29.7,45.7,0.0,1009,15.5,5.7,10
28/02/2023,11:00,121,0.6,40.5,0.5,29.4,45.6,0.0,1008,18.1,6.6,12
28/02/2023,12:00,5,1.2,40.6,0.7,29.1,49.7,0.0,1007,15.9,5.3,9
28/02/2023,13:00,338,1.9,31.5,0.9,29.4,48.4,0.0,1007,13.7,4.8,8
28/02/2023,14:00,335,2.2,28.9,0.9,28.7,50.4,0.0,1006,14.7,4.5,7
28/02/2023,15:00,339,2.2,26.2,0.9,27.8,52.4,0.0,1006,10.9,3.9,5
28/02/2023,16:00,338,2.1,24.4,0.9,26.7,55.7,0.0,1005,12.0,3.1,4
28/02/2023,17:00,338,2.1,26.0,0.8,25.7,60.5,0.0,1006,9.1,2.8,3
28/02/2023,18:00,334,2.1,22.4,0.8,25.3,62.6,0.0,1006,9.0,2.9,4
28/02/2023,19:00,345,1.5,31.9,0.8,25.0,63.6,0.0,1007,8.2,2.9,4
28/02/2023,20:00,350,1.1,33.3,0.6,24.8,64.1,0.0,1007,8.8,2.9,3
28/02/2023,21:00,337,1.5,23.8,0.6,24.6,64.3,0.0,1007,6.3,2.6,3
28/02/2023,22:00,327,1.3,20.2,0.5,24.3,64.2,0.0,1007,8.0,2.2,3
28/02/2023,23:00,330,0.6,43.3,0.4,24.0,65.6,0.0,1007,8.9,2.6,3
01/03/2023,00:00,341,0.3,75.7,0.3,23.6,67.1,0.0,1006,9.2,2.6,3
01/03/2023,01:00,311,0.3,72.8,0.3,23.3,67.1,0.0,1006,7.1,2.4,2
01/03/2023,02:00,329,0.5,54.0,0.3,23.2,67.3,0.0,1005,7.6,2.2,2
01/03/2023,03:00,319,0.1,74.1,0.2,23.1,67.9,0.0,1005,7.1,2.4,3
01/03/2023,04:00,190,0.1,69.0,0.2,23.1,68.4,0.0,1005,8.7,2.5,3
01/03/2023,05:00,200,0.1,77.4,0.2,22.8,70.3,0.0,1005,7.5,2.4,4
01/03/2023,06:00,132,0.1,74.9,0.2,23.8,67.1,0.0,1006,9.2,2.9,5
01/03/2023,07:00,6,0.1,71.2,0.2,25.8,57.8,0.0,1006,9.7,3.0,4
01/03/2023,08:00,330,0.3,60.7,0.4,27.3,51.1,0.0,1006,11.1,2.8,3
01/03/2023,09:00,342,0.4,58.5,0.4,29.0,41.6,0.0,1005,10.8,2.9,3
01/03/2023,10:00,10,0.5,60.4,0.5,30.1,34.3,0.0,1005,11.0,4.2,6
01/03/2023,11:00,348,1.3,38.1,0.8,30.1,43.4,0.0,1004,16.8,4.9,8
01/03/2023,12:00,344,2.0,34.8,0.9,29.6,48.5,0.0,1003,15.5,4.3,6
01/03/2023,13:00,344,2.1,28.8,0.9,29.2,52.3,0.0,1002,15.1,4.0,6
01/03/2023,14:00,343,2.0,32.0,1.1,28.7,54.5,0.0,1002,17.3,4.0,6
01/03/2023,15:00,342,2.4,28.2,1.0,28.0,57.3,0.0,1001,16.3,4.1,5
01/03/2023,16:00,337,2.7,25.6,1.0,27.2,58.8,0.0,1001,11.6,3.6,4
01/03/2023,17:00,333,2.9,20.6,1.1,26.3,62.5,0.0,1001,11.7,3.7,5
01/03/2023,18:00,339,2.4,25.7,1.0,26.0,67.4,0.0,1002,11.8,4.1,6
01/03/2023,19:00,337,2.1,25.4,0.9,25.8,67.2,0.0,1002,12.8,4.5,7
01/03/2023,20:00,352,0.6,63.3,0.5,26.0,65.9,0.1,1004,11.5,4.4,8
01/03/2023,21:00,334,1.9,27.2,0.8,25.0,71.3,0.1,1004,12.2,4.1,7
01/03/2023,22:00,335,0.7,33.6,0.4,24.9,71.6,0.0,1005,12.0,4.0,6
01/03/2023,23:00,63,0.3,53.4,0.3,24.8,71.6,0.0,1005,10.2,3.9,6
02/03/2023,00:00,94,1.0,32.4,0.5,24.9,71.6,0.0,1005,10.9,4.0,6
02/03/2023,01:00,61,0.9,36.0,0.6,24.8,72.9,0.0,1004,12.6,4.4,5
02/03/2023,02:00,354,0.9,30.5,0.5,24.5,76.4,0.0,1004,14.4,4.9,7
02/03/2023,03:00,335,0.9,33.6,0.4,24.8,76.6,0.0,1004,17.6,5.1,7
02/03/2023,04:00,145,0.3,63.5,0.3,24.9,75.7,0.0,1004,15.1,4.8,6
02/03/2023,05:00,137,0.9,38.3,0.5,24.6,74.8,0.0,1005,13.8,4.7,8
02/03/2023,06:00,146,1.2,34.2,0.6,24.4,73.9,0.0,1006,12.5,5.0,10
02/03/2023,07:00,156,0.8,48.6,0.5,24.3,73.2,0.0,1006,15.2,5.7,13
02/03/2023,08:00,148,0.3,73.4,0.3,24.3,75.2,0.0,1007,17.5,6.1,14
02/03/2023,09:00,127,0.1,75.1,0.3,25.6,67.9,0.0,1007,15.9,6.1,13
02/03/2023,10:00,332,0.9,22.7,0.3,25.7,67.5,0.0,1007,18.8,6.2,14
02/03/2023,11:00,323,0.4,48.3,0.3,26.4,66.2,0.0,1007,19.6,6.8,17
02/03/2023,12:00,5,0.8,39.7,0.5,27.1,58.9,0.0,1006,17.6,7.1,16
02/03/2023,13:00,29,0.6,42.4,0.5,28.2,53.3,0.0,1006,16.0,7.1,16
02/03/2023,14:00,50,0.8,39.4,0.5,27.4,59.4,0.3,1005,16.3,6.8,15
02/03/2023,15:00,86,0.8,39.8,0.5,23.8,73.2,0.0,1005,11.9,6.2,14
02/03/2023,16:00,19,0.5,58.7,0.4,24.9,67.9,0.0,1005,11.3,5.9,13
02/03/2023,17:00,40,0.8,45.3,0.5,25.7,69.8,0.0,1005,14.7,6.2,15
02/03/2023,18:00,40,0.6,47.6,0.5,25.4,72.6,0.0,1006,14.5,6.5,16
02/03/2023,19:00,44,0.8,45.3,0.4,25.1,72.2,0.0,1006,13.3,5.7,13
02/03/2023,20:00,74,0.7,38.5,0.3,24.8,74.5,0.0,1007,13.2,5.6,12
02/03/2023,21:00,83,0.5,45.5,0.3,24.6,77.1,0.0,1007,14.5,5.7,12
02/03/2023,22:00,106,0.6,30.9,0.3,24.5,78.0,0.0,1007,14.0,5.9,12
02/03/2023,23:00,130,0.7,36.7,0.3,24.3,78.3,0.0,1007,14.4,6.4,13
03/03/2023,00:00,126,0.7,38.7,0.4,24.0,77.9,0.0,1006,14.8,6.5,15
03/03/2023,01:00,103,0.7,35.9,0.4,23.6,77.3,0.0,1006,12.7,5.6,9
03/03/2023,02:00,140,0.7,33.0,0.3,23.2,78.2,0.0,1006,11.4,4.9,9
03/03/2023,03:00,142,0.8,25.8,0.3,22.7,78.6,0.0,1006,12.5,5.0,9
03/03/2023,04:00,146,0.5,56.6,0.3,22.6,78.3,0.0,1007,10.9,4.8,9
03/03/2023,05:00,166,0.1,72.4,0.2,22.5,78.6,0.0,1007,11.6,5.1,11
03/03/2023,06:00,183,0.1,85.9,0.3,23.1,75.6,0.0,1008,13.5,5.6,13
03/03/2023,07:00,160,0.6,58.3,0.5,24.8,66.7,0.0,1009,15.0,5.8,14
03/03/2023,08:00,157,1.1,50.4,0.6,26.1,59.9,0.0,1009,16.8,6.1,13
03/03/2023,09:00,135,1.4,32.9,0.8,27.0,54.8,0.0,1009,15.4,5.7,11
03/03/2023,10:00,153,1.4,40.5,0.7,27.7,50.9,0.0,1009,17.0,5.6,11
03/03/2023,11:00,123,1.3,44.6,0.9,28.6,47.8,0.0,1008,16.8,5.5,10
03/03/2023,12:00,91,1.5,46.3,1.0,29.0,46.0,0.0,1008,19.2,5.2,8
03/03/2023,13:00,95,2.2,37.0,1.1,28.2,50.2,0.0,1007,17.8,5.0,7
03/03/2023,14:00,82,1.9,38.7,1.0,27.7,50.4,0.0,1007,14.7,4.7,6
03/03/2023,15:00,97,2.1,34.6,1.1,27.3,50.8,0.0,1007,16.1,4.7,6
03/03/2023,16:00,99,2.0,38.5,1.1,26.5,51.4,0.0,1008,16.4,5.0,8
03/03/2023,17:00,101,2.0,39.6,1.1,25.8,52.9,0.0,1008,17.7,5.3,9
03/03/2023,18:00,101,1.7,35.4,0.9,24.9,57.6,0.0,1009,16.6,5.5,9
03/03/2023,19:00,94,1.3,32.2,0.7,24.4,58.9,0.0,1010,15.3,5.6,9
03/03/2023,20:00,137,1.1,33.7,0.5,24.1,58.1,0.0,1010,15.0,5.4,8
03/03/2023,21:00,146,0.9,47.4,0.5,23.7,58.7,0.0,1010,15.4,5.2,8
03/03/2023,22:00,158,0.7,44.5,0.4,23.5,59.3,0.0,1010,16.0,5.1,8
03/03/2023,23:00,158,0.4,60.4,0.3,23.0,60.8,0.0,1009,13.2,5.0,8
04/03/2023,00:00,173,0.3,81.4,0.3,22.3,62.0,0.0,1009,12.5,4.9,8
04/03/2023,01:00,165,0.3,73.8,0.4,22.0,62.3,0.0,1008,12.7,5.0,7
04/03/2023,02:00,160,0.3,76.8,0.4,21.7,64.1,0.0,1008,13.7,5.3,8
04/03/2023,03:00,171,0.8,49.2,0.6,21.1,66.9,0.0,1008,12.4,5.3,9
04/03/2023,04:00,169,0.6,52.3,0.5,20.7,68.6,0.0,1008,13.5,5.6,10
04/03/2023,05:00,178,0.9,52.8,0.7,20.6,69.9,0.0,1008,13.0,5.0,9
04/03/2023,06:00,171,0.7,58.0,0.5,21.3,68.6,0.0,1009,12.1,4.9,9
04/03/2023,07:00,159,0.6,64.8,0.6,23.3,60.7,0.0,1009,12.1,4.7,8
04/03/2023,08:00,158,1.9,35.5,1.0,24.9,54.6,0.0,1010,14.1,4.4,6
04/03/2023,09:00,162,1.8,36.4,1.0,25.8,51.9,0.0,1010,11.4,4.0,4
04/03/2023,10:00,149,1.8,33.9,1.0,26.2,51.2,0.0,1009,13.1,4.1,4
04/03/2023,11:00,156,2.2,30.2,1.1,26.9,47.7,0.0,1009,11.8,3.9,4
04/03/2023,12:00,150,1.6,42.5,1.0,27.6,44.8,0.0,1008,9.9,3.8,3
04/03/2023,13:00,149,1.8,30.6,0.9,28.3,41.6,0.0,1007,11.7,4.2,4
04/03/2023,14:00,100,1.6,37.5,0.9,28.3,43.7,0.0,1006,15.6,5.0,6
04/03/2023,15:00,98,2.0,39.2,1.0,27.9,40.5,0.0,1007,18.9,5.1,5
04/03/2023,16:00,102,2.1,40.1,1.1,27.5,39.1,0.0,1007,14.5,4.3,4
04/03/2023,17:00,95,1.6,38.8,0.9,26.7,44.1,0.0,1008,14.3,5.0,6
04/03/2023,18:00,92,1.8,33.8,0.9,25.2,51.2,0.0,1008,17.7,5.7,9
04/03/2023,19:00,91,1.3,33.9,0.6,24.3,56.7,0.0,1009,18.3,6.3,11
04/03/2023,20:00,133,1.0,41.2,0.6,23.9,58.1,0.0,1010,17.2,6.2,10
04/03/2023,21:00,160,1.1,31.2,0.5,23.6,58.4,0.0,1010,16.2,5.6,8
04/03/2023,22:00,166,0.5,66.7,0.4,23.2,59.4,0.0,1010,16.2,5.3,8
04/03/2023,23:00,178,0.4,68.5,0.4,22.8,58.6,0.0,1009,12.8,5.0,7
05/03/2023,00:00,175,0.5,74.3,0.4,22.4,60.7,0.0,1009,14.0,5.5,8
05/03/2023,01:00,174,0.5,64.9,0.5,22.0,62.3,0.0,1008,13.9,5.6,7
05/03/2023,02:00,169,0.5,66.4,0.4,21.7,64.6,0.0,1008,14.4,5.3,7
05/03/2023,03:00,168,0.3,72.1,0.3,21.4,66.0,0.0,1008,13.1,5.0,7
05/03/2023,04:00,167,0.3,82.4,0.4,21.0,68.1,0.0,1008,12.9,4.9,7
05/03/2023,05:00,150,0.2,84.2,0.3,20.7,69.1,0.0,1009,12.3,4.7,6
05/03/2023,06:00,164,0.4,68.3,0.4,21.3,66.5,0.0,1009,12.5,4.6,6
05/03/2023,07:00,144,0.3,80.0,0.4,23.3,59.5,0.0,1010,11.5,4.5,6
05/03/2023,08:00,157,0.8,48.7,0.5,24.7,55.8,0.0,1010,12.6,4.7,6
05/03/2023,09:00,102,0.8,41.8,0.6,26.2,51.5,0.0,1010,13.4,4.9,6
05/03/2023,10:00,83,0.7,59.4,0.6,27.4,46.0,0.0,1009,12.3,4.5,5
05/03/2023,11:00,23,0.9,42.4,0.6,27.8,44.8,0.0,1009,12.7,4.5,5
05/03/2023,12:00,31,0.9,56.7,0.7,28.5,41.9,0.0,1008,12.0,4.4,5
05/03/2023,13:00,51,1.0,43.4,0.7,28.6,41.7,0.0,1007,12.3,4.5,5
05/03/2023,14:00,12,1.3,41.9,0.8,28.6,43.0,0.0,1007,12.8,4.5,5
05/03/2023,15:00,4,1.6,33.6,0.8,28.1,43.4,0.0,1007,12.5,4.2,4
05/03/2023,16:00,27,1.2,39.0,0.7,27.3,49.9,0.0,1007,13.6,4.6,5
05/03/2023,17:00,29,0.9,45.5,0.6,26.4,55.6,0.0,1008,14.4,4.8,7
05/03/2023,18:00,48,1.0,38.0,0.5,25.5,59.5,0.0,1008,15.6,5.1,8
05/03/2023,19:00,52,0.9,34.5,0.4,24.9,61.4,0.0,1009,14.3,5.3,9
05/03/2023,20:00,50,0.6,44.6,0.3,24.6,62.6,0.0,1009,14.5,5.2,9
05/03/2023,21:00,71,0.6,28.3,0.2,24.2,64.3,0.0,1009,13.9,5.1,8
05/03/2023,22:00,68,0.5,32.5,0.2,24.1,65.7,0.0,1009,15.9,5.4,9
05/03/2023,23:00,87,0.5,30.2,0.2,24.1,66.9,0.0,1009,16.8,5.7,9
06/03/2023,00:00,128,0.4,26.8,0.2,23.7,68.6,0.0,1009,17.2,5.8,10
06/03/2023,01:00,153,0.1,67.5,0.3,22.8,71.8,0.0,1009,15.1,5.6,8
06/03/2023,02:00,266,0.1,74.9,0.2,22.5,71.0,0.0,1008,14.5,5.4,9
06/03/2023,03:00,153,0.2,88.7,0.2,22.1,72.3,0.0,1008,15.1,5.7,11
06/03/2023,04:00,177,0.1,71.8,0.2,21.6,75.0,0.0,1008,13.8,5.6,11
06/03/2023,05:00,164,0.1,76.6,0.2,21.4,74.4,0.0,1009,14.4,5.5,10
06/03/2023,06:00,160,0.7,39.7,0.4,21.8,71.3,0.0,1009,14.4,5.4,10
06/03/2023,07:00,152,0.8,35.8,0.4,23.6,65.0,0.0,1009,17.8,5.9,11
06/03/2023,08:00,154,0.2,45.7,0.5,25.2,59.9,0.0,1010,19.5,6.3,12
06/03/2023,09:00,340,0.5,65.8,0.5,26.9,52.3,0.0,1010,16.2,5.8,9
06/03/2023,10:00,350,1.2,47.1,0.7,28.5,44.8,0.0,1009,16.1,5.6,7
06/03/2023,11:00,355,1.2,41.4,0.8,28.7,45.4,0.0,1008,16.4,5.6,8
06/03/2023,12:00,355,1.6,38.1,0.9,28.9,47.3,0.0,1008,18.5,5.9,9
06/03/2023,13:00,348,1.6,39.3,1.0,28.9,47.4,0.0,1007,20.5,5.8,8
06/03/2023,14:00,343,2.0,31.0,0.9,28.8,46.6,0.0,1006,19.0,5.6,8
06/03/2023,15:00,347,2.1,28.2,1.0,28.3,46.6,0.0,1006,19.2,5.2,7
06/03/2023,16:00,337,2.4,24.7,0.9,27.4,47.9,0.0,1006,14.7,4.7,6
06/03/2023,17:00,333,2.6,21.4,1.0,26.3,54.1,0.0,1007,12.4,4.6,7
06/03/2023,18:00,330,2.6,22.2,1.0,25.5,61.0,0.0,1007,12.9,5.1,8
06/03/2023,19:00,335,1.6,25.1,0.7,25.3,64.3,0.0,1008,15.2,5.6,10
06/03/2023,20:00,341,1.3,25.1,0.6,24.9,66.7,0.0,1008,12.9,5.2,9
06/03/2023,21:00,328,1.2,26.1,0.6,24.6,67.4,0.0,1009,15.5,5.3,9
06/03/2023,22:00,321,1.5,30.8,0.7,24.3,67.8,0.0,1009,15.9,5.3,9
06/03/2023,23:00,326,1.6,29.6,0.7,23.8,68.8,0.0,1009,15.7,5.4,10
07/03/2023,00:00,1,0.3,75.3,0.3,23.6,69.6,0.0,1009,13.9,5.4,9
07/03/2023,01:00,79,0.1,81.0,0.2,23.3,70.4,0.0,1008,13.8,5.1,6
07/03/2023,02:00,316,0.3,64.8,0.3,23.2,69.7,0.0,1008,14.2,4.9,7
07/03/2023,03:00,320,0.7,43.5,0.4,23.0,69.9,0.0,1008,12.8,4.7,7
07/03/2023,04:00,318,0.6,42.8,0.3,22.9,69.9,0.0,1008,13.7,5.0,8
07/03/2023,05:00,320,0.0,80.2,0.2,22.7,71.3,0.0,1008,13.5,5.3,10
07/03/2023,06:00,145,0.2,60.3,0.2,23.6,69.2,0.0,1009,14.1,5.4,11
07/03/2023,07:00,142,0.1,92.8,0.2,26.2,57.6,0.0,1009,17.0,6.0,11
07/03/2023,08:00,342,0.2,67.2,0.3,27.9,50.5,0.0,1009,17.7,6.3,11
07/03/2023,09:00,348,0.3,73.8,0.4,29.1,44.2,0.0,1009,17.1,6.1,9
07/03/2023,10:00,341,0.7,52.6,0.5,29.9,39.1,0.0,1008,15.4,5.8,8
07/03/2023,11:00,15,0.4,52.2,0.5,31.1,36.2,0.0,1007,17.4,5.9,8
07/03/2023,12:00,346,1.6,38.6,0.9,30.6,43.9,0.0,1006,21.3,6.7,11
07/03/2023,13:00,333,2.5,23.3,0.9,29.3,48.3,0.0,1006,21.9,6.3,10
07/03/2023,14:00,340,2.3,24.9,0.9,29.2,49.4,0.0,1005,21.2,6.4,10
07/03/2023,15:00,344,2.0,30.0,0.9,28.6,53.8,0.0,1005,19.0,6.1,10
07/03/2023,16:00,335,2.3,21.5,0.8,27.5,61.5,0.0,1005,18.7,6.4,12
07/03/2023,17:00,330,2.4,22.9,1.0,27.1,63.7,0.0,1005,19.0,6.6,13
07/03/2023,18:00,336,1.9,23.2,0.9,26.7,65.5,0.0,1006,18.3,6.6,13
07/03/2023,19:00,331,2.0,24.5,0.8,26.4,68.8,0.0,1006,17.9,6.7,14
07/03/2023,20:00,335,1.8,23.8,0.7,26.2,69.6,0.0,1006,20.6,7.1,14
07/03/2023,21:00,333,1.5,23.2,0.7,26.0,70.8,0.0,1006,19.3,6.6,12
07/03/2023,22:00,331,1.4,26.4,0.6,25.9,70.9,0.0,1006,19.0,6.4,12
07/03/2023,23:00,339,1.2,28.2,0.6,25.8,71.3,0.0,1006,17.4,6.2,11
08/03/2023,00:00,333,0.9,32.0,0.4,25.5,71.1,0.0,1006,16.7,6.1,11
08/03/2023,01:00,333,1.1,24.9,0.5,25.4,69.7,0.0,1005,16.1,6.0,8
08/03/2023,02:00,322,1.4,25.1,0.6,25.1,68.0,0.0,1005,16.5,6.2,11
08/03/2023,03:00,328,1.2,28.3,0.5,24.8,68.6,0.0,1004,15.5,5.9,11
08/03/2023,04:00,322,1.4,22.4,0.5,24.6,69.1,0.0,1005,16.3,6.1,12
08/03/2023,05:00,331,0.8,37.1,0.4,24.7,69.3,0.0,1006,15.0,6.0,12
08/03/2023,06:00,326,0.9,39.6,0.4,24.7,69.0,0.0,1006,19.5,6.6,14
08/03/2023,07:00,325,0.6,46.7,0.4,25.8,64.3,0.0,1006,21.7,7.0,15
08/03/2023,08:00,297,0.0,84.2,0.3,27.2,58.2,0.0,1007,19.4,6.4,13
08/03/2023,09:00,314,0.1,96.9,0.2,28.4,52.4,0.0,1006,17.7,6.4,13
08/03/2023,10:00,108,0.3,52.9,0.3,28.3,51.6,0.0,1006,18.1,6.3,12
08/03/2023,11:00,84,0.3,60.4,0.3,29.2,49.6,0.0,1005,18.3,6.4,12
08/03/2023,12:00,4,0.4,34.6,0.4,29.7,49.2,0.0,1004,22.8,6.8,13
08/03/2023,13:00,20,0.7,32.7,0.4,29.7,52.6,0.0,1004,26.4,7.7,14
08/03/2023,14:00,10,0.8,38.3,0.5,29.8,53.8,0.0,1004,23.0,7.4,15
08/03/2023,15:00,349,1.3,33.1,0.7,29.1,60.3,0.0,1003,24.1,7.6,15
08/03/2023,16:00,338,1.7,23.3,0.6,28.1,65.6,0.0,1003,23.0,7.7,15
08/03/2023,17:00,335,1.6,21.3,0.6,27.4,70.8,0.0,1004,21.2,8.0,15
08/03/2023,18:00,335,1.4,23.2,0.6,27.2,71.9,0.0,1004,20.2,7.7,15
08/03/2023,19:00,333,1.4,18.4,0.6,26.9,73.2,0.0,1004,20.9,8.1,16
08/03/2023,20:00,330,1.6,14.2,0.5,26.8,71.4,0.0,1005,20.4,7.9,15
08/03/2023,21:00,321,1.7,15.3,0.6,26.6,71.0,0.0,1005,22.1,7.8,14
08/03/2023,22:00,318,1.4,20.9,0.6,26.4,72.1,0.0,1005,23.8,8.0,14
08/03/2023,23:00,330,1.1,33.6,0.6,26.4,73.2,0.0,1004,24.8,7.9,14
09/03/2023,00:00,337,0.6,49.8,0.4,26.2,74.0,0.0,1004,24.0,8.0,14
09/03/2023,01:00,332,0.9,34.1,0.4,26.0,75.5,0.0,1004,22.1,8.5,16
09/03/2023,02:00,331,0.4,56.2,0.4,25.8,76.3,0.0,1004,21.5,8.8,19
09/03/2023,03:00,37,0.1,45.7,0.2,25.7,76.2,0.0,1004,23.6,9.1,21
09/03/2023,04:00,327,0.5,35.0,0.2,25.5,76.8,0.0,1004,22.7,9.0,20
09/03/2023,05:00,323,0.2,49.8,0.1,25.3,77.1,0.0,1005,20.1,8.7,20
09/03/2023,06:00,63,0.2,47.2,0.2,25.5,77.1,0.0,1006,21.2,8.4,19
09/03/2023,07:00,59,0.6,31.1,0.3,26.5,74.5,0.0,1006,24.4,9.7,23
09/03/2023,08:00,76,0.3,51.4,0.3,27.7,67.1,0.0,1006,30.1,10.7,24
09/03/2023,09:00,148,0.7,52.2,0.4,28.8,57.7,0.0,1006,25.5,9.1,21
09/03/2023,10:00,120,0.2,82.3,0.3,29.6,48.7,0.0,1006,18.0,7.2,15
09/03/2023,11:00,41,0.2,80.3,0.3,29.6,47.2,0.0,1006,15.9,6.9,14
09/03/2023,12:00,149,0.2,94.7,0.4,29.1,49.8,0.0,1006,17.1,7.0,15
09/03/2023,13:00,14,0.1,88.9,0.3,28.2,55.5,0.0,1006,17.1,6.7,15
09/03/2023,14:00,317,0.4,73.7,0.4,27.9,53.8,0.0,1006,16.4,6.4,14
09/03/2023,15:00,309,0.2,73.5,0.2,28.6,46.2,0.0,1005,13.3,4.7,8
09/03/2023,16:00,314,0.2,62.2,0.2,28.4,45.7,0.0,1005,12.5,4.6,8
09/03/2023,17:00,313,0.2,65.6,0.2,27.8,48.9,0.0,1006,13.0,5.2,10
09/03/2023,18:00,320,0.3,48.1,0.2,27.3,51.2,0.0,1006,12.2,5.6,11
09/03/2023,19:00,120,0.3,59.6,0.2,26.5,57.3,0.0,1007,15.7,7.2,18
09/03/2023,20:00,315,0.2,61.9,0.2,26.3,57.8,0.0,1007,14.9,6.6,15
09/03/2023,21:00,92,0.1,55.5,0.2,26.2,59.4,0.0,1008,14.0,5.8,13
09/03/2023,22:00,178,0.1,59.9,0.2,25.6,63.3,0.0,1007,13.3,5.8,13
09/03/2023,23:00,42,0.3,43.6,0.2,25.1,67.7,0.0,1008,13.4,5.6,13
10/03/2023,00:00,339,0.9,24.7,0.3,24.8,70.0,0.0,1008,13.3,6.1,14
10/03/2023,01:00,29,0.0,53.0,0.4,24.9,67.4,0.0,1008,13.8,5.9,13
10/03/2023,02:00,14,0.5,33.7,0.3,24.6,70.0,0.1,1008,12.7,5.8,12
10/03/2023,03:00,59,0.1,54.1,0.2,23.7,75.8,0.4,1009,12.3,5.5,11
10/03/2023,04:00,191,0.2,64.7,0.2,22.9,80.3,0.0,1009,12.4,5.8,12
10/03/2023,05:00,212,0.0,83.2,0.2,22.7,82.5,0.0,1009,14.5,6.6,16
10/03/2023,06:00,161,0.3,60.5,0.3,22.8,82.0,0.0,1010,12.9,6.3,16
10/03/2023,07:00,177,0.1,81.0,0.2,23.4,78.2,0.0,1011,13.5,6.0,14
10/03/2023,08:00,157,0.5,49.3,0.3,24.9,70.9,0.0,1011,16.3,7.0,17
10/03/2023,09:00,119,0.7,48.8,0.5,26.8,65.2,0.0,1011,26.5,14.2,40
10/03/2023,10:00,4,0.9,35.7,0.5,28.0,60.8,0.0,1011,29.8,18.6,52
10/03/2023,11:00,357,0.9,38.7,0.7,28.5,59.6,0.0,1010,29.6,17.2,47
10/03/2023,12:00,70,1.3,36.4,0.7,28.2,56.0,0.0,1010,29.2,16.0,42
10/03/2023,13:00,78,1.3,36.4,0.7,27.6,58.5,0.0,1010,28.1,15.2,38
10/03/2023,14:00,53,1.0,43.1,0.6,26.7,65.7,0.1,1010,25.4,10.1,23
10/03/2023,15:00,77,1.1,36.1,0.6,25.4,74.1,0.0,1010,21.9,8.7,18
10/03/2023,16:00,54,0.8,44.1,0.4,25.0,74.8,0.0,1010,16.6,8.7,21
10/03/2023,17:00,54,0.7,31.2,0.3,24.2,78.6,0.0,1011,14.6,7.5,17
10/03/2023,18:00,50,0.5,38.5,0.3,23.8,80.1,0.0,1011,13.3,6.7,15
10/03/2023,19:00,106,0.5,33.8,0.2,23.7,81.0,0.0,1011,13.8,6.7,16
10/03/2023,20:00,7,0.4,32.7,0.2,23.6,80.3,0.0,1012,11.6,5.9,12
10/03/2023,21:00,131,0.6,31.2,0.2,23.6,81.8,0.0,1012,12.2,6.1,13
10/03/2023,22:00,162,0.4,56.8,0.3,23.4,83.4,0.0,1011,14.4,7.1,16
10/03/2023,23:00,165,0.1,75.4,0.2,23.3,84.9,0.0,1011,15.8,7.6,18
11/03/2023,00:00,136,0.4,55.3,0.2,23.1,85.3,0.0,1011,16.1,8.2,19
11/03/2023,01:00,197,0.1,64.3,0.2,23.0,86.1,0.0,1010,16.8,8.8,20
11/03/2023,02:00,158,0.2,58.2,0.2,22.9,86.6,0.0,1010,18.0,9.2,23
11/03/2023,03:00,165,0.1,88.2,0.3,22.8,86.4,0.0,1010,18.9,9.7,26
11/03/2023,04:00,166,0.3,75.5,0.3,22.7,85.6,0.0,1010,20.1,10.6,28
11/03/2023,05:00,172,0.4,65.6,0.3,22.6,85.5,0.0,1010,19.8,11.0,29
11/03/2023,06:00,156,0.3,73.3,0.2,22.7,84.5,0.0,1011,20.8,11.6,33
11/03/2023,07:00,155,0.2,76.8,0.3,23.5,81.9,0.0,1011,21.0,11.3,29
11/03/2023,08:00,150,0.3,63.7,0.3,24.6,78.1,0.0,1011,18.4,9.6,24
11/03/2023,09:00,237,0.1,72.0,0.3,25.4,76.1,0.0,1011,18.6,9.2,22
11/03/2023,10:00,42,0.3,61.4,0.3,27.4,65.8,0.0,1010,16.6,7.1,16
11/03/2023,11:00,5,0.9,38.4,0.6,28.0,60.2,0.0,1010,9.5,3.9,6
11/03/2023,12:00,350,1.3,31.1,0.7,27.8,63.0,0.0,1009,10.3,3.9,6
11/03/2023,13:00,341,1.4,29.8,0.7,27.6,62.7,0.0,1009,9.6,3.9,6
11/03/2023,14:00,346,1.0,32.8,0.6,26.8,68.5,0.0,1008,9.2,3.9,6
11/03/2023,15:00,343,1.2,25.6,0.6,26.2,74.5,0.0,1008,9.9,4.1,6
11/03/2023,16:00,334,1.2,24.6,0.6,25.6,77.2,0.1,1008,8.9,4.1,7
11/03/2023,17:00,330,1.3,25.1,0.6,24.9,81.5,0.0,1008,8.1,3.9,7
11/03/2023,18:00,332,0.9,37.8,0.5,24.6,82.6,0.1,1008,8.2,4.2,9
11/03/2023,19:00,328,0.3,63.8,0.2,24.3,83.5,0.0,1009,8.8,4.2,9
11/03/2023,20:00,327,0.1,80.3,0.1,24.2,83.2,0.0,1009,9.1,4.6,11
11/03/2023,21:00,277,0.1,70.6,0.2,24.2,84.5,0.1,1010,11.8,5.4,12
11/03/2023,22:00,37,0.3,53.7,0.2,24.1,86.5,0.0,1008,11.7,4.9,10
11/03/2023,23:00,119,0.3,51.2,0.2,23.8,86.8,0.0,1008,10.4,4.0,7
12/03/2023,00:00,153,0.7,34.9,0.3,23.7,87.1,0.0,1008,10.1,4.4,8
12/03/2023,01:00,318,0.1,59.9,0.1,23.7,87.1,0.0,1007,10.4,4.9,10
12/03/2023,02:00,165,0.1,89.9,0.2,23.7,87.2,0.0,1006,11.5,4.8,12
12/03/2023,03:00,173,0.0,93.1,0.2,23.6,87.3,0.0,1006,6.6,3.7,7
12/03/2023,04:00,296,0.1,65.5,0.2,23.3,87.2,0.0,1006,7.6,3.8,8
12/03/2023,05:00,173,0.3,59.9,0.3,23.2,87.3,0.0,1006,6.3,3.1,6
12/03/2023,06:00,162,0.3,68.3,0.2,23.4,86.9,0.0,1007,7.2,3.4,6
12/03/2023,07:00,137,0.2,71.0,0.2,24.1,83.7,0.0,1007,7.6,3.3,6
12/03/2023,08:00,47,0.2,55.5,0.2,25.3,78.1,0.0,1007,9.1,4.6,11
12/03/2023,09:00,18,0.5,56.4,0.4,27.0,71.8,0.0,1007,7.5,3.9,9
12/03/2023,10:00,54,0.4,56.3,0.3,28.2,67.5,0.0,1006,7.1,3.4,6
12/03/2023,11:00,37,0.5,50.6,0.4,28.6,67.0,0.0,1005,6.7,3.5,6
12/03/2023,12:00,32,0.6,41.2,0.4,28.9,67.2,0.0,1004,7.7,3.8,7
12/03/2023,13:00,24,0.9,37.7,0.5,29.3,66.6,0.0,1003,10.7,4.3,9
12/03/2023,14:00,132,0.7,45.7,0.7,25.9,77.8,9.1,1004,13.2,5.0,8
12/03/2023,15:00,140,0.4,36.3,0.5,22.4,86.5,9.9,1004,9.9,3.7,4
12/03/2023,16:00,131,0.2,50.3,0.3,22.8,87.0,0.2,1003,10.5,4.2,7
12/03/2023,17:00,360,0.7,42.1,0.4,23.3,87.2,0.0,1003,11.0,4.3,9
12/03/2023,18:00,42,0.5,38.0,0.3,23.4,87.2,0.0,1003,10.2,4.2,7
12/03/2023,19:00,80,0.7,27.7,0.2,23.5,87.2,0.0,1004,14.3,5.2,11
12/03/2023,20:00,352,0.4,46.3,0.3,23.8,86.9,0.0,1005,15.2,5.5,12
12/03/2023,21:00,337,0.2,64.8,0.3,23.8,85.7,0.0,1005,11.0,4.5,9
12/03/2023,22:00,286,0.1,70.2,0.2,23.6,86.3,0.0,1005,10.8,4.4,8
12/03/2023,23:00,247,0.0,67.7,0.2,23.5,86.5,0.0,1004,10.6,4.5,9
13/03/2023,00:00,167,0.5,58.0,0.4,23.5,86.6,0.0,1004,14.7,5.4,11
13/03/2023,01:00,167,0.6,51.5,0.4,23.2,86.8,0.0,1004,16.8,7.6,23
13/03/2023,02:00,168,0.5,56.4,0.4,23.0,86.1,0.0,1004,15.2,6.1,18
13/03/2023,03:00,167,0.2,80.7,0.3,23.2,85.0,0.0,1004,13.8,5.4,13
13/03/2023,04:00,175,0.5,67.2,0.3,23.1,83.1,0.0,1005,12.1,4.8,10
13/03/2023,05:00,167,0.2,76.3,0.2,23.3,84.7,0.0,1005,15.0,5.4,13
13/03/2023,06:00,144,0.1,91.1,0.2,23.5,84.6,0.0,1006,13.0,5.4,14
13/03/2023,07:00,160,0.6,57.0,0.4,24.1,79.7,0.0,1006,13.8,6.3,18
13/03/2023,08:00,154,0.7,46.8,0.4,25.2,73.3,0.0,1007,17.5,8.2,25
13/03/2023,09:00,152,0.8,42.0,0.4,25.9,69.2,0.0,1007,18.7,8.1,25
13/03/2023,10:00,149,0.3,60.6,0.3,27.4,63.5,0.0,1007,18.4,8.7,28
13/03/2023,11:00,157,0.3,76.5,0.4,29.1,56.0,0.0,1007,15.3,7.3,22
13/03/2023,12:00,157,1.1,48.7,0.7,29.8,49.7,0.0,1006,11.0,4.0,7
13/03/2023,13:00,134,0.6,41.3,0.7,30.4,49.0,0.0,1005,12.9,4.7,11
13/03/2023,14:00,9,1.0,36.7,0.6,29.3,58.9,0.0,1004,15.9,6.9,22
13/03/2023,15:00,352,1.6,28.3,0.7,29.4,58.5,0.0,1004,15.7,5.8,13
13/03/2023,16:00,355,1.3,33.7,0.7,28.6,61.8,0.0,1005,15.9,5.8,11
13/03/2023,17:00,9,0.8,41.4,0.5,28.1,63.7,0.0,1006,14.7,5.5,10
13/03/2023,18:00,50,0.7,37.4,0.4,27.2,65.9,0.0,1007,15.9,5.3,10
13/03/2023,19:00,91,0.6,41.5,0.3,26.6,68.0,0.0,1008,14.5,5.5,10
13/03/2023,20:00,146,1.2,26.5,0.5,26.3,66.5,0.0,1008,14.3,5.0,9
13/03/2023,21:00,144,1.0,32.5,0.5,25.6,66.8,0.0,1009,12.2,4.3,7
13/03/2023,22:00,174,0.6,55.3,0.5,24.8,68.1,0.0,1009,11.0,4.3,7
13/03/2023,23:00,157,0.4,67.1,0.4,24.2,68.1,0.0,1009,10.4,3.7,5
14/03/2023,00:00,174,0.6,55.0,0.5,23.9,67.8,0.0,1009,10.9,3.9,5
14/03/2023,01:00,173,0.4,62.8,0.4,23.5,69.3,0.0,1008,11.2,4.3,5
14/03/2023,02:00,171,0.3,78.7,0.4,23.4,70.7,0.0,1008,12.2,4.1,5
14/03/2023,03:00,168,0.3,75.1,0.3,23.1,71.9,0.0,1008,12.1,4.0,6
14/03/2023,04:00,171,0.5,56.0,0.4,22.9,72.9,0.0,1009,11.4,4.3,6
14/03/2023,05:00,169,0.3,86.0,0.3,22.6,73.8,0.0,1009,12.1,4.3,6
14/03/2023,06:00,158,0.4,72.0,0.3,23.1,72.2,0.0,1009,13.4,4.6,7
14/03/2023,07:00,161,0.5,69.5,0.5,25.0,63.9,0.0,1010,14.0,4.8,8
14/03/2023,08:00,158,0.6,61.6,0.5,26.5,57.6,0.0,1010,16.1,5.3,9
14/03/2023,09:00,136,0.7,48.5,0.4,27.8,52.4,0.0,1010,14.4,4.8,7
14/03/2023,10:00,145,0.9,43.4,0.6,28.4,49.5,0.0,1010,11.8,4.6,7
14/03/2023,11:00,357,0.2,51.6,0.5,30.2,44.6,0.0,1010,13.3,4.7,7
14/03/2023,12:00,71,0.4,47.8,0.4,30.3,44.9,0.0,1009,12.6,4.9,8
14/03/2023,13:00,354,1.0,34.8,0.6,30.2,48.4,0.0,1008,18.1,5.4,9
14/03/2023,14:00,349,1.6,33.1,0.8,30.0,51.0,0.0,1008,19.1,5.9,10
14/03/2023,15:00,344,1.5,33.9,0.8,29.3,52.2,0.0,1008,18.2,5.7,9
14/03/2023,16:00,3,1.3,37.4,0.7,28.6,54.1,0.0,1008,15.9,5.5,9
14/03/2023,17:00,30,0.9,41.3,0.6,27.6,57.9,0.0,1008,16.8,5.6,10
14/03/2023,18:00,17,0.9,40.2,0.5,26.6,62.1,0.0,1009,17.6,6.3,11
14/03/2023,19:00,11,0.7,48.8,0.5,26.0,64.8,0.0,1010,19.2,6.3,10
14/03/2023,20:00,33,0.6,48.4,0.4,25.8,67.4,0.0,1010,18.2,6.0,10
14/03/2023,21:00,65,0.7,31.8,0.3,25.5,70.4,0.0,1011,17.5,5.9,10
14/03/2023,22:00,76,0.7,37.3,0.3,25.3,73.2,0.0,1011,17.1,5.7,9
14/03/2023,23:00,57,0.6,36.4,0.3,25.1,73.9,0.0,1011,15.3,5.8,9
15/03/2023,00:00,90,0.4,49.3,0.2,24.6,76.7,0.0,1010,15.4,5.7,10
15/03/2023,01:00,154,0.6,49.6,0.3,24.2,78.5,0.0,1010,16.7,6.3,9
15/03/2023,02:00,183,0.1,80.2,0.2,23.8,79.8,0.0,1009,15.4,6.2,11
15/03/2023,03:00,322,0.5,26.2,0.3,23.8,80.0,0.0,1008,17.1,6.1,11
15/03/2023,04:00,302,0.1,71.6,0.2,23.6,79.6,0.0,1008,15.1,5.8,11
15/03/2023,05:00,155,0.4,59.2,0.3,23.3,81.1,0.0,1009,15.3,5.8,12
15/03/2023,06:00,165,0.5,63.4,0.5,23.3,80.9,0.0,1010,18.1,6.9,16
15/03/2023,07:00,139,0.4,77.2,0.4,24.7,72.6,0.0,1010,20.0,7.1,13
15/03/2023,08:00,35,0.4,44.0,0.4,26.2,66.1,0.0,1011,18.6,6.9,14
15/03/2023,09:00,326,0.4,50.3,0.5,28.2,57.3,0.0,1011,17.7,6.4,13
15/03/2023,10:00,314,1.0,55.0,0.7,29.3,52.0,0.0,1010,16.4,6.2,11
15/03/2023,11:00,351,0.8,54.9,0.7,30.7,49.1,0.0,1009,16.1,6.0,11
15/03/2023,12:00,359,1.3,39.5,0.7,30.3,53.6,0.0,1008,17.2,6.3,11
15/03/2023,13:00,345,1.3,34.2,0.7,28.8,59.9,0.0,1008,18.4,6.3,13
15/03/2023,14:00,333,2.2,23.9,0.8,28.7,60.1,0.0,1007,15.9,5.9,11
15/03/2023,15:00,355,1.4,36.5,0.8,29.3,56.9,0.0,1006,17.5,6.2,12
15/03/2023,16:00,335,2.1,24.2,0.8,28.4,60.7,0.0,1006,16.9,5.6,10
15/03/2023,17:00,335,1.9,28.3,0.8,27.1,69.7,0.0,1007,13.8,5.2,9
15/03/2023,18:00,344,0.8,41.2,0.5,26.7,73.2,0.0,1008,13.1,5.3,9
15/03/2023,19:00,330,1.4,29.8,0.6,26.6,72.1,0.0,1008,14.1,5.8,11
15/03/2023,20:00,342,0.9,36.0,0.5,26.6,72.3,0.0,1009,13.8,5.4,9
15/03/2023,21:00,342,1.1,30.5,0.5,26.4,74.2,0.0,1009,12.7,5.0,8
15/03/2023,22:00,328,1.1,31.0,0.5,26.0,76.2,0.0,1009,13.9,5.3,8
15/03/2023,23:00,334,0.9,33.1,0.4,25.7,75.9,0.0,1009,13.2,5.5,9
16/03/2023,00:00,323,0.2,67.6,0.2,25.9,74.2,0.0,1009,12.5,5.4,9
16/03/2023,01:00,146,0.2,53.3,0.2,25.0,80.5,0.0,1008,13.3,5.0,7
16/03/2023,02:00,139,0.4,40.7,0.2,24.5,83.5,0.0,1008,14.7,5.2,9
16/03/2023,03:00,151,0.5,55.2,0.3,24.0,84.4,0.0,1008,15.6,5.7,12
16/03/2023,04:00,156,0.4,61.5,0.3,23.4,83.9,0.0,1008,17.3,6.5,14
16/03/2023,05:00,165,0.3,67.8,0.3,23.2,83.5,0.0,1009,18.0,6.7,16
16/03/2023,06:00,154,0.5,50.7,0.3,23.8,80.3,0.0,1009,18.8,6.6,15
16/03/2023,07:00,134,0.1,79.1,0.3,26.0,69.4,0.0,1010,15.9,6.3,14
16/03/2023,08:00,142,0.7,38.1,0.3,26.6,67.2,0.0,1010,17.2,6.5,14
16/03/2023,09:00,145,0.5,62.6,0.3,28.8,59.5,0.0,1010,17.9,6.8,16
16/03/2023,10:00,135,0.5,66.6,0.4,30.3,55.6,0.0,1009,15.9,6.8,16
16/03/2023,11:00,158,0.9,57.2,0.6,31.5,52.2,0.0,1008,15.4,6.6,17
16/03/2023,12:00,155,1.3,37.5,0.7,32.1,49.1,0.0,1007,13.5,6.7,18
16/03/2023,13:00,342,0.6,45.4,0.7,32.7,48.2,0.0,1006,21.0,8.2,23
16/03/2023,14:00,343,1.4,33.3,0.7,32.8,50.1,0.0,1006,30.0,9.4,28
16/03/2023,15:00,337,2.0,25.5,0.9,32.0,53.5,0.0,1006,27.3,9.2,28
16/03/2023,16:00,338,2.1,26.4,0.9,30.3,62.2,0.0,1006,17.8,6.6,18
16/03/2023,17:00,341,1.9,24.5,0.8,28.3,70.9,0.0,1007,13.3,5.1,10
16/03/2023,18:00,355,1.2,36.0,0.6,27.8,74.4,0.0,1008,11.4,4.8,9
16/03/2023,19:00,340,1.4,31.4,0.7,27.2,79.5,0.0,1008,10.6,4.7,9
16/03/2023,20:00,343,1.2,32.3,0.6,27.1,78.6,0.0,1009,11.3,4.8,9
16/03/2023,21:00,337,1.4,24.6,0.6,26.9,79.6,0.0,1010,10.8,4.7,8
16/03/2023,22:00,333,1.2,30.2,0.5,26.7,80.2,0.0,1010,11.2,4.5,8
16/03/2023,23:00,335,0.9,35.3,0.5,26.5,79.5,0.0,1010,10.5,4.2,6
17/03/2023,00:00,336,1.0,37.3,0.5,26.4,79.3,0.0,1009,10.1,4.1,6
17/03/2023,01:00,327,1.2,18.1,0.5,26.0,78.6,0.0,1009,10.4,4.2,6
17/03/2023,02:00,327,0.3,57.8,0.2,25.6,80.0,0.0,1009,10.7,4.6,8
17/03/2023,03:00,145,0.1,76.2,0.2,25.2,83.1,0.0,1009,12.4,5.2,10
17/03/2023,04:00,146,0.2,75.2,0.3,24.8,84.3,0.0,1009,11.1,5.2,11
17/03/2023,05:00,159,0.2,86.4,0.3,24.7,85.3,0.0,1010,11.3,6.4,22
17/03/2023,06:00,172,0.2,88.6,0.3,25.1,83.7,0.0,1010,12.5,7.1,25
17/03/2023,07:00,148,0.2,85.6,0.3,26.8,75.7,0.0,1010,14.5,8.0,26
17/03/2023,08:00,149,0.3,79.5,0.3,28.9,65.2,0.0,1011,15.3,8.3,26
17/03/2023,09:00,154,0.4,76.3,0.4,30.3,59.2,0.0,1011,17.4,8.5,28
17/03/2023,10:00,160,0.8,65.8,0.5,30.9,56.9,0.0,1011,19.4,10.9,42
17/03/2023,11:00,162,0.8,50.4,0.5,32.4,49.6,0.0,1010,21.9,12.6,44
17/03/2023,12:00,146,0.6,52.8,0.5,33.9,39.6,0.0,1009,20.8,11.1,35
17/03/2023,13:00,146,0.4,66.1,0.4,35.3,33.6,0.0,1008,27.9,11.4,34
17/03/2023,14:00,3,1.0,42.9,0.7,35.2,39.7,0.0,1008,23.5,10.4,31
17/03/2023,15:00,341,2.0,27.5,0.9,33.0,50.3,0.0,1008,23.0,9.8,33
17/03/2023,16:00,340,1.9,23.7,0.8,30.8,58.1,0.0,1009,20.5,9.0,31
17/03/2023,17:00,342,1.4,27.5,0.7,29.3,68.2,0.0,1010,16.2,7.3,23
17/03/2023,18:00,347,1.3,31.9,0.7,28.0,74.7,0.0,1010,13.3,5.8,15
17/03/2023,19:00,342,1.3,30.2,0.6,27.5,74.5,0.0,1011,11.6,5.4,13
17/03/2023,20:00,353,0.7,47.4,0.5,27.3,73.9,0.0,1012,11.2,5.1,11
17/03/2023,21:00,48,0.5,50.3,0.4,27.1,73.9,0.0,1013,9.3,4.4,8
17/03/2023,22:00,74,0.8,21.6,0.2,26.7,77.5,0.0,1013,9.8,4.1,7
17/03/2023,23:00,91,0.6,32.5,0.3,26.6,79.0,0.0,1013,10.1,4.2,7
18/03/2023,00:00,88,0.5,39.8,0.3,26.4,79.8,0.0,1013,9.3,4.2,8
18/03/2023,01:00,109,0.6,40.8,0.3,26.4,80.0,0.0,1013,8.5,3.9,6
18/03/2023,02:00,117,0.6,42.3,0.3,25.9,80.4,0.0,1013,11.1,5.6,14
18/03/2023,03:00,113,0.8,34.4,0.4,25.6,78.9,0.0,1013,15.2,7.8,23
18/03/2023,04:00,130,0.5,49.0,0.3,25.4,78.0,0.0,1014,15.6,7.8,22
18/03/2023,05:00,152,0.2,84.1,0.3,24.7,69.4,0.0,1015,18.0,8.1,21
18/03/2023,06:00,159,0.3,70.9,0.3,24.3,68.1,0.0,1015,19.7,8.0,20
18/03/2023,07:00,152,0.3,85.3,0.3,25.9,62.7,0.0,1016,20.5,8.0,20
18/03/2023,08:00,158,0.3,73.6,0.3,28.0,57.5,0.0,1016,24.4,8.9,23
18/03/2023,09:00,99,0.1,68.7,0.3,29.9,54.0,0.0,1017,18.4,7.9,20
18/03/2023,10:00,346,0.7,49.7,0.5,30.8,51.4,0.0,1016,15.8,7.5,19
18/03/2023,11:00,341,0.7,38.7,0.5,31.2,49.2,0.0,1016,16.3,8.2,22
18/03/2023,12:00,359,1.2,41.5,0.7,31.7,52.0,0.0,1015,17.3,7.9,21
18/03/2023,13:00,336,2.0,30.4,0.9,31.1,53.9,0.0,1015,19.6,8.0,21
18/03/2023,14:00,346,1.6,31.9,0.8,30.9,56.0,0.0,1014,20.7,8.2,21
18/03/2023,15:00,359,1.5,33.3,0.8,30.4,57.6,0.0,1014,20.1,8.4,21
18/03/2023,16:00,341,1.8,26.7,0.8,29.2,63.3,0.0,1014,21.0,8.4,22
18/03/2023,17:00,342,1.8,28.5,0.9,28.2,69.0,0.0,1015,20.0,8.7,23
18/03/2023,18:00,359,1.1,39.9,0.7,27.6,71.2,0.0,1015,20.3,8.7,23
18/03/2023,19:00,29,0.8,46.0,0.6,27.3,71.7,0.0,1016,19.1,8.0,21
18/03/2023,20:00,46,0.8,38.0,0.4,26.9,73.9,0.0,1016,17.2,7.9,20
18/03/2023,21:00,59,0.6,41.3,0.4,26.8,74.8,0.0,1017,17.1,7.3,18
18/03/2023,22:00,62,0.6,38.5,0.3,26.5,75.0,0.0,1017,13.4,6.1,16
18/03/2023,23:00,49,0.5,53.1,0.3,26.4,74.0,0.0,1017,11.7,5.7,13
19/03/2023,00:00,86,0.4,47.0,0.2,25.8,75.8,0.0,1016,11.7,5.2,13
19/03/2023,01:00,135,0.2,68.6,0.2,25.5,77.6,0.0,1016,11.3,5.4,11
19/03/2023,02:00,137,0.7,29.6,0.3,25.1,80.0,0.0,1015,13.5,6.5,16
19/03/2023,03:00,137,0.2,77.1,0.2,24.7,82.0,0.0,1015,13.5,7.2,19
19/03/2023,04:00,163,0.3,59.6,0.3,24.1,83.9,0.0,1016,15.9,8.4,25
19/03/2023,05:00,165,0.4,61.5,0.3,23.7,84.4,0.0,1016,16.0,8.7,25
19/03/2023,06:00,179,0.1,83.5,0.2,23.7,83.3,0.0,1017,17.1,9.0,26
19/03/2023,07:00,141,0.1,79.9,0.3,25.2,75.1,0.0,1017,18.6,9.1,26
19/03/2023,08:00,137,0.4,64.1,0.3,26.8,67.0,0.0,1017,15.8,8.3,21
19/03/2023,09:00,326,0.2,56.6,0.3,27.4,63.9,0.0,1018,13.6,6.9,17
19/03/2023,10:00,346,0.7,47.1,0.4,28.7,56.5,0.0,1017,12.7,5.7,14
19/03/2023,11:00,5,0.8,46.3,0.6,30.2,47.1,0.0,1017,14.7,5.6,11
19/03/2023,12:00,346,1.3,37.3,0.8,31.0,43.9,0.0,1016,14.7,5.5,11
19/03/2023,13:00,341,1.6,35.4,0.8,30.7,45.3,0.0,1015,13.2,5.6,11
19/03/2023,14:00,345,1.7,29.0,0.8,30.4,45.4,0.0,1014,13.8,5.1,10
19/03/2023,15:00,350,1.4,31.6,0.7,29.8,49.6,0.0,1014,13.5,4.7,9
19/03/2023,16:00,351,1.4,36.9,0.8,28.7,54.9,0.0,1014,12.9,4.5,9
19/03/2023,17:00,15,1.1,35.3,0.7,27.8,58.6,0.0,1015,12.5,4.7,9
19/03/2023,18:00,345,1.6,29.8,0.8,26.8,62.4,0.0,1015,11.5,4.4,8
19/03/2023,19:00,341,1.6,24.4,0.7,26.4,66.6,0.0,1016,11.9,4.8,10
19/03/2023,20:00,347,1.1,30.5,0.6,26.2,65.7,0.0,1016,11.6,4.9,10
19/03/2023,21:00,346,1.2,28.3,0.6,25.9,66.5,0.0,1016,13.8,5.1,10
19/03/2023,22:00,341,1.2,27.5,0.6,25.7,65.7,0.0,1016,13.9,5.4,10
19/03/2023,23:00,348,1.0,35.6,0.6,25.6,65.4,0.0,1016,13.3,5.3,11
20/03/2023,00:00,352,0.6,44.3,0.4,25.3,64.2,0.0,1016,13.2,5.3,10
20/03/2023,01:00,72,0.7,22.5,0.2,24.8,67.0,0.0,1015,13.2,5.5,9
20/03/2023,02:00,115,0.4,28.8,0.2,24.0,70.8,0.0,1015,14.0,5.4,10
20/03/2023,03:00,162,0.3,44.7,0.2,23.4,75.0,0.0,1014,13.2,5.5,11
20/03/2023,04:00,165,0.2,75.3,0.3,22.9,76.9,0.0,1015,14.0,5.9,13
20/03/2023,05:00,181,0.3,70.6,0.3,22.3,79.4,0.0,1015,12.7,5.8,13
20/03/2023,06:00,177,0.5,68.6,0.5,22.4,78.9,0.0,1016,14.0,5.9,13
20/03/2023,07:00,135,0.1,82.8,0.3,24.6,69.3,0.0,1016,18.4,6.4,14
20/03/2023,08:00,148,0.6,62.9,0.4,26.2,61.5,0.0,1017,22.2,6.6,14
20/03/2023,09:00,126,0.3,57.6,0.5,27.9,53.5,0.0,1017,19.3,6.1,11
20/03/2023,10:00,19,0.2,64.3,0.5,29.2,47.6,0.0,1016,15.4,5.3,8
20/03/2023,11:00,110,0.4,43.8,0.4,29.3,45.9,0.0,1016,16.1,5.7,9
20/03/2023,12:00,344,1.2,43.4,0.8,30.4,44.0,0.0,1015,22.1,5.7,9
20/03/2023,13:00,335,1.8,28.5,0.8,30.3,45.0,0.0,1014,22.7,5.5,9
20/03/2023,14:00,5,1.2,39.1,0.7,30.3,45.0,0.0,1014,22.6,5.7,9
20/03/2023,15:00,6,1.4,40.0,0.8,29.5,49.8,0.0,1014,23.4,5.8,9
20/03/2023,16:00,347,1.7,31.8,0.8,28.4,57.2,0.0,1014,20.4,6.9,13
20/03/2023,17:00,1,1.1,38.8,0.7,27.6,60.9,0.0,1015,20.1,7.6,16
20/03/2023,18:00,36,1.1,38.4,0.6,27.1,64.9,0.0,1016,12.2,5.4,10
20/03/2023,19:00,82,0.9,37.4,0.4,26.5,68.4,0.0,1017,13.7,5.1,8
20/03/2023,20:00,79,0.8,32.2,0.4,26.1,71.0,0.0,1018,14.9,5.4,9
20/03/2023,21:00,92,0.8,39.0,0.4,25.7,72.5,0.0,1018,15.2,5.6,9
20/03/2023,22:00,110,0.9,31.8,0.5,25.5,72.6,0.0,1018,16.2,5.8,10
20/03/2023,23:00,131,1.1,30.8,0.5,25.3,70.4,0.0,1018,14.6,5.4,9
21/03/2023,00:00,148,1.1,29.9,0.5,24.8,70.4,0.0,1018,12.3,4.5,7
21/03/2023,01:00,138,1.1,29.1,0.5,24.4,69.7,0.0,1017,11.2,4.1,4
21/03/2023,02:00,139,1.0,48.3,0.6,23.4,76.2,0.1,1016,9.9,3.8,5
21/03/2023,03:00,157,0.8,42.7,0.4,22.7,81.4,0.3,1016,9.3,3.7,5
21/03/2023,04:00,157,0.8,40.0,0.5,22.6,81.6,0.0,1017,9.9,3.8,5
21/03/2023,05:00,151,0.5,47.7,0.3,22.7,82.0,0.0,1017,9.4,3.7,6
21/03/2023,06:00,146,0.7,47.8,0.4,22.9,81.3,0.0,1018,10.0,3.9,7
21/03/2023,07:00,111,0.8,34.2,0.4,24.3,74.7,0.0,1018,13.1,4.7,8
21/03/2023,08:00,86,1.3,37.6,0.7,26.1,61.2,0.0,1019,22.6,6.2,10
21/03/2023,09:00,54,1.3,40.3,0.8,27.0,55.0,0.0,1019,23.7,6.5,9
21/03/2023,10:00,63,1.4,40.2,0.9,27.7,49.6,0.0,1019,22.7,6.2,8
21/03/2023,11:00,56,1.6,40.3,1.0,28.1,46.5,0.0,1018,19.4,5.6,7
21/03/2023,12:00,58,1.3,44.7,1.0,28.4,43.7,0.0,1018,17.2,5.3,6
21/03/2023,13:00,85,1.8,34.6,0.8,28.5,41.4,0.0,1017,17.7,5.4,6
21/03/2023,14:00,46,1.3,40.1,0.8,28.5,42.0,0.0,1016,14.9,5.1,6
21/03/2023,15:00,85,1.3,41.4,0.9,28.1,43.5,0.0,1016,14.5,4.8,6
21/03/2023,16:00,75,1.3,42.1,0.8,27.6,44.7,0.0,1016,13.9,4.6,6
21/03/2023,17:00,103,1.4,36.8,0.7,26.6,50.5,0.0,1016,13.4,4.7,7
21/03/2023,18:00,102,1.1,34.1,0.6,25.7,55.7,0.0,1016,12.2,4.8,7
21/03/2023,19:00,93,0.8,40.6,0.4,25.5,58.4,0.0,1017,13.0,5.0,8
21/03/2023,20:00,113,0.9,37.3,0.4,25.4,61.2,0.0,1017,12.8,5.3,9
21/03/2023,21:00,108,1.3,37.0,0.7,25.1,66.4,0.0,1017,12.6,5.2,9
21/03/2023,22:00,97,0.9,37.4,0.5,23.3,81.1,0.0,1018,9.9,4.8,10
21/03/2023,23:00,97,0.6,33.4,0.3,22.6,83.7,0.0,1017,8.1,4.1,8
22/03/2023,00:00,80,0.7,32.7,0.3,22.5,85.7,0.0,1017,6.7,3.6,7
22/03/2023,01:00,112,0.5,41.9,0.3,22.4,86.0,0.0,1016,5.9,2.7,3
22/03/2023,02:00,99,0.9,32.8,0.5,22.3,86.6,0.1,1016,3.9,2.0,3
22/03/2023,03:00,84,0.8,36.3,0.5,22.0,87.1,0.4,1016,5.8,2.5,4
22/03/2023,04:00,150,1.4,31.9,0.7,21.8,87.1,0.5,1016,5.1,2.0,3
22/03/2023,05:00,150,1.6,34.1,0.8,21.8,85.8,0.0,1016,7.4,3.1,5
22/03/2023,06:00,147,1.4,34.2,0.7,21.7,84.0,0.0,1017,11.7,4.7,9
22/03/2023,07:00,149,1.4,29.1,0.6,22.2,81.8,0.0,1017,13.6,5.2,11
22/03/2023,08:00,139,1.5,32.9,0.8,23.0,75.5,0.0,1018,10.8,3.5,6
22/03/2023,09:00,148,2.2,35.4,1.0,24.2,66.3,0.0,1018,11.6,3.5,4
22/03/2023,10:00,126,1.8,38.0,1.0,23.9,69.3,0.0,1018,9.4,3.0,3
22/03/2023,11:00,123,1.6,35.7,0.9,23.2,78.3,0.0,1017,6.3,2.6,3
22/03/2023,12:00,128,1.5,40.5,0.8,22.7,83.0,0.0,1016,5.6,2.0,3
22/03/2023,13:00,118,1.6,37.3,0.9,23.9,74.6,0.0,1016,11.4,4.2,7
22/03/2023,14:00,119,1.6,38.4,0.8,24.8,70.2,0.0,1015,18.6,6.4,12
22/03/2023,15:00,89,1.5,36.7,0.8,24.5,69.3,0.0,1015,20.4,6.9,13
22/03/2023,16:00,112,1.5,36.4,0.8,24.4,70.6,0.0,1015,20.5,7.0,13
22/03/2023,17:00,79,1.3,32.4,0.6,23.8,70.9,0.0,1016,18.7,6.6,12
22/03/2023,18:00,91,0.8,40.1,0.5,23.9,68.8,0.0,1016,18.9,6.3,11
22/03/2023,19:00,106,0.8,37.3,0.4,23.4,72.0,0.0,1017,18.1,6.6,12
22/03/2023,20:00,90,0.8,32.4,0.4,23.3,72.9,0.0,1017,17.3,6.5,12
22/03/2023,21:00,103,0.7,40.4,0.4,23.1,74.3,0.0,1018,18.6,6.8,13
22/03/2023,22:00,127,0.6,37.5,0.3,23.0,74.3,0.0,1018,19.8,7.0,13
22/03/2023,23:00,143,0.7,37.6,0.3,23.0,72.8,0.0,1017,21.2,7.0,13
23/03/2023,00:00,150,0.5,53.0,0.3,23.0,73.3,0.0,1017,20.0,6.8,13
23/03/2023,01:00,152,0.3,65.0,0.3,23.0,72.5,0.0,1016,18.5,6.8,9
23/03/2023,02:00,140,0.5,51.8,0.3,23.0,71.8,0.0,1015,20.1,7.0,12
23/03/2023,03:00,118,0.6,40.2,0.3,23.3,67.6,0.0,1015,18.5,6.6,12
23/03/2023,04:00,117,0.5,35.3,0.2,22.8,68.9,0.0,1015,18.5,6.4,11
23/03/2023,05:00,155,0.3,56.5,0.2,22.2,74.4,0.0,1016,20.9,7.5,15
23/03/2023,06:00,163,0.4,53.8,0.3,22.4,74.7,0.0,1016,20.9,7.3,14
23/03/2023,07:00,136,0.6,50.1,0.3,24.3,63.9,0.0,1016,22.8,7.4,14
23/03/2023,08:00,125,1.1,39.6,0.6,25.3,54.2,0.0,1017,19.3,6.7,9
23/03/2023,09:00,107,1.1,39.0,0.6,25.7,53.2,0.0,1017,18.7,6.5,9
23/03/2023,10:00,76,0.9,45.9,0.6,26.1,54.3,0.0,1017,20.4,6.7,9
23/03/2023,11:00,51,0.9,47.6,0.6,27.0,50.8,0.0,1016,22.5,7.0,8
23/03/2023,12:00,2,1.2,37.0,0.7,27.2,51.2,0.0,1015,21.4,6.8,9
23/03/2023,13:00,18,0.8,46.3,0.5,26.8,53.0,0.0,1015,22.0,6.7,9
23/03/2023,14:00,27,1.0,36.3,0.6,26.7,52.6,0.0,1014,20.9,6.5,10
23/03/2023,15:00,26,0.9,38.8,0.5,26.8,52.3,0.0,1014,21.4,6.6,9
23/03/2023,16:00,9,1.0,39.2,0.6,26.2,56.0,0.0,1014,24.0,7.0,12
23/03/2023,17:00,346,1.5,30.4,0.7,25.1,59.2,0.0,1014,23.3,7.8,13
23/03/2023,18:00,348,1.1,38.2,0.6,24.5,60.9,0.0,1014,23.8,9.0,17
23/03/2023,19:00,348,0.8,36.5,0.4,24.2,62.1,0.0,1014,28.5,8.7,16
23/03/2023,20:00,20,0.4,51.4,0.3,23.9,63.6,0.0,1015,27.9,7.9,14
23/03/2023,21:00,85,0.7,19.4,0.2,23.3,66.0,0.0,1015,23.8,8.1,17
23/03/2023,22:00,62,0.4,41.2,0.2,23.2,67.8,0.0,1015,20.5,7.5,15
23/03/2023,23:00,86,0.1,63.6,0.2,23.0,68.9,0.0,1014,21.0,7.2,14
24/03/2023,00:00,204,0.1,72.9,0.1,22.3,71.7,0.0,1014,16.6,6.3,12
24/03/2023,01:00,164,0.3,58.8,0.2,21.8,75.9,0.0,1014,15.9,6.7,12
24/03/2023,02:00,169,0.5,46.2,0.3,21.2,77.3,0.0,1013,17.4,6.5,12
24/03/2023,03:00,182,0.2,70.5,0.3,20.7,78.3,0.0,1013,19.0,6.9,14
24/03/2023,04:00,152,0.2,64.7,0.2,20.5,77.7,0.0,1013,17.4,6.6,13
24/03/2023,05:00,164,0.2,82.2,0.3,20.5,77.6,0.0,1013,18.4,6.7,13
24/03/2023,06:00,165,0.2,77.7,0.3,21.1,74.6,0.0,1014,16.3,6.3,12
24/03/2023,07:00,165,0.3,87.4,0.4,23.0,66.8,0.0,1014,17.2,6.3,11
24/03/2023,08:00,166,0.5,65.3,0.5,24.0,62.7,0.0,1015,18.1,6.6,11
24/03/2023,09:00,356,0.2,88.5,0.4,26.8,53.1,0.0,1014,19.9,7.0,11
24/03/2023,10:00,323,0.5,70.2,0.5,28.4,48.2,0.0,1013,17.6,6.2,9
24/03/2023,11:00,73,0.0,79.7,0.4,29.9,43.8,0.0,1012,17.2,6.2,10
24/03/2023,12:00,8,0.4,44.6,0.4,30.0,43.0,0.0,1011,19.7,6.6,10
24/03/2023,13:00,343,1.2,39.8,0.7,29.7,49.0,0.0,1010,21.3,6.9,12
24/03/2023,14:00,348,1.5,31.7,0.8,29.3,52.6,0.0,1009,20.4,6.9,12
24/03/2023,15:00,349,1.6,30.3,0.8,28.7,55.4,0.0,1009,19.3,6.6,12
24/03/2023,16:00,342,1.7,31.1,0.8,27.7,59.8,0.0,1009,20.3,6.6,12
24/03/2023,17:00,342,1.4,29.2,0.7,26.7,64.3,0.0,1010,17.9,6.3,12
24/03/2023,18:00,335,1.6,22.9,0.6,26.1,68.1,0.0,1011,16.4,6.1,12
24/03/2023,19:00,341,1.3,31.2,0.6,26.2,69.0,0.0,1011,17.3,6.0,12
24/03/2023,20:00,341,1.1,32.5,0.6,26.0,69.5,0.0,1012,16.1,6.1,12
24/03/2023,21:00,335,0.9,33.8,0.4,25.8,70.7,0.0,1012,16.5,6.3,12
24/03/2023,22:00,351,0.3,57.0,0.3,25.8,70.6,0.0,1012,15.1,5.7,10
24/03/2023,23:00,333,0.9,29.9,0.4,25.6,71.4,0.0,1012,16.7,5.6,9
25/03/2023,00:00,323,0.3,56.3,0.2,25.2,71.6,0.0,1012,16.7,5.8,11
25/03/2023,01:00,331,0.4,44.3,0.3,25.0,71.6,0.0,1012,16.7,5.8,7
25/03/2023,02:00,306,0.2,57.7,0.2,24.6,72.7,0.0,1011,16.5,5.8,9
25/03/2023,03:00,149,0.2,47.9,0.2,24.3,75.6,0.0,1011,15.3,6.0,12
25/03/2023,04:00,153,0.1,69.0,0.3,23.6,78.1,0.0,1011,17.0,7.5,18
25/03/2023,05:00,165,0.5,59.6,0.4,22.9,79.0,0.0,1011,17.1,7.5,17
25/03/2023,06:00,165,0.4,64.1,0.4,23.1,77.6,0.0,1012,15.5,7.3,16
25/03/2023,07:00,151,0.5,71.6,0.3,24.7,70.5,0.0,1012,20.4,7.3,15
25/03/2023,08:00,155,0.9,42.7,0.4,25.5,66.8,0.0,1012,24.8,8.2,16
25/03/2023,09:00,313,0.2,78.2,0.3,28.0,56.6,0.0,1012,24.1,8.2,16
25/03/2023,10:00,140,0.2,58.3,0.3,28.7,53.2,0.0,1012,20.1,7.0,13
25/03/2023,11:00,339,1.1,42.6,0.6,29.4,49.7,0.0,1011,15.1,6.5,11
25/03/2023,12:00,4,1.2,35.0,0.7,29.2,51.3,0.0,1010,16.2,6.1,11
25/03/2023,13:00,37,1.1,41.2,0.7,28.5,55.4,0.1,1010,14.4,5.4,9
25/03/2023,14:00,26,1.1,42.1,0.7,26.7,67.2,0.0,1009,15.6,5.2,9
25/03/2023,15:00,12,1.2,39.0,0.7,27.5,59.6,0.0,1009,13.2,4.9,8
25/03/2023,16:00,4,1.1,36.0,0.7,27.0,62.0,0.0,1009,13.9,4.9,8
25/03/2023,17:00,17,1.0,42.8,0.6,26.4,64.8,0.0,1010,13.5,4.9,8
25/03/2023,18:00,50,0.7,39.6,0.5,25.9,66.4,0.0,1010,13.6,4.9,9
25/03/2023,19:00,49,0.7,38.7,0.4,25.7,67.7,0.0,1011,11.6,4.8,9
25/03/2023,20:00,97,0.7,31.9,0.3,25.3,69.7,0.0,1012,12.7,5.5,11
25/03/2023,21:00,79,0.8,42.6,0.4,24.9,71.3,0.0,1012,12.1,5.1,10
25/03/2023,22:00,94,0.4,40.9,0.5,24.3,75.5,0.3,1012,12.5,4.8,8
25/03/2023,23:00,157,1.0,39.5,0.6,23.3,82.8,0.0,1012,11.9,5.1,9
26/03/2023,00:00,0,0.2,43.4,0.2,22.8,83.7,0.0,1010,11.7,4.8,10
26/03/2023,01:00,158,0.8,43.6,0.4,22.6,84.6,0.0,1010,12.7,5.3,11
26/03/2023,02:00,149,0.3,64.1,0.3,22.0,84.2,0.0,1010,10.7,4.8,10
26/03/2023,03:00,160,0.2,77.8,0.3,21.8,83.6,0.0,1010,10.9,4.8,11
26/03/2023,04:00,159,0.3,87.3,0.3,21.5,82.8,0.0,1010,10.8,4.5,10
26/03/2023,05:00,162,0.3,68.5,0.3,21.3,83.2,0.0,1010,11.6,3.9,6
26/03/2023,06:00,167,0.6,61.8,0.4,21.5,82.4,0.0,1011,12.0,4.5,7
26/03/2023,07:00,157,0.7,58.5,0.5,22.9,74.7,0.0,1012,11.7,4.4,7
26/03/2023,08:00,146,0.6,55.7,0.5,24.5,67.8,0.0,1012,10.7,4.0,6
26/03/2023,09:00,154,0.5,60.7,0.4,26.5,61.5,0.0,1012,10.5,4.0,6
26/03/2023,10:00,128,0.4,55.8,0.4,27.5,56.6,0.0,1011,10.4,4.1,6
26/03/2023,11:00,24,0.8,42.4,0.5,26.1,65.4,0.0,1011,9.9,3.8,6
26/03/2023,12:00,24,0.9,42.4,0.5,25.2,74.2,0.0,1010,9.3,3.6,6
26/03/2023,13:00,44,1.2,40.1,0.7,25.3,71.4,0.0,1010,6.5,2.8,4
26/03/2023,14:00,56,1.0,43.1,0.6,26.1,65.2,0.0,1009,6.2,2.6,4
26/03/2023,15:00,20,1.1,40.8,0.6,26.5,61.4,0.0,1009,7.4,3.0,4
26/03/2023,16:00,50,1.1,38.4,0.6,26.5,58.2,0.0,1010,7.5,2.9,3
26/03/2023,17:00,63,0.8,40.9,0.4,25.8,64.5,0.0,1010,8.6,3.2,4
26/03/2023,18:00,47,0.8,43.8,0.4,25.4,68.6,0.0,1011,9.9,3.6,5
26/03/2023,19:00,58,0.8,34.1,0.3,25.0,70.6,0.0,1011,9.0,3.9,7
26/03/2023,20:00,66,0.6,32.6,0.3,24.5,72.7,0.0,1012,8.9,3.8,6
26/03/2023,21:00,59,0.5,33.8,0.2,24.1,74.8,0.0,1012,9.1,3.7,6
26/03/2023,22:00,89,0.5,36.2,0.2,24.0,75.6,0.0,1012,9.2,3.6,5
26/03/2023,23:00,99,0.5,37.7,0.3,23.8,76.3,0.0,1012,10.5,3.9,6
27/03/2023,00:00,112,0.3,50.4,0.2,23.6,76.8,0.0,1011,9.5,3.8,6
27/03/2023,01:00,144,0.6,27.8,0.2,23.5,77.8,0.0,1011,10.8,4.2,6
27/03/2023,02:00,155,0.5,40.6,0.3,22.8,81.4,0.0,1010,11.4,5.0,10
27/03/2023,03:00,149,0.3,82.3,0.3,22.3,82.2,0.0,1010,12.4,5.5,13
27/03/2023,04:00,173,0.3,77.5,0.3,22.0,81.2,0.0,1011,11.2,4.8,10
27/03/2023,05:00,174,0.3,66.0,0.3,21.9,81.5,0.0,1011,11.3,4.9,10
27/03/2023,06:00,160,0.4,63.4,0.3,22.5,79.6,0.0,1011,12.4,5.0,10
27/03/2023,07:00,159,0.9,39.8,0.5,23.8,72.1,0.0,1012,13.0,5.0,9
27/03/2023,08:00,144,0.5,48.0,0.4,25.5,64.9,0.0,1012,13.9,4.8,8
27/03/2023,09:00,10,0.5,50.0,0.4,27.7,53.7,0.0,1012,11.4,4.1,6
27/03/2023,10:00,351,0.7,37.4,0.4,27.9,52.6,0.0,1012,13.0,4.4,7
27/03/2023,11:00,44,0.6,44.5,0.4,28.6,51.2,0.0,1011,14.0,4.6,7
27/03/2023,12:00,1,1.1,36.6,0.6,29.1,50.1,0.0,1010,14.1,4.5,7
27/03/2023,13:00,345,1.4,36.5,0.7,29.5,48.6,0.0,1009,13.0,4.3,7
27/03/2023,14:00,349,1.4,32.9,0.8,29.4,49.9,0.0,1009,14.1,4.2,7
27/03/2023,15:00,344,1.6,31.0,0.7,28.8,53.9,0.0,1009,12.5,4.1,6
27/03/2023,16:00,342,1.7,31.0,0.8,27.9,56.7,0.0,1009,10.6,3.7,5
27/03/2023,17:00,342,1.5,30.4,0.8,27.0,58.4,0.0,1009,9.4,3.6,5
27/03/2023,18:00,334,1.7,21.8,0.7,26.4,61.5,0.0,1010,10.1,3.8,6
27/03/2023,19:00,334,1.5,20.2,0.6,26.2,65.1,0.0,1011,9.7,4.0,7
27/03/2023,20:00,328,1.2,24.5,0.5,26.0,69.0,0.0,1011,11.5,4.3,8
27/03/2023,21:00,328,1.4,23.4,0.6,25.6,71.4,0.0,1012,11.4,4.1,7
27/03/2023,22:00,341,0.4,67.1,0.4,25.2,72.3,0.0,1012,12.4,4.3,7
27/03/2023,23:00,330,0.3,87.0,0.3,24.9,72.8,0.0,1011,11.8,4.4,8
28/03/2023,00:00,298,0.1,68.0,0.2,24.7,73.3,0.0,1011,10.3,4.1,7
28/03/2023,01:00,255,0.1,73.0,0.2,24.3,74.5,0.0,1010,9.7,3.8,5
28/03/2023,02:00,180,0.1,64.7,0.2,24.0,75.8,0.0,1010,10.1,3.8,6
28/03/2023,03:00,301,0.1,67.9,0.2,23.4,77.7,0.0,1009,9.7,4.1,7
28/03/2023,04:00,242,0.1,77.7,0.2,23.3,78.2,0.0,1010,11.2,4.3,7
28/03/2023,05:00,271,0.1,74.8,0.2,23.1,78.7,0.0,1010,10.9,4.6,8
28/03/2023,06:00,151,0.2,71.3,0.2,23.7,76.3,0.0,1011,11.7,4.7,9
28/03/2023,07:00,141,0.6,32.2,0.3,24.0,74.9,0.0,1011,12.6,4.9,9
28/03/2023,08:00,71,0.4,54.8,0.3,25.2,71.1,0.0,1011,20.2,6.6,14
28/03/2023,09:00,47,0.7,39.0,0.4,26.9,64.0,0.0,1011,21.3,6.5,13
28/03/2023,10:00,7,0.2,48.9,0.3,28.4,58.6,0.0,1011,29.6,7.9,17
28/03/2023,11:00,63,0.3,62.7,0.3,29.3,54.3,0.0,1010,22.4,7.0,15
28/03/2023,12:00,355,0.8,40.7,0.5,29.7,54.1,0.0,1009,20.6,7.0,15
28/03/2023,13:00,338,1.5,27.6,0.7,29.2,58.4,0.0,1008,21.1,6.9,16
28/03/2023,14:00,347,1.1,34.4,0.7,29.1,60.1,0.0,1008,19.9,6.4,17
28/03/2023,15:00,342,1.2,32.9,0.6,28.9,62.0,0.0,1008,17.7,6.4,14
28/03/2023,16:00,354,1.0,34.3,0.6,28.8,63.4,0.0,1008,15.6,5.8,11
28/03/2023,17:00,347,1.0,32.3,0.5,28.2,65.7,0.0,1008,14.9,5.8,12
28/03/2023,18:00,359,0.8,39.3,0.5,27.3,70.0,0.0,1009,14.4,5.2,10
28/03/2023,19:00,336,1.2,22.4,0.5,26.7,73.8,0.0,1009,12.4,5.0,10
28/03/2023,20:00,334,1.1,27.1,0.5,26.5,74.9,0.0,1010,12.7,5.1,11
28/03/2023,21:00,333,0.6,43.9,0.4,26.4,74.3,0.0,1010,12.2,5.2,11
28/03/2023,22:00,13,0.4,47.4,0.3,26.2,76.6,0.0,1010,13.0,5.0,10
28/03/2023,23:00,81,0.6,24.0,0.2,25.6,78.8,0.0,1010,13.1,4.9,10
29/03/2023,00:00,67,0.6,31.9,0.3,25.4,80.3,0.0,1010,14.3,5.2,11
29/03/2023,01:00,40,0.4,43.6,0.3,25.4,79.6,0.3,1009,13.8,5.2,9
29/03/2023,02:00,63,0.5,41.2,0.3,25.0,83.1,0.0,1008,14.9,5.8,11
29/03/2023,03:00,12,0.5,40.3,0.3,24.9,83.3,0.0,1007,14.7,5.7,12
29/03/2023,04:00,326,1.3,23.9,0.5,24.8,80.2,0.0,1007,13.7,5.2,9
29/03/2023,05:00,336,0.6,51.7,0.4,24.4,79.4,0.0,1008,12.2,5.1,9
29/03/2023,06:00,334,0.3,64.8,0.3,24.4,78.8,0.0,1008,12.9,5.5,12
29/03/2023,07:00,130,0.3,51.3,0.3,24.9,75.7,0.0,1009,14.4,6.1,15
29/03/2023,08:00,177,0.2,84.6,0.4,24.9,77.8,0.0,1010,14.9,7.0,18
29/03/2023,09:00,152,0.3,74.1,0.3,25.6,75.2,0.0,1010,15.8,7.7,20
29/03/2023,10:00,128,0.0,73.5,0.2,26.2,71.9,0.0,1009,16.8,7.9,21
29/03/2023,11:00,327,0.1,83.5,0.3,26.1,73.6,0.0,1008,15.7,7.4,20
29/03/2023,12:00,309,0.2,78.8,0.3,26.9,67.2,0.0,1007,15.7,6.9,17
29/03/2023,13:00,322,0.3,70.5,0.3,26.6,66.8,0.0,1006,13.7,6.4,16
29/03/2023,14:00,326,0.6,53.8,0.4,26.0,70.3,0.0,1005,12.6,5.8,14
29/03/2023,15:00,315,0.6,53.8,0.5,26.1,69.2,0.0,1005,11.2,5.5,13
29/03/2023,16:00,331,0.2,78.9,0.3,25.7,70.3,0.0,1005,10.6,5.1,12
29/03/2023,17:00,54,0.6,43.4,0.3,25.7,72.6,0.0,1005,11.7,5.5,13
29/03/2023,18:00,338,1.0,25.8,0.5,25.3,76.2,0.0,1005,14.6,7.2,19
29/03/2023,19:00,333,0.9,22.5,0.4,25.2,76.7,0.0,1005,17.2,8.6,25
29/03/2023,20:00,330,0.8,28.5,0.4,25.3,78.0,0.0,1005,17.3,8.4,24
29/03/2023,21:00,334,0.8,37.2,0.4,25.1,79.3,0.0,1005,17.0,7.9,22
29/03/2023,22:00,324,1.2,24.7,0.5,24.7,81.4,0.0,1005,16.5,8.4,24
29/03/2023,23:00,322,0.4,55.1,0.3,24.5,82.8,0.0,1005,18.0,8.7,26
30/03/2023,00:00,298,0.1,70.5,0.2,24.3,83.0,0.0,1004,16.6,8.1,23
30/03/2023,01:00,331,0.4,61.5,0.3,24.1,83.4,0.0,1004,16.6,7.7,20
30/03/2023,02:00,335,0.3,65.4,0.2,24.1,82.6,0.0,1003,15.8,8.3,24
30/03/2023,03:00,160,0.7,44.4,0.5,23.3,82.8,3.3,1003,16.1,8.1,22
30/03/2023,04:00,169,1.0,37.9,0.6,20.9,83.8,5.1,1004,10.8,5.0,10
30/03/2023,05:00,329,0.2,53.7,0.3,20.6,86.0,0.0,1004,8.5,4.1,8
30/03/2023,06:00,318,0.5,46.6,0.3,21.1,85.4,0.0,1004,9.1,3.9,8
30/03/2023,07:00,329,0.2,83.0,0.3,21.5,84.9,0.1,1004,10.8,4.6,10
30/03/2023,08:00,308,0.0,94.2,0.2,22.9,79.1,0.0,1005,11.3,4.2,8
30/03/2023,09:00,151,0.5,56.5,0.4,25.0,66.8,0.0,1005,12.2,4.3,8
30/03/2023,10:00,150,0.6,50.4,0.4,25.5,63.4,0.0,1004,11.5,4.5,8
30/03/2023,11:00,151,0.3,82.4,0.4,28.8,45.9,0.0,1004,10.1,4.3,7
30/03/2023,12:00,138,0.2,90.2,0.4,30.0,38.2,0.0,1003,10.2,4.4,7
30/03/2023,13:00,100,0.2,87.5,0.4,30.6,38.9,0.0,1002,11.9,4.7,8
30/03/2023,14:00,105,0.2,85.4,0.5,30.3,34.1,0.0,1001,13.3,4.8,7
30/03/2023,15:00,130,0.2,83.8,0.4,30.5,29.9,0.0,1002,10.6,4.1,5
30/03/2023,16:00,134,0.2,99.4,0.4,29.5,28.3,0.0,1002,10.9,3.7,4
30/03/2023,17:00,127,0.2,82.6,0.4,28.2,30.1,0.0,1003,11.3,3.7,4
30/03/2023,18:00,134,0.3,74.6,0.3,27.0,32.2,0.0,1004,10.4,4.3,6
30/03/2023,19:00,115,0.1,86.9,0.3,25.7,34.5,0.0,1005,12.9,4.8,8
30/03/2023,20:00,133,0.1,95.0,0.3,24.7,36.2,0.0,1006,12.4,4.9,9
30/03/2023,21:00,131,0.2,84.6,0.3,23.7,38.6,0.0,1006,11.3,3.9,5
30/03/2023,22:00,166,0.1,88.9,0.3,22.7,41.5,0.0,1005,9.1,3.7,4
30/03/2023,23:00,158,0.1,92.3,0.3,22.0,43.0,0.0,1005,9.5,3.5,3
31/03/2023,00:00,173,0.4,60.7,0.3,21.3,45.4,0.0,1006,9.7,3.5,3
31/03/2023,01:00,175,0.6,48.2,0.4,21.0,47.0,0.0,1006,9.4,3.7,4
31/03/2023,02:00,151,0.3,70.0,0.2,20.2,51.7,0.0,1006,9.3,3.9,4
31/03/2023,03:00,184,0.2,65.6,0.2,19.5,56.1,0.0,1005,11.6,4.5,6
31/03/2023,04:00,141,0.3,64.8,0.3,19.8,52.3,0.0,1006,10.2,3.8,4
31/03/2023,05:00,157,0.4,63.1,0.3,19.3,53.5,0.0,1006,10.2,3.7,4
31/03/2023,06:00,168,0.4,70.2,0.3,19.6,52.8,0.0,1007,9.4,3.7,5
31/03/2023,07:00,132,0.2,85.8,0.3,22.3,42.7,0.0,1008,9.3,3.6,4
31/03/2023,08:00,155,0.6,70.5,0.5,23.8,37.5,0.0,1009,8.6,3.4,4
31/03/2023,09:00,163,0.9,45.0,0.6,24.8,32.8,0.0,1009,10.1,3.0,3
31/03/2023,10:00,160,0.8,58.6,0.5,25.9,28.9,0.0,1009,9.2,3.1,3
31/03/2023,11:00,157,0.8,55.5,0.5,26.7,25.5,0.0,1008,7.3,2.4,2
31/03/2023,12:00,162,1.0,60.3,0.6,27.6,21.3,0.0,1007,9.0,2.1,2
31/03/2023,13:00,164,1.0,59.5,0.7,28.2,19.3,0.0,1006,6.3,1.6,1
31/03/2023,14:00,163,0.7,61.7,0.5,28.8,19.8,0.0,1006,6.3,1.9,2
31/03/2023,15:00,151,0.3,78.8,0.4,29.1,19.8,0.0,1006,5.9,2.2,2
31/03/2023,16:00,340,1.0,37.8,0.6,27.0,32.6,0.0,1006,15.0,3.7,4
31/03/2023,17:00,26,0.9,43.6,0.6,25.2,40.8,0.0,1006,8.9,3.2,3
31/03/2023,18:00,35,0.8,37.5,0.5,24.5,41.7,0.0,1007,9.7,3.3,3
31/03/2023,19:00,60,0.5,43.2,0.3,24.2,43.6,0.0,1008,9.4,3.7,4
31/03/2023,20:00,87,0.6,24.2,0.2,23.8,46.3,0.0,1008,11.2,4.2,6
31/03/2023,21:00,56,0.3,49.9,0.2,23.7,47.4,0.0,1009,11.4,4.3,7
31/03/2023,22:00,49,0.4,30.2,0.2,23.6,47.7,0.0,1009,10.0,3.9,5
31/03/2023,23:00,310,0.0,69.3,0.2,23.5,49.8,0.0,1008,9.6,3.7,4
01/04/2023,00:00,153,0.4,57.3,0.3,22.8,54.6,0.0,1008,12.6,4.7,8
01/04/2023,01:00,160,0.4,62.1,0.3,22.0,56.3,0.0,1008,14.8,5.8,11
01/04/2023,02:00,160,0.4,65.4,0.4,21.6,54.5,0.0,1007,13.2,6.2,11
01/04/2023,03:00,171,0.3,64.6,0.3,21.2,56.7,0.0,1007,12.9,4.9,8
01/04/2023,04:00,176,0.5,53.8,0.4,20.9,58.0,0.0,1007,11.6,4.5,7
01/04/2023,05:00,187,0.2,84.2,0.3,20.9,58.6,0.0,1008,11.1,4.3,6
01/04/2023,06:00,165,0.3,69.8,0.3,20.9,58.2,0.0,1008,10.2,4.0,5
01/04/2023,07:00,163,0.4,57.7,0.3,21.3,58.2,0.0,1009,10.7,4.1,6
01/04/2023,08:00,168,0.2,65.9,0.3,22.0,53.9,0.0,1009,12.2,4.2,6
01/04/2023,09:00,169,0.4,64.6,0.3,22.8,49.6,0.0,1009,11.9,4.2,6
01/04/2023,10:00,150,0.4,74.4,0.4,24.0,46.1,0.0,1009,11.8,4.1,6
01/04/2023,11:00,160,0.6,53.1,0.5,24.2,44.9,0.0,1009,11.2,4.0,5
01/04/2023,12:00,158,0.5,57.4,0.4,24.4,44.0,0.0,1008,11.8,4.3,6
01/04/2023,13:00,161,0.4,75.0,0.4,25.1,44.1,0.0,1008,13.6,5.1,9
01/04/2023,14:00,156,0.2,88.4,0.3,25.2,45.1,0.0,1008,11.7,4.9,9
01/04/2023,15:00,153,0.4,64.1,0.3,24.7,46.4,0.0,1007,12.8,4.6,7
01/04/2023,16:00,155,0.3,60.3,0.3,24.3,48.3,0.0,1007,12.6,4.6,8
01/04/2023,17:00,166,0.3,69.4,0.3,23.7,50.1,0.0,1008,11.4,5.0,8
01/04/2023,18:00,165,0.2,64.8,0.2,23.2,53.5,0.0,1008,17.5,7.2,18
01/04/2023,19:00,176,0.1,64.3,0.2,22.8,56.1,0.0,1009,17.9,8.1,20
01/04/2023,20:00,146,0.4,43.5,0.2,22.4,57.9,0.0,1010,16.4,7.8,19
01/04/2023,21:00,178,0.3,51.0,0.2,21.9,60.4,0.0,1010,17.8,8.8,21
01/04/2023,22:00,149,0.2,84.7,0.2,21.3,61.9,0.0,1009,13.8,6.7,14
01/04/2023,23:00,170,0.2,81.6,0.3,20.7,63.5,0.0,1009,14.1,7.0,15
02/04/2023,00:00,182,0.2,77.4,0.3,19.9,66.7,0.0,1009,15.9,7.9,18
02/04/2023,01:00,158,0.3,67.7,0.3,19.5,66.7,0.0,1009,15.3,7.5,15
02/04/2023,02:00,164,0.2,74.9,0.3,18.8,68.5,0.0,1008,15.4,7.0,15
02/04/2023,03:00,160,0.4,68.2,0.3,18.3,70.1,0.0,1008,13.7,6.6,13
02/04/2023,04:00,170,0.3,75.8,0.3,17.6,72.4,0.0,1008,11.9,5.7,10
02/04/2023,05:00,172,0.3,74.2,0.3,17.6,71.8,0.0,1009,11.5,5.7,11
02/04/2023,06:00,152,0.3,69.0,0.3,18.0,69.1,0.0,1010,12.3,5.9,11
02/04/2023,07:00,165,0.7,49.5,0.5,19.1,64.0,0.0,1010,13.2,6.1,12
02/04/2023,08:00,155,0.6,61.4,0.6,21.0,57.2,0.0,1011,12.8,5.7,10
02/04/2023,09:00,163,0.8,50.8,0.5,22.5,53.3,0.0,1011,10.7,5.2,9
02/04/2023,10:00,156,0.6,65.2,0.5,24.8,48.1,0.0,1011,11.2,4.9,8
02/04/2023,11:00,151,0.6,61.6,0.5,26.0,43.3,0.0,1010,9.0,3.7,5
02/04/2023,12:00,48,0.2,54.0,0.4,26.8,39.7,0.0,1009,8.2,3.6,4
02/04/2023,13:00,22,0.5,45.4,0.4,26.0,43.5,0.0,1008,9.2,3.6,5
02/04/2023,14:00,21,1.2,41.6,0.7,26.7,44.1,0.0,1008,10.8,3.5,5
02/04/2023,15:00,39,1.1,40.6,0.7,26.2,45.4,0.0,1008,10.2,3.7,5
02/04/2023,16:00,73,1.2,38.8,0.6,25.2,49.7,0.0,1008,11.6,4.0,6
02/04/2023,17:00,75,1.1,37.8,0.6,24.2,54.4,0.0,1009,11.6,3.7,5
02/04/2023,18:00,76,0.8,45.8,0.5,23.5,58.6,0.0,1010,11.9,4.0,5
02/04/2023,19:00,96,1.0,37.3,0.6,23.2,56.7,0.0,1011,11.0,4.0,5
02/04/2023,20:00,124,1.3,41.2,0.7,22.7,59.8,0.0,1011,11.1,3.9,5
02/04/2023,21:00,155,0.9,46.9,0.5,22.3,61.8,0.0,1012,9.8,3.9,5
02/04/2023,22:00,158,0.4,70.7,0.3,21.6,63.9,0.0,1012,10.3,4.1,6
02/04/2023,23:00,180,0.6,59.6,0.4,21.1,63.5,0.0,1012,11.2,4.3,8
03/04/2023,00:00,161,0.3,75.1,0.3,20.7,65.0,0.0,1011,10.2,4.1,7
03/04/2023,01:00,168,0.4,70.4,0.4,20.4,66.6,0.0,1011,10.3,4.2,6
03/04/2023,02:00,164,0.4,67.1,0.4,20.0,68.6,0.0,1010,9.4,4.1,6
03/04/2023,03:00,170,0.5,62.7,0.4,19.7,69.7,0.0,1010,9.8,4.0,6
03/04/2023,04:00,168,0.4,69.2,0.4,19.5,70.3,0.0,1010,10.2,3.9,5
03/04/2023,05:00,173,0.3,80.5,0.4,19.3,71.4,0.0,1010,8.8,3.8,5
03/04/2023,06:00,174,0.4,72.2,0.4,19.4,71.3,0.0,1011,11.5,3.8,6
03/04/2023,07:00,175,1.1,49.7,0.8,20.9,65.4,0.0,1012,12.8,4.1,6
03/04/2023,08:00,170,1.0,53.9,0.8,22.8,57.7,0.0,1012,13.4,3.6,4
03/04/2023,09:00,160,0.9,51.8,0.6,24.5,51.2,0.0,1012,14.5,3.5,4
03/04/2023,10:00,158,1.5,43.1,0.8,25.4,48.3,0.0,1012,11.2,3.1,3
03/04/2023,11:00,159,1.7,31.8,0.8,26.0,46.2,0.0,1011,11.1,3.0,3
03/04/2023,12:00,153,1.7,36.3,0.9,26.1,46.6,0.0,1010,11.3,2.7,3
03/04/2023,13:00,105,1.7,34.3,0.9,26.5,47.1,0.0,1010,11.1,2.3,2
03/04/2023,14:00,110,1.5,40.0,0.8,26.3,48.6,0.0,1009,11.3,2.7,2
03/04/2023,15:00,108,1.8,37.7,1.0,25.9,50.3,0.0,1009,13.5,3.5,3
03/04/2023,16:00,118,2.0,32.6,0.9,25.1,55.6,0.0,1010,12.4,3.7,4
03/04/2023,17:00,112,1.6,41.5,1.0,23.7,62.4,0.0,1011,11.2,3.7,4
03/04/2023,18:00,130,1.2,37.8,0.7,23.0,63.8,0.0,1012,10.7,3.6,4
03/04/2023,19:00,152,1.9,30.1,0.9,22.8,60.6,0.0,1012,9.1,3.3,3
03/04/2023,20:00,166,1.2,34.4,0.6,22.7,59.0,0.0,1012,9.7,3.1,3
03/04/2023,21:00,165,0.7,46.0,0.4,22.6,59.4,0.0,1013,8.5,3.0,3
03/04/2023,22:00,172,0.7,44.9,0.5,22.1,61.8,0.0,1013,6.1,2.1,2
03/04/2023,23:00,174,0.7,56.5,0.6,21.7,63.5,0.0,1012,6.9,2.3,2
04/04/2023,00:00,172,0.7,56.2,0.6,21.5,64.8,0.0,1012,7.3,2.5,2
04/04/2023,01:00,165,0.3,71.7,0.4,21.1,68.5,0.0,1011,7.4,2.4,2
04/04/2023,02:00,172,0.7,43.3,0.4,20.7,70.4,0.0,1010,6.7,2.2,2
04/04/2023,03:00,177,0.7,51.0,0.5,20.5,71.6,0.0,1010,5.3,2.0,2
04/04/2023,04:00,183,0.8,53.8,0.6,20.2,75.2,0.0,1010,5.5,1.9,2
04/04/2023,05:00,170,0.3,76.1,0.4,20.0,77.6,0.0,1010,6.1,2.1,2
04/04/2023,06:00,156,0.3,73.4,0.3,20.6,74.4,0.0,1011,7.5,2.5,3
04/04/2023,07:00,151,0.2,81.6,0.3,22.1,66.3,0.0,1011,6.4,2.4,3
04/04/2023,08:00,165,0.8,53.0,0.6,22.9,62.7,0.0,1011,7.3,2.4,3
04/04/2023,09:00,169,0.9,47.6,0.7,24.2,58.2,0.0,1011,10.9,2.9,3
04/04/2023,10:00,167,1.1,53.8,0.7,26.0,51.8,0.0,1010,6.9,1.8,2
04/04/2023,11:00,166,0.8,60.0,0.6,26.8,48.6,0.0,1009,7.1,1.6,1
04/04/2023,12:00,157,0.7,61.5,0.5,26.1,55.0,0.8,1009,9.7,2.5,3
04/04/2023,13:00,283,0.1,82.1,0.3,26.4,57.5,0.0,1008,9.7,2.8,3
04/04/2023,14:00,115,0.4,38.1,0.5,26.1,54.8,0.9,1008,8.8,2.5,3
04/04/2023,15:00,333,1.3,31.7,0.5,24.6,65.6,0.0,1008,11.2,2.9,3
04/04/2023,16:00,326,1.5,21.5,0.5,24.5,65.5,0.0,1008,12.6,3.6,5
04/04/2023,17:00,325,0.4,50.9,0.3,24.1,70.1,0.0,1008,11.6,4.0,7
04/04/2023,18:00,20,0.5,46.1,0.3,23.5,70.6,0.0,1009,11.8,4.1,6
04/04/2023,19:00,328,0.8,23.1,0.3,23.0,71.5,0.0,1009,13.6,5.4,10
04/04/2023,20:00,320,0.8,35.5,0.3,22.6,72.9,0.0,1009,14.8,5.0,10
04/04/2023,21:00,290,0.2,51.8,0.2,22.2,74.8,0.0,1009,12.4,4.6,9
04/04/2023,22:00,304,0.1,68.9,0.1,21.9,77.1,0.0,1009,11.2,4.3,7
04/04/2023,23:00,325,0.1,75.8,0.1,21.6,78.3,0.0,1009,11.7,4.2,7
05/04/2023,00:00,158,0.2,69.5,0.2,21.4,78.2,0.0,1009,11.6,4.0,5
05/04/2023,01:00,158,0.2,75.9,0.2,20.6,81.0,0.0,1008,10.7,4.0,5
05/04/2023,02:00,260,0.1,60.3,0.2,20.3,82.0,0.0,1008,10.3,3.9,5
05/04/2023,03:00,195,0.1,80.9,0.2,20.1,81.4,0.0,1007,9.7,3.6,4
05/04/2023,04:00,213,0.1,71.0,0.2,19.8,81.5,0.0,1007,10.4,3.6,4
05/04/2023,05:00,169,0.3,72.0,0.3,19.4,83.2,0.0,1007,9.1,3.7,6
05/04/2023,06:00,176,0.5,64.4,0.5,19.0,83.8,0.0,1008,14.0,7.1,19
05/04/2023,07:00,162,0.1,87.8,0.3,19.5,81.8,0.0,1008,13.7,7.5,20
05/04/2023,08:00,162,0.2,81.2,0.4,22.2,69.1,0.0,1008,12.1,5.5,11
05/04/2023,09:00,146,0.2,79.0,0.3,24.8,58.9,0.0,1008,10.8,4.8,8
05/04/2023,10:00,165,0.7,62.0,0.6,25.6,53.2,0.0,1008,10.7,4.2,7
05/04/2023,11:00,163,0.7,60.0,0.5,26.9,47.7,0.0,1007,12.4,4.1,6
05/04/2023,12:00,161,0.6,67.6,0.5,28.3,41.8,0.0,1006,11.6,3.8,6
05/04/2023,13:00,151,1.2,44.7,0.6,28.7,36.5,0.0,1005,10.3,2.7,3
05/04/2023,14:00,159,1.1,50.7,0.7,28.9,34.8,0.0,1005,8.1,1.5,1
05/04/2023,15:00,165,1.8,33.3,0.9,29.1,33.2,0.0,1005,7.9,1.1,0
05/04/2023,16:00,153,1.8,34.2,0.9,28.4,35.2,0.0,1005,7.5,1.1,0
05/04/2023,17:00,137,1.0,40.3,0.7,27.5,39.0,0.0,1006,7.0,1.6,2
05/04/2023,18:00,34,0.7,47.6,0.4,25.3,56.2,0.0,1007,18.3,5.1,8
05/04/2023,19:00,90,0.9,36.9,0.5,24.4,57.6,0.0,1008,17.3,5.5,9
05/04/2023,20:00,120,0.9,38.9,0.5,23.7,57.6,0.0,1008,14.9,5.5,10
05/04/2023,21:00,129,0.7,44.1,0.4,23.2,58.5,0.0,1009,16.1,5.2,8
05/04/2023,22:00,170,0.6,40.9,0.3,22.8,60.6,0.0,1009,14.7,5.3,9
05/04/2023,23:00,181,0.3,73.1,0.3,22.3,63.3,0.0,1009,14.4,5.4,10
06/04/2023,00:00,184,0.4,64.7,0.4,21.7,61.1,0.0,1009,13.7,4.9,7
06/04/2023,01:00,177,0.6,55.2,0.5,21.3,61.8,0.0,1008,13.7,4.9,5
06/04/2023,02:00,170,0.4,70.7,0.4,21.0,64.0,0.0,1008,13.4,4.9,6
06/04/2023,03:00,172,0.3,74.5,0.4,20.6,66.7,0.0,1008,13.8,4.7,6
06/04/2023,04:00,180,0.4,69.2,0.4,20.3,67.4,0.0,1008,12.0,4.6,7
06/04/2023,05:00,173,0.5,67.6,0.4,20.3,66.4,0.0,1008,11.5,4.3,6
06/04/2023,06:00,156,0.3,73.1,0.3,20.7,64.9,0.0,1009,13.4,4.4,7
06/04/2023,07:00,167,0.7,58.6,0.6,21.8,60.0,0.0,1010,12.9,4.3,6
06/04/2023,08:00,159,0.7,50.4,0.5,23.1,55.2,0.0,1010,15.1,4.9,7
06/04/2023,09:00,152,0.5,60.8,0.4,24.8,50.0,0.0,1010,15.0,5.0,7
06/04/2023,10:00,141,0.6,54.8,0.5,25.6,47.5,0.0,1009,14.2,4.6,5
06/04/2023,11:00,135,0.3,73.8,0.4,26.2,45.2,0.0,1009,14.4,4.7,6
06/04/2023,12:00,160,0.4,70.9,0.4,28.1,39.6,0.0,1008,14.2,4.6,6
06/04/2023,13:00,28,0.6,57.5,0.5,27.5,42.7,0.0,1007,14.7,4.5,6
06/04/2023,14:00,46,1.1,38.4,0.6,25.8,51.0,0.0,1006,17.5,4.5,5
06/04/2023,15:00,41,0.9,44.2,0.6,25.3,53.6,0.0,1006,13.3,4.3,5
06/04/2023,16:00,55,1.0,43.1,0.6,24.7,56.1,0.0,1007,13.7,4.1,5
06/04/2023,17:00,70,0.8,45.7,0.5,24.1,58.2,0.0,1007,13.6,4.3,5
06/04/2023,18:00,68,0.9,40.6,0.5,23.6,62.0,0.0,1008,13.3,4.3,6
06/04/2023,19:00,79,0.9,32.1,0.4,23.2,64.3,0.0,1008,14.7,4.8,7
06/04/2023,20:00,69,0.6,35.0,0.3,22.8,65.2,0.0,1008,13.8,4.6,6
06/04/2023,21:00,80,0.5,34.5,0.2,22.6,64.8,0.0,1009,11.5,4.0,5
06/04/2023,22:00,90,0.5,27.6,0.2,22.4,64.8,0.0,1008,11.8,4.3,6
06/04/2023,23:00,131,0.6,25.2,0.2,22.3,64.9,0.0,1008,15.0,4.7,7
07/04/2023,00:00,117,0.6,29.3,0.3,22.2,66.5,0.0,1008,16.7,5.1,8
07/04/2023,01:00,141,0.5,40.2,0.2,21.6,70.0,0.0,1007,15.1,4.7,6
07/04/2023,02:00,162,0.2,67.9,0.2,21.0,74.1,0.0,1007,12.6,4.7,8
07/04/2023,03:00,177,0.2,72.9,0.3,20.4,73.8,0.0,1006,11.6,4.6,8
07/04/2023,04:00,152,0.3,63.9,0.3,20.2,73.2,0.0,1006,11.6,4.8,8
07/04/2023,05:00,166,0.2,76.9,0.2,20.1,73.3,0.0,1006,12.3,4.6,7
07/04/2023,06:00,165,0.4,57.8,0.3,20.2,72.5,0.0,1007,11.4,4.5,7
07/04/2023,07:00,183,0.3,79.4,0.3,20.4,72.1,0.1,1007,11.0,4.4,7
07/04/2023,08:00,186,0.1,71.4,0.2,20.0,80.5,1.9,1008,11.3,4.6,7
07/04/2023,09:00,127,0.3,52.1,0.3,20.7,81.6,0.0,1008,10.8,4.7,8
07/04/2023,10:00,44,0.5,41.0,0.3,21.5,82.2,0.3,1007,11.4,5.3,12
07/04/2023,11:00,326,0.9,51.1,0.5,21.7,81.8,0.0,1007,10.2,4.6,9
07/04/2023,12:00,344,1.0,44.8,0.5,22.0,82.1,0.1,1005,8.8,3.9,7
07/04/2023,13:00,339,1.4,29.4,0.7,23.2,75.6,0.0,1004,8.4,3.7,6
07/04/2023,14:00,333,1.6,32.1,0.8,24.0,69.9,0.0,1003,8.9,3.8,7
07/04/2023,15:00,334,1.8,27.9,0.8,24.4,69.1,0.0,1002,9.3,4.1,7
07/04/2023,16:00,336,1.8,26.5,0.8,24.0,70.5,0.0,1002,9.6,4.0,7
07/04/2023,17:00,337,1.6,30.7,0.7,23.7,71.4,0.0,1002,13.1,4.9,9
07/04/2023,18:00,331,1.3,26.0,0.5,23.1,78.0,1.1,1002,13.0,5.6,13
07/04/2023,19:00,333,0.8,47.7,0.4,22.9,80.6,1.1,1003,12.9,5.9,14
07/04/2023,20:00,330,1.5,26.1,0.6,22.2,82.0,0.0,1002,10.8,4.9,10
07/04/2023,21:00,322,1.3,44.1,0.7,21.9,80.4,0.0,1002,8.5,3.7,7
07/04/2023,22:00,324,1.7,39.1,0.8,21.6,82.1,0.0,1001,8.5,3.9,7
07/04/2023,23:00,171,0.6,50.3,0.8,21.0,86.6,9.6,1002,9.4,3.8,5
08/04/2023,00:00,41,0.3,41.2,0.2,20.8,87.8,0.0,1001,7.3,2.7,3
08/04/2023,01:00,91,0.1,55.9,0.2,20.8,87.6,0.0,1000,6.4,2.6,3
08/04/2023,02:00,329,0.1,71.6,0.1,20.6,87.8,0.0,999,7.5,3.4,5
08/04/2023,03:00,81,0.5,32.3,0.3,20.8,87.4,0.0,999,8.1,3.4,6
08/04/2023,04:00,103,0.6,36.5,0.2,20.4,87.5,0.0,999,9.0,3.6,7
08/04/2023,05:00,351,0.4,57.6,0.3,20.2,87.4,0.0,999,8.4,3.6,7
08/04/2023,06:00,176,0.3,83.6,0.4,22.3,74.4,0.0,999,12.7,4.9,12
08/04/2023,07:00,161,0.7,57.1,0.6,24.3,57.9,0.0,1000,12.6,4.4,7
08/04/2023,08:00,169,0.7,65.5,0.6,25.1,46.9,0.0,1001,12.6,4.1,5
08/04/2023,09:00,166,0.9,58.5,0.6,25.8,39.1,0.0,1001,11.7,3.7,4
08/04/2023,10:00,182,0.7,73.6,0.7,26.5,33.6,0.0,1001,11.4,3.4,3
08/04/2023,11:00,173,0.5,80.0,0.7,27.2,30.0,0.0,1000,14.1,3.5,3
08/04/2023,12:00,165,0.6,74.9,0.7,27.6,28.5,0.0,1000,15.8,3.8,4
08/04/2023,13:00,178,0.5,77.0,0.7,27.8,28.2,0.0,999,15.4,3.6,3
08/04/2023,14:00,180,0.6,76.4,0.6,27.7,28.6,0.0,999,14.5,3.2,3
08/04/2023,15:00,162,0.6,75.6,0.6,27.2,28.3,0.0,999,11.9,2.7,2
08/04/2023,16:00,171,0.4,84.1,0.5,26.4,30.1,0.0,1000,11.1,2.6,2
08/04/2023,17:00,171,0.6,66.5,0.5,25.6,32.0,0.0,1000,10.4,2.8,2
08/04/2023,18:00,139,0.4,70.2,0.4,24.9,34.1,0.0,1001,10.2,3.8,5
08/04/2023,19:00,134,0.2,74.7,0.3,23.9,36.6,0.0,1002,11.5,4.9,9
08/04/2023,20:00,137,0.1,85.4,0.2,23.4,38.3,0.0,1003,10.8,4.5,7
08/04/2023,21:00,303,0.1,69.9,0.2,22.3,42.3,0.0,1003,10.0,4.3,6
08/04/2023,22:00,187,0.1,65.5,0.2,21.5,47.0,0.0,1003,10.6,4.3,6
08/04/2023,23:00,143,0.3,58.4,0.2,21.7,45.8,0.0,1003,11.2,4.3,6
09/04/2023,00:00,156,0.1,68.7,0.2,20.7,49.9,0.0,1003,11.0,3.7,4
09/04/2023,01:00,306,0.0,78.4,0.2,19.8,51.6,0.0,1003,10.0,3.7,4
09/04/2023,02:00,142,0.3,61.3,0.3,20.7,44.6,0.0,1003,10.7,3.4,3
09/04/2023,03:00,141,0.3,62.7,0.3,20.9,42.8,0.0,1003,8.9,3.8,4
09/04/2023,04:00,149,0.3,69.5,0.3,20.7,44.6,0.0,1003,9.4,4.0,4
09/04/2023,05:00,119,0.1,93.6,0.3,20.4,46.0,0.0,1004,10.7,5.2,8
09/04/2023,06:00,136,0.2,86.0,0.3,20.6,45.0,0.0,1004,10.9,5.5,9
09/04/2023,07:00,142,0.3,77.1,0.3,22.2,41.1,0.0,1005,10.8,5.7,10
09/04/2023,08:00,165,0.3,86.3,0.5,23.3,38.3,0.0,1005,11.7,6.0,11
09/04/2023,09:00,163,0.3,86.1,0.5,24.1,34.4,0.0,1004,11.3,4.9,8
09/04/2023,10:00,181,0.6,82.8,0.7,24.9,28.0,0.0,1004,11.6,3.6,4
09/04/2023,11:00,173,0.6,79.5,0.7,25.6,28.3,0.0,1003,13.5,3.7,4
09/04/2023,12:00,170,0.6,77.8,0.6,26.3,28.3,0.0,1002,11.0,3.7,4
09/04/2023,13:00,174,0.3,79.2,0.6,26.8,28.0,0.0,1002,13.3,4.0,5
09/04/2023,14:00,182,0.5,85.3,0.7,27.1,27.3,0.0,1001,12.4,3.9,5
09/04/2023,15:00,161,0.4,82.3,0.6,26.9,28.0,0.0,1001,12.3,3.9,5
09/04/2023,16:00,174,0.4,81.7,0.5,26.0,30.2,0.0,1002,10.6,3.9,5
09/04/2023,17:00,159,0.4,75.4,0.4,25.1,30.8,0.0,1003,11.6,3.8,5
09/04/2023,18:00,147,0.5,72.0,0.4,24.3,32.2,0.0,1004,11.0,4.0,5
09/04/2023,19:00,146,0.3,78.0,0.4,23.8,33.1,0.0,1004,10.3,3.9,5
09/04/2023,20:00,147,0.4,70.3,0.4,23.2,33.5,0.0,1005,10.5,3.6,4
09/04/2023,21:00,150,0.3,74.8,0.3,22.5,34.5,0.0,1006,10.6,3.5,3
09/04/2023,22:00,176,0.1,78.4,0.2,21.6,37.7,0.0,1006,10.5,3.6,3
09/04/2023,23:00,225,0.1,75.3,0.2,20.9,39.5,0.0,1005,11.2,3.5,3
10/04/2023,00:00,156,0.4,56.0,0.3,20.3,44.3,0.0,1005,11.2,3.9,4
10/04/2023,01:00,164,0.4,50.2,0.3,19.4,47.8,0.0,1005,12.8,3.8,3
10/04/2023,02:00,162,0.2,79.0,0.2,19.1,47.0,0.0,1004,11.7,4.0,4
10/04/2023,03:00,170,0.3,67.2,0.3,18.6,47.2,0.0,1004,13.1,3.8,3
10/04/2023,04:00,178,0.0,83.2,0.2,17.9,50.7,0.0,1004,10.0,3.5,3
10/04/2023,05:00,147,0.1,80.4,0.2,18.6,45.1,0.0,1005,10.1,4.0,4
10/04/2023,06:00,138,0.2,85.6,0.2,19.6,39.9,0.0,1006,9.2,3.3,3
10/04/2023,07:00,105,0.1,90.9,0.2,21.6,34.9,0.0,1007,9.4,3.0,2
10/04/2023,08:00,135,0.2,93.8,0.3,22.7,32.6,0.0,1007,9.3,3.2,2
10/04/2023,09:00,136,0.2,84.3,0.4,23.1,31.2,0.0,1007,11.1,3.5,3
10/04/2023,10:00,180,0.2,93.5,0.5,23.9,30.3,0.0,1006,11.0,3.6,3
10/04/2023,11:00,177,0.2,89.7,0.5,25.0,27.5,0.0,1005,13.1,3.8,3
10/04/2023,12:00,150,0.4,81.5,0.5,25.8,25.8,0.0,1004,10.8,3.8,3
10/04/2023,13:00,153,0.5,78.3,0.5,26.2,25.6,0.0,1003,12.0,3.8,4
10/04/2023,14:00,159,0.4,80.8,0.5,25.7,26.5,0.0,1003,11.2,3.7,3
10/04/2023,15:00,153,0.2,94.8,0.5,25.5,27.4,0.0,1003,11.3,3.7,3
10/04/2023,16:00,161,0.5,71.5,0.5,25.1,28.4,0.0,1003,11.1,3.6,3
10/04/2023,17:00,149,0.4,76.4,0.4,24.3,30.5,0.0,1004,10.8,3.9,4
10/04/2023,18:00,169,0.3,78.3,0.4,23.2,31.8,0.0,1005,10.9,4.1,5
10/04/2023,19:00,158,0.3,82.8,0.4,22.5,32.9,0.0,1006,10.8,4.1,5
10/04/2023,20:00,161,0.4,73.6,0.4,21.7,34.2,0.0,1007,11.6,4.0,4
10/04/2023,21:00,160,0.2,76.0,0.3,21.1,35.8,0.0,1007,11.2,4.0,4
10/04/2023,22:00,147,0.4,62.7,0.3,20.8,36.7,0.0,1007,11.3,4.0,4
10/04/2023,23:00,158,0.2,70.8,0.2,20.1,38.4,0.0,1007,11.0,3.9,4
11/04/2023,00:00,179,0.5,54.9,0.4,19.3,41.8,0.0,1007,11.6,3.9,4
11/04/2023,01:00,180,0.8,51.6,0.5,18.7,43.5,0.0,1007,11.9,4.2,4
11/04/2023,02:00,146,0.5,53.2,0.3,18.3,45.3,0.0,1007,11.0,4.0,4
11/04/2023,03:00,138,0.6,42.1,0.3,17.9,46.0,0.0,1007,11.0,4.0,4
11/04/2023,04:00,157,0.2,71.0,0.2,17.3,48.7,0.0,1007,10.3,4.1,4
11/04/2023,05:00,155,0.3,74.5,0.3,17.0,49.7,0.0,1008,10.9,4.1,4
11/04/2023,06:00,317,0.1,71.1,0.2,16.9,50.9,0.0,1008,12.6,4.3,5
11/04/2023,07:00,106,0.0,73.7,0.2,19.2,43.5,0.0,1009,12.5,4.3,6
11/04/2023,08:00,75,0.0,85.7,0.3,21.6,35.2,0.0,1009,11.9,4.0,4
11/04/2023,09:00,147,0.3,72.3,0.4,22.9,32.5,0.0,1009,9.7,3.7,4
11/04/2023,10:00,157,0.5,76.0,0.5,23.6,29.9,0.0,1008,10.6,3.5,3
11/04/2023,11:00,155,0.3,81.1,0.4,24.8,28.7,0.0,1008,11.1,3.6,4
11/04/2023,12:00,129,0.3,85.8,0.3,25.9,27.5,0.0,1006,10.7,3.5,4
11/04/2023,13:00,154,0.2,90.1,0.4,26.7,24.3,0.0,1005,9.9,2.9,2
11/04/2023,14:00,130,0.2,85.6,0.4,26.9,24.4,0.0,1005,9.9,2.8,2
11/04/2023,15:00,151,0.2,92.0,0.4,26.6,23.7,0.0,1004,9.9,2.5,2
11/04/2023,16:00,148,0.3,76.9,0.4,25.5,24.1,0.0,1005,8.9,2.4,2
11/04/2023,17:00,122,0.1,95.4,0.3,24.7,26.7,0.0,1006,9.0,3.1,3
11/04/2023,18:00,11,0.0,100.8,0.2,23.5,30.3,0.0,1006,11.1,4.4,7
11/04/2023,19:00,132,0.1,88.1,0.2,23.1,29.8,0.0,1007,10.4,4.1,6
11/04/2023,20:00,128,0.1,80.6,0.2,22.3,32.1,0.0,1008,10.0,3.9,5
11/04/2023,21:00,152,0.1,91.9,0.2,22.0,33.0,0.0,1008,9.5,3.3,3
11/04/2023,22:00,142,0.2,78.3,0.2,21.4,34.3,0.0,1008,8.8,3.1,3
11/04/2023,23:00,164,0.7,24.9,0.3,20.3,40.6,0.0,1008,10.7,3.7,4
12/04/2023,00:00,167,0.6,51.5,0.4,19.4,40.6,0.0,1008,11.6,3.7,4
12/04/2023,01:00,170,0.7,49.7,0.5,18.2,43.7,0.0,1008,13.2,4.1,5
12/04/2023,02:00,157,0.2,77.5,0.3,17.6,47.4,0.0,1008,12.8,4.0,5
12/04/2023,03:00,153,0.4,58.4,0.3,17.1,49.7,0.0,1007,10.9,3.7,4
12/04/2023,04:00,167,0.4,56.5,0.3,16.0,55.6,0.0,1007,13.2,3.7,4
12/04/2023,05:00,162,0.3,66.5,0.2,15.8,57.0,0.0,1008,9.6,3.6,4
12/04/2023,06:00,139,0.1,79.3,0.2,16.3,54.1,0.0,1008,11.3,3.5,4
12/04/2023,07:00,122,0.2,78.3,0.3,18.2,49.0,0.0,1009,11.9,4.1,6
12/04/2023,08:00,152,0.6,57.7,0.3,19.8,44.9,0.0,1009,16.1,5.6,10
12/04/2023,09:00,157,0.7,51.7,0.4,21.7,38.5,0.0,1009,14.0,3.6,5
12/04/2023,10:00,140,0.5,71.6,0.4,24.3,31.8,0.0,1008,11.6,3.4,4
12/04/2023,11:00,160,0.6,63.1,0.6,24.9,25.7,0.0,1007,9.0,2.3,2
12/04/2023,12:00,137,0.2,79.6,0.4,26.2,25.3,0.0,1006,11.9,3.4,4
12/04/2023,13:00,128,0.2,89.1,0.4,26.8,21.2,0.0,1005,9.4,3.3,4
12/04/2023,14:00,154,0.2,90.2,0.4,27.1,20.8,0.0,1004,11.8,2.5,2
12/04/2023,15:00,98,0.2,94.2,0.4,27.3,21.5,0.0,1004,10.1,2.2,2
12/04/2023,16:00,319,0.2,92.6,0.3,26.7,23.7,0.0,1004,11.1,2.9,3
12/04/2023,17:00,318,0.5,50.0,0.3,25.9,25.9,0.0,1004,11.5,3.4,4
12/04/2023,18:00,315,0.6,37.0,0.3,25.4,27.1,0.0,1004,14.4,4.9,9
12/04/2023,19:00,299,0.2,59.0,0.2,23.8,33.7,0.0,1005,16.2,5.4,11
12/04/2023,20:00,297,0.2,65.3,0.2,22.8,36.3,0.0,1006,16.1,5.0,8
12/04/2023,21:00,318,0.1,48.6,0.2,22.2,39.5,0.0,1005,21.3,5.6,9
12/04/2023,22:00,267,0.1,53.9,0.3,22.0,40.7,0.0,1005,20.1,5.5,10
12/04/2023,23:00,335,0.7,45.4,0.4,21.9,38.5,0.0,1004,12.9,4.2,6
13/04/2023,00:00,313,1.8,18.8,0.6,22.5,33.2,0.0,1003,13.4,4.2,6
13/04/2023,01:00,320,1.6,15.6,0.6,22.3,33.2,0.0,1002,10.4,3.4,3
13/04/2023,02:00,168,0.5,47.6,0.3,20.9,41.7,0.0,1001,11.8,3.5,4
13/04/2023,03:00,168,0.6,54.6,0.4,17.9,56.7,0.0,1002,14.9,4.4,6
13/04/2023,04:00,176,0.2,71.8,0.3,17.7,56.8,0.0,1002,14.1,4.5,7
13/04/2023,05:00,173,0.2,82.5,0.3,17.6,55.9,0.0,1002,15.0,5.5,9
13/04/2023,06:00,142,0.2,73.1,0.3,17.4,59.9,0.0,1002,12.9,4.5,7
13/04/2023,07:00,118,0.5,33.8,0.3,20.2,51.0,0.0,1002,33.2,7.6,14
13/04/2023,08:00,144,0.4,70.4,0.3,24.3,36.7,0.0,1003,20.6,5.0,7
13/04/2023,09:00,162,0.4,80.8,0.5,26.2,29.7,0.0,1002,22.2,4.8,5
13/04/2023,10:00,166,0.3,76.9,0.5,26.9,27.6,0.0,1002,21.6,5.1,5
13/04/2023,11:00,164,0.3,80.3,0.6,27.3,24.3,0.0,1001,22.3,4.9,4
13/04/2023,12:00,163,0.6,74.6,0.6,27.8,23.7,0.0,1000,21.0,4.5,4
13/04/2023,13:00,172,0.4,81.8,0.6,27.7,24.9,0.0,1000,16.0,3.3,2
13/04/2023,14:00,161,0.4,88.3,0.6,27.2,26.6,0.0,1000,13.7,3.1,3
13/04/2023,15:00,137,0.3,89.1,0.5,27.0,27.2,0.0,1001,12.1,2.9,2
13/04/2023,16:00,166,0.4,74.6,0.5,26.2,29.7,0.0,1002,11.1,2.5,2
13/04/2023,17:00,167,0.3,80.2,0.5,25.4,31.6,0.0,1003,10.4,2.9,3
13/04/2023,18:00,130,0.1,93.2,0.3,24.4,34.5,0.0,1004,11.5,3.9,6
13/04/2023,19:00,142,0.3,73.3,0.3,23.7,35.4,0.0,1004,10.9,4.7,8
13/04/2023,20:00,149,0.1,93.0,0.3,23.2,36.9,0.0,1005,10.2,3.9,5
13/04/2023,21:00,154,0.1,75.1,0.3,22.8,38.4,0.0,1005,9.0,3.3,3
13/04/2023,22:00,81,0.4,37.0,0.2,21.3,44.1,0.0,1005,12.0,4.1,5
13/04/2023,23:00,165,0.7,52.6,0.4,20.3,46.5,0.0,1004,13.7,4.4,6
14/04/2023,00:00,149,0.3,70.5,0.3,20.5,46.2,0.0,1004,10.9,4.1,5
14/04/2023,01:00,162,0.4,54.1,0.3,19.9,49.1,0.0,1004,10.9,4.0,5
14/04/2023,02:00,161,0.1,78.9,0.2,19.3,51.4,0.0,1004,10.3,4.0,5
14/04/2023,03:00,163,0.5,44.3,0.3,18.6,56.3,0.0,1004,12.0,4.0,5
14/04/2023,04:00,246,0.1,82.8,0.2,17.7,59.9,0.0,1004,10.8,4.1,5
14/04/2023,05:00,187,0.2,73.5,0.2,17.3,61.9,0.0,1005,10.1,4.1,6
14/04/2023,06:00,168,0.4,63.7,0.4,17.4,61.0,0.0,1005,11.5,4.4,7
14/04/2023,07:00,134,0.2,86.3,0.3,20.0,49.5,0.0,1006,10.6,4.3,6
14/04/2023,08:00,154,0.5,69.3,0.4,21.7,43.9,0.0,1007,11.8,4.7,7
14/04/2023,09:00,163,0.8,59.2,0.7,22.7,41.9,0.0,1007,10.9,4.7,7
14/04/2023,10:00,155,0.9,48.8,0.5,23.8,40.1,0.0,1006,13.8,4.9,7
14/04/2023,11:00,158,0.7,60.4,0.5,24.9,38.4,0.0,1006,14.6,5.1,16
14/04/2023,12:00,170,0.4,69.3,0.5,25.9,35.8,0.0,1005,13.5,4.6,6
14/04/2023,13:00,179,0.4,70.9,0.5,26.7,33.8,0.0,1004,12.7,4.7,7
14/04/2023,14:00,167,0.0,54.7,0.5,26.7,34.6,0.0,1004,14.1,4.6,7
14/04/2023,15:00,25,1.2,41.1,0.7,25.2,41.6,0.0,1004,26.4,8.3,17
14/04/2023,16:00,6,1.1,36.4,0.6,24.3,48.7,0.0,1004,14.1,5.1,7
14/04/2023,17:00,35,0.8,42.9,0.5,23.4,56.4,0.0,1005,14.3,4.6,6
14/04/2023,18:00,42,0.7,43.9,0.4,22.6,62.1,0.0,1006,17.3,5.6,9
14/04/2023,19:00,41,0.7,41.4,0.4,22.3,63.3,0.0,1006,17.9,6.4,11
14/04/2023,20:00,45,0.8,38.9,0.4,22.1,59.9,0.0,1007,16.7,6.5,11
14/04/2023,21:00,53,0.7,46.2,0.4,21.5,55.7,0.0,1007,16.5,5.6,8
14/04/2023,22:00,91,0.4,50.9,0.3,21.1,57.6,0.0,1007,15.3,5.3,7
14/04/2023,23:00,137,0.5,46.2,0.3,20.9,57.8,0.0,1007,16.1,5.3,7
15/04/2023,00:00,162,0.3,73.2,0.3,20.4,60.0,0.0,1007,15.2,5.7,8
15/04/2023,01:00,161,0.4,59.5,0.4,19.8,62.5,0.0,1006,16.1,6.3,9
15/04/2023,02:00,155,0.2,74.9,0.3,19.4,66.3,0.0,1006,15.0,6.3,10
15/04/2023,03:00,149,0.3,70.5,0.3,19.3,66.8,0.0,1006,14.0,5.6,9
15/04/2023,04:00,167,0.4,71.5,0.4,18.6,67.6,0.0,1006,13.1,5.2,8
15/04/2023,05:00,153,0.3,72.0,0.3,18.2,69.3,0.0,1007,13.8,5.5,8
15/04/2023,06:00,156,0.4,64.0,0.3,18.1,71.2,0.0,1007,13.5,5.6,9
15/04/2023,07:00,144,0.2,75.9,0.3,20.2,63.0,0.0,1008,14.6,5.8,10
15/04/2023,08:00,153,0.9,41.9,0.5,21.1,58.6,0.0,1008,14.6,5.7,9
15/04/2023,09:00,137,0.4,67.6,0.4,23.3,52.9,0.0,1008,15.9,5.9,8
15/04/2023,10:00,335,0.3,50.8,0.5,24.5,49.5,0.0,1008,18.1,6.2,9
15/04/2023,11:00,327,1.2,37.4,0.7,25.4,44.8,0.0,1007,14.4,5.2,7
15/04/2023,12:00,358,1.2,38.3,0.7,25.9,43.2,0.0,1006,14.1,4.6,5
15/04/2023,13:00,5,1.2,41.8,0.7,26.2,42.3,0.0,1005,12.1,4.0,4
15/04/2023,14:00,21,1.2,43.4,0.7,25.7,46.3,0.0,1005,14.4,4.2,4
15/04/2023,15:00,357,1.3,38.0,0.7,25.3,47.7,0.0,1005,15.2,4.2,4
15/04/2023,16:00,349,1.4,31.7,0.7,24.5,50.5,0.0,1005,9.8,3.6,3
15/04/2023,17:00,335,1.7,25.5,0.6,23.7,56.8,0.0,1006,11.7,4.1,5
15/04/2023,18:00,334,1.4,17.8,0.5,23.2,61.6,0.0,1006,12.9,5.0,9
15/04/2023,19:00,333,1.3,15.4,0.4,23.1,63.1,0.0,1007,15.2,6.3,13
15/04/2023,20:00,335,1.2,18.0,0.4,22.9,63.9,0.0,1007,15.0,6.3,14
15/04/2023,21:00,321,0.9,27.3,0.4,22.6,64.9,0.0,1007,13.9,6.2,13
15/04/2023,22:00,319,0.6,60.0,0.4,22.4,64.7,0.0,1007,14.7,6.0,12
15/04/2023,23:00,321,0.9,21.1,0.3,22.2,64.2,0.0,1007,13.7,5.5,10
16/04/2023,00:00,320,0.8,24.6,0.3,22.1,63.9,0.0,1007,13.7,4.7,7
16/04/2023,01:00,299,0.1,64.9,0.2,21.9,64.4,0.0,1006,11.9,4.3,4
16/04/2023,02:00,160,0.3,56.7,0.2,20.6,71.8,0.0,1006,14.3,6.8,15
16/04/2023,03:00,163,0.4,53.6,0.3,19.1,76.8,0.0,1006,15.9,8.3,20
16/04/2023,04:00,158,0.5,47.8,0.3,18.8,77.8,0.0,1006,14.1,7.3,16
16/04/2023,05:00,175,0.2,70.4,0.3,18.7,77.0,0.0,1006,14.1,6.4,13
16/04/2023,06:00,156,0.2,81.0,0.2,18.7,74.6,0.0,1007,11.8,5.5,10
16/04/2023,07:00,153,0.6,38.5,0.4,19.8,71.0,0.0,1008,13.9,6.6,13
16/04/2023,08:00,154,0.9,38.9,0.4,22.1,63.4,0.0,1008,15.3,6.8,14
16/04/2023,09:00,135,0.7,31.6,0.4,23.9,58.6,0.0,1008,13.1,5.8,10
16/04/2023,10:00,1,0.5,57.0,0.5,26.8,49.0,0.0,1007,10.1,4.0,5
16/04/2023,11:00,344,0.9,50.6,0.6,27.9,45.9,0.0,1006,10.3,3.7,4
16/04/2023,12:00,349,1.5,36.9,0.8,27.4,50.7,0.0,1005,10.6,4.1,6
16/04/2023,13:00,347,1.6,32.8,0.7,27.3,51.4,0.0,1004,9.6,3.9,5
16/04/2023,14:00,334,1.8,25.7,0.8,27.2,51.4,0.0,1004,10.3,3.7,4
16/04/2023,15:00,342,1.8,26.7,0.8,26.8,51.4,0.0,1004,9.5,3.4,4
16/04/2023,16:00,334,1.7,23.9,0.7,25.9,58.5,0.0,1005,10.3,3.3,4
16/04/2023,17:00,329,2.2,17.7,0.7,25.2,62.4,0.0,1006,9.3,3.2,4
16/04/2023,18:00,337,1.6,25.7,0.7,25.1,65.0,0.0,1007,9.6,3.7,5
16/04/2023,19:00,335,1.2,22.8,0.4,25.0,66.4,0.0,1007,10.2,4.2,7
16/04/2023,20:00,331,1.2,20.1,0.5,25.0,67.0,0.0,1008,9.5,3.9,6
16/04/2023,21:00,334,1.3,20.4,0.5,24.9,67.3,0.0,1008,8.8,3.6,5
16/04/2023,22:00,326,1.2,23.7,0.5,24.8,66.5,0.0,1009,9.4,3.7,5
16/04/2023,23:00,325,1.7,20.1,0.6,24.6,66.6,0.0,1009,12.6,4.2,6
17/04/2023,00:00,335,0.6,53.1,0.4,24.4,67.7,0.0,1009,14.4,4.5,7
17/04/2023,01:00,343,0.3,63.8,0.3,24.1,68.9,0.0,1009,11.7,4.3,6
17/04/2023,02:00,330,0.6,38.6,0.3,23.9,69.2,0.0,1009,11.0,4.3,7
17/04/2023,03:00,336,0.1,60.8,0.2,23.4,71.2,0.0,1009,10.8,4.2,7
17/04/2023,04:00,171,0.1,47.5,0.2,22.9,74.4,0.0,1009,12.6,4.8,8
17/04/2023,05:00,165,0.4,46.5,0.2,22.2,77.3,0.0,1010,10.7,4.4,8
17/04/2023,06:00,171,0.4,60.0,0.3,21.9,77.6,0.0,1011,10.6,4.4,8
17/04/2023,07:00,159,0.6,57.5,0.4,22.7,73.0,0.0,1012,15.7,5.5,12
17/04/2023,08:00,160,0.7,55.0,0.5,23.7,70.0,0.0,1012,22.7,6.5,15
17/04/2023,09:00,155,1.3,39.6,0.7,25.8,60.6,0.0,1013,18.1,5.5,11
17/04/2023,10:00,135,1.4,36.2,0.8,27.3,49.3,0.0,1012,16.6,5.7,10
17/04/2023,11:00,128,1.3,38.8,0.8,28.0,47.0,0.0,1012,24.1,6.8,12
17/04/2023,12:00,91,1.1,38.3,0.6,27.5,48.9,0.0,1011,26.5,8.3,16
17/04/2023,13:00,128,1.3,39.4,0.8,27.9,46.9,0.0,1011,27.7,9.2,18
17/04/2023,14:00,91,1.4,35.5,0.8,27.1,49.8,0.0,1011,31.2,9.5,20
17/04/2023,15:00,87,1.8,35.6,0.9,26.1,53.6,0.0,1012,32.4,9.3,20
17/04/2023,16:00,101,1.6,40.9,0.9,25.4,54.5,0.0,1012,31.3,10.5,24
17/04/2023,17:00,121,1.9,37.5,0.9,24.6,54.7,0.0,1013,26.6,10.0,24
17/04/2023,18:00,125,1.6,36.1,0.8,23.9,56.5,0.0,1014,19.6,6.9,14
17/04/2023,19:00,130,1.6,42.9,1.0,23.3,58.8,0.0,1015,18.0,6.8,13
17/04/2023,20:00,133,1.2,35.9,0.6,22.9,58.8,0.0,1016,17.5,6.4,11
17/04/2023,21:00,146,1.4,32.5,0.6,22.5,59.7,0.0,1017,14.9,5.8,10
17/04/2023,22:00,153,1.0,36.6,0.5,22.1,61.6,0.0,1017,16.3,5.8,10
17/04/2023,23:00,169,0.6,60.0,0.5,21.7,63.2,0.0,1017,17.5,6.1,11
18/04/2023,00:00,167,0.5,58.6,0.4,21.4,63.7,0.0,1017,17.1,6.5,13
18/04/2023,01:00,166,0.4,70.5,0.4,20.8,65.5,0.0,1016,15.5,6.6,10
18/04/2023,02:00,177,0.5,59.8,0.4,20.2,68.2,0.0,1016,16.7,6.5,11
18/04/2023,03:00,176,0.4,67.7,0.4,19.8,69.0,0.0,1016,17.4,6.2,10
18/04/2023,04:00,178,0.5,62.7,0.5,19.7,69.3,0.0,1016,13.6,5.7,10
18/04/2023,05:00,178,0.7,50.7,0.6,19.5,69.6,0.0,1017,10.3,4.0,6
18/04/2023,06:00,168,0.4,71.6,0.4,19.5,70.3,0.0,1017,12.6,4.3,7
18/04/2023,07:00,171,0.9,54.0,0.7,20.5,64.5,0.0,1018,16.6,4.7,7
18/04/2023,08:00,169,1.4,42.1,0.8,22.0,56.1,0.0,1018,21.4,5.7,8
18/04/2023,09:00,164,2.1,30.5,1.0,23.3,50.5,0.0,1018,18.6,6.3,8
18/04/2023,10:00,165,1.9,33.5,0.9,24.4,46.0,0.0,1017,,,
18/04/2023,11:00,147,1.6,43.9,0.9,25.6,41.4,0.0,1016,,,
18/04/2023,12:00,117,1.5,42.3,0.9,25.8,40.6,0.0,1015,25.2,7.1,10
18/04/2023,13:00,123,1.7,41.6,0.9,25.8,39.9,0.0,1014,25.5,6.7,9
18/04/2023,14:00,115,1.7,37.5,1.0,25.8,39.3,0.0,1014,22.6,6.8,
18/04/2023,15:00,118,1.6,40.4,0.9,25.3,40.6,0.0,1014,24.2,7.5,13
18/04/2023,16:00,105,1.8,34.8,0.9,24.3,43.7,0.0,1014,28.5,7.3,12
18/04/2023,17:00,98,1.4,36.3,0.7,23.4,45.7,0.0,1014,24.9,7.1,11
18/04/2023,18:00,115,1.2,39.0,0.7,22.5,49.0,0.0,1015,25.2,7.4,12
18/04/2023,19:00,144,1.5,34.0,0.7,22.1,51.4,0.0,1015,22.0,7.0,11
18/04/2023,20:00,162,1.0,35.0,0.5,21.5,52.6,0.0,1015,19.3,6.6,11
18/04/2023,21:00,177,0.7,51.1,0.5,21.0,55.2,0.0,1015,23.8,8.0,15
18/04/2023,22:00,174,0.6,56.2,0.5,20.6,56.7,0.0,1015,19.5,6.9,12
18/04/2023,23:00,154,0.3,75.6,0.3,20.4,57.5,0.0,1014,18.1,6.6,12
19/04/2023,00:00,148,0.4,70.3,0.3,20.1,58.5,0.0,1014,18.1,6.3,10
19/04/2023,01:00,145,0.5,58.0,0.4,19.7,60.5,0.0,1013,16.5,6.0,9
19/04/2023,02:00,163,0.3,78.8,0.4,19.6,62.8,0.0,1013,16.8,6.1,9
19/04/2023,03:00,174,0.6,60.4,0.5,18.7,71.0,0.0,1013,17.7,6.1,10
19/04/2023,04:00,151,0.4,63.3,0.3,18.1,79.5,0.0,1013,15.0,5.7,10
19/04/2023,05:00,153,0.4,69.2,0.4,18.4,76.4,0.0,1013,14.8,5.7,11
19/04/2023,06:00,163,0.4,71.8,0.4,18.6,73.9,0.0,1014,15.3,5.7,11
19/04/2023,07:00,169,0.7,56.9,0.6,19.0,73.6,0.0,1014,16.4,5.7,12
19/04/2023,08:00,166,0.7,52.9,0.6,20.0,69.9,0.0,1014,14.8,4.5,10
19/04/2023,09:00,165,0.7,59.7,0.6,21.6,62.9,0.0,1014,16.0,4.6,10
19/04/2023,10:00,157,1.2,42.7,0.6,23.1,55.2,0.0,1014,18.5,5.2,9
19/04/2023,11:00,158,1.4,36.2,0.7,23.8,51.3,0.0,1013,18.0,5.4,10
19/04/2023,12:00,149,1.4,41.6,0.7,24.2,48.1,0.0,1012,17.1,5.7,10
19/04/2023,13:00,153,1.4,35.1,0.7,24.9,45.2,0.0,1011,16.6,6.0,10
19/04/2023,14:00,150,1.6,29.7,0.8,25.6,39.0,0.0,1010,16.7,5.6,9
19/04/2023,15:00,127,0.9,49.5,0.6,25.5,39.7,0.0,1010,17.7,5.6,9
19/04/2023,16:00,86,1.5,32.7,0.7,24.0,46.8,0.0,1010,22.4,6.0,10
19/04/2023,17:00,107,1.3,39.6,0.7,22.9,50.3,0.0,1011,24.4,6.7,11
19/04/2023,18:00,94,1.2,40.9,0.6,22.2,51.5,0.0,1011,24.2,7.4,13
19/04/2023,19:00,113,1.3,38.7,0.6,21.6,53.1,0.0,1012,22.5,7.2,12
19/04/2023,20:00,128,1.0,35.5,0.6,21.3,53.2,0.0,1012,18.8,6.4,10
19/04/2023,21:00,173,0.4,70.5,0.4,20.8,54.4,0.0,1012,19.7,6.4,11
19/04/2023,22:00,173,0.2,82.2,0.3,20.2,56.9,0.0,1012,18.6,6.5,12
19/04/2023,23:00,185,0.4,67.3,0.4,19.7,58.8,0.0,1012,17.7,6.0,11
20/04/2023,00:00,173,0.5,62.6,0.4,19.2,60.8,0.0,1012,17.1,6.1,10
20/04/2023,01:00,164,0.3,73.0,0.3,18.7,63.7,0.0,1012,18.0,6.2,11
20/04/2023,02:00,163,0.3,72.8,0.3,18.4,64.4,0.0,1011,16.3,5.9,10
20/04/2023,03:00,162,0.4,63.8,0.4,18.3,63.9,0.0,1011,16.2,6.1,11
20/04/2023,04:00,163,0.5,55.2,0.4,17.9,65.5,0.0,1012,15.0,6.2,12
20/04/2023,05:00,161,0.4,66.7,0.4,18.0,65.2,0.0,1012,15.2,6.0,10
20/04/2023,06:00,155,0.4,65.0,0.4,18.2,64.9,0.0,1013,15.0,5.9,11
20/04/2023,07:00,162,0.4,69.0,0.4,19.4,61.2,0.0,1014,16.8,6.4,13
20/04/2023,08:00,175,0.7,55.3,0.6,20.7,56.9,0.0,1014,20.4,6.8,13
20/04/2023,09:00,172,1.3,43.7,0.8,22.3,50.8,0.0,1014,22.2,6.1,11
20/04/2023,10:00,171,1.4,44.3,0.9,23.8,43.3,0.0,1014,20.2,5.1,8
20/04/2023,11:00,169,1.5,41.7,0.9,24.9,38.3,0.0,1013,16.9,4.7,7
20/04/2023,12:00,168,1.4,39.4,0.8,25.4,36.2,0.0,1012,15.9,4.5,6
20/04/2023,13:00,172,1.2,42.3,0.7,25.9,35.6,0.0,1011,15.8,4.5,7
20/04/2023,14:00,169,1.0,54.5,0.7,25.9,36.0,0.0,1011,18.5,4.7,7
20/04/2023,15:00,162,0.9,45.6,0.5,25.7,37.7,0.0,1011,15.5,4.7,7
20/04/2023,16:00,147,1.3,32.6,0.7,24.8,43.5,0.0,1012,20.0,5.4,9
20/04/2023,17:00,143,1.6,31.3,0.8,24.1,45.7,0.0,1013,19.2,5.0,8
20/04/2023,18:00,115,1.1,34.8,0.6,23.4,48.6,0.0,1014,19.6,5.1,8
20/04/2023,19:00,132,1.0,37.7,0.5,23.2,49.9,0.0,1015,16.1,5.3,9
20/04/2023,20:00,160,0.9,41.2,0.5,22.8,51.7,0.0,1015,16.1,4.9,9
20/04/2023,21:00,184,1.1,41.9,0.7,21.9,54.8,0.0,1016,14.0,4.9,9
20/04/2023,22:00,180,1.1,41.3,0.7,21.2,56.1,0.0,1016,12.8,4.6,8
20/04/2023,23:00,181,1.0,41.6,0.7,20.6,55.1,0.0,1016,12.0,4.3,7
21/04/2023,00:00,180,0.8,51.5,0.6,20.0,58.0,0.0,1015,11.0,3.4,5
21/04/2023,01:00,173,0.6,59.4,0.5,19.8,59.7,0.0,1015,13.2,5.0,9
21/04/2023,02:00,179,0.7,56.1,0.5,19.8,59.4,0.0,1015,16.6,7.0,13
21/04/2023,03:00,184,0.7,58.5,0.6,19.6,60.0,0.0,1014,15.7,6.5,12
21/04/2023,04:00,177,0.5,63.7,0.5,19.4,61.6,0.0,1015,15.6,5.6,9
21/04/2023,05:00,166,0.4,65.7,0.4,19.3,62.9,0.0,1015,15.3,5.4,9
21/04/2023,06:00,173,0.4,62.8,0.4,19.3,63.5,0.0,1016,16.0,5.7,10
21/04/2023,07:00,171,0.6,59.0,0.6,20.7,58.5,0.0,1017,20.6,6.1,11
21/04/2023,08:00,178,1.1,46.3,0.8,21.8,55.3,0.0,1017,19.6,5.7,10
21/04/2023,09:00,163,1.9,34.8,1.1,23.3,51.1,0.0,1017,21.8,5.4,8
21/04/2023,10:00,174,1.4,47.7,0.9,23.3,52.6,0.0,1018,21.4,4.1,7
21/04/2023,11:00,178,1.4,46.8,1.0,23.5,52.9,0.0,1017,21.2,3.9,6
21/04/2023,12:00,173,1.7,44.5,1.0,23.8,50.9,0.0,1016,16.4,3.3,5
21/04/2023,13:00,174,2.0,37.4,1.1,23.5,51.6,0.0,1016,17.0,3.3,5
21/04/2023,14:00,163,1.6,39.7,0.9,21.8,61.0,0.0,1017,13.4,3.5,6
21/04/2023,15:00,180,1.1,47.7,0.7,22.8,54.6,0.0,1017,12.3,2.8,5
21/04/2023,16:00,179,1.1,48.3,0.8,22.5,56.0,0.0,1017,12.6,3.4,6
21/04/2023,17:00,183,1.3,43.7,0.8,21.8,58.1,0.0,1018,17.4,5.6,10
21/04/2023,18:00,180,0.9,49.9,0.6,21.7,58.3,0.0,1019,20.0,6.3,12
21/04/2023,19:00,175,0.7,49.7,0.5,21.4,58.2,0.0,1020,19.2,6.4,12
21/04/2023,20:00,178,1.0,43.6,0.7,20.7,59.4,0.0,1020,20.6,6.7,12
21/04/2023,21:00,183,1.0,44.3,0.7,20.1,60.6,0.0,1020,13.0,4.8,8
21/04/2023,22:00,183,0.9,50.8,0.7,19.6,61.9,0.0,1020,10.9,3.7,5
21/04/2023,23:00,181,1.0,41.3,0.7,19.3,61.1,0.0,1020,12.1,4.1,6
22/04/2023,00:00,179,0.9,51.5,0.7,19.3,59.8,0.0,1019,13.7,4.7,6
22/04/2023,01:00,176,0.9,53.1,0.7,19.0,60.3,0.0,1019,12.8,4.5,6
22/04/2023,02:00,182,0.8,54.3,0.7,18.7,61.3,0.0,1018,11.6,4.2,6
22/04/2023,03:00,171,0.6,62.7,0.5,18.6,61.6,0.0,1019,10.9,4.1,6
22/04/2023,04:00,163,0.4,74.9,0.4,18.4,63.7,0.0,1019,10.5,3.9,6
22/04/2023,05:00,179,0.6,64.2,0.5,18.2,65.2,0.0,1019,9.7,3.7,5
22/04/2023,06:00,176,0.8,56.7,0.6,18.3,66.1,0.0,1020,6.4,2.3,3
22/04/2023,07:00,180,0.8,50.8,0.6,18.9,64.7,0.0,1020,6.8,1.7,3
22/04/2023,08:00,169,1.2,51.9,0.8,20.6,59.8,0.0,1021,7.8,1.6,3
22/04/2023,09:00,164,2.0,26.7,1.0,22.2,55.2,0.0,1021,13.6,3.2,4
22/04/2023,10:00,162,2.0,38.0,1.1,23.3,50.2,0.0,1020,16.8,4.4,7
22/04/2023,11:00,145,2.3,32.2,1.2,24.4,44.6,0.0,1020,19.7,5.5,7
22/04/2023,12:00,127,2.1,36.4,1.1,24.4,46.4,0.0,1019,22.4,5.7,9
22/04/2023,13:00,138,2.3,36.6,1.1,24.6,45.5,0.0,1019,18.2,5.1,8
22/04/2023,14:00,123,1.9,32.5,0.9,24.3,45.1,0.0,1019,17.1,5.5,8
22/04/2023,15:00,111,1.6,33.8,0.9,24.1,45.0,0.0,1019,16.7,5.3,8
22/04/2023,16:00,127,1.5,36.0,0.7,23.9,41.8,0.0,1019,15.0,5.0,7
22/04/2023,17:00,126,1.3,33.0,0.6,23.4,41.6,0.0,1020,14.3,5.0,7
22/04/2023,18:00,123,1.6,34.4,0.8,22.1,52.8,0.0,1020,17.1,5.4,9
22/04/2023,19:00,157,1.9,35.0,1.0,21.8,53.4,0.0,1021,12.1,4.3,7
22/04/2023,20:00,154,1.6,33.8,0.8,21.3,54.0,0.0,1022,12.3,4.3,6
22/04/2023,21:00,164,1.2,36.6,0.6,21.2,52.5,0.0,1022,12.8,4.7,6
22/04/2023,22:00,176,0.5,58.7,0.4,20.6,55.8,0.0,1021,13.3,5.0,8
22/04/2023,23:00,178,0.7,54.6,0.5,19.8,57.8,0.0,1021,16.8,5.2,8
23/04/2023,00:00,167,0.4,66.1,0.4,19.4,60.6,0.0,1021,15.1,5.3,8
23/04/2023,01:00,162,0.3,77.6,0.4,18.9,63.3,0.0,1020,13.8,5.1,7
23/04/2023,02:00,172,0.5,69.2,0.5,18.4,65.9,0.0,1020,12.9,4.9,7
23/04/2023,03:00,163,0.4,67.8,0.4,18.3,66.9,0.0,1020,13.2,4.8,7
23/04/2023,04:00,169,0.5,64.6,0.4,18.0,67.5,0.0,1020,13.0,4.9,8
23/04/2023,05:00,157,0.4,60.7,0.4,17.9,67.6,0.0,1020,11.8,4.8,7
23/04/2023,06:00,145,0.4,62.4,0.4,18.1,67.2,0.0,1021,12.0,4.4,7
23/04/2023,07:00,174,0.5,67.7,0.5,19.3,62.8,0.0,1022,13.1,4.7,7
23/04/2023,08:00,162,0.7,58.2,0.6,20.8,57.0,0.0,1022,14.9,5.3,8
23/04/2023,09:00,142,2.4,32.8,1.2,23.1,45.9,0.0,1022,20.9,5.9,8
23/04/2023,10:00,145,2.5,33.6,1.4,23.8,43.3,0.0,1022,21.4,6.0,8
23/04/2023,11:00,154,2.6,31.3,1.2,24.6,37.6,0.0,1021,16.1,5.3,7
23/04/2023,12:00,137,2.0,33.5,0.9,25.4,36.4,0.0,1021,15.5,5.3,7
23/04/2023,13:00,143,2.5,32.1,1.2,25.6,34.4,0.0,1020,14.9,4.8,6
23/04/2023,14:00,139,2.5,35.8,1.3,25.6,34.0,0.0,1020,15.5,4.7,6
23/04/2023,15:00,129,2.9,31.5,1.3,25.3,32.2,0.0,1021,15.6,3.9,5
23/04/2023,16:00,133,2.2,35.2,1.2,24.4,37.2,0.0,1021,13.0,4.1,5
23/04/2023,17:00,131,2.0,31.9,0.9,23.3,45.3,0.0,1022,15.6,5.0,6
23/04/2023,18:00,148,1.7,32.2,0.8,22.5,50.9,0.0,1022,14.9,5.1,7
23/04/2023,19:00,159,1.2,34.5,0.7,21.9,55.1,0.0,1022,17.4,5.8,9
23/04/2023,20:00,164,1.0,41.0,0.6,21.5,57.7,0.0,1023,17.8,5.7,9
23/04/2023,21:00,166,1.2,31.5,0.6,21.2,59.3,0.0,1023,18.9,5.9,9
23/04/2023,22:00,153,0.7,39.2,0.4,21.0,60.6,0.0,1023,21.0,6.1,9
23/04/2023,23:00,158,0.4,66.6,0.4,20.5,65.4,0.0,1023,16.4,5.5,9
24/04/2023,00:00,158,0.9,49.4,0.5,19.6,73.2,0.0,1022,14.9,5.5,9
24/04/2023,01:00,173,0.5,60.5,0.4,19.1,74.2,0.0,1022,13.2,4.9,7
24/04/2023,02:00,176,0.4,70.4,0.4,19.1,74.3,0.0,1022,13.5,5.0,9
24/04/2023,03:00,169,0.4,72.2,0.4,18.9,73.6,0.0,1022,12.9,4.5,8
24/04/2023,04:00,176,0.7,55.5,0.5,18.9,75.6,0.0,1021,12.6,4.6,8
24/04/2023,05:00,168,0.5,52.3,0.4,18.6,76.2,0.0,1022,11.9,4.6,9
24/04/2023,06:00,166,0.4,69.0,0.4,18.4,77.5,0.0,1022,11.6,4.9,11
24/04/2023,07:00,160,0.4,68.4,0.4,19.7,72.2,0.0,1022,15.8,5.6,12
24/04/2023,08:00,111,1.3,46.0,0.8,22.4,58.6,0.0,1023,21.2,6.7,13
24/04/2023,09:00,109,2.2,37.3,1.1,23.8,47.3,0.0,1023,23.2,6.5,9
24/04/2023,10:00,92,1.8,37.9,1.1,23.4,52.1,0.0,1023,22.9,6.7,10
24/04/2023,11:00,70,1.6,39.3,0.9,21.0,73.3,0.0,1023,19.6,6.5,13
24/04/2023,12:00,68,1.1,42.9,0.7,22.0,70.5,0.0,1022,17.6,6.4,13
24/04/2023,13:00,75,1.7,41.3,1.1,23.3,56.8,0.0,1021,21.0,6.7,11
24/04/2023,14:00,63,1.4,43.4,0.9,21.6,68.7,1.6,1021,15.9,5.7,10
24/04/2023,15:00,60,1.1,43.4,0.7,19.7,81.2,0.0,1022,11.8,4.4,8
24/04/2023,16:00,103,1.1,41.6,0.7,20.5,77.4,0.0,1022,15.5,5.3,10
24/04/2023,17:00,139,1.4,35.9,0.7,20.3,75.4,0.0,1022,11.0,4.0,7
24/04/2023,18:00,87,0.9,35.2,0.5,20.1,76.5,0.0,1022,9.5,4.1,8
24/04/2023,19:00,148,1.2,34.3,0.6,19.4,83.1,0.0,1023,11.0,4.8,10
24/04/2023,20:00,144,0.6,48.6,0.3,19.5,82.9,0.0,1023,11.7,5.0,11
24/04/2023,21:00,100,0.8,31.0,0.4,19.6,81.9,0.0,1023,14.4,5.7,12
24/04/2023,22:00,142,0.7,50.4,0.4,19.3,81.6,1.2,1022,12.3,5.0,9
24/04/2023,23:00,135,0.7,44.6,0.4,19.0,83.5,0.1,1022,11.9,5.0,10
25/04/2023,00:00,148,0.5,52.7,0.4,19.1,82.6,0.0,1022,13.1,5.6,11
25/04/2023,01:00,142,0.4,52.6,0.3,19.0,83.4,0.0,1021,14.2,6.0,9
25/04/2023,02:00,157,0.4,59.7,0.3,18.8,82.8,0.0,1021,16.0,6.7,13
25/04/2023,03:00,140,1.3,33.7,0.6,18.9,81.5,0.0,1021,16.5,6.9,14
25/04/2023,04:00,150,1.1,38.8,0.6,18.7,83.7,0.0,1021,11.4,4.9,11
25/04/2023,05:00,151,1.5,31.1,0.7,18.7,84.0,0.0,1021,14.4,6.5,15
25/04/2023,06:00,155,0.8,40.5,0.4,18.8,83.5,0.0,1022,21.2,9.2,20
25/04/2023,07:00,158,0.5,63.8,0.4,19.6,79.0,0.0,1022,23.5,9.5,22
25/04/2023,08:00,162,1.5,30.5,0.8,20.9,68.4,0.0,1022,25.9,10.1,22
25/04/2023,09:00,146,1.8,33.9,0.9,22.4,56.3,0.0,1022,27.1,10.1,19
25/04/2023,10:00,131,2.2,36.4,1.1,21.9,56.3,0.0,1022,21.8,8.3,14
25/04/2023,11:00,151,1.7,34.2,0.9,21.9,60.0,0.2,1022,14.5,5.7,11
25/04/2023,12:00,118,1.2,41.7,0.7,21.8,63.9,0.2,1020,15.3,5.5,10
25/04/2023,13:00,138,1.6,33.8,0.9,22.0,60.3,0.0,1020,16.2,6.2,11
25/04/2023,14:00,148,1.5,40.3,0.8,22.2,60.0,0.0,1019,18.1,6.5,13
25/04/2023,15:00,116,1.6,30.5,0.8,22.3,59.2,0.1,1019,16.4,6.0,11
25/04/2023,16:00,122,0.9,38.4,0.5,20.4,70.7,0.0,1020,16.2,6.0,11
25/04/2023,17:00,141,1.4,31.5,0.7,20.6,67.6,0.0,1020,16.8,5.9,11
25/04/2023,18:00,151,1.1,35.7,0.5,19.9,69.5,0.0,1020,13.9,5.4,10
25/04/2023,19:00,159,0.8,47.9,0.4,19.6,70.9,0.0,1021,14.8,5.8,12
25/04/2023,20:00,166,0.5,58.2,0.4,19.3,73.0,0.0,1021,14.5,5.8,12
25/04/2023,21:00,158,0.9,46.1,0.5,18.7,76.2,0.0,1021,11.4,4.9,10
25/04/2023,22:00,150,0.8,48.1,0.5,18.3,79.1,0.0,1020,11.3,4.6,8
25/04/2023,23:00,164,0.8,43.0,0.5,18.6,76.0,0.0,1020,11.1,4.4,8
26/04/2023,00:00,176,0.6,57.0,0.5,18.0,79.0,0.0,1020,10.5,4.2,8
26/04/2023,01:00,172,0.5,68.0,0.4,17.8,80.6,0.0,1019,9.9,3.9,6
26/04/2023,02:00,163,0.3,65.7,0.3,17.5,81.9,0.0,1019,9.2,3.5,6
26/04/2023,03:00,167,0.4,80.3,0.4,17.4,80.5,0.0,1018,8.5,3.4,6
26/04/2023,04:00,173,0.5,71.3,0.4,17.1,81.6,0.0,1019,8.3,3.4,6
26/04/2023,05:00,164,0.2,86.6,0.4,16.9,82.7,0.0,1019,7.8,3.3,6
26/04/2023,06:00,159,0.3,74.6,0.4,17.2,81.9,0.0,1020,8.4,3.5,7
26/04/2023,07:00,158,0.4,68.0,0.4,17.8,81.8,0.0,1020,10.0,3.8,9
26/04/2023,08:00,161,0.7,59.9,0.5,19.7,72.7,0.0,1021,11.6,4.2,9
26/04/2023,09:00,150,2.0,31.6,0.9,20.8,69.9,0.0,1021,9.9,3.8,8
26/04/2023,10:00,139,1.6,39.4,0.9,21.5,67.7,0.0,1020,10.5,3.7,7
26/04/2023,11:00,118,1.9,38.7,1.0,21.9,63.7,0.1,1020,11.0,3.8,7
26/04/2023,12:00,110,1.1,45.2,0.7,21.1,67.4,0.0,1019,8.1,2.8,5
26/04/2023,13:00,72,0.4,46.2,0.5,20.4,75.0,0.0,1019,10.2,3.5,6
26/04/2023,14:00,152,2.1,31.6,1.0,21.0,70.1,0.0,1019,11.8,4.1,7
26/04/2023,15:00,128,1.6,36.0,0.9,21.0,66.9,0.0,1019,10.0,3.8,7
26/04/2023,16:00,115,1.4,40.9,0.8,21.6,61.9,0.0,1018,13.3,4.6,8
26/04/2023,17:00,109,0.9,36.8,0.4,21.4,62.7,0.0,1019,15.2,5.1,9
26/04/2023,18:00,134,1.0,31.5,0.5,20.9,66.1,0.0,1019,17.5,5.9,11
26/04/2023,19:00,164,1.0,35.2,0.4,20.4,68.2,0.0,1020,17.4,6.1,13
26/04/2023,20:00,159,1.0,41.1,0.5,19.8,72.4,0.0,1020,15.0,5.4,11
26/04/2023,21:00,160,1.2,29.9,0.6,19.3,75.8,0.0,1020,13.8,4.4,9
26/04/2023,22:00,154,0.4,68.2,0.3,18.7,80.8,0.0,1020,9.2,3.9,8
26/04/2023,23:00,177,0.4,70.0,0.4,18.4,81.4,0.0,1019,8.7,4.0,10
27/04/2023,00:00,175,0.5,63.6,0.5,18.1,81.9,0.0,1019,9.1,3.7,8
27/04/2023,01:00,161,0.4,74.8,0.4,17.7,82.4,0.2,1018,8.8,3.5,6
27/04/2023,02:00,173,0.5,65.1,0.4,17.6,83.6,1.1,1018,9.3,3.4,6
27/04/2023,03:00,171,0.4,68.6,0.4,17.4,83.4,0.1,1018,8.5,3.1,6
27/04/2023,04:00,172,0.5,74.4,0.5,17.3,83.7,0.0,1018,7.8,3.0,5
27/04/2023,05:00,177,0.5,68.6,0.5,17.1,84.1,0.0,1018,8.5,3.3,6
27/04/2023,06:00,174,0.6,59.2,0.5,17.2,83.6,0.1,1018,8.1,3.1,6
27/04/2023,07:00,166,0.3,81.8,0.4,18.3,80.8,0.0,1019,12.2,5.8,11
27/04/2023,08:00,166,0.6,63.9,0.5,19.7,75.4,0.0,1020,10.9,4.7,10
27/04/2023,09:00,163,0.6,60.1,0.5,21.4,68.7,0.0,1020,11.6,4.2,10
27/04/2023,10:00,143,0.8,50.4,0.5,22.5,64.7,0.0,1019,14.8,4.5,10
27/04/2023,11:00,155,1.3,34.3,0.7,22.7,64.6,0.1,1018,13.3,4.6,10
27/04/2023,12:00,157,1.9,28.5,0.8,22.2,69.1,0.0,1017,10.2,3.9,8
27/04/2023,13:00,153,0.8,49.9,0.5,22.4,68.9,0.0,1017,9.1,3.7,8
27/04/2023,14:00,142,1.2,29.6,0.5,22.8,65.4,0.0,1016,13.1,4.5,10
27/04/2023,15:00,86,1.3,35.6,0.7,23.3,57.9,0.0,1016,12.7,4.2,8
27/04/2023,16:00,82,1.2,34.0,0.7,22.9,59.0,0.0,1016,12.9,4.2,7
27/04/2023,17:00,90,0.9,29.9,0.4,22.0,65.2,0.0,1017,13.7,4.9,9
27/04/2023,18:00,98,0.7,36.8,0.3,21.3,69.8,0.0,1017,15.9,6.0,13
27/04/2023,19:00,150,0.7,31.6,0.4,20.8,71.8,0.0,1018,17.5,6.1,14
27/04/2023,20:00,168,0.6,47.3,0.4,20.2,75.4,0.0,1018,17.5,6.4,15
27/04/2023,21:00,165,0.5,54.5,0.4,19.7,76.8,0.0,1018,18.1,6.4,15
27/04/2023,22:00,174,0.3,67.5,0.3,19.2,78.2,0.0,1017,16.4,6.1,15
27/04/2023,23:00,156,0.3,71.7,0.3,19.2,78.5,0.0,1017,14.0,5.4,13
28/04/2023,00:00,172,0.4,68.4,0.4,19.3,78.7,0.0,1017,10.7,4.5,10
28/04/2023,01:00,177,0.8,51.9,0.5,18.8,79.8,0.0,1016,11.1,4.7,11
28/04/2023,02:00,163,0.7,52.1,0.5,18.5,80.7,0.0,1016,10.8,4.2,10
28/04/2023,03:00,159,0.9,44.2,0.6,18.5,80.0,0.0,1015,8.2,3.4,6
28/04/2023,04:00,169,0.4,66.0,0.4,19.2,74.6,0.0,1015,9.7,3.6,6
28/04/2023,05:00,165,1.2,28.0,0.5,19.0,76.9,0.0,1015,10.8,4.1,9
28/04/2023,06:00,166,0.7,52.7,0.5,18.3,79.5,0.0,1015,11.1,4.0,8
28/04/2023,07:00,167,0.7,55.3,0.5,19.0,75.5,0.0,1016,12.2,4.4,10
28/04/2023,08:00,160,0.6,55.9,0.5,20.9,67.4,0.0,1016,14.3,4.6,11
28/04/2023,09:00,160,1.1,39.6,0.6,22.2,62.4,0.0,1016,17.0,5.1,10
28/04/2023,10:00,137,1.1,39.3,0.6,23.2,57.3,0.0,1016,17.6,5.1,10
28/04/2023,11:00,122,1.1,44.7,0.7,23.3,55.3,0.0,1015,14.0,4.9,9
28/04/2023,12:00,142,1.3,38.5,0.7,23.7,47.1,0.0,1014,12.1,4.3,7
28/04/2023,13:00,65,0.8,44.1,0.5,23.8,50.0,0.0,1013,15.9,5.0,9
28/04/2023,14:00,45,0.9,41.0,0.6,23.9,50.8,0.0,1012,19.7,5.4,9
28/04/2023,15:00,54,0.9,38.4,0.6,23.6,53.1,0.0,1012,20.0,5.3,10
28/04/2023,16:00,33,0.9,43.9,0.5,23.1,54.1,0.0,1012,23.0,6.3,10
28/04/2023,17:00,47,0.8,39.1,0.4,22.1,60.3,0.0,1012,13.7,4.6,8
28/04/2023,18:00,55,0.8,26.5,0.2,21.3,63.2,0.0,1013,15.0,5.1,10
28/04/2023,19:00,64,0.6,29.8,0.2,20.9,64.5,0.0,1013,16.0,5.8,13
28/04/2023,20:00,54,0.5,48.8,0.2,20.6,66.2,0.0,1013,18.3,6.5,15
28/04/2023,21:00,18,0.4,49.9,0.3,20.4,67.2,0.0,1013,16.6,5.6,12
28/04/2023,22:00,85,0.2,51.5,0.1,20.1,69.1,0.0,1012,17.2,6.6,17
28/04/2023,23:00,171,0.4,44.5,0.2,19.3,73.7,0.0,1012,18.6,8.6,24
29/04/2023,00:00,164,0.3,70.9,0.3,18.6,76.5,0.0,1011,19.2,8.7,29
29/04/2023,01:00,167,0.4,62.7,0.3,18.1,76.5,0.0,1010,18.2,7.2,16
29/04/2023,02:00,181,0.2,77.2,0.3,17.4,79.4,0.0,1010,16.1,7.0,17
29/04/2023,03:00,165,0.1,96.2,0.2,17.4,78.4,0.0,1009,14.6,6.1,14
29/04/2023,04:00,165,0.6,44.5,0.4,16.8,79.4,0.0,1009,13.2,5.8,13
29/04/2023,05:00,160,0.5,55.9,0.3,16.5,78.9,0.0,1009,14.2,6.3,15
29/04/2023,06:00,164,0.3,68.6,0.3,16.5,78.3,0.0,1009,14.9,6.5,15
29/04/2023,07:00,154,0.2,67.3,0.3,17.8,72.9,0.0,1010,15.1,5.3,12
29/04/2023,08:00,159,0.5,53.7,0.4,18.6,70.6,0.0,1010,13.2,4.9,10
29/04/2023,09:00,164,0.7,59.0,0.4,20.4,64.2,0.0,1010,13.9,4.9,10
29/04/2023,10:00,162,1.0,41.8,0.4,22.5,59.4,0.0,1009,15.7,5.0,9
29/04/2023,11:00,159,0.9,47.5,0.4,23.1,58.9,0.0,1008,15.4,5.1,10
29/04/2023,12:00,158,0.5,53.8,0.3,23.8,56.3,0.0,1007,15.7,5.7,12
29/04/2023,13:00,142,0.3,64.0,0.3,24.4,53.6,0.0,1006,15.4,5.6,12
29/04/2023,14:00,54,0.4,61.9,0.3,24.4,55.2,0.0,1006,16.7,5.3,11
29/04/2023,15:00,358,0.8,36.5,0.5,23.5,61.1,0.0,1006,16.2,5.5,11
29/04/2023,16:00,8,0.5,49.2,0.4,22.9,63.6,0.0,1006,24.4,5.8,12
29/04/2023,17:00,341,0.9,27.9,0.4,22.2,67.3,0.0,1006,30.3,6.4,14
29/04/2023,18:00,347,0.8,32.2,0.4,22.0,71.6,0.0,1006,23.1,7.1,17
29/04/2023,19:00,336,1.0,32.4,0.4,21.8,74.5,0.0,1007,25.2,8.7,23
29/04/2023,20:00,317,0.4,53.3,0.3,21.5,75.4,0.0,1007,19.3,8.2,22
29/04/2023,21:00,332,0.2,70.1,0.2,21.3,75.8,0.0,1007,18.0,8.5,23
29/04/2023,22:00,334,0.4,52.4,0.3,21.4,75.6,0.0,1007,20.9,8.9,24
29/04/2023,23:00,225,0.1,85.9,0.3,21.4,72.2,0.0,1007,19.3,7.7,19
30/04/2023,00:00,165,0.0,87.0,0.3,20.8,65.0,0.0,1007,10.6,4.5,12
30/04/2023,01:00,326,0.4,70.3,0.3,18.9,75.0,3.9,1007,9.5,3.7,7
30/04/2023,02:00,181,0.3,66.5,0.4,17.9,82.1,1.3,1007,9.6,3.9,8
30/04/2023,03:00,181,0.2,81.5,0.3,17.5,82.9,0.7,1006,9.2,2.9,5
30/04/2023,04:00,174,0.2,73.3,0.3,17.2,82.8,0.0,1006,6.1,2.3,4
30/04/2023,05:00,207,0.1,69.5,0.2,17.3,83.9,0.2,1007,7.5,2.6,5
30/04/2023,06:00,169,0.1,76.4,0.2,17.3,82.5,0.0,1007,5.9,2.1,4
30/04/2023,07:00,143,0.1,99.8,0.2,17.9,74.4,0.0,1008,3.9,1.4,3
30/04/2023,08:00,145,0.1,94.2,0.3,19.9,64.2,0.0,1008,5.8,1.4,3
30/04/2023,09:00,141,0.2,84.0,0.3,21.0,56.3,0.0,1008,5.0,1.5,3
30/04/2023,10:00,148,0.3,78.7,0.4,22.1,52.4,0.0,1008,5.3,1.9,4
30/04/2023,11:00,118,0.2,94.3,0.3,23.3,48.7,0.0,1008,6.5,2.4,5
30/04/2023,12:00,54,0.1,82.8,0.3,24.2,44.8,0.0,1007,6.4,2.8,6
30/04/2023,13:00,127,0.2,81.2,0.4,24.8,42.0,0.0,1006,4.6,2.4,5
30/04/2023,14:00,93,0.2,96.2,0.3,24.9,40.4,0.0,1006,5.9,2.4,5
30/04/2023,15:00,190,0.1,89.3,0.4,24.2,40.0,0.0,1006,6.6,2.5,5
30/04/2023,16:00,161,0.2,92.6,0.4,23.1,41.4,0.0,1007,5.8,2.6,5
30/04/2023,17:00,126,0.2,84.4,0.3,22.1,42.5,0.0,1008,8.4,3.3,6
30/04/2023,18:00,123,0.1,89.1,0.2,21.3,43.5,0.0,1008,8.2,4.3,9
30/04/2023,19:00,163,0.1,74.4,0.2,21.0,44.6,0.0,1009,9.4,5.4,13
30/04/2023,20:00,195,0.1,85.6,0.2,20.7,46.2,0.0,1009,9.4,5.0,11
30/04/2023,21:00,144,0.1,81.0,0.2,20.4,48.0,0.0,1010,8.2,4.2,9
30/04/2023,22:00,145,0.1,88.0,0.2,19.6,51.0,0.0,1009,8.5,4.0,8
30/04/2023,23:00,149,0.2,77.2,0.3,19.1,51.5,0.0,1009,6.7,3.2,6
01/05/2023,00:00,146,0.1,88.1,0.3,18.3,55.2,0.0,1009,6.3,2.8,5
01/05/2023,01:00,223,0.1,86.7,0.3,17.9,56.2,0.0,1009,6.2,2.7,5
01/05/2023,02:00,169,0.1,101.5,0.2,17.1,58.2,0.0,1009,7.0,3.0,5
01/05/2023,03:00,164,0.2,77.2,0.2,16.4,59.2,0.0,1009,8.1,3.4,5
01/05/2023,04:00,161,0.1,87.3,0.2,16.0,57.9,0.0,1009,7.6,3.4,5
01/05/2023,05:00,291,0.1,82.0,0.2,15.5,58.7,0.0,1010,7.4,3.5,5
01/05/2023,06:00,123,0.1,89.1,0.2,16.0,53.7,0.0,1010,8.8,3.9,7
01/05/2023,07:00,128,0.1,89.5,0.2,18.1,46.8,0.0,1011,9.8,4.1,7
01/05/2023,08:00,102,0.1,88.8,0.3,19.2,42.7,0.0,1012,8.4,3.4,5
01/05/2023,09:00,151,0.3,76.7,0.4,20.1,38.3,0.0,1012,7.7,3.1,5
01/05/2023,10:00,161,0.3,87.3,0.5,20.9,35.0,0.0,1011,8.0,3.2,6
01/05/2023,11:00,162,0.3,85.7,0.5,22.0,30.1,0.0,1010,8.6,3.4,6
01/05/2023,12:00,152,0.3,88.8,0.5,23.1,26.8,0.0,1010,8.9,3.5,6
01/05/2023,13:00,159,0.2,93.7,0.3,23.9,24.6,0.0,1009,9.8,3.5,7
01/05/2023,14:00,147,0.2,91.2,0.4,23.9,26.0,0.0,1009,9.4,3.2,6
01/05/2023,15:00,132,0.2,89.9,0.4,23.4,25.4,0.0,1009,9.8,3.1,5
01/05/2023,16:00,165,0.1,94.3,0.4,22.5,27.5,0.0,1010,10.9,3.7,7
01/05/2023,17:00,150,0.4,68.5,0.3,21.6,29.5,0.0,1010,10.2,3.8,7
01/05/2023,18:00,141,0.3,75.0,0.3,20.8,30.5,0.0,1011,10.6,3.9,7
01/05/2023,19:00,156,0.2,81.6,0.3,20.1,30.3,0.0,1012,9.2,3.6,7
01/05/2023,20:00,151,0.2,82.7,0.3,19.6,31.2,0.0,1012,8.0,3.2,6
01/05/2023,21:00,149,0.3,78.0,0.3,19.0,32.6,0.0,1012,8.4,3.3,5
01/05/2023,22:00,139,0.3,74.1,0.2,18.1,35.2,0.0,1013,9.5,3.4,6
01/05/2023,23:00,162,0.3,63.1,0.3,17.5,38.2,0.0,1013,8.0,3.3,6
02/05/2023,00:00,194,0.1,74.3,0.2,16.8,41.4,0.0,1013,8.4,3.3,6
02/05/2023,01:00,300,0.1,71.0,0.2,16.3,44.4,0.0,1013,8.3,3.1,5
02/05/2023,02:00,159,0.2,67.5,0.2,15.9,44.9,0.0,1013,8.8,3.2,5
02/05/2023,03:00,139,0.3,63.8,0.3,15.6,45.4,0.0,1013,8.3,3.1,5
02/05/2023,04:00,163,0.2,61.0,0.2,15.3,48.2,0.0,1013,7.4,3.1,5
02/05/2023,05:00,177,0.3,62.3,0.3,14.4,51.6,0.0,1014,10.1,3.5,6
02/05/2023,06:00,171,0.1,81.8,0.3,14.1,52.0,0.0,1015,10.0,3.5,6
02/05/2023,07:00,168,0.2,66.8,0.3,15.8,47.4,0.0,1016,13.3,4.1,8
02/05/2023,08:00,146,0.4,64.1,0.3,16.5,48.7,0.0,1016,12.7,4.4,9
02/05/2023,09:00,159,1.0,30.0,0.4,16.9,47.9,0.0,1016,12.4,3.9,7
02/05/2023,10:00,162,0.6,61.5,0.4,19.2,41.5,0.0,1016,10.7,4.1,8
02/05/2023,11:00,163,0.5,69.3,0.5,20.8,36.8,0.0,1015,9.5,3.5,6
02/05/2023,12:00,178,1.1,51.3,0.7,21.5,33.2,0.0,1014,8.7,3.3,6
02/05/2023,13:00,156,0.4,78.2,0.5,22.9,31.4,0.0,1013,9.4,3.6,6
02/05/2023,14:00,159,0.2,88.3,0.4,23.3,30.6,0.0,1013,11.2,3.5,6
02/05/2023,15:00,126,0.1,87.9,0.3,23.2,31.1,0.0,1013,10.3,3.4,6
02/05/2023,16:00,314,0.1,94.2,0.3,22.1,34.3,0.0,1013,13.2,4.0,7
02/05/2023,17:00,312,0.2,81.4,0.3,21.2,36.8,0.0,1014,10.9,3.7,7
02/05/2023,18:00,119,0.1,100.2,0.2,20.8,37.0,0.0,1014,12.3,4.3,9
02/05/2023,19:00,132,0.3,72.6,0.3,20.7,36.3,0.0,1015,11.4,4.0,8
02/05/2023,20:00,142,0.1,88.6,0.2,20.4,37.3,0.0,1016,10.1,4.0,8
02/05/2023,21:00,93,0.1,95.7,0.2,20.2,38.3,0.0,1016,10.5,3.7,7
02/05/2023,22:00,160,0.3,45.4,0.2,19.8,38.8,0.0,1016,10.1,3.6,6
02/05/2023,23:00,153,0.2,82.3,0.2,19.3,41.0,0.0,1016,11.5,3.6,6
03/05/2023,00:00,160,0.3,64.7,0.2,18.9,43.2,0.0,1015,10.3,3.6,6
03/05/2023,01:00,169,0.3,67.6,0.3,18.5,45.0,0.0,1015,10.4,3.6,6
03/05/2023,02:00,182,0.7,47.7,0.4,18.0,47.0,0.0,1015,9.9,3.7,6
03/05/2023,03:00,166,0.5,56.7,0.4,17.6,48.1,0.0,1015,8.9,3.5,6
03/05/2023,04:00,176,0.7,48.4,0.4,17.0,50.6,0.0,1015,11.0,3.7,6
03/05/2023,05:00,175,0.6,44.2,0.4,16.3,53.3,0.0,1015,11.3,4.0,7
03/05/2023,06:00,173,0.6,50.6,0.3,16.0,55.9,0.0,1016,13.4,4.4,8
03/05/2023,07:00,138,0.3,69.1,0.3,18.3,48.8,0.0,1017,12.6,4.1,8
03/05/2023,08:00,140,0.2,79.4,0.3,20.3,43.0,0.0,1017,11.4,3.8,7
03/05/2023,09:00,161,0.6,67.9,0.5,21.8,39.9,0.0,1017,9.4,3.3,6
03/05/2023,10:00,161,1.0,47.0,0.6,22.6,38.2,0.0,1017,12.5,3.6,7
03/05/2023,11:00,161,0.9,46.3,0.5,23.9,35.1,0.0,1016,12.6,3.6,7
03/05/2023,12:00,141,0.3,66.7,0.4,25.3,30.9,0.0,1014,8.2,3.0,6
03/05/2023,13:00,159,0.8,53.8,0.5,25.5,29.8,0.0,1014,8.6,2.8,6
03/05/2023,14:00,56,0.1,51.6,0.5,25.7,29.1,0.0,1013,7.5,3.5,7
03/05/2023,15:00,346,1.4,25.1,0.6,24.0,37.8,0.0,1013,13.8,4.0,8
03/05/2023,16:00,345,1.1,27.3,0.5,23.1,40.6,0.0,1013,11.3,3.6,7
03/05/2023,17:00,342,1.0,29.1,0.5,22.1,43.2,0.0,1013,9.6,3.4,6
03/05/2023,18:00,324,1.4,30.2,0.6,21.4,50.6,0.0,1014,12.2,5.3,13
03/05/2023,19:00,335,0.7,47.4,0.4,20.7,54.0,0.0,1014,15.3,6.5,16
03/05/2023,20:00,319,0.8,41.2,0.5,20.3,53.3,0.0,1015,15.9,5.9,14
03/05/2023,21:00,314,0.6,52.2,0.4,20.4,50.6,0.0,1015,14.3,4.7,10
03/05/2023,22:00,276,0.1,70.9,0.1,19.3,54.9,0.0,1015,17.9,5.3,12
03/05/2023,23:00,240,0.1,86.3,0.2,18.7,57.5,0.0,1015,16.2,5.7,13
04/05/2023,00:00,155,0.1,89.4,0.2,17.9,61.6,0.0,1014,20.1,7.6,18
04/05/2023,01:00,156,0.1,77.7,0.2,17.2,64.9,0.0,1014,21.8,12.7,43
04/05/2023,02:00,160,0.1,87.3,0.2,16.4,67.3,0.0,1013,35.6,23.8,64
04/05/2023,03:00,164,0.3,72.0,0.3,16.0,66.8,0.0,1013,36.6,21.6,59
04/05/2023,04:00,156,0.6,50.5,0.3,15.0,70.2,0.0,1013,29.1,17.7,48
04/05/2023,05:00,162,0.2,77.9,0.3,14.7,70.3,0.0,1014,35.1,23.3,62
04/05/2023,06:00,166,0.4,62.1,0.3,14.4,69.1,0.0,1014,36.1,24.5,65
04/05/2023,07:00,163,0.2,70.5,0.2,16.5,60.0,0.0,1015,38.7,27.5,74
04/05/2023,08:00,158,0.7,51.6,0.2,18.5,53.1,0.0,1015,43.4,29.0,78
04/05/2023,09:00,144,0.3,67.5,0.2,21.9,42.1,0.0,1015,37.2,24.3,65
04/05/2023,10:00,160,1.1,37.3,0.5,23.2,35.1,0.0,1014,22.6,11.7,30
04/05/2023,11:00,162,1.0,45.3,0.6,24.2,30.4,0.0,1013,15.5,7.3,17
04/05/2023,12:00,150,0.3,84.9,0.4,25.4,27.7,0.0,1012,20.2,6.3,13
04/05/2023,13:00,335,0.3,58.1,0.3,26.2,26.1,0.0,1011,19.7,6.2,13
04/05/2023,14:00,22,0.9,44.5,0.6,25.3,29.3,0.0,1011,16.5,5.8,13
04/05/2023,15:00,16,1.1,38.4,0.6,24.3,31.2,0.0,1011,13.9,4.7,9
04/05/2023,16:00,47,1.0,44.9,0.7,23.2,38.4,0.0,1012,14.2,4.0,6
04/05/2023,17:00,36,0.7,46.3,0.5,22.1,49.1,0.0,1012,12.0,3.8,6
04/05/2023,18:00,2,0.5,56.9,0.4,21.3,55.8,0.0,1013,13.6,4.4,8
04/05/2023,19:00,340,0.8,32.6,0.3,20.9,60.3,0.0,1014,16.2,5.9,13
04/05/2023,20:00,21,0.3,65.6,0.3,20.9,62.4,0.0,1014,19.8,6.8,16
04/05/2023,21:00,130,0.4,23.2,0.2,20.4,63.7,0.0,1015,21.3,8.0,31
04/05/2023,22:00,186,0.2,79.1,0.2,19.3,67.3,0.0,1015,39.4,26.6,74
04/05/2023,23:00,182,0.5,64.0,0.4,18.4,69.1,0.0,1014,25.0,13.4,37
05/05/2023,00:00,176,0.5,61.5,0.4,18.0,68.3,0.0,1014,19.8,9.3,25
05/05/2023,01:00,163,0.2,82.9,0.2,17.6,68.0,0.0,1014,16.7,7.6,18
05/05/2023,02:00,155,0.3,65.7,0.3,17.2,67.9,0.0,1014,18.2,8.0,19
05/05/2023,03:00,169,0.6,61.2,0.4,16.8,69.4,0.0,1013,19.1,9.4,22
05/05/2023,04:00,152,0.3,82.3,0.3,16.5,71.4,0.0,1014,21.3,11.7,28
05/05/2023,05:00,170,0.3,84.5,0.4,16.7,70.3,0.0,1014,18.0,8.4,19
05/05/2023,06:00,183,0.3,76.8,0.4,16.6,70.0,0.0,1014,17.8,9.1,21
05/05/2023,07:00,163,0.3,79.0,0.4,17.1,67.4,0.0,1015,19.7,9.5,22
05/05/2023,08:00,155,0.4,72.6,0.4,18.9,59.6,0.0,1016,26.4,10.6,24
05/05/2023,09:00,156,0.5,60.0,0.4,20.3,54.5,0.0,1016,28.1,8.2,16
05/05/2023,10:00,131,0.8,43.7,0.5,21.9,49.8,0.0,1015,22.0,6.4,11
05/05/2023,11:00,107,0.8,48.3,0.6,22.7,47.6,0.0,1014,19.5,6.1,10
05/05/2023,12:00,13,0.8,42.8,0.6,23.4,45.6,0.0,1013,19.8,8.1,17
05/05/2023,13:00,13,1.0,39.4,0.6,23.6,45.7,0.0,1012,23.7,9.8,25
05/05/2023,14:00,52,1.1,37.7,0.6,23.3,46.7,0.0,1012,21.7,9.6,21
05/05/2023,15:00,12,1.0,43.6,0.7,22.9,48.3,0.0,1012,18.9,6.9,14
05/05/2023,16:00,15,0.8,47.0,0.5,22.1,51.4,0.0,1013,16.3,5.4,9
05/05/2023,17:00,34,0.7,36.2,0.4,21.2,57.5,0.0,1013,14.7,5.2,9
05/05/2023,18:00,54,0.6,36.9,0.3,20.5,62.0,0.0,1014,16.6,6.1,12
05/05/2023,19:00,28,0.5,42.7,0.3,20.0,64.0,0.0,1014,19.2,8.5,20
05/05/2023,20:00,355,0.5,50.3,0.3,19.7,65.3,0.0,1015,18.5,8.2,19
05/05/2023,21:00,7,0.3,72.2,0.3,19.5,65.1,0.0,1015,17.6,7.1,16
05/05/2023,22:00,97,0.1,87.0,0.2,19.3,66.4,0.0,1014,17.2,8.3,22
05/05/2023,23:00,169,0.1,70.9,0.2,18.6,70.3,0.0,1014,19.9,9.5,26
06/05/2023,00:00,168,0.2,77.4,0.2,17.5,74.6,0.0,1014,19.7,9.8,26
06/05/2023,01:00,156,0.2,74.3,0.2,17.2,74.2,0.0,1014,21.8,11.4,30
06/05/2023,02:00,162,0.5,49.6,0.3,16.6,76.5,0.0,1014,23.7,11.9,31
06/05/2023,03:00,168,0.4,59.6,0.3,16.0,77.6,0.0,1014,25.7,13.0,36
06/05/2023,04:00,170,0.5,56.5,0.3,15.9,77.4,0.0,1014,23.6,12.0,32
06/05/2023,05:00,164,0.4,56.4,0.3,15.5,78.7,0.0,1015,22.3,11.9,31
06/05/2023,06:00,167,0.6,42.4,0.3,15.3,80.1,0.0,1015,23.5,13.5,37
06/05/2023,07:00,161,0.5,61.0,0.3,16.6,73.4,0.0,1016,25.9,14.6,39
06/05/2023,08:00,159,0.6,58.0,0.4,18.6,65.4,0.0,1016,26.3,14.2,38
06/05/2023,09:00,159,0.8,48.8,0.5,20.3,59.4,0.0,1017,19.8,9.6,22
06/05/2023,10:00,150,0.4,51.8,0.4,22.2,53.0,0.0,1016,15.2,6.2,13
06/05/2023,11:00,354,0.7,48.2,0.5,23.8,45.5,0.0,1015,13.8,4.9,9
06/05/2023,12:00,83,0.3,46.4,0.4,24.4,41.6,0.0,1014,14.5,5.2,9
06/05/2023,13:00,339,1.3,36.5,0.7,24.3,44.0,0.0,1013,16.5,5.4,11
06/05/2023,14:00,5,1.2,37.9,0.7,24.1,44.2,0.0,1012,16.2,4.9,9
06/05/2023,15:00,350,1.2,33.3,0.6,23.5,48.2,0.0,1012,15.0,4.5,8
06/05/2023,16:00,346,1.3,28.7,0.6,22.5,55.7,0.0,1012,12.5,4.2,8
06/05/2023,17:00,339,1.3,24.9,0.7,21.7,60.8,0.0,1013,11.7,4.2,8
06/05/2023,18:00,334,1.3,23.1,0.6,21.3,64.1,0.0,1014,11.6,5.1,11
06/05/2023,19:00,330,1.3,15.4,0.4,21.0,64.0,0.0,1014,16.1,7.6,21
06/05/2023,20:00,308,2.1,14.7,0.7,20.8,65.2,0.0,1014,22.6,13.2,37
06/05/2023,21:00,320,1.1,20.5,0.4,20.4,66.3,0.0,1015,18.0,10.3,26
06/05/2023,22:00,323,1.2,12.5,0.4,20.3,64.4,0.0,1014,14.6,7.4,18
06/05/2023,23:00,273,0.1,67.3,0.2,19.9,65.0,0.0,1014,12.4,5.9,13
07/05/2023,00:00,131,0.1,65.1,0.1,19.2,70.6,0.0,1013,17.4,9.9,27
07/05/2023,01:00,125,0.1,81.8,0.2,18.9,70.7,0.0,1013,14.2,8.1,21
07/05/2023,02:00,171,0.4,57.9,0.3,17.9,75.5,0.0,1013,16.3,9.6,26
07/05/2023,03:00,167,0.4,55.7,0.3,17.2,77.4,0.0,1012,16.3,9.7,25
07/05/2023,04:00,166,0.1,90.8,0.2,17.2,77.7,0.0,1012,18.8,11.5,31
07/05/2023,05:00,162,0.1,102.6,0.2,17.2,76.7,0.0,1013,17.5,10.3,27
07/05/2023,06:00,162,0.4,61.3,0.2,17.2,76.5,0.0,1013,15.2,8.4,21
07/05/2023,07:00,157,0.3,74.7,0.3,18.2,71.8,0.0,1014,15.9,9.1,22
07/05/2023,08:00,160,0.5,54.5,0.3,19.3,67.4,0.0,1014,17.2,10.1,25
07/05/2023,09:00,156,0.1,66.6,0.3,21.3,60.0,0.0,1013,14.1,7.7,18
07/05/2023,10:00,111,0.2,64.8,0.3,23.3,49.3,0.0,1013,13.0,6.2,14
07/05/2023,11:00,325,0.5,68.9,0.5,24.5,40.5,0.0,1012,11.3,4.1,8
07/05/2023,12:00,319,1.2,37.4,0.6,24.8,39.6,0.0,1011,12.5,4.7,9
07/05/2023,13:00,329,1.0,49.8,0.6,25.2,39.3,0.0,1010,12.8,5.0,10
07/05/2023,14:00,327,0.7,59.5,0.5,25.7,38.9,0.0,1009,12.3,4.9,9
07/05/2023,15:00,324,1.3,25.8,0.6,24.6,43.3,2.1,1009,14.2,5.3,10
07/05/2023,16:00,358,0.4,58.4,0.4,20.4,72.9,2.1,1009,21.5,7.8,17
07/05/2023,17:00,346,0.6,30.9,0.3,20.5,77.4,0.0,1010,19.2,8.2,21
07/05/2023,18:00,311,0.4,65.5,0.3,20.2,73.2,0.0,1010,17.8,8.1,22
07/05/2023,19:00,309,0.1,80.5,0.2,19.9,51.7,0.0,1012,19.7,7.7,17
07/05/2023,20:00,131,0.2,81.1,0.3,19.6,42.1,0.0,1012,19.3,6.3,13
07/05/2023,21:00,171,0.3,75.5,0.3,19.1,39.0,0.0,1013,16.4,5.0,8
07/05/2023,22:00,170,0.4,71.6,0.4,18.0,39.8,0.0,1013,14.4,4.0,6
07/05/2023,23:00,173,0.3,81.9,0.4,16.8,37.2,0.0,1014,12.8,3.3,5
08/05/2023,00:00,182,0.2,94.5,0.3,15.8,34.5,0.0,1014,11.3,3.1,4
08/05/2023,01:00,161,0.3,77.2,0.4,15.0,33.1,0.0,1014,9.9,2.8,4
08/05/2023,02:00,160,0.3,76.3,0.3,14.2,32.0,0.0,1014,9.6,2.3,3
08/05/2023,03:00,165,0.2,80.2,0.3,13.3,32.7,0.0,1014,8.4,2.1,3
08/05/2023,04:00,148,0.1,89.9,0.3,12.8,33.4,0.0,1014,10.0,2.3,3
08/05/2023,05:00,286,0.1,85.9,0.4,12.1,35.2,0.0,1014,8.5,2.0,3
08/05/2023,06:00,140,0.4,70.8,0.4,12.0,37.9,0.0,1014,9.1,3.4,5
08/05/2023,07:00,167,0.4,82.1,0.5,13.4,35.6,0.0,1014,12.5,2.2,3
08/05/2023,08:00,146,0.2,89.6,0.5,15.0,32.4,0.0,1014,10.6,2.4,3
08/05/2023,09:00,161,0.3,92.2,0.5,16.0,31.3,0.0,1014,11.6,2.5,4
08/05/2023,10:00,142,0.3,84.5,0.6,17.4,29.1,0.0,1013,12.4,2.5,4
08/05/2023,11:00,136,0.2,89.1,0.6,19.2,25.5,0.0,1012,11.2,2.5,4
08/05/2023,12:00,182,0.1,92.2,0.5,20.1,23.8,0.0,1011,13.3,2.6,4
08/05/2023,13:00,171,0.4,78.0,0.6,20.9,21.9,0.0,1010,11.9,2.5,4
08/05/2023,14:00,140,0.3,90.1,0.5,21.2,19.9,0.0,1010,13.8,2.4,4
08/05/2023,15:00,155,0.1,104.9,0.4,21.1,18.7,0.0,1010,14.2,2.8,5
08/05/2023,16:00,156,0.2,98.8,0.5,20.1,18.7,0.0,1011,15.6,2.2,4
08/05/2023,17:00,100,0.2,85.5,0.4,18.9,20.5,0.0,1012,13.2,2.8,5
08/05/2023,18:00,135,0.3,82.7,0.4,17.8,23.4,0.0,1012,12.9,3.5,6
08/05/2023,19:00,149,0.5,66.9,0.4,16.9,24.2,0.0,1013,12.8,3.5,6
08/05/2023,20:00,158,0.4,64.1,0.4,16.3,23.6,0.0,1014,15.5,6.2,13
08/05/2023,21:00,161,0.2,86.8,0.3,15.6,24.2,0.0,1014,17.9,5.5,11
08/05/2023,22:00,154,0.2,82.6,0.3,14.8,26.5,0.0,1014,13.3,3.8,6
08/05/2023,23:00,150,0.2,78.1,0.3,14.2,28.5,0.0,1014,12.2,3.1,3
09/05/2023,00:00,200,0.1,84.4,0.2,13.4,30.2,0.0,1014,13.4,4.1,6
09/05/2023,01:00,185,0.1,79.8,0.2,12.7,32.9,0.0,1014,14.3,5.7,12
09/05/2023,02:00,133,0.2,77.9,0.3,12.2,35.3,0.0,1014,16.4,7.1,15
09/05/2023,03:00,129,0.2,89.2,0.3,11.7,37.4,0.0,1014,15.6,7.3,15
09/05/2023,04:00,136,0.3,72.0,0.3,11.5,38.1,0.0,1014,14.0,5.7,11
09/05/2023,05:00,149,0.3,77.3,0.3,11.2,39.3,0.0,1015,13.8,4.9,8
09/05/2023,06:00,168,0.5,58.1,0.4,10.7,42.2,0.0,1015,15.2,5.1,9
09/05/2023,07:00,164,0.3,73.3,0.3,12.6,37.6,0.0,1016,16.3,5.5,10
09/05/2023,08:00,157,0.4,72.6,0.4,14.8,33.0,0.0,1016,13.2,5.0,9
09/05/2023,09:00,159,0.6,66.3,0.5,16.3,30.3,0.0,1017,13.2,4.3,8
09/05/2023,10:00,172,0.9,58.0,0.7,17.7,29.1,0.0,1016,11.9,3.7,6
09/05/2023,11:00,160,0.5,74.9,0.6,19.2,29.0,0.0,1015,15.7,4.0,6
09/05/2023,12:00,165,0.3,82.4,0.4,20.9,27.3,0.0,1015,14.2,4.1,7
09/05/2023,13:00,160,0.4,62.7,0.4,21.5,26.1,0.0,1014,16.0,4.0,7
09/05/2023,14:00,164,0.2,78.5,0.4,22.1,26.5,0.0,1014,16.1,4.4,7
09/05/2023,15:00,299,0.1,89.6,0.2,22.4,27.5,0.0,1014,16.2,4.4,7
09/05/2023,16:00,9,0.8,44.7,0.4,20.5,34.5,0.0,1015,25.5,5.4,10
09/05/2023,17:00,4,0.6,50.6,0.3,19.0,40.7,0.0,1016,22.4,7.8,16
09/05/2023,18:00,336,0.9,25.4,0.3,18.4,45.0,0.0,1016,25.6,10.0,21
09/05/2023,19:00,323,0.3,68.9,0.2,18.2,49.0,0.0,1017,26.4,10.0,22
09/05/2023,20:00,317,0.0,85.8,0.1,17.2,52.7,0.0,1017,27.4,10.8,26
09/05/2023,21:00,291,0.1,72.7,0.1,16.6,56.3,0.0,1018,24.0,10.0,23
09/05/2023,22:00,86,0.1,71.9,0.2,16.3,58.5,0.0,1018,26.8,12.2,30
09/05/2023,23:00,176,0.4,56.9,0.2,15.4,62.5,0.0,1018,25.1,11.5,26
10/05/2023,00:00,166,0.3,63.5,0.3,14.4,61.8,0.0,1018,25.6,11.2,24
10/05/2023,01:00,167,0.2,79.9,0.3,14.1,60.1,0.0,1018,29.7,13.1,29
10/05/2023,02:00,177,0.6,60.8,0.4,13.4,61.8,0.0,1018,23.9,11.3,25
10/05/2023,03:00,162,0.6,52.9,0.4,13.1,59.6,0.0,1018,21.1,10.8,24
10/05/2023,04:00,156,0.4,67.8,0.4,12.8,59.7,0.0,1018,18.9,10.3,23
10/05/2023,05:00,133,0.4,59.7,0.3,12.9,59.5,0.0,1019,18.3,9.2,19
10/05/2023,06:00,159,0.5,54.5,0.4,13.0,61.9,0.0,1019,18.9,8.7,18
10/05/2023,07:00,155,0.4,65.6,0.3,14.7,55.9,0.0,1020,18.4,8.4,17
10/05/2023,08:00,160,0.3,73.7,0.4,17.1,46.6,0.0,1020,16.9,7.5,15
10/05/2023,09:00,167,0.9,51.5,0.7,18.6,42.2,0.0,1021,18.1,6.7,13
10/05/2023,10:00,163,0.9,48.4,0.6,20.3,39.6,0.0,1020,26.9,6.9,13
10/05/2023,11:00,149,1.0,46.6,0.7,21.7,37.7,0.0,1020,19.9,5.9,10
10/05/2023,12:00,129,0.9,38.3,0.6,22.3,37.6,0.0,1019,16.5,5.8,9
10/05/2023,13:00,113,0.7,47.2,0.6,22.8,38.6,0.0,1018,24.9,9.2,18
10/05/2023,14:00,76,0.8,42.9,0.6,22.8,41.4,0.0,1018,23.2,9.5,17
10/05/2023,15:00,69,1.2,40.3,0.7,22.0,46.7,0.0,1018,21.6,7.1,11
10/05/2023,16:00,72,1.0,39.2,0.6,21.3,49.9,0.0,1018,21.0,6.8,10
10/05/2023,17:00,74,0.9,40.0,0.5,20.3,56.3,0.0,1019,21.8,7.6,12
10/05/2023,18:00,91,0.8,39.8,0.5,19.6,57.1,0.0,1020,22.8,8.3,15
10/05/2023,19:00,101,0.6,40.7,0.4,19.1,56.5,0.0,1020,20.4,8.2,15
10/05/2023,20:00,124,0.5,41.9,0.3,18.5,58.5,0.0,1021,20.2,9.5,18
10/05/2023,21:00,154,0.5,50.0,0.3,18.2,59.7,0.0,1021,18.1,7.7,14
10/05/2023,22:00,166,0.3,67.1,0.3,18.1,60.2,0.0,1022,20.4,8.9,18
10/05/2023,23:00,175,0.3,75.2,0.4,17.7,59.7,0.0,1021,18.7,7.8,15
11/05/2023,00:00,173,0.4,67.2,0.4,17.4,61.3,0.0,1021,18.2,7.3,13
11/05/2023,01:00,171,0.4,67.8,0.4,17.1,62.9,0.0,1021,16.9,7.3,13
11/05/2023,02:00,162,0.4,69.7,0.4,16.7,63.9,0.0,1021,18.2,8.0,15
11/05/2023,03:00,167,0.4,69.6,0.4,16.3,65.5,0.0,1021,17.5,7.8,14
11/05/2023,04:00,166,0.3,63.7,0.3,15.8,68.0,0.0,1021,17.5,7.6,13
11/05/2023,05:00,172,0.3,66.7,0.4,15.5,69.4,0.0,1022,19.1,9.0,17
11/05/2023,06:00,178,0.4,71.0,0.4,15.4,70.6,0.0,1022,21.0,9.7,19
11/05/2023,07:00,155,0.3,74.6,0.3,17.1,63.8,0.0,1023,21.0,8.8,16
11/05/2023,08:00,153,0.4,74.3,0.4,18.4,58.9,0.0,1024,23.5,8.6,16
11/05/2023,09:00,158,0.9,52.3,0.6,19.9,55.4,0.0,1024,25.4,8.5,15
11/05/2023,10:00,134,1.4,40.3,0.8,21.5,50.2,0.0,1023,18.0,5.4,8
11/05/2023,11:00,111,1.2,37.1,0.7,22.0,47.8,0.0,1023,12.9,4.2,6
11/05/2023,12:00,100,1.2,39.8,0.7,22.3,47.0,0.0,1022,12.6,4.1,5
11/05/2023,13:00,93,1.2,39.1,0.7,22.3,47.9,0.0,1022,12.7,3.7,5
11/05/2023,14:00,78,1.4,40.9,0.8,22.4,49.5,0.0,1021,11.5,3.7,5
11/05/2023,15:00,77,1.6,37.0,0.9,22.0,51.6,0.0,1022,14.0,4.1,6
11/05/2023,16:00,90,1.3,38.4,0.7,20.6,55.0,0.0,1022,8.4,3.1,4
11/05/2023,17:00,83,0.9,39.3,0.5,20.2,61.7,0.0,1023,11.5,4.2,7
11/05/2023,18:00,108,0.8,40.3,0.5,19.6,66.9,0.0,1024,14.0,5.2,9
11/05/2023,19:00,108,0.7,37.8,0.4,19.1,67.2,0.0,1024,15.7,5.8,12
11/05/2023,20:00,129,0.9,35.7,0.5,18.8,66.0,0.0,1024,13.0,4.8,9
11/05/2023,21:00,136,0.8,33.4,0.4,18.5,66.7,0.0,1025,11.5,4.3,7
11/05/2023,22:00,159,0.9,42.2,0.5,18.1,68.8,0.0,1025,12.5,4.6,7
11/05/2023,23:00,170,0.4,63.4,0.3,17.5,70.6,0.0,1024,14.1,5.5,10
12/05/2023,00:00,169,0.4,67.2,0.4,17.1,68.6,0.0,1024,14.2,5.4,10
12/05/2023,01:00,161,0.3,80.9,0.3,16.7,69.1,0.0,1024,10.7,4.6,8
12/05/2023,02:00,163,0.3,74.7,0.3,16.5,69.9,0.0,1023,11.4,4.6,8
12/05/2023,03:00,163,0.4,66.9,0.4,16.3,70.8,0.0,1023,10.1,4.7,8
12/05/2023,04:00,165,0.3,75.9,0.3,16.1,71.9,0.0,1023,11.4,4.7,8
12/05/2023,05:00,170,0.6,53.3,0.5,16.0,72.5,0.0,1024,12.1,5.0,9
12/05/2023,06:00,170,0.5,64.0,0.4,15.9,74.8,0.0,1024,12.5,5.3,10
12/05/2023,07:00,170,0.4,62.9,0.4,16.8,71.3,0.0,1025,14.2,5.4,11
12/05/2023,08:00,163,0.7,53.0,0.5,18.6,63.5,0.0,1025,19.2,5.7,11
12/05/2023,09:00,149,1.2,40.5,0.7,20.5,58.0,0.0,1025,21.2,5.7,9
12/05/2023,10:00,129,1.5,38.7,0.8,21.5,56.2,0.0,1025,14.9,4.9,7
12/05/2023,11:00,74,1.0,47.3,0.8,22.6,50.4,0.0,1024,17.7,5.3,7
12/05/2023,12:00,79,1.3,37.4,0.8,22.8,43.6,0.0,1023,13.0,4.4,6
12/05/2023,13:00,98,1.4,42.1,0.8,23.0,42.7,0.0,1022,14.3,4.8,7
12/05/2023,14:00,86,1.2,40.8,0.8,22.6,49.2,0.0,1022,15.4,4.9,8
12/05/2023,15:00,81,1.5,35.6,0.8,22.0,51.0,0.0,1023,15.6,5.1,7
12/05/2023,16:00,105,1.4,35.6,0.7,21.2,55.9,0.0,1023,11.7,4.1,5
12/05/2023,17:00,94,0.9,39.5,0.5,20.4,60.1,0.0,1024,12.3,4.3,5
12/05/2023,18:00,107,0.7,42.8,0.4,19.8,66.1,0.0,1024,15.0,5.5,10
12/05/2023,19:00,137,0.7,36.3,0.4,19.2,67.7,0.0,1025,15.2,6.2,12
12/05/2023,20:00,144,0.4,41.6,0.2,18.9,68.3,0.0,1025,16.4,6.7,14
12/05/2023,21:00,158,0.6,49.1,0.4,18.4,69.3,0.0,1025,16.3,6.8,14
12/05/2023,22:00,160,0.3,73.8,0.3,18.2,69.2,0.0,1025,16.3,7.0,15
12/05/2023,23:00,174,0.4,61.9,0.3,17.6,69.4,0.0,1025,14.3,6.5,13
13/05/2023,00:00,173,0.4,77.4,0.4,17.0,70.6,0.0,1024,13.2,6.1,12
13/05/2023,01:00,166,0.3,74.2,0.4,16.6,70.8,0.0,1024,12.1,5.5,10
13/05/2023,02:00,174,0.7,62.4,0.6,16.1,72.3,0.0,1023,11.8,5.3,10
13/05/2023,03:00,176,0.4,73.1,0.4,15.6,73.8,0.0,1023,11.6,5.2,9
13/05/2023,04:00,178,0.4,75.3,0.5,15.4,74.3,0.0,1023,11.5,5.0,9
13/05/2023,05:00,169,0.3,74.1,0.4,15.3,75.1,0.0,1023,9.7,4.7,8
13/05/2023,06:00,173,0.3,76.7,0.3,15.5,74.2,0.0,1024,10.1,4.4,7
13/05/2023,07:00,158,0.5,60.3,0.4,16.3,73.5,0.1,1024,11.4,4.7,8
13/05/2023,08:00,157,0.4,70.8,0.4,17.9,68.9,0.0,1025,12.7,4.7,8
13/05/2023,09:00,152,0.6,65.9,0.5,19.6,61.7,0.0,1025,15.7,5.4,10
13/05/2023,10:00,138,1.0,52.4,0.7,21.3,56.8,0.0,1024,16.9,5.3,8
13/05/2023,11:00,115,1.6,39.4,0.9,22.2,50.1,0.0,1023,14.0,4.7,6
13/05/2023,12:00,116,1.7,36.5,0.9,22.8,45.6,0.0,1022,13.2,4.3,5
13/05/2023,13:00,108,1.6,36.8,0.9,22.8,45.3,0.0,1022,13.6,4.3,5
13/05/2023,14:00,99,1.8,36.6,0.9,22.7,42.4,0.0,1021,11.7,4.0,4
13/05/2023,15:00,94,1.7,39.9,0.9,22.2,45.7,0.0,1021,10.5,3.9,4
13/05/2023,16:00,110,1.6,33.2,0.8,21.5,50.3,0.0,1022,11.8,4.1,4
13/05/2023,17:00,110,1.1,38.1,0.7,20.6,56.4,0.0,1022,13.1,4.8,6
13/05/2023,18:00,106,0.8,43.5,0.5,20.0,63.4,0.0,1023,15.1,5.6,9
13/05/2023,19:00,138,0.6,45.9,0.4,19.5,67.4,0.0,1023,14.3,5.7,10
13/05/2023,20:00,162,0.5,44.8,0.3,19.1,69.6,0.0,1024,13.8,6.0,11
13/05/2023,21:00,144,0.7,38.7,0.4,18.8,70.0,0.0,1023,16.7,6.8,14
13/05/2023,22:00,156,0.7,49.5,0.4,18.5,70.1,0.0,1023,13.7,5.8,11
13/05/2023,23:00,162,0.2,72.8,0.3,17.7,69.9,0.0,1022,15.6,7.4,15
14/05/2023,00:00,163,0.3,77.1,0.3,17.2,69.1,0.0,1022,13.0,5.9,12
14/05/2023,01:00,174,0.4,72.6,0.4,17.0,69.8,0.0,1022,12.7,5.2,9
14/05/2023,02:00,173,0.6,54.3,0.5,16.6,71.2,0.0,1021,12.5,5.3,9
14/05/2023,03:00,173,0.2,87.0,0.3,16.6,71.1,0.0,1021,10.9,5.2,9
14/05/2023,04:00,172,0.3,78.5,0.4,16.5,71.3,0.0,1021,11.0,4.9,9
14/05/2023,05:00,173,0.2,80.1,0.3,16.7,70.9,0.0,1021,10.0,4.8,8
14/05/2023,06:00,167,0.5,58.4,0.4,16.8,70.9,0.0,1022,10.1,4.4,7
14/05/2023,07:00,183,0.3,76.3,0.5,16.9,72.7,0.0,1022,10.3,4.4,7
14/05/2023,08:00,161,0.6,43.2,0.3,18.0,68.6,0.0,1022,10.8,4.4,8
14/05/2023,09:00,140,1.6,33.5,0.8,20.1,65.7,0.0,1022,9.4,3.6,5
14/05/2023,10:00,129,1.0,39.6,0.6,21.2,64.1,0.0,1021,10.1,3.6,5
14/05/2023,11:00,146,0.6,59.8,0.5,21.7,62.5,0.0,1020,12.8,4.3,8
14/05/2023,12:00,98,0.5,56.9,0.5,21.2,66.6,0.0,1020,11.5,4.4,8
14/05/2023,13:00,134,1.5,35.3,0.7,21.1,68.6,0.0,1019,11.5,4.4,7
14/05/2023,14:00,135,1.6,35.4,0.8,20.2,71.8,0.0,1019,7.9,3.4,5
14/05/2023,15:00,157,1.4,33.1,0.7,19.1,76.6,1.0,1019,8.9,3.7,7
14/05/2023,16:00,168,0.3,69.7,0.3,18.5,82.4,2.0,1019,10.9,4.9,9
14/05/2023,17:00,155,0.6,42.8,0.3,18.2,84.5,0.0,1019,12.3,5.1,10
14/05/2023,18:00,159,0.4,65.4,0.3,18.1,84.3,0.0,1020,12.0,5.8,14
14/05/2023,19:00,172,0.3,78.4,0.2,18.2,84.2,0.1,1020,13.8,6.9,19
14/05/2023,20:00,123,0.4,48.2,0.2,18.0,82.4,0.0,1020,11.4,5.9,15
14/05/2023,21:00,170,0.5,47.3,0.3,18.2,81.1,0.0,1021,12.2,5.8,14
14/05/2023,22:00,133,1.0,35.5,0.5,17.7,83.5,0.0,1020,11.6,5.4,12
14/05/2023,23:00,168,0.6,47.3,0.4,17.5,84.1,0.0,1020,9.9,4.3,9
15/05/2023,00:00,163,0.3,80.7,0.4,17.4,84.4,0.0,1020,9.2,4.2,9
15/05/2023,01:00,171,0.3,73.4,0.3,17.1,84.4,0.0,1019,9.1,3.9,6
15/05/2023,02:00,173,0.4,65.8,0.4,17.0,83.9,0.0,1018,8.7,3.3,5
15/05/2023,03:00,180,0.5,62.2,0.4,16.9,83.7,0.0,1018,8.5,3.4,6
15/05/2023,04:00,169,0.5,66.3,0.4,16.9,83.2,0.0,1018,8.5,3.1,5
15/05/2023,05:00,174,0.4,73.8,0.5,16.9,82.5,0.0,1018,7.8,3.2,5
15/05/2023,06:00,172,0.3,72.9,0.4,17.0,81.7,0.0,1019,8.4,3.3,6
15/05/2023,07:00,168,0.5,67.6,0.4,17.8,78.0,0.0,1019,9.4,3.3,6
15/05/2023,08:00,157,0.6,64.5,0.4,19.3,71.7,0.0,1020,14.6,4.0,8
15/05/2023,09:00,156,0.8,71.2,0.5,20.5,70.0,0.0,1019,14.1,4.5,9
15/05/2023,10:00,149,1.3,35.0,0.6,21.5,68.4,0.0,1019,17.7,5.2,10
15/05/2023,11:00,106,1.4,38.8,0.8,21.9,67.6,0.0,1018,17.3,5.7,10
15/05/2023,12:00,93,1.4,42.1,0.8,22.8,62.3,0.0,1016,18.9,6.3,11
15/05/2023,13:00,70,1.3,42.4,0.8,22.9,61.7,0.0,1016,21.3,6.7,11
15/05/2023,14:00,84,1.3,37.0,0.6,22.1,65.4,0.0,1015,16.3,5.6,10
15/05/2023,15:00,110,1.4,35.2,0.7,21.6,67.1,0.0,1015,16.1,5.7,10
15/05/2023,16:00,91,1.2,43.1,0.7,20.6,73.8,0.0,1015,14.4,5.4,9
15/05/2023,17:00,90,1.0,35.8,0.5,19.5,81.5,0.0,1015,13.0,5.0,9
15/05/2023,18:00,50,0.7,48.2,0.4,19.3,82.3,0.1,1015,12.9,5.5,11
15/05/2023,19:00,119,0.8,36.9,0.4,19.3,83.9,0.2,1015,12.8,5.4,11
15/05/2023,20:00,68,0.6,43.9,0.4,19.1,85.7,0.8,1015,9.5,4.2,10
15/05/2023,21:00,142,0.3,53.7,0.5,19.1,86.9,2.8,1015,9.2,3.9,8
15/05/2023,22:00,128,0.2,73.1,0.3,19.0,87.2,3.0,1014,6.1,3.0,6
15/05/2023,23:00,127,0.6,40.7,0.4,18.9,87.4,0.0,1013,6.6,2.5,13
16/05/2023,00:00,118,0.8,44.9,0.5,19.0,87.3,0.9,1012,3.5,1.4,4
16/05/2023,01:00,109,0.2,41.3,0.5,19.1,87.6,8.8,1011,3.6,1.4,3
16/05/2023,02:00,56,0.5,46.9,0.5,19.2,88.0,5.0,1010,4.4,2.0,4
16/05/2023,03:00,1,1.2,37.6,0.7,19.1,87.3,1.3,1010,10.7,4.7,8
16/05/2023,04:00,88,0.7,40.8,0.5,18.6,86.9,0.8,1010,11.5,5.2,9
16/05/2023,05:00,145,1.9,33.2,0.9,17.7,87.0,1.0,1010,5.3,2.4,4
16/05/2023,06:00,157,2.1,32.9,1.1,16.8,86.2,0.0,1010,2.2,0.7,2
16/05/2023,07:00,166,1.6,35.7,0.9,16.9,86.4,0.0,1010,2.3,0.9,2
16/05/2023,08:00,174,1.0,50.2,0.7,17.2,86.3,0.0,1010,4.8,1.5,4
16/05/2023,09:00,197,0.9,58.0,0.8,17.5,86.0,0.0,1010,4.3,1.3,4
16/05/2023,10:00,183,0.9,52.0,0.8,17.8,83.4,0.0,1010,3.5,1.5,4
16/05/2023,11:00,184,1.3,47.0,1.0,17.9,77.4,0.0,1009,5.3,1.5,4
16/05/2023,12:00,182,1.0,58.7,0.9,17.7,76.3,0.0,1008,4.1,1.5,3
16/05/2023,13:00,182,1.5,48.6,1.1,18.6,67.6,0.0,1008,4.4,1.2,3
16/05/2023,14:00,181,1.4,47.6,0.9,18.1,67.5,0.0,1008,4.2,1.1,3
16/05/2023,15:00,179,0.8,56.6,0.6,17.9,71.6,0.0,1009,5.0,1.7,4
16/05/2023,16:00,184,1.0,50.6,0.8,18.7,63.7,0.0,1010,4.1,1.4,3
16/05/2023,17:00,174,0.3,71.5,0.3,18.5,63.0,0.0,1010,5.5,2.4,6
16/05/2023,18:00,110,0.1,94.1,0.2,18.3,65.3,0.0,1011,7.8,3.5,8
16/05/2023,19:00,131,0.3,76.8,0.3,18.1,66.5,0.0,1012,10.7,5.5,14
16/05/2023,20:00,168,0.1,100.8,0.3,17.6,68.0,0.0,1012,10.0,5.5,14
16/05/2023,21:00,125,0.1,77.3,0.2,17.5,67.1,0.0,1012,7.8,3.8,8
16/05/2023,22:00,127,0.3,67.3,0.3,17.4,66.5,0.0,1012,5.5,2.4,5
16/05/2023,23:00,136,0.3,72.6,0.3,17.3,65.4,0.0,1011,3.6,1.4,3
17/05/2023,00:00,138,0.4,60.1,0.3,17.3,64.7,0.0,1011,5.0,1.4,2
17/05/2023,01:00,127,0.2,85.2,0.3,17.5,63.1,0.0,1011,4.0,1.2,2
17/05/2023,02:00,141,0.3,74.5,0.4,17.5,62.0,0.0,1010,4.2,1.6,3
17/05/2023,03:00,140,0.3,73.7,0.3,17.3,63.5,0.0,1011,4.2,1.8,3
17/05/2023,04:00,129,0.4,59.7,0.3,17.0,65.3,0.0,1011,6.6,2.2,4
17/05/2023,05:00,143,0.4,56.0,0.3,16.9,65.9,0.0,1011,7.4,2.6,5
17/05/2023,06:00,136,0.5,53.9,0.3,16.8,64.8,0.0,1012,7.5,3.1,5
17/05/2023,07:00,143,0.4,67.7,0.4,18.0,57.6,0.0,1013,8.2,3.5,6
17/05/2023,08:00,142,0.2,78.6,0.4,19.6,49.1,0.0,1013,10.0,4.0,7
17/05/2023,09:00,160,0.4,70.6,0.5,20.6,46.2,0.0,1013,12.2,4.7,9
17/05/2023,10:00,165,0.7,61.7,0.6,21.5,44.5,0.0,1013,14.1,6.0,12
17/05/2023,11:00,137,0.3,87.0,0.4,22.9,41.7,0.0,1012,14.3,5.7,11
17/05/2023,12:00,167,1.0,56.3,0.7,22.8,42.7,0.0,1012,15.0,5.9,11
17/05/2023,13:00,171,1.1,42.0,0.7,22.7,42.9,0.0,1011,17.9,6.8,12
17/05/2023,14:00,174,1.3,39.5,0.7,22.4,44.4,0.0,1011,19.3,7.4,13
17/05/2023,15:00,178,1.2,41.7,0.8,22.2,44.8,0.0,1012,20.1,7.7,13
17/05/2023,16:00,168,1.5,38.5,0.8,21.6,44.7,0.0,1012,19.1,7.3,12
17/05/2023,17:00,166,0.9,37.6,0.5,20.7,47.3,0.0,1012,21.9,7.9,14
17/05/2023,18:00,177,0.5,64.9,0.4,20.0,50.6,0.0,1013,24.2,9.4,20
17/05/2023,19:00,157,0.7,39.1,0.3,19.1,53.9,0.0,1014,24.8,10.9,25
17/05/2023,20:00,159,0.3,51.2,0.2,18.4,58.2,0.0,1014,24.8,11.3,26
17/05/2023,21:00,178,0.4,73.6,0.4,17.8,60.0,0.0,1015,22.2,9.8,22
17/05/2023,22:00,179,0.6,58.4,0.5,17.4,59.9,0.0,1015,15.9,6.5,12
17/05/2023,23:00,174,0.5,68.1,0.5,17.3,55.3,0.0,1015,12.4,4.7,8
18/05/2023,00:00,176,0.5,68.6,0.5,17.0,52.2,0.0,1014,9.8,3.8,5
18/05/2023,01:00,171,0.4,67.2,0.4,16.6,52.4,0.0,1014,8.5,3.4,4
18/05/2023,02:00,154,0.4,67.7,0.4,16.3,54.1,0.0,1014,9.3,3.5,4
18/05/2023,03:00,155,0.4,62.7,0.4,16.1,54.1,0.0,1014,9.0,3.4,4
18/05/2023,04:00,156,0.4,64.6,0.4,16.2,52.3,0.0,1014,7.7,3.1,3
18/05/2023,05:00,142,0.3,62.8,0.3,16.0,52.5,0.0,1014,7.6,2.9,4
18/05/2023,06:00,143,0.3,76.5,0.3,15.8,53.6,0.0,1014,7.7,2.9,4
18/05/2023,07:00,133,0.3,79.7,0.3,17.3,49.5,0.0,1015,8.4,3.0,4
18/05/2023,08:00,159,0.2,95.2,0.4,18.6,45.0,0.0,1015,7.8,3.0,4
18/05/2023,09:00,163,0.9,49.5,0.7,18.3,44.9,0.0,1015,8.3,3.2,5
18/05/2023,10:00,155,0.5,69.6,0.4,19.8,42.7,0.0,1014,12.8,3.7,6
18/05/2023,11:00,152,0.2,83.3,0.4,21.4,38.6,0.0,1013,11.7,4.0,7
18/05/2023,12:00,171,0.3,84.5,0.5,21.9,35.6,0.0,1012,9.7,3.5,6
18/05/2023,13:00,165,0.6,69.5,0.6,21.9,34.7,0.0,1011,9.9,3.3,6
18/05/2023,14:00,160,0.1,85.9,0.3,22.4,33.5,0.0,1011,7.6,3.6,7
18/05/2023,15:00,164,0.6,74.5,0.4,22.3,33.0,0.0,1011,7.7,3.2,6
18/05/2023,16:00,105,0.9,34.9,0.4,21.1,35.8,0.0,1011,7.7,2.6,4
18/05/2023,17:00,21,0.8,41.2,0.5,19.4,49.6,0.0,1012,12.1,3.7,6
18/05/2023,18:00,48,0.7,37.3,0.3,18.5,54.9,0.0,1012,14.3,5.0,8
18/05/2023,19:00,30,0.5,53.1,0.3,18.0,57.9,0.0,1013,15.9,5.9,11
18/05/2023,20:00,329,0.6,44.5,0.3,18.0,57.9,0.0,1013,15.3,6.3,12
18/05/2023,21:00,329,0.1,64.9,0.2,17.4,61.8,0.0,1013,23.2,12.3,32
18/05/2023,22:00,169,0.1,89.4,0.2,16.7,65.3,0.0,1013,18.6,9.1,23
18/05/2023,23:00,171,0.5,42.6,0.2,15.8,69.5,0.0,1012,16.2,7.3,16
19/05/2023,00:00,178,0.2,76.1,0.2,15.1,70.4,0.0,1012,17.6,7.1,16
19/05/2023,01:00,143,0.1,93.2,0.2,14.5,70.7,0.0,1012,14.8,6.7,15
19/05/2023,02:00,162,0.2,74.6,0.2,13.7,74.2,0.0,1012,16.5,7.4,17
19/05/2023,03:00,156,0.5,57.8,0.3,12.7,74.9,0.0,1011,14.9,7.3,17
19/05/2023,04:00,187,0.1,81.0,0.3,12.3,71.5,0.0,1012,16.2,8.2,18
19/05/2023,05:00,172,0.2,82.4,0.2,12.1,69.9,0.0,1012,13.1,6.3,14
19/05/2023,06:00,173,0.2,75.4,0.3,12.0,70.6,0.0,1012,11.0,5.4,11
19/05/2023,07:00,161,0.5,58.9,0.3,13.3,63.3,0.0,1013,14.0,5.4,11
19/05/2023,08:00,159,0.6,63.2,0.5,14.8,57.8,0.0,1014,13.9,5.4,11
19/05/2023,09:00,160,0.6,55.3,0.5,17.2,51.1,0.0,1014,12.9,4.7,9
19/05/2023,10:00,156,0.9,46.4,0.5,18.2,47.9,0.0,1013,10.8,4.4,8
19/05/2023,11:00,165,0.6,63.8,0.5,19.8,40.5,0.0,1012,11.8,4.7,9
19/05/2023,12:00,162,0.5,74.1,0.5,20.7,35.9,0.0,1011,13.1,5.9,12
19/05/2023,13:00,155,0.6,65.4,0.5,20.9,33.8,0.0,1010,17.8,9.0,21
19/05/2023,14:00,157,0.5,48.2,0.4,20.6,31.4,0.0,1010,18.3,12.6,30
19/05/2023,15:00,155,0.3,64.4,0.3,21.0,29.1,0.0,1010,18.1,12.7,30
19/05/2023,16:00,112,0.7,41.0,0.5,19.9,35.9,0.0,1011,13.8,6.8,14
19/05/2023,17:00,21,0.6,38.4,0.3,18.2,48.5,0.0,1012,13.3,5.5,11
19/05/2023,18:00,6,0.5,38.9,0.3,17.5,52.1,0.0,1012,16.0,7.7,17
19/05/2023,19:00,336,0.7,30.3,0.3,17.6,51.1,0.0,1013,15.1,7.6,16
19/05/2023,20:00,331,0.1,70.0,0.2,17.0,56.1,0.0,1014,22.7,10.4,26
19/05/2023,21:00,85,0.1,86.0,0.1,16.1,60.4,0.0,1014,23.0,12.0,31
19/05/2023,22:00,144,0.0,80.1,0.1,15.5,63.8,0.0,1014,30.2,19.1,55
19/05/2023,23:00,163,0.5,34.9,0.3,14.6,68.2,0.0,1014,22.5,14.2,36
20/05/2023,00:00,157,0.4,67.3,0.3,13.7,65.4,0.0,1013,18.6,11.4,28
20/05/2023,01:00,171,0.6,57.4,0.4,12.5,68.1,0.0,1013,25.6,16.2,44
20/05/2023,02:00,178,0.2,82.4,0.2,12.4,65.6,0.0,1013,26.2,17.2,43
20/05/2023,03:00,146,0.2,65.7,0.2,12.4,65.8,0.0,1013,21.2,13.8,35
20/05/2023,04:00,177,0.1,77.3,0.2,11.7,69.7,0.0,1013,18.6,12.5,31
20/05/2023,05:00,164,0.7,46.7,0.4,10.7,73.4,0.0,1013,19.6,11.9,29
20/05/2023,06:00,168,0.5,50.7,0.3,10.5,74.0,0.0,1014,17.5,10.3,24
20/05/2023,07:00,156,0.4,63.5,0.3,11.8,68.5,0.0,1014,16.6,9.0,20
20/05/2023,08:00,155,0.4,69.5,0.3,14.2,58.8,0.0,1015,14.4,7.8,17
20/05/2023,09:00,160,1.0,36.4,0.5,15.9,52.3,0.0,1015,13.8,6.8,14
20/05/2023,10:00,165,0.8,60.7,0.5,18.4,42.1,0.0,1014,13.3,5.9,12
20/05/2023,11:00,128,0.3,83.9,0.4,20.8,33.5,0.0,1013,11.6,5.7,12
20/05/2023,12:00,40,0.0,97.0,0.4,22.0,29.9,0.0,1012,12.1,6.0,12
20/05/2023,13:00,72,0.2,93.6,0.4,22.2,28.7,0.0,1012,11.8,5.9,13
20/05/2023,14:00,70,0.1,101.8,0.3,21.4,30.7,0.0,1011,16.0,6.5,15
20/05/2023,15:00,81,0.0,108.5,0.3,21.5,30.0,0.0,1011,15.9,6.6,14
20/05/2023,16:00,69,0.0,90.2,0.2,20.4,29.2,0.0,1012,13.0,6.7,14
20/05/2023,17:00,305,0.2,67.5,0.2,19.4,31.6,0.0,1012,14.1,6.7,14
20/05/2023,18:00,312,0.4,49.4,0.3,18.8,34.0,0.0,1013,18.4,8.8,21
20/05/2023,19:00,359,0.1,84.9,0.2,17.5,37.0,0.0,1014,21.7,13.5,32
20/05/2023,20:00,42,0.1,88.5,0.3,17.4,32.9,0.0,1014,14.5,7.4,16
20/05/2023,21:00,158,0.2,88.3,0.3,17.1,34.4,0.0,1014,14.1,6.7,14
20/05/2023,22:00,154,0.1,93.1,0.3,16.5,35.9,0.0,1014,11.7,6.1,12
20/05/2023,23:00,276,0.0,91.8,0.2,15.7,38.6,0.0,1014,12.1,5.9,11
21/05/2023,00:00,166,0.1,78.8,0.2,15.1,40.9,0.0,1014,13.6,6.6,13
21/05/2023,01:00,136,0.1,69.0,0.2,14.5,44.2,0.0,1014,12.2,6.1,11
21/05/2023,02:00,162,0.2,65.8,0.2,13.7,46.0,0.0,1014,12.5,6.5,13
21/05/2023,03:00,285,0.1,78.5,0.2,13.7,45.2,0.0,1014,13.0,6.0,11
21/05/2023,04:00,176,0.5,42.5,0.3,13.3,47.4,0.0,1014,13.4,6.3,12
21/05/2023,05:00,156,0.5,50.1,0.3,12.3,50.6,0.0,1014,13.0,6.5,12
21/05/2023,06:00,153,0.3,65.4,0.3,11.6,54.9,0.0,1014,13.3,6.7,13
21/05/2023,07:00,141,0.3,67.8,0.3,14.6,45.0,0.0,1015,12.3,5.8,11
21/05/2023,08:00,123,0.2,94.4,0.4,16.8,38.5,0.0,1016,11.6,4.7,8
21/05/2023,09:00,118,0.2,98.7,0.4,18.1,34.2,0.0,1016,10.4,4.5,8
21/05/2023,10:00,123,0.2,90.2,0.4,19.0,32.4,0.0,1015,9.8,4.4,9
21/05/2023,11:00,149,0.2,88.2,0.5,20.2,30.7,0.0,1014,9.8,3.7,7
21/05/2023,12:00,138,0.3,84.5,0.5,20.9,28.5,0.0,1013,11.2,3.8,8
21/05/2023,13:00,181,0.2,86.7,0.5,21.5,27.6,0.0,1012,10.3,3.9,8
21/05/2023,14:00,183,0.3,94.0,0.4,21.3,27.9,0.0,1012,10.8,3.2,7
21/05/2023,15:00,165,0.3,90.8,0.5,21.1,28.8,0.0,1012,12.6,3.7,8
21/05/2023,16:00,172,0.5,77.3,0.5,20.3,30.8,0.0,1013,13.7,3.7,7
21/05/2023,17:00,156,0.2,85.8,0.3,19.4,34.3,0.0,1014,13.6,4.4,10
21/05/2023,18:00,141,0.2,81.9,0.3,18.7,35.9,0.0,1015,10.3,3.9,8
21/05/2023,19:00,146,0.2,83.2,0.3,18.2,37.0,0.0,1015,11.3,3.7,7
21/05/2023,20:00,134,0.1,89.0,0.2,17.6,38.1,0.0,1016,9.5,2.9,4
21/05/2023,21:00,159,0.1,88.8,0.2,16.7,40.2,0.0,1016,9.3,3.8,7
21/05/2023,22:00,167,0.3,68.7,0.3,16.1,41.9,0.0,1017,10.5,3.5,6
21/05/2023,23:00,183,0.1,78.9,0.2,15.7,43.3,0.0,1018,10.8,3.4,5
22/05/2023,00:00,163,0.3,68.0,0.3,15.5,43.8,0.0,1018,11.1,3.3,5
22/05/2023,01:00,173,0.5,57.4,0.4,14.9,46.6,0.0,1018,9.5,3.5,5
22/05/2023,02:00,140,0.4,67.8,0.3,15.2,44.9,0.0,1018,10.2,3.2,5
22/05/2023,03:00,134,0.4,51.4,0.3,15.2,44.2,0.0,1018,9.8,2.9,4
22/05/2023,04:00,151,0.4,53.2,0.3,14.6,46.7,0.0,1019,10.5,2.9,4
22/05/2023,05:00,149,0.3,68.1,0.3,14.1,49.1,0.0,1019,11.2,3.2,4
22/05/2023,06:00,139,0.2,73.5,0.2,13.4,52.4,0.0,1020,13.6,5.8,13
22/05/2023,07:00,145,0.5,48.9,0.4,15.0,46.4,0.0,1021,12.5,3.8,6
22/05/2023,08:00,152,0.4,67.4,0.4,16.9,41.3,0.0,1022,11.5,3.6,6
22/05/2023,09:00,171,0.7,56.9,0.5,18.0,38.4,0.0,1022,11.1,3.5,5
22/05/2023,10:00,170,1.0,53.4,0.7,18.8,37.8,0.0,1022,13.8,3.8,6
22/05/2023,11:00,154,1.1,42.6,0.6,20.0,37.5,0.0,1021,19.1,4.6,7
22/05/2023,12:00,142,1.0,40.1,0.6,21.0,35.6,0.0,1021,16.4,4.8,
22/05/2023,13:00,134,0.5,49.3,0.6,21.4,34.1,0.0,1020,15.5,5.2,7
22/05/2023,14:00,133,0.3,51.0,0.5,21.5,34.4,0.0,1020,15.9,5.3,8
22/05/2023,15:00,349,0.5,54.9,0.4,21.5,35.7,0.0,1020,18.0,5.6,8
22/05/2023,16:00,360,0.9,39.6,0.4,20.1,43.8,0.0,1020,21.2,7.3,10
22/05/2023,17:00,348,0.9,26.4,0.3,19.0,49.2,0.0,1021,27.7,8.2,11
22/05/2023,18:00,344,0.6,44.6,0.3,18.5,53.0,0.0,1022,24.0,8.7,14
22/05/2023,19:00,331,0.5,34.1,0.2,18.3,54.4,0.0,1022,26.6,10.5,21
22/05/2023,20:00,218,0.1,91.6,0.2,17.1,59.4,0.0,1023,37.6,16.6,42
22/05/2023,21:00,184,0.1,79.1,0.2,16.7,60.7,0.0,1023,32.5,13.5,30
22/05/2023,22:00,140,0.1,82.6,0.2,16.2,62.2,0.0,1022,30.6,12.5,27
22/05/2023,23:00,167,0.4,68.6,0.3,15.2,66.6,0.0,1023,27.0,12.0,25
23/05/2023,00:00,168,0.6,41.3,0.3,14.0,67.9,0.0,1023,23.8,11.7,24
23/05/2023,01:00,172,0.8,30.4,0.4,13.0,74.0,0.0,1023,23.4,10.7,22
23/05/2023,02:00,179,0.4,51.6,0.3,12.6,73.7,0.0,1022,21.1,10.0,20
23/05/2023,03:00,206,0.1,71.9,0.2,12.1,70.9,0.0,1022,19.1,9.1,18
23/05/2023,04:00,230,0.0,84.8,0.2,11.3,73.3,0.0,1023,17.0,8.3,16
23/05/2023,05:00,154,0.1,84.9,0.3,10.9,73.4,0.0,1023,18.5,8.1,15
23/05/2023,06:00,169,0.4,69.2,0.4,11.2,70.2,0.0,1023,18.8,7.4,14
23/05/2023,07:00,164,0.4,62.7,0.3,12.3,65.6,0.0,1024,17.6,7.0,13
23/05/2023,08:00,159,0.8,48.3,0.5,13.8,60.8,0.0,1024,20.9,7.8,15
23/05/2023,09:00,166,0.9,46.1,0.5,16.3,52.4,0.0,1024,22.5,7.3,13
23/05/2023,10:00,160,1.3,23.9,0.5,18.1,47.0,0.0,1024,20.4,6.8,11
23/05/2023,11:00,147,0.5,39.9,0.4,20.1,38.7,0.0,1023,18.3,6.3,10
23/05/2023,12:00,5,0.6,44.2,0.4,22.0,28.8,0.0,1022,18.3,5.9,10
23/05/2023,13:00,7,0.4,45.4,0.4,22.7,27.2,0.0,1022,17.8,5.6,9
23/05/2023,14:00,331,1.5,28.4,0.7,22.1,31.8,0.0,1022,34.6,7.6,14
23/05/2023,15:00,347,1.1,29.4,0.5,21.7,31.9,0.0,1022,28.8,6.7,11
23/05/2023,16:00,9,0.7,42.5,0.4,20.6,39.2,0.0,1022,25.7,7.2,11
23/05/2023,17:00,52,0.6,37.3,0.3,19.4,48.0,0.0,1022,27.4,7.6,12
23/05/2023,18:00,355,0.6,40.6,0.3,18.6,51.4,0.0,1022,22.0,8.6,15
23/05/2023,19:00,347,0.3,60.1,0.3,18.2,56.0,0.0,1023,21.1,9.4,18
23/05/2023,20:00,56,0.0,73.2,0.1,17.2,59.3,0.0,1023,30.9,13.6,34
23/05/2023,21:00,89,0.1,94.5,0.1,16.3,62.6,0.0,1024,32.6,14.6,37
23/05/2023,22:00,89,0.0,81.9,0.1,15.7,67.6,0.0,1024,32.4,14.8,39
23/05/2023,23:00,155,0.1,76.8,0.1,15.2,67.3,0.0,1023,28.9,13.0,32
24/05/2023,00:00,161,0.3,62.4,0.2,14.6,70.3,0.0,1023,34.6,14.4,35
24/05/2023,01:00,172,0.3,71.2,0.2,13.7,73.9,0.0,1023,25.0,11.8,25
24/05/2023,02:00,170,0.6,43.2,0.3,13.1,74.0,0.0,1023,22.4,11.3,24
24/05/2023,03:00,173,0.3,62.8,0.3,12.6,73.7,0.0,1023,22.1,10.1,21
24/05/2023,04:00,164,0.4,61.8,0.3,12.4,71.4,0.0,1022,22.3,9.9,20
24/05/2023,05:00,168,0.3,85.1,0.4,11.5,73.1,0.0,1023,27.3,12.5,28
24/05/2023,06:00,167,0.5,59.7,0.3,11.6,74.1,0.0,1023,22.2,9.9,21
24/05/2023,07:00,166,0.2,77.0,0.3,12.8,69.8,0.0,1024,24.1,9.7,22
24/05/2023,08:00,142,0.3,70.0,0.3,15.5,61.5,0.0,1024,23.1,9.7,21
24/05/2023,09:00,151,0.5,64.5,0.3,17.8,55.2,0.0,1024,23.2,8.9,18
24/05/2023,10:00,163,0.6,68.1,0.5,19.3,50.8,0.0,1024,21.2,7.6,14
24/05/2023,11:00,157,0.6,48.0,0.4,20.6,48.3,0.0,1023,20.1,7.1,13
24/05/2023,12:00,333,0.3,68.2,0.4,22.5,42.2,0.0,1022,22.0,7.3,14
24/05/2023,13:00,337,0.3,63.1,0.4,23.1,39.3,0.0,1021,20.0,8.2,16
24/05/2023,14:00,336,0.8,48.6,0.5,22.7,42.9,0.0,1021,28.1,12.4,30
24/05/2023,15:00,346,1.1,31.6,0.6,21.7,46.8,0.0,1021,25.6,9.8,21
24/05/2023,16:00,356,0.9,36.9,0.4,20.6,53.8,0.0,1021,25.8,11.8,26
24/05/2023,17:00,345,1.0,27.4,0.4,19.6,58.8,0.0,1021,28.6,13.8,32
24/05/2023,18:00,340,0.9,29.3,0.4,19.0,62.5,0.0,1022,24.6,13.8,35
24/05/2023,19:00,341,0.8,26.3,0.3,18.6,65.7,0.0,1022,26.3,14.7,37
24/05/2023,20:00,302,0.2,65.5,0.1,17.9,69.5,0.0,1022,29.2,15.2,39
24/05/2023,21:00,315,0.1,72.0,0.1,16.9,73.3,0.0,1022,24.9,13.8,36
24/05/2023,22:00,144,0.1,66.9,0.1,16.4,75.3,0.0,1022,25.3,14.4,40
24/05/2023,23:00,111,0.1,80.1,0.1,15.8,76.7,0.0,1022,29.6,17.8,52
25/05/2023,00:00,181,0.3,63.8,0.2,14.9,79.0,0.0,1021,31.7,17.7,50
25/05/2023,01:00,195,0.1,80.6,0.2,14.3,79.2,0.0,1021,24.2,14.3,38
25/05/2023,02:00,176,0.2,77.8,0.2,13.9,78.1,0.0,1021,24.7,14.5,38
25/05/2023,03:00,169,0.2,82.1,0.3,13.7,77.1,0.0,1021,24.4,14.2,36
25/05/2023,04:00,166,0.4,55.4,0.2,12.8,79.4,0.0,1021,24.7,13.0,33
25/05/2023,05:00,164,0.5,43.6,0.3,12.4,80.2,0.0,1021,25.5,13.1,33
25/05/2023,06:00,167,0.3,68.4,0.3,12.3,79.7,0.0,1021,24.5,12.2,30
25/05/2023,07:00,170,0.1,96.0,0.2,13.8,72.3,0.0,1022,24.9,10.7,27
25/05/2023,08:00,154,0.5,62.4,0.3,15.3,65.7,0.0,1022,31.9,12.3,32
25/05/2023,09:00,160,0.9,38.2,0.5,16.9,61.3,0.0,1022,24.3,10.2,24
25/05/2023,10:00,160,1.0,39.4,0.5,18.7,57.0,0.0,1021,21.6,9.2,22
25/05/2023,11:00,158,1.1,29.2,0.5,20.3,52.4,0.0,1020,18.6,8.1,19
25/05/2023,12:00,146,0.5,45.0,0.3,22.3,41.7,0.0,1018,17.4,6.6,14
25/05/2023,13:00,339,0.3,58.0,0.4,23.5,36.0,0.0,1017,18.5,9.2,20
25/05/2023,14:00,344,1.1,40.1,0.6,22.8,39.9,0.0,1016,23.2,7.1,15
25/05/2023,15:00,340,1.6,22.8,0.7,21.8,38.8,0.0,1016,14.1,4.2,8
25/05/2023,16:00,333,1.6,18.8,0.6,20.9,42.5,0.0,1016,10.3,3.9,7
25/05/2023,17:00,335,1.3,21.2,0.4,19.9,49.1,0.0,1016,10.3,4.2,7
25/05/2023,18:00,315,1.4,14.0,0.4,19.4,57.2,0.0,1017,18.3,8.4,22
25/05/2023,19:00,316,1.4,19.3,0.5,19.0,65.4,0.0,1017,18.0,8.7,23
25/05/2023,20:00,315,1.3,18.3,0.5,18.7,67.7,0.0,1017,20.1,11.0,29
25/05/2023,21:00,322,0.6,56.3,0.4,18.5,69.6,0.0,1017,19.1,11.5,29
25/05/2023,22:00,245,0.1,74.4,0.2,18.1,72.4,0.0,1017,10.9,5.1,12
25/05/2023,23:00,205,0.0,81.8,0.1,17.6,73.7,0.0,1016,10.0,4.6,10
26/05/2023,00:00,177,0.6,47.3,0.3,16.4,75.2,0.0,1015,15.7,8.3,21
26/05/2023,01:00,153,0.3,68.2,0.2,15.5,73.6,0.0,1015,16.7,8.5,21
26/05/2023,02:00,152,0.2,84.1,0.3,14.6,74.7,0.0,1014,17.4,8.9,23
26/05/2023,03:00,164,0.3,68.3,0.3,13.8,74.9,0.0,1014,18.2,9.1,22
26/05/2023,04:00,157,0.4,61.6,0.2,13.1,76.1,0.0,1013,20.0,9.9,24
26/05/2023,05:00,159,0.6,36.9,0.3,12.6,77.4,0.0,1013,20.2,9.8,23
26/05/2023,06:00,160,0.6,37.4,0.3,12.1,78.8,0.0,1013,20.3,10.2,25
26/05/2023,07:00,150,0.4,60.3,0.3,13.3,75.2,0.0,1014,21.2,9.5,24
26/05/2023,08:00,129,0.4,51.8,0.3,15.1,69.1,0.0,1013,19.8,9.4,23
26/05/2023,09:00,38,0.3,49.8,0.4,17.9,61.4,0.0,1012,30.5,10.9,28
26/05/2023,10:00,154,0.7,45.2,0.3,20.7,53.7,0.0,1011,24.7,8.8,22
26/05/2023,11:00,295,0.1,79.9,0.4,24.8,37.7,0.0,1009,16.3,5.5,11
26/05/2023,12:00,290,0.2,106.3,0.4,26.0,29.1,0.0,1007,19.6,6.4,13
26/05/2023,13:00,149,0.1,97.4,0.5,25.6,30.8,0.0,1006,16.1,6.3,13
26/05/2023,14:00,166,0.3,86.2,0.5,25.3,27.0,0.0,1006,23.3,6.5,14
26/05/2023,15:00,147,0.3,92.6,0.5,24.8,23.4,0.0,1006,18.4,5.1,10
26/05/2023,16:00,165,0.3,83.5,0.5,23.3,25.4,0.0,1006,18.0,4.2,8
26/05/2023,17:00,165,0.5,73.9,0.5,22.0,26.3,0.0,1007,19.3,4.1,7
26/05/2023,18:00,172,0.7,64.0,0.6,20.7,28.8,0.0,1008,22.1,4.6,8
26/05/2023,19:00,154,0.5,74.3,0.5,19.2,34.4,0.0,1009,23.4,4.8,8
26/05/2023,20:00,129,0.2,95.4,0.4,18.0,38.7,0.0,1010,19.8,4.2,7
26/05/2023,21:00,156,0.2,80.2,0.3,17.0,41.4,0.0,1010,13.6,3.3,5
26/05/2023,22:00,136,0.2,92.0,0.3,16.4,42.6,0.0,1010,12.3,2.7,4
26/05/2023,23:00,144,0.1,96.1,0.3,16.0,44.2,0.0,1010,10.0,2.3,3
27/05/2023,00:00,152,0.3,76.3,0.3,15.5,46.4,0.0,1010,9.5,1.7,3
27/05/2023,01:00,164,0.1,86.5,0.3,14.9,48.4,0.0,1010,7.5,1.8,3
27/05/2023,02:00,136,0.2,80.4,0.2,14.5,49.9,0.0,1010,8.0,1.8,3
27/05/2023,03:00,162,0.3,69.9,0.3,13.8,51.9,0.0,1010,7.0,2.0,3
27/05/2023,04:00,149,0.3,54.9,0.3,13.6,52.7,0.0,1010,8.0,2.0,3
27/05/2023,05:00,155,0.3,62.1,0.3,13.5,53.2,0.0,1011,7.2,2.2,3
27/05/2023,06:00,141,0.3,64.8,0.3,13.6,53.2,0.0,1012,7.1,2.6,4
27/05/2023,07:00,144,0.4,60.6,0.3,15.1,48.1,0.0,1012,8.1,3.2,4
27/05/2023,08:00,168,0.3,80.1,0.4,17.1,43.3,0.0,1013,8.7,3.4,5
27/05/2023,09:00,165,0.2,93.9,0.4,18.3,40.2,0.0,1013,8.8,3.6,5
27/05/2023,10:00,150,0.2,81.0,0.4,19.2,39.9,0.0,1013,10.1,4.4,8
27/05/2023,11:00,164,0.2,86.4,0.4,20.4,38.5,0.0,1012,11.2,4.2,7
27/05/2023,12:00,154,0.3,74.9,0.5,21.2,37.5,0.0,1011,11.5,4.6,8
27/05/2023,13:00,160,0.6,63.6,0.5,21.6,37.2,0.0,1010,11.7,5.0,8
27/05/2023,14:00,171,0.5,69.9,0.5,21.2,38.1,0.0,1010,12.2,4.4,7
27/05/2023,15:00,189,0.2,88.8,0.3,21.4,37.6,0.0,1010,11.3,4.4,7
27/05/2023,16:00,296,0.1,85.8,0.2,20.6,40.3,0.0,1010,10.8,4.3,7
27/05/2023,17:00,341,0.5,53.4,0.3,19.6,49.0,0.0,1011,15.4,5.5,10
27/05/2023,18:00,339,0.9,19.9,0.3,18.3,60.9,0.0,1011,24.3,9.0,17
27/05/2023,19:00,337,0.7,39.6,0.3,18.0,64.2,0.0,1012,25.1,10.9,23
27/05/2023,20:00,310,0.2,56.1,0.3,17.5,64.0,0.0,1012,32.1,15.4,38
27/05/2023,21:00,187,0.1,64.6,0.2,16.8,66.2,0.0,1012,32.7,17.3,44
27/05/2023,22:00,195,0.1,74.5,0.2,15.9,70.3,0.0,1012,29.1,17.4,46
27/05/2023,23:00,175,0.7,29.1,0.2,15.2,70.2,0.0,1012,25.5,14.7,35
28/05/2023,00:00,169,0.3,47.5,0.2,14.2,66.7,0.0,1012,19.5,12.0,28
28/05/2023,01:00,160,0.4,50.8,0.2,13.7,66.9,0.0,1012,21.3,13.2,34
28/05/2023,02:00,165,0.5,47.2,0.2,13.1,68.6,0.0,1012,23.2,14.9,37
28/05/2023,03:00,170,0.5,51.4,0.3,12.6,67.2,0.0,1012,20.7,12.6,30
28/05/2023,04:00,177,0.4,49.9,0.3,12.4,63.2,0.0,1012,15.4,8.7,19
28/05/2023,05:00,184,0.3,64.8,0.3,12.1,63.2,0.0,1012,15.1,8.3,18
28/05/2023,06:00,155,0.5,57.8,0.2,11.3,66.8,0.0,1013,14.6,8.2,17
28/05/2023,07:00,159,0.6,41.1,0.3,12.3,62.8,0.0,1013,14.8,7.7,16
28/05/2023,08:00,153,0.3,75.5,0.3,14.5,53.4,0.0,1014,14.4,7.0,14
28/05/2023,09:00,158,0.5,52.1,0.4,16.7,45.8,0.0,1013,11.6,6.0,12
28/05/2023,10:00,162,1.1,30.4,0.5,18.1,41.6,0.0,1013,13.2,5.2,10
28/05/2023,11:00,169,1.0,51.0,0.6,19.6,36.2,0.0,1012,11.1,4.7,8
28/05/2023,12:00,138,0.0,97.8,0.3,21.9,30.0,0.0,1011,10.7,4.5,8
28/05/2023,13:00,58,0.0,93.2,0.3,22.3,27.9,0.0,1011,16.2,7.8,18
28/05/2023,14:00,287,0.1,94.9,0.3,21.2,30.2,0.0,1010,30.5,22.7,60
28/05/2023,15:00,193,0.1,99.0,0.3,21.0,31.2,0.0,1010,68.9,56.9,153
28/05/2023,16:00,307,0.2,74.7,0.3,20.1,32.3,0.0,1010,84.8,73.5,177
28/05/2023,17:00,333,0.0,87.9,0.2,19.0,33.3,0.0,1011,74.6,62.2,171
28/05/2023,18:00,141,0.1,92.0,0.2,18.1,33.0,0.0,1012,240.6,215.6,522
28/05/2023,19:00,135,0.0,94.1,0.2,18.0,31.9,0.0,1013,211.6,188.9,445
28/05/2023,20:00,291,0.1,90.7,0.3,17.9,32.2,0.0,1013,56.9,45.8,95
28/05/2023,21:00,136,0.1,84.1,0.3,17.4,35.6,0.0,1013,44.2,33.2,83
28/05/2023,22:00,119,0.2,81.2,0.3,16.7,37.5,0.0,1013,99.2,83.0,209
28/05/2023,23:00,163,0.2,81.7,0.3,16.2,36.9,0.0,1013,49.1,37.7,86
29/05/2023,00:00,145,0.1,95.1,0.2,15.4,39.3,0.0,1014,16.3,9.0,23
29/05/2023,01:00,143,0.3,73.7,0.3,15.0,40.0,0.0,1014,11.2,5.8,10
29/05/2023,02:00,163,0.1,66.8,0.2,14.4,41.1,0.0,1014,8.9,3.4,5
29/05/2023,03:00,162,0.1,79.2,0.2,14.0,42.8,0.0,1014,10.3,4.6,8
29/05/2023,04:00,159,0.2,81.8,0.2,13.4,46.3,0.0,1014,14.8,6.7,14
29/05/2023,05:00,201,0.1,67.0,0.2,12.8,48.5,0.0,1015,11.5,5.5,10
29/05/2023,06:00,150,0.2,64.5,0.2,12.8,47.6,0.0,1016,19.9,9.7,22
29/05/2023,07:00,145,0.3,70.6,0.3,14.3,43.2,0.0,1016,31.2,19.7,50
29/05/2023,08:00,152,0.2,81.6,0.3,16.0,39.0,0.0,1016,44.0,30.1,72
29/05/2023,09:00,163,0.4,77.1,0.4,16.9,35.5,0.0,1017,12.9,5.9,10
29/05/2023,10:00,159,0.5,84.7,0.5,17.7,33.4,0.0,1017,7.2,2.8,5
29/05/2023,11:00,160,0.4,72.7,0.5,18.8,31.7,0.0,1016,11.0,2.8,4
29/05/2023,12:00,173,0.6,73.8,0.6,19.4,30.7,0.0,1016,12.1,3.1,5
29/05/2023,13:00,162,0.1,83.9,0.3,20.9,28.3,0.0,1015,12.2,3.4,6
29/05/2023,14:00,257,0.0,100.2,0.3,20.5,29.0,0.0,1015,10.1,2.9,5
29/05/2023,15:00,16,0.1,93.7,0.3,20.5,28.5,0.0,1015,21.1,12.7,34
29/05/2023,16:00,318,0.1,86.8,0.2,19.6,31.0,0.0,1015,35.9,25.7,65
29/05/2023,17:00,311,0.1,54.1,0.1,18.4,34.5,0.0,1015,36.3,25.9,67
29/05/2023,18:00,285,0.1,60.6,0.1,17.4,41.4,0.0,1016,70.6,54.8,150
29/05/2023,19:00,75,0.5,35.4,0.2,16.3,49.5,0.0,1017,64.3,47.5,97
29/05/2023,20:00,133,0.2,56.8,0.2,15.6,53.4,0.0,1018,33.7,20.8,60
29/05/2023,21:00,152,0.3,56.3,0.2,14.9,54.0,0.0,1018,107.0,87.9,231
29/05/2023,22:00,199,0.1,77.6,0.2,14.0,55.4,0.0,1019,111.7,91.1,227
29/05/2023,23:00,174,0.4,46.1,0.3,13.3,57.5,0.0,1019,163.9,145.3,374
30/05/2023,00:00,178,0.2,70.0,0.2,13.0,59.1,0.0,1019,178.1,159.3,396
30/05/2023,01:00,171,0.9,25.3,0.3,12.1,64.9,0.0,1019,191.4,170.2,437
30/05/2023,02:00,165,0.3,64.8,0.2,11.3,66.4,0.0,1019,177.7,158.0,401
30/05/2023,03:00,170,0.7,31.2,0.3,10.9,66.8,0.0,1019,136.4,114.9,288
30/05/2023,04:00,168,0.6,40.0,0.3,10.7,66.8,0.0,1019,105.0,88.4,225
30/05/2023,05:00,173,0.4,61.9,0.2,10.6,66.3,0.0,1020,86.7,72.4,187
30/05/2023,06:00,175,0.4,61.5,0.3,10.3,68.4,0.0,1020,67.4,54.9,136
30/05/2023,07:00,165,0.3,70.9,0.3,11.5,64.0,0.0,1021,50.5,36.4,92
30/05/2023,08:00,151,0.2,76.7,0.2,13.9,55.5,0.0,1022,57.2,41.8,109
30/05/2023,09:00,156,0.5,61.2,0.4,16.1,48.0,0.0,1022,51.4,35.4,90
30/05/2023,10:00,162,0.6,54.2,0.4,18.6,40.6,0.0,1022,34.8,24.1,57
30/05/2023,11:00,162,1.1,36.9,0.5,19.5,36.1,0.0,1021,18.2,8.1,17
30/05/2023,12:00,158,0.9,47.3,0.5,20.4,33.3,0.0,1020,13.6,5.3,11
30/05/2023,13:00,159,0.7,50.1,0.5,21.1,31.4,0.0,1019,23.9,15.9,43
30/05/2023,14:00,164,0.5,63.7,0.4,21.2,30.6,0.0,1018,87.7,76.0,195
30/05/2023,15:00,166,0.6,43.6,0.4,21.0,30.0,0.0,1018,85.3,75.7,177
30/05/2023,16:00,340,1.0,24.3,0.3,19.6,40.0,0.0,1018,28.3,12.8,30
30/05/2023,17:00,338,1.0,23.2,0.4,18.5,43.6,0.0,1018,19.3,6.5,14
30/05/2023,18:00,317,0.9,28.6,0.4,18.1,46.0,0.0,1019,18.0,7.5,17
30/05/2023,19:00,314,0.7,43.4,0.3,17.8,47.0,0.0,1020,19.6,8.8,21
30/05/2023,20:00,311,0.4,63.8,0.3,17.3,49.2,0.0,1020,15.9,8.5,19
30/05/2023,21:00,314,0.5,55.9,0.4,17.3,50.7,0.0,1020,14.4,7.7,17
30/05/2023,22:00,231,0.0,87.7,0.1,16.3,55.8,0.0,1020,18.3,10.6,23
30/05/2023,23:00,109,0.1,88.9,0.1,15.6,58.3,0.0,1020,23.5,15.1,36
31/05/2023,00:00,142,0.3,56.3,0.2,14.3,62.7,0.0,1019,68.1,56.9,122
31/05/2023,01:00,165,0.1,80.1,0.2,13.2,63.4,0.0,1019,153.3,133.0,397
31/05/2023,02:00,183,0.3,52.5,0.2,12.7,66.6,0.0,1019,236.8,206.5,563
31/05/2023,03:00,169,0.5,49.9,0.3,11.8,69.4,0.0,1019,171.0,144.5,380
31/05/2023,04:00,169,0.6,55.0,0.4,10.7,71.9,0.0,1019,103.4,82.0,211
31/05/2023,05:00,161,0.6,39.7,0.4,10.1,74.5,0.0,1019,115.5,93.9,268
31/05/2023,06:00,180,0.4,61.9,0.4,10.2,71.9,0.0,1020,63.1,49.6,130
31/05/2023,07:00,169,0.6,51.6,0.3,10.4,71.5,0.0,1020,68.5,50.0,135
31/05/2023,08:00,165,0.5,61.2,0.4,12.4,63.8,0.0,1020,59.5,41.0,109
31/05/2023,09:00,160,0.8,36.9,0.4,14.1,57.6,0.0,1020,37.3,24.0,60
31/05/2023,10:00,156,0.7,27.4,0.3,16.3,50.6,0.0,1020,56.8,40.6,110
31/05/2023,11:00,148,0.4,46.5,0.3,19.4,42.7,0.0,1019,86.8,68.2,178
31/05/2023,12:00,141,0.7,36.5,0.4,20.7,38.1,0.0,1018,95.9,73.0,175
31/05/2023,13:00,62,0.5,44.8,0.4,21.9,35.5,0.0,1017,68.3,50.9,124
31/05/2023,14:00,356,0.6,32.9,0.4,22.1,37.7,0.0,1016,59.3,40.7,97
31/05/2023,15:00,338,1.2,23.4,0.5,21.6,40.6,0.0,1016,42.2,25.4,62
31/05/2023,16:00,334,1.5,15.2,0.5,20.4,43.9,0.0,1016,27.5,14.6,33
31/05/2023,17:00,338,1.2,15.3,0.4,19.4,47.6,0.0,1017,24.2,12.9,30
31/05/2023,18:00,327,1.2,16.2,0.4,18.9,51.6,0.0,1017,23.5,12.8,29
31/05/2023,19:00,330,0.8,31.5,0.4,18.6,53.9,0.0,1018,25.3,15.0,35
31/05/2023,20:00,322,0.5,52.3,0.3,18.2,55.7,0.0,1018,23.9,13.1,31
31/05/2023,21:00,314,0.4,53.2,0.3,18.4,55.0,0.0,1018,20.5,10.5,23
31/05/2023,22:00,317,0.6,49.9,0.4,18.7,54.7,0.0,1018,16.8,8.3,18
31/05/2023,23:00,291,0.1,70.2,0.3,18.4,56.6,0.0,1018,15.6,7.9,16
01/06/2023,00:00,175,0.5,52.8,0.3,17.4,59.1,0.0,1017,22.0,13.8,25
01/06/2023,01:00,170,0.5,51.7,0.3,15.6,63.5,0.0,1017,52.2,39.9,114
01/06/2023,02:00,163,0.6,40.6,0.3,14.6,67.0,0.0,1017,54.4,39.7,94
01/06/2023,03:00,158,0.4,49.8,0.2,14.0,69.5,0.0,1016,47.0,31.1,77
01/06/2023,04:00,154,0.3,61.4,0.2,13.7,71.8,0.0,1016,45.6,29.5,74
01/06/2023,05:00,169,0.4,51.8,0.3,12.9,73.3,0.0,1017,55.3,40.1,102
01/06/2023,06:00,157,0.4,54.0,0.2,12.7,73.2,0.0,1017,56.3,42.3,105
01/06/2023,07:00,153,0.7,31.5,0.2,13.7,68.5,0.0,1017,47.9,34.6,85
01/06/2023,08:00,154,0.6,47.0,0.3,15.9,60.8,0.0,1018,55.9,36.9,92
01/06/2023,09:00,153,0.4,61.7,0.3,19.2,52.4,0.0,1018,56.9,32.0,78
01/06/2023,10:00,116,0.1,91.1,0.3,22.7,37.2,0.0,1018,23.7,13.7,30
01/06/2023,11:00,115,0.1,99.1,0.4,23.6,34.1,0.0,1017,24.6,13.3,31
01/06/2023,12:00,140,0.1,93.4,0.4,24.3,33.0,0.0,1015,20.1,9.6,20
01/06/2023,13:00,130,0.2,100.4,0.4,24.3,34.2,0.0,1014,17.2,5.6,10
01/06/2023,14:00,265,0.0,93.6,0.3,23.8,37.1,0.0,1014,19.4,8.8,20
01/06/2023,15:00,322,0.2,80.2,0.3,24.0,36.3,0.0,1014,24.3,12.8,28
01/06/2023,16:00,312,0.3,64.6,0.2,23.0,38.0,0.0,1015,23.5,11.2,27
01/06/2023,17:00,345,0.7,39.6,0.3,22.2,42.3,0.0,1015,30.8,15.1,34
01/06/2023,18:00,324,1.4,15.6,0.5,20.5,53.4,0.0,1016,21.5,10.4,23
01/06/2023,19:00,324,0.4,69.9,0.3,20.1,57.8,0.0,1017,22.3,12.7,30
01/06/2023,20:00,326,0.5,54.1,0.3,19.6,59.4,0.0,1017,25.5,13.9,32
01/06/2023,21:00,306,0.2,67.4,0.2,19.2,58.7,0.0,1017,22.3,11.8,27
01/06/2023,22:00,134,0.1,76.1,0.1,17.7,62.0,0.0,1017,28.0,15.8,38
01/06/2023,23:00,175,0.3,54.1,0.2,16.9,63.8,0.0,1017,32.8,19.4,50
02/06/2023,00:00,174,0.3,80.7,0.3,16.0,66.2,0.0,1017,41.7,24.5,63
02/06/2023,01:00,160,0.3,74.9,0.4,15.5,66.6,0.0,1018,30.1,16.3,36
02/06/2023,02:00,162,0.5,49.2,0.4,15.1,66.4,0.0,1018,35.5,18.7,44
02/06/2023,03:00,167,0.4,69.4,0.3,14.6,65.9,0.0,1017,33.3,20.5,50
02/06/2023,04:00,170,0.4,62.9,0.3,14.0,69.3,0.0,1017,44.7,28.9,68
02/06/2023,05:00,172,0.4,59.6,0.3,13.7,70.0,0.0,1018,40.8,27.1,64
02/06/2023,06:00,171,0.6,49.4,0.3,13.4,70.6,0.0,1019,35.2,22.7,55
02/06/2023,07:00,163,0.4,65.2,0.3,14.1,68.4,0.0,1019,43.2,29.0,71
02/06/2023,08:00,149,0.4,59.7,0.3,16.6,58.6,0.0,1020,46.2,30.8,72
02/06/2023,09:00,158,0.6,60.3,0.4,18.4,54.1,0.0,1020,34.8,18.8,42
02/06/2023,10:00,156,0.6,53.8,0.5,20.6,52.1,0.0,1021,33.0,10.8,24
02/06/2023,11:00,90,0.4,50.3,0.4,22.4,51.9,0.0,1020,24.0,7.3,16
02/06/2023,12:00,73,0.6,43.7,0.5,22.2,53.2,0.0,1019,14.7,4.5,8
02/06/2023,13:00,86,1.0,38.5,0.5,22.4,52.0,0.0,1018,11.9,4.1,7
02/06/2023,14:00,70,1.0,41.2,0.6,22.7,47.4,0.0,1018,13.1,4.2,6
02/06/2023,15:00,67,1.0,35.5,0.6,22.5,45.8,0.0,1018,17.5,4.7,7
02/06/2023,16:00,71,0.9,35.6,0.5,21.5,53.7,0.0,1019,12.4,4.5,7
02/06/2023,17:00,66,0.5,55.1,0.3,20.5,63.8,0.0,1019,12.4,4.9,8
02/06/2023,18:00,56,0.5,44.7,0.2,19.8,68.8,0.0,1020,14.3,6.0,12
02/06/2023,19:00,75,0.3,63.7,0.2,19.5,71.4,0.0,1021,13.5,6.3,13
02/06/2023,20:00,142,0.5,43.6,0.3,19.1,72.4,0.0,1021,15.3,7.8,19
02/06/2023,21:00,166,0.5,48.0,0.3,18.8,73.1,0.0,1022,17.9,9.3,23
02/06/2023,22:00,190,0.4,53.4,0.3,18.2,74.5,0.0,1021,18.6,10.2,26
02/06/2023,23:00,137,0.2,70.1,0.2,17.8,73.9,0.0,1021,24.7,15.3,40
03/06/2023,00:00,168,0.4,59.8,0.3,17.4,73.7,0.0,1021,20.1,12.1,31
03/06/2023,01:00,170,0.6,47.6,0.4,16.8,76.1,0.0,1020,17.6,10.8,26
03/06/2023,02:00,168,0.3,64.8,0.3,16.0,78.9,0.0,1020,18.7,11.0,28
03/06/2023,03:00,154,0.2,83.8,0.2,15.7,78.5,0.0,1020,16.1,9.6,25
03/06/2023,04:00,163,0.1,83.1,0.2,15.3,79.3,0.0,1020,16.0,9.6,24
03/06/2023,05:00,166,0.8,39.3,0.3,15.1,78.9,0.0,1020,15.9,9.7,25
03/06/2023,06:00,171,0.5,62.5,0.3,14.8,78.9,0.0,1021,18.1,9.6,23
03/06/2023,07:00,155,0.2,75.7,0.3,15.6,74.7,0.0,1022,15.8,8.4,20
03/06/2023,08:00,166,0.2,81.3,0.3,17.0,70.3,0.0,1022,14.5,7.5,18
03/06/2023,09:00,163,0.7,50.2,0.4,18.8,63.4,0.0,1022,15.4,7.2,16
03/06/2023,10:00,161,0.8,45.6,0.4,20.6,61.1,0.0,1022,19.6,8.4,18
03/06/2023,11:00,154,0.9,44.0,0.4,22.7,57.4,0.0,1021,22.9,7.5,15
03/06/2023,12:00,114,0.9,34.9,0.5,22.2,62.1,0.0,1020,16.0,6.3,13
03/06/2023,13:00,87,0.9,37.9,0.5,22.2,62.8,0.0,1020,15.0,5.8,11
03/06/2023,14:00,101,1.0,37.1,0.5,21.9,64.5,0.0,1020,14.5,5.6,11
03/06/2023,15:00,97,1.1,36.0,0.6,21.9,63.7,0.0,1020,12.6,5.3,10
03/06/2023,16:00,63,0.9,42.5,0.5,21.0,67.3,0.0,1020,12.4,5.3,10
03/06/2023,17:00,41,0.7,46.2,0.4,20.2,72.6,0.0,1020,10.7,5.0,10
03/06/2023,18:00,30,0.6,41.3,0.4,19.9,74.5,0.0,1021,11.3,5.6,12
03/06/2023,19:00,340,0.9,26.5,0.4,19.7,75.5,0.0,1021,11.1,5.7,14
03/06/2023,20:00,342,0.4,47.9,0.3,19.8,73.9,0.0,1021,13.7,5.9,14
03/06/2023,21:00,2,0.2,57.1,0.2,20.1,71.8,0.0,1022,11.7,5.6,13
03/06/2023,22:00,72,0.2,64.8,0.2,20.1,73.6,0.0,1022,16.3,8.4,23
03/06/2023,23:00,103,0.4,29.0,0.2,20.0,75.1,0.0,1022,16.5,8.7,21
04/06/2023,00:00,62,0.2,34.4,0.2,19.9,75.6,0.0,1021,15.9,8.5,21
04/06/2023,01:00,141,0.4,40.4,0.2,19.6,77.0,0.0,1021,17.1,9.2,24
04/06/2023,02:00,150,0.1,78.8,0.2,19.3,78.2,0.0,1021,21.5,12.2,32
04/06/2023,03:00,164,0.4,50.4,0.3,18.6,79.3,0.0,1021,19.8,12.3,33
04/06/2023,04:00,151,0.2,81.7,0.2,18.5,77.2,0.0,1021,14.7,8.3,21
04/06/2023,05:00,167,0.5,60.8,0.4,18.3,76.4,0.0,1022,14.5,7.8,19
04/06/2023,06:00,162,0.4,63.0,0.3,18.3,76.5,0.0,1022,13.7,7.9,20
04/06/2023,07:00,174,0.5,60.8,0.4,18.1,75.3,0.0,1023,15.7,8.9,23
04/06/2023,08:00,166,0.5,54.6,0.4,19.0,71.3,0.0,1023,16.5,8.6,21
04/06/2023,09:00,154,0.9,49.3,0.5,20.4,67.7,0.0,1024,14.1,7.2,16
04/06/2023,10:00,136,1.5,32.4,0.7,21.4,65.7,0.0,1023,12.7,5.3,11
04/06/2023,11:00,118,1.4,30.5,0.7,21.7,65.3,0.0,1023,11.5,4.5,9
04/06/2023,12:00,96,1.2,32.3,0.6,21.0,70.1,0.0,1022,11.1,4.5,9
04/06/2023,13:00,96,1.2,36.8,0.6,21.6,64.3,0.0,1022,12.5,4.8,8
04/06/2023,14:00,117,1.4,39.9,0.7,21.5,64.4,0.0,1021,11.5,5.0,9
04/06/2023,15:00,152,1.8,30.2,0.9,19.8,72.8,0.0,1022,9.5,4.4,8
04/06/2023,16:00,147,1.2,31.3,0.6,19.5,74.5,0.0,1022,9.1,4.1,8
04/06/2023,17:00,146,1.1,32.5,0.5,19.4,75.2,0.0,1022,11.1,4.9,9
04/06/2023,18:00,146,0.9,33.0,0.5,19.0,76.8,0.0,1022,11.9,6.0,12
04/06/2023,19:00,156,0.5,51.8,0.3,18.6,79.1,0.0,1023,13.9,6.7,14
04/06/2023,20:00,156,0.3,61.1,0.2,18.4,80.6,0.0,1023,15.2,7.6,17
04/06/2023,21:00,156,0.5,34.5,0.3,18.2,80.2,0.0,1023,16.4,7.8,17
04/06/2023,22:00,158,0.2,67.8,0.2,17.9,81.8,0.0,1023,16.3,8.8,21
04/06/2023,23:00,170,0.3,67.0,0.3,17.6,82.1,0.0,1023,17.5,9.3,22
05/06/2023,00:00,115,0.2,62.7,0.3,17.7,81.6,0.0,1022,15.3,7.7,18
05/06/2023,01:00,158,0.3,68.0,0.3,17.6,83.2,0.0,1022,13.4,6.6,13
05/06/2023,02:00,166,0.3,67.7,0.3,17.5,84.1,0.0,1022,11.3,5.8,12
05/06/2023,03:00,166,0.3,77.2,0.3,17.3,84.8,0.0,1022,11.8,6.1,14
05/06/2023,04:00,172,0.4,63.6,0.4,17.0,85.3,0.0,1022,10.3,5.6,12
05/06/2023,05:00,156,0.2,59.5,0.3,17.1,85.0,0.0,1022,12.4,6.1,13
05/06/2023,06:00,137,0.6,43.3,0.3,17.8,81.8,0.0,1023,18.1,7.7,13
05/06/2023,07:00,140,1.4,35.6,0.7,18.3,76.9,0.0,1023,23.0,8.6,14
05/06/2023,08:00,138,1.5,36.2,0.8,19.3,69.9,0.0,1024,22.5,7.9,13
05/06/2023,09:00,140,1.5,38.8,0.8,19.0,71.8,0.0,1024,19.7,7.7,13
05/06/2023,10:00,116,1.8,36.0,1.0,20.4,60.3,0.0,1024,23.9,8.3,11
05/06/2023,11:00,109,2.0,37.1,1.1,20.7,56.3,0.0,1023,23.1,7.1,9
05/06/2023,12:00,117,2.1,33.1,1.0,20.3,56.5,0.0,1022,21.9,7.5,9
05/06/2023,13:00,91,1.8,35.4,1.1,20.4,52.6,0.0,1021,24.0,7.9,8
05/06/2023,14:00,105,1.6,36.8,0.9,20.2,52.7,0.0,1021,23.9,7.8,8
05/06/2023,15:00,91,1.6,37.9,0.8,20.1,51.2,0.0,1021,22.0,7.5,8
05/06/2023,16:00,92,1.3,33.7,0.7,19.6,55.9,0.0,1021,23.5,7.4,8
05/06/2023,17:00,88,1.1,32.7,0.5,19.4,55.6,0.0,1022,22.6,7.2,8
05/06/2023,18:00,108,0.9,34.4,0.4,18.9,57.8,0.0,1022,19.1,6.9,8
05/06/2023,19:00,156,1.1,30.1,0.5,18.2,64.6,0.0,1023,16.7,6.0,8
05/06/2023,20:00,136,0.8,34.0,0.4,17.7,67.9,0.0,1023,14.5,5.3,7
05/06/2023,21:00,119,0.5,37.3,0.3,17.3,70.1,0.0,1023,11.8,4.7,7
05/06/2023,22:00,151,0.4,64.7,0.3,17.3,69.7,0.0,1023,12.4,5.0,8
05/06/2023,23:00,161,0.3,66.3,0.3,17.1,70.0,0.0,1023,14.8,5.6,9
06/06/2023,00:00,158,0.5,58.2,0.4,16.9,70.6,0.0,1023,14.1,5.6,10
06/06/2023,01:00,167,0.6,53.8,0.4,16.6,71.4,0.0,1023,12.5,5.5,10
06/06/2023,02:00,169,0.6,58.4,0.4,15.9,75.6,0.0,1022,12.7,5.3,9
06/06/2023,03:00,168,0.4,73.6,0.4,15.6,76.4,0.0,1022,9.8,4.3,7
06/06/2023,04:00,174,0.4,65.9,0.4,15.5,76.5,0.0,1022,9.2,4.0,7
06/06/2023,05:00,164,0.6,56.3,0.4,15.6,75.9,0.0,1023,10.6,4.4,8
06/06/2023,06:00,176,0.4,69.8,0.4,15.7,74.5,0.0,1023,11.7,4.6,9
06/06/2023,07:00,172,0.5,64.6,0.4,16.5,70.8,0.0,1024,11.4,4.2,7
06/06/2023,08:00,161,0.4,82.0,0.4,18.0,65.1,0.0,1024,16.7,4.5,8
06/06/2023,09:00,136,0.8,42.5,0.5,18.8,62.7,0.0,1024,17.0,4.2,7
06/06/2023,10:00,125,0.7,45.8,0.4,19.5,59.9,0.0,1024,13.9,3.6,5
06/06/2023,11:00,115,1.2,40.8,0.7,20.5,55.0,0.0,1023,11.6,3.6,5
06/06/2023,12:00,46,0.9,43.9,0.6,21.1,51.1,0.0,1022,11.8,3.5,4
06/06/2023,13:00,63,0.8,38.4,0.6,21.6,48.9,0.0,1021,11.8,3.6,4
06/06/2023,14:00,47,0.5,44.0,0.5,21.6,48.0,0.0,1021,12.1,3.8,5
06/06/2023,15:00,96,1.0,35.8,0.6,21.4,48.1,0.0,1021,10.7,3.5,4
06/06/2023,16:00,91,1.3,33.0,0.6,20.2,58.5,0.0,1021,10.9,3.9,5
06/06/2023,17:00,117,1.0,34.9,0.5,19.5,59.8,0.0,1022,12.9,4.1,5
06/06/2023,18:00,100,0.8,41.8,0.5,19.0,60.8,0.0,1022,11.7,4.0,6
06/06/2023,19:00,106,0.9,42.1,0.5,18.4,64.8,0.0,1023,10.6,4.1,6
06/06/2023,20:00,132,1.0,36.6,0.5,17.9,66.7,0.0,1023,9.2,3.8,6
06/06/2023,21:00,131,0.7,33.5,0.4,17.8,66.6,0.0,1023,9.1,3.6,5
06/06/2023,22:00,122,0.5,34.8,0.3,17.5,67.4,0.0,1023,8.6,3.6,5
06/06/2023,23:00,144,0.5,45.1,0.2,17.1,69.6,0.0,1023,10.7,4.1,7
07/06/2023,00:00,170,0.2,82.8,0.3,16.9,72.1,0.0,1022,12.0,5.1,9
07/06/2023,01:00,170,0.4,70.3,0.4,16.2,75.2,0.0,1022,11.1,5.2,12
07/06/2023,02:00,168,0.5,66.7,0.5,16.1,75.8,0.0,1022,9.1,4.2,9
07/06/2023,03:00,175,0.9,41.9,0.5,16.0,75.1,0.0,1022,8.5,4.1,8
07/06/2023,04:00,159,0.3,65.6,0.4,15.9,75.5,0.0,1021,8.4,3.6,6
07/06/2023,05:00,162,0.4,69.3,0.3,16.3,72.9,0.0,1022,6.5,3.0,5
07/06/2023,06:00,163,0.3,75.4,0.3,15.6,76.1,0.0,1022,9.8,3.9,7
07/06/2023,07:00,177,0.2,82.5,0.3,16.8,70.5,0.0,1022,9.6,4.0,8
07/06/2023,08:00,169,0.7,55.5,0.5,17.7,66.2,0.0,1022,13.0,4.3,9
07/06/2023,09:00,146,0.4,69.3,0.3,19.5,60.0,0.0,1023,18.7,5.2,11
07/06/2023,10:00,131,0.9,50.7,0.6,20.0,57.1,0.0,1022,14.7,4.1,7
07/06/2023,11:00,140,1.2,38.0,0.7,20.1,57.9,0.0,1022,10.8,3.6,5
07/06/2023,12:00,124,1.7,33.0,0.8,20.3,56.1,0.0,1020,11.8,3.6,5
07/06/2023,13:00,119,0.9,46.4,0.6,21.0,50.4,0.0,1020,12.4,3.2,4
07/06/2023,14:00,123,0.9,51.5,0.6,20.9,52.4,0.0,1019,12.3,3.2,4
07/06/2023,15:00,107,0.9,40.6,0.6,20.7,53.5,0.0,1019,8.8,2.8,3
07/06/2023,16:00,97,0.8,40.6,0.5,20.0,55.6,0.0,1019,10.9,3.0,4
07/06/2023,17:00,72,0.8,34.5,0.4,19.2,61.0,0.0,1019,9.4,3.1,4
07/06/2023,18:00,78,0.6,36.6,0.3,18.5,66.0,0.0,1020,12.4,4.9,9
07/06/2023,19:00,62,0.6,38.1,0.3,18.1,68.1,0.0,1020,12.0,5.2,10
07/06/2023,20:00,96,0.4,37.8,0.2,17.9,68.5,0.0,1020,13.4,5.2,10
07/06/2023,21:00,141,0.4,40.0,0.2,17.6,70.1,0.0,1020,11.8,5.1,11
07/06/2023,22:00,151,0.5,31.0,0.2,17.0,71.8,0.0,1020,14.0,5.9,13
07/06/2023,23:00,142,0.2,79.8,0.2,16.3,74.6,0.0,1019,18.1,8.2,21
08/06/2023,00:00,140,0.1,100.8,0.2,16.0,75.2,0.0,1019,14.5,6.5,15
08/06/2023,01:00,169,0.6,44.3,0.3,15.4,77.4,0.0,1018,11.5,5.7,12
08/06/2023,02:00,164,0.4,56.3,0.3,15.4,76.4,0.0,1018,11.3,5.3,11
08/06/2023,03:00,156,0.2,80.0,0.2,15.6,73.7,0.0,1018,10.4,4.6,8
08/06/2023,04:00,151,0.2,80.3,0.2,15.7,74.0,0.0,1017,9.8,4.3,8
08/06/2023,05:00,144,0.4,60.7,0.3,15.9,73.3,0.0,1018,10.0,4.2,8
08/06/2023,06:00,168,0.4,65.5,0.3,15.6,74.0,0.0,1018,9.2,3.9,7
08/06/2023,07:00,169,0.2,73.1,0.3,16.0,71.7,0.0,1018,10.9,4.2,8
08/06/2023,08:00,155,0.3,64.4,0.3,17.5,65.8,0.0,1018,10.5,4.0,7
08/06/2023,09:00,162,0.4,66.3,0.4,18.8,62.0,0.0,1019,10.3,3.8,7
08/06/2023,10:00,162,0.6,52.6,0.4,19.7,59.6,0.0,1018,10.1,3.6,6
08/06/2023,11:00,148,0.6,46.9,0.4,20.7,56.5,0.0,1017,11.2,3.8,6
08/06/2023,12:00,40,0.1,56.7,0.3,22.4,50.8,0.0,1016,13.0,4.4,7
08/06/2023,13:00,13,0.2,45.4,0.5,22.4,51.0,0.0,1014,16.7,4.7,8
08/06/2023,14:00,350,0.7,37.8,0.4,22.1,53.9,0.0,1014,19.1,4.9,8
08/06/2023,15:00,340,1.1,28.9,0.5,21.5,58.2,0.0,1014,22.3,4.9,8
08/06/2023,16:00,352,1.0,34.7,0.5,20.9,61.4,0.0,1014,12.7,3.9,6
08/06/2023,17:00,345,0.8,36.0,0.4,19.9,66.1,0.0,1014,12.1,4.0,6
08/06/2023,18:00,340,0.9,35.7,0.4,19.4,70.6,0.0,1014,14.5,5.7,12
08/06/2023,19:00,336,1.2,22.4,0.5,19.2,75.0,0.0,1014,16.0,6.8,16
08/06/2023,20:00,323,0.4,58.5,0.3,18.8,76.5,0.0,1014,13.7,6.7,14
08/06/2023,21:00,338,0.1,80.9,0.2,18.6,76.7,0.0,1014,13.1,5.5,12
08/06/2023,22:00,302,0.0,94.0,0.2,18.9,74.1,0.0,1014,13.2,5.6,11
08/06/2023,23:00,307,0.0,78.3,0.2,18.8,72.0,0.0,1014,13.5,5.5,11
09/06/2023,00:00,166,0.2,59.1,0.2,18.5,73.4,0.0,1013,13.1,5.3,10
09/06/2023,01:00,164,0.3,71.2,0.3,17.8,76.2,0.0,1013,12.8,6.0,13
09/06/2023,02:00,161,0.2,77.6,0.3,17.5,77.5,0.0,1013,12.3,5.9,13
09/06/2023,03:00,160,0.3,73.1,0.3,17.3,77.4,0.0,1013,9.8,4.7,10
09/06/2023,04:00,148,0.2,74.3,0.2,16.9,77.0,0.0,1012,9.9,4.3,8
09/06/2023,05:00,340,0.0,72.5,0.2,16.3,78.7,0.0,1013,9.4,4.1,8
09/06/2023,06:00,161,0.1,72.1,0.2,16.1,76.6,0.0,1014,7.7,3.8,7
09/06/2023,07:00,148,0.1,82.0,0.2,17.7,66.0,0.0,1014,8.0,3.3,6
09/06/2023,08:00,116,0.1,80.5,0.3,19.4,57.4,0.0,1015,7.4,3.2,6
09/06/2023,09:00,137,0.2,91.6,0.4,20.5,50.8,0.0,1016,6.9,2.7,5
09/06/2023,10:00,162,0.2,90.1,0.4,21.3,47.2,0.0,1015,8.3,2.9,5
09/06/2023,11:00,133,0.2,82.0,0.4,21.6,43.9,0.0,1014,10.6,3.3,6
09/06/2023,12:00,129,0.1,91.0,0.4,22.6,41.3,0.0,1013,9.4,3.7,7
09/06/2023,13:00,105,0.2,92.1,0.3,22.5,39.9,0.0,1013,11.4,4.2,8
09/06/2023,14:00,142,0.1,93.5,0.3,22.0,38.4,0.0,1013,10.2,3.9,7
09/06/2023,15:00,107,0.1,96.2,0.3,21.8,37.8,0.0,1013,10.2,3.8,6
09/06/2023,16:00,313,0.1,83.7,0.2,21.1,39.5,0.0,1013,9.1,3.9,7
09/06/2023,17:00,289,0.3,46.5,0.2,20.1,42.2,0.0,1013,13.0,6.0,13
09/06/2023,18:00,277,0.2,53.6,0.2,19.4,45.3,0.0,1014,14.3,5.7,13
09/06/2023,19:00,97,0.2,56.2,0.2,18.6,47.8,0.0,1015,21.0,9.8,27
09/06/2023,20:00,169,0.6,30.9,0.3,18.1,46.2,0.0,1015,16.7,9.1,21
09/06/2023,21:00,146,0.5,33.3,0.2,17.0,50.3,0.0,1016,20.0,9.0,23
09/06/2023,22:00,155,0.2,76.0,0.2,16.1,52.5,0.0,1016,17.2,8.0,18
09/06/2023,23:00,175,0.0,76.3,0.2,15.5,54.4,0.0,1016,17.3,8.6,20
10/06/2023,00:00,171,0.4,52.6,0.3,14.7,58.3,0.0,1016,19.9,9.0,20
10/06/2023,01:00,180,0.3,66.0,0.3,13.9,60.8,0.0,1016,18.5,9.6,23
10/06/2023,02:00,174,0.2,67.8,0.2,13.3,63.0,0.0,1016,17.0,9.3,22
10/06/2023,03:00,177,0.5,49.0,0.3,13.0,64.6,0.0,1016,14.3,7.6,17
10/06/2023,04:00,177,0.2,75.5,0.3,12.5,64.2,0.0,1016,12.6,7.0,15
10/06/2023,05:00,338,0.2,76.0,0.3,12.0,65.5,0.0,1017,11.2,6.5,14
10/06/2023,06:00,342,0.2,78.9,0.3,11.8,65.6,0.0,1018,11.3,5.6,11
10/06/2023,07:00,125,0.1,84.3,0.3,13.0,61.1,0.0,1018,13.2,5.5,11
10/06/2023,08:00,134,0.4,55.9,0.3,15.4,52.3,0.0,1019,9.6,4.2,8
10/06/2023,09:00,141,0.2,78.8,0.3,17.9,45.4,0.0,1019,8.4,4.0,7
10/06/2023,10:00,162,0.9,50.2,0.5,18.5,42.8,0.0,1019,7.9,3.4,6
10/06/2023,11:00,164,1.0,44.0,0.6,19.5,42.8,0.0,1018,9.5,3.4,5
10/06/2023,12:00,165,0.5,61.4,0.5,20.8,40.5,0.0,1017,9.2,3.6,6
10/06/2023,13:00,334,0.3,47.5,0.4,21.7,41.3,0.0,1016,10.4,3.9,6
10/06/2023,14:00,341,0.6,49.7,0.4,21.7,42.6,0.0,1016,10.8,4.4,8
10/06/2023,15:00,341,1.0,27.1,0.4,21.2,47.6,0.0,1016,12.7,4.3,7
10/06/2023,16:00,355,0.9,33.9,0.5,20.3,52.3,0.0,1017,13.3,5.7,10
10/06/2023,17:00,7,0.5,52.5,0.3,19.4,57.7,0.0,1018,12.0,4.7,8
10/06/2023,18:00,349,0.7,38.3,0.3,18.6,60.8,0.0,1018,13.0,6.5,13
10/06/2023,19:00,352,0.5,49.2,0.3,18.4,62.5,0.0,1019,14.0,7.2,16
10/06/2023,20:00,326,0.2,79.8,0.2,18.0,64.5,0.0,1019,17.6,9.6,25
10/06/2023,21:00,304,0.1,80.1,0.2,17.3,67.0,0.0,1020,20.8,11.4,30
10/06/2023,22:00,158,0.4,49.6,0.1,16.6,70.5,0.0,1020,26.7,17.3,50
10/06/2023,23:00,159,0.3,64.4,0.2,15.9,72.9,0.0,1019,24.9,17.2,49
11/06/2023,00:00,169,0.3,64.7,0.3,15.4,73.5,0.0,1019,29.3,19.1,55
11/06/2023,01:00,168,0.4,63.4,0.3,14.6,75.7,0.0,1019,21.0,13.8,36
11/06/2023,02:00,149,0.3,65.0,0.2,14.1,76.9,0.0,1019,23.2,15.8,43
11/06/2023,03:00,168,0.6,44.5,0.3,13.3,78.9,0.0,1019,22.6,15.3,41
11/06/2023,04:00,173,0.4,56.7,0.3,12.9,77.2,0.0,1019,17.4,10.9,28
11/06/2023,05:00,165,0.4,53.9,0.3,12.8,75.7,0.0,1020,15.5,9.8,24
11/06/2023,06:00,184,0.2,68.5,0.2,12.6,77.1,0.0,1020,15.5,9.3,24
11/06/2023,07:00,157,0.4,52.1,0.3,13.4,74.0,0.0,1020,15.7,9.3,23
11/06/2023,08:00,161,0.4,59.2,0.3,15.4,66.0,0.0,1021,15.0,9.0,22
11/06/2023,09:00,172,0.7,46.7,0.5,16.9,61.6,0.0,1021,14.4,7.9,18
11/06/2023,10:00,157,0.6,61.4,0.4,19.1,56.7,0.0,1021,15.4,7.8,18
11/06/2023,11:00,296,0.1,65.2,0.3,21.6,49.1,0.0,1020,13.4,6.5,14
11/06/2023,12:00,61,0.4,51.4,0.3,21.8,44.4,0.0,1019,11.1,4.3,7
11/06/2023,13:00,39,0.8,42.0,0.6,22.4,41.4,0.0,1018,8.7,3.2,5
11/06/2023,14:00,53,1.1,44.1,0.7,22.0,40.6,0.0,1018,7.6,2.6,4
11/06/2023,15:00,52,1.0,39.1,0.6,21.3,41.7,0.0,1018,6.9,2.6,4
11/06/2023,16:00,60,0.9,40.4,0.5,20.4,47.1,0.0,1018,7.4,2.9,4
11/06/2023,17:00,66,0.6,30.0,0.2,19.4,51.8,0.0,1018,8.6,3.8,6
11/06/2023,18:00,77,0.6,31.9,0.2,18.8,54.6,0.0,1019,11.6,5.4,11
11/06/2023,19:00,107,0.4,46.6,0.2,18.5,57.0,0.0,1019,12.4,6.3,14
11/06/2023,20:00,119,0.5,32.4,0.2,18.2,58.9,0.0,1019,11.3,5.4,11
11/06/2023,21:00,160,0.4,47.6,0.3,17.8,62.0,0.0,1019,13.0,6.6,15
11/06/2023,22:00,155,0.1,86.4,0.2,17.4,64.8,0.0,1019,19.3,10.2,26
11/06/2023,23:00,167,0.2,72.4,0.2,16.9,67.5,0.0,1019,17.8,9.8,24
12/06/2023,00:00,163,0.2,78.3,0.2,16.6,69.5,0.0,1018,14.7,8.6,21
12/06/2023,01:00,171,0.3,71.5,0.3,16.3,70.0,0.0,1018,12.4,7.1,15
12/06/2023,02:00,170,0.4,59.1,0.3,16.0,71.2,0.0,1018,14.1,7.4,16
12/06/2023,03:00,164,0.5,48.8,0.3,15.6,71.1,0.0,1017,12.8,6.9,15
12/06/2023,04:00,173,0.5,54.1,0.4,15.5,70.8,0.0,1017,11.6,6.3,13
12/06/2023,05:00,164,0.4,68.6,0.3,15.5,70.2,0.0,1017,13.9,6.2,13
12/06/2023,06:00,153,0.2,83.6,0.2,15.7,69.4,0.0,1018,15.0,6.1,13
12/06/2023,07:00,168,0.3,72.2,0.3,16.1,68.8,0.0,1018,15.0,6.2,13
12/06/2023,08:00,151,0.5,45.3,0.3,16.6,66.9,0.0,1019,15.9,5.8,12
12/06/2023,09:00,140,0.3,58.3,0.2,16.3,73.4,0.0,1019,15.1,5.8,13
12/06/2023,10:00,170,0.2,77.0,0.2,17.7,71.0,0.0,1019,11.2,4.8,11
12/06/2023,11:00,150,0.5,60.9,0.2,19.1,64.2,0.0,1018,11.5,5.2,11
12/06/2023,12:00,154,0.8,23.3,0.3,19.5,64.0,0.0,1017,12.7,5.3,12
12/06/2023,13:00,147,0.6,46.7,0.3,20.3,60.4,0.0,1016,12.4,5.0,10
12/06/2023,14:00,69,0.3,46.8,0.3,21.0,55.3,0.0,1016,12.2,4.6,9
12/06/2023,15:00,343,0.2,57.3,0.3,20.8,56.4,0.0,1016,11.6,4.9,9
12/06/2023,16:00,330,0.4,57.7,0.3,20.2,59.8,0.0,1016,12.2,4.1,8
12/06/2023,17:00,27,0.3,68.6,0.3,19.6,64.4,0.0,1016,10.8,4.0,8
12/06/2023,18:00,98,0.4,39.0,0.2,19.1,66.0,0.0,1016,11.5,4.9,11
12/06/2023,19:00,73,0.5,23.2,0.2,18.8,67.3,0.0,1017,14.1,5.8,14
12/06/2023,20:00,330,0.0,83.0,0.1,18.5,71.2,0.0,1017,17.0,8.4,23
12/06/2023,21:00,167,0.2,62.0,0.2,17.9,74.7,0.0,1017,19.0,10.4,27
12/06/2023,22:00,158,0.3,62.2,0.2,17.5,76.6,0.0,1016,16.5,8.9,23
12/06/2023,23:00,232,0.1,76.6,0.1,17.2,77.6,0.0,1016,17.1,8.6,22
13/06/2023,00:00,123,0.2,65.4,0.2,17.0,77.1,0.0,1015,16.6,8.2,21
13/06/2023,01:00,163,0.2,87.7,0.2,16.1,79.6,0.0,1015,14.3,7.8,19
13/06/2023,02:00,161,0.2,71.0,0.3,15.9,80.0,0.0,1015,15.7,8.9,22
13/06/2023,03:00,148,0.1,83.9,0.3,15.8,78.7,0.0,1014,13.3,7.6,19
13/06/2023,04:00,172,0.4,66.4,0.3,15.7,78.9,0.0,1014,13.1,7.9,20
13/06/2023,05:00,158,0.4,66.8,0.3,15.3,79.3,0.0,1015,13.5,8.1,22
13/06/2023,06:00,175,0.4,62.0,0.4,15.0,80.2,0.0,1015,14.0,8.8,24
13/06/2023,07:00,162,0.3,70.1,0.3,15.2,78.9,0.0,1015,16.2,9.3,28
13/06/2023,08:00,159,0.8,42.2,0.4,16.1,74.0,0.0,1015,16.1,9.3,28
13/06/2023,09:00,163,1.0,40.2,0.5,18.0,66.3,0.0,1015,14.9,6.7,16
13/06/2023,10:00,162,1.0,39.5,0.5,19.0,62.0,0.0,1015,13.8,5.1,10
13/06/2023,11:00,137,0.6,46.7,0.3,20.8,57.6,0.0,1014,12.2,4.6,8
13/06/2023,12:00,209,0.0,57.7,0.3,22.4,52.1,0.0,1012,13.4,4.8,9
13/06/2023,13:00,165,0.5,51.1,0.4,23.3,49.3,0.0,1011,13.9,5.1,9
13/06/2023,14:00,280,0.1,60.3,0.3,23.0,49.0,0.0,1011,11.5,5.5,10
13/06/2023,15:00,334,1.3,22.8,0.5,22.5,53.3,0.0,1010,15.4,5.1,9
13/06/2023,16:00,348,1.2,25.9,0.5,21.3,59.9,0.0,1010,15.4,4.7,8
13/06/2023,17:00,332,1.6,15.1,0.5,20.2,66.1,0.0,1011,11.1,4.5,8
13/06/2023,18:00,337,1.1,18.3,0.4,19.6,73.7,0.0,1012,13.8,5.9,12
13/06/2023,19:00,326,0.7,32.2,0.3,19.4,75.4,0.0,1012,16.0,7.7,19
13/06/2023,20:00,313,0.8,36.5,0.4,19.0,74.2,0.0,1012,13.4,6.4,14
13/06/2023,21:00,320,0.9,24.3,0.5,19.1,73.3,0.0,1012,12.7,5.7,12
13/06/2023,22:00,322,0.8,36.5,0.4,19.1,70.8,0.0,1012,12.5,6.0,13
13/06/2023,23:00,194,0.1,61.4,0.3,18.6,71.2,0.0,1012,13.0,5.9,12
14/06/2023,00:00,158,0.3,69.8,0.3,17.3,73.9,0.0,1012,12.0,6.1,13
14/06/2023,01:00,185,0.2,66.5,0.2,16.4,76.9,0.0,1012,12.8,6.8,14
14/06/2023,02:00,131,0.1,88.7,0.2,15.9,79.3,0.0,1012,16.3,7.8,18
14/06/2023,03:00,167,0.1,92.5,0.2,15.1,81.5,0.0,1011,16.4,8.5,20
14/06/2023,04:00,151,0.2,69.6,0.2,14.5,82.7,0.0,1011,15.0,7.9,18
14/06/2023,05:00,165,0.2,81.3,0.2,14.1,83.2,0.0,1011,15.6,8.2,19
14/06/2023,06:00,154,0.3,45.0,0.3,13.9,82.9,0.0,1012,17.1,9.1,23
14/06/2023,07:00,151,0.3,78.0,0.3,14.6,77.1,0.0,1012,16.9,8.5,21
14/06/2023,08:00,156,0.5,54.1,0.4,15.3,69.9,0.0,1013,18.1,8.1,21
14/06/2023,09:00,155,0.6,53.8,0.3,17.8,58.3,0.0,1013,17.6,6.7,16
14/06/2023,10:00,151,0.2,93.0,0.3,21.6,41.0,0.0,1013,16.4,5.2,11
14/06/2023,11:00,116,0.1,82.2,0.3,23.6,29.5,0.0,1012,9.6,3.2,6
14/06/2023,12:00,155,0.2,87.9,0.4,24.0,27.6,0.0,1011,10.5,3.6,6
14/06/2023,13:00,142,0.1,99.9,0.4,24.1,28.8,0.0,1010,15.4,4.1,7
14/06/2023,14:00,182,0.2,95.4,0.5,23.8,26.3,0.0,1010,18.2,3.8,6
14/06/2023,15:00,175,0.4,79.0,0.5,23.5,22.8,0.0,1010,14.1,2.9,5
14/06/2023,16:00,183,0.1,91.4,0.4,22.3,22.7,0.0,1011,11.8,3.1,5
14/06/2023,17:00,230,0.0,90.6,0.3,21.0,23.5,0.0,1012,11.9,3.8,7
14/06/2023,18:00,141,0.3,71.8,0.3,20.3,23.5,0.0,1012,11.3,4.2,8
14/06/2023,19:00,133,0.1,81.6,0.3,19.3,25.7,0.0,1013,10.9,4.9,10
14/06/2023,20:00,149,0.3,77.0,0.3,18.5,27.5,0.0,1014,9.8,3.5,6
14/06/2023,21:00,146,0.1,94.0,0.3,17.5,30.5,0.0,1014,8.9,2.7,4
14/06/2023,22:00,150,0.2,84.7,0.2,16.6,33.4,0.0,1014,7.5,3.1,4
14/06/2023,23:00,169,0.2,81.6,0.3,15.5,37.9,0.0,1014,9.8,3.1,4
15/06/2023,00:00,144,0.3,71.3,0.3,15.4,38.2,0.0,1014,12.1,6.3,15
15/06/2023,01:00,165,0.2,74.7,0.3,14.7,41.1,0.0,1013,9.4,3.3,3
15/06/2023,02:00,164,0.3,60.4,0.3,13.7,46.1,0.0,1013,8.7,3.4,4
15/06/2023,03:00,175,0.5,55.9,0.4,12.8,50.0,0.0,1013,9.7,3.5,4
15/06/2023,04:00,174,0.3,67.7,0.3,12.5,52.0,0.0,1013,9.0,3.6,4
15/06/2023,05:00,172,0.3,69.2,0.3,12.2,53.4,0.0,1014,10.6,3.9,5
15/06/2023,06:00,181,0.2,75.7,0.3,11.7,55.8,0.0,1014,12.6,4.3,6
15/06/2023,07:00,148,0.3,76.6,0.3,13.2,50.6,0.0,1015,14.9,4.5,7
15/06/2023,08:00,148,0.3,69.8,0.3,15.3,44.4,0.0,1015,13.3,4.5,7
15/06/2023,09:00,168,0.4,68.6,0.4,17.0,38.5,0.0,1015,10.8,3.9,5
15/06/2023,10:00,164,0.8,53.0,0.5,17.7,36.0,0.0,1015,9.9,3.8,5
15/06/2023,11:00,170,0.6,58.5,0.4,18.9,31.4,0.0,1014,10.5,3.4,5
15/06/2023,12:00,170,0.9,52.7,0.5,19.2,29.6,0.0,1012,9.6,3.3,4
15/06/2023,13:00,103,0.5,49.3,0.3,20.2,28.7,0.0,1012,9.6,3.5,5
15/06/2023,14:00,141,0.3,54.3,0.4,20.2,30.4,0.0,1011,11.8,3.8,5
15/06/2023,15:00,179,0.8,38.0,0.4,20.0,32.4,0.0,1011,10.6,3.9,6
15/06/2023,16:00,343,0.6,40.8,0.3,19.1,39.6,0.0,1012,11.5,4.0,6
15/06/2023,17:00,342,1.1,21.6,0.4,17.6,49.5,0.0,1012,17.5,4.9,8
15/06/2023,18:00,334,0.6,39.9,0.4,17.1,54.5,0.0,1013,16.4,6.4,13
15/06/2023,19:00,322,0.6,42.5,0.3,16.8,55.3,0.0,1014,19.0,8.5,19
15/06/2023,20:00,310,0.2,65.6,0.2,16.0,58.3,0.0,1014,14.9,6.6,13
15/06/2023,21:00,130,0.1,64.5,0.2,15.6,52.9,0.0,1015,15.2,6.2,14
15/06/2023,22:00,118,0.4,33.2,0.2,14.3,60.4,0.0,1015,22.5,11.2,28
15/06/2023,23:00,152,0.3,62.7,0.2,13.9,55.3,0.0,1015,17.4,8.7,20
16/06/2023,00:00,160,0.7,25.9,0.2,13.0,56.5,0.0,1015,19.5,8.9,18
16/06/2023,01:00,171,0.2,81.7,0.3,12.3,56.2,0.0,1015,22.6,10.4,22
16/06/2023,02:00,154,0.4,64.6,0.3,12.1,56.6,0.0,1015,18.6,9.3,19
16/06/2023,03:00,164,0.5,56.0,0.3,11.2,59.3,0.0,1015,16.2,7.9,16
16/06/2023,04:00,165,0.6,49.7,0.4,10.8,59.3,0.0,1015,16.4,7.3,14
16/06/2023,05:00,179,0.6,53.6,0.4,10.5,60.8,0.0,1016,15.9,6.7,12
16/06/2023,06:00,168,0.5,56.1,0.4,10.3,61.3,0.0,1016,15.3,6.6,12
16/06/2023,07:00,158,0.6,46.2,0.3,11.1,58.9,0.0,1017,20.8,7.4,14
16/06/2023,08:00,153,0.3,66.1,0.3,13.9,48.6,0.0,1018,20.5,7.3,13
16/06/2023,09:00,161,0.5,66.0,0.4,16.1,42.7,0.0,1018,15.4,6.5,13
16/06/2023,10:00,171,0.9,51.6,0.6,16.7,40.6,0.0,1018,12.9,5.4,9
16/06/2023,11:00,164,0.8,48.9,0.5,18.1,39.2,0.0,1017,14.8,5.6,10
16/06/2023,12:00,167,0.6,56.1,0.4,19.2,38.9,0.0,1016,17.3,5.9,11
16/06/2023,13:00,339,0.3,48.1,0.4,20.5,36.0,0.0,1016,18.2,6.0,11
16/06/2023,14:00,338,0.2,40.6,0.4,20.1,35.3,0.0,1015,15.0,5.7,11
16/06/2023,15:00,329,1.1,30.6,0.5,19.9,39.7,0.0,1015,18.8,5.7,10
16/06/2023,16:00,60,0.8,37.8,0.5,19.2,44.9,0.0,1016,15.0,5.2,8
16/06/2023,17:00,54,0.7,42.9,0.3,18.1,50.7,0.0,1016,13.6,5.4,9
16/06/2023,18:00,20,0.5,37.8,0.3,17.2,55.4,0.0,1017,15.8,7.1,14
16/06/2023,19:00,348,0.7,40.9,0.4,16.8,59.6,0.0,1018,15.5,6.7,13
16/06/2023,20:00,353,0.6,34.2,0.3,16.4,61.0,0.0,1018,14.9,7.1,14
16/06/2023,21:00,173,0.2,71.3,0.2,15.9,63.5,0.0,1018,18.8,10.2,25
16/06/2023,22:00,173,0.3,63.7,0.2,15.1,67.4,0.0,1018,21.3,12.2,31
16/06/2023,23:00,174,0.1,82.7,0.2,14.4,69.1,0.0,1018,20.1,11.3,28
17/06/2023,00:00,144,0.3,72.2,0.3,13.9,69.0,0.0,1017,17.8,9.9,23
17/06/2023,01:00,147,0.4,54.8,0.3,13.6,66.9,0.0,1017,16.3,9.2,20
17/06/2023,02:00,151,0.4,61.1,0.3,13.5,66.1,0.0,1017,15.0,8.2,17
17/06/2023,03:00,162,0.5,61.9,0.4,12.2,68.5,0.0,1017,19.2,11.5,25
17/06/2023,04:00,167,0.3,73.8,0.3,11.5,69.4,0.0,1017,21.7,14.6,33
17/06/2023,05:00,173,0.4,62.0,0.3,10.8,72.4,0.0,1017,24.1,15.2,36
17/06/2023,06:00,167,0.6,42.2,0.4,10.6,74.8,0.0,1018,21.4,14.2,32
17/06/2023,07:00,159,0.3,72.9,0.3,11.1,71.2,0.0,1018,22.8,14.5,34
17/06/2023,08:00,154,0.5,59.5,0.3,13.2,63.2,0.0,1019,22.0,13.3,30
17/06/2023,09:00,159,0.6,52.5,0.4,15.2,56.8,0.0,1019,18.4,10.2,21
17/06/2023,10:00,160,0.8,50.7,0.4,17.2,50.2,0.0,1018,15.7,6.8,14
17/06/2023,11:00,162,0.6,58.5,0.4,19.1,43.5,0.0,1018,16.9,6.4,12
17/06/2023,12:00,172,0.3,59.4,0.4,20.5,40.9,0.0,1016,19.7,6.1,12
17/06/2023,13:00,330,0.8,49.0,0.5,21.5,38.8,0.0,1016,15.0,5.5,10
17/06/2023,14:00,350,0.5,50.1,0.3,21.0,38.1,0.0,1016,12.5,5.3,10
17/06/2023,15:00,2,0.8,39.4,0.5,20.4,47.5,0.0,1015,11.6,4.6,8
17/06/2023,16:00,7,0.7,40.8,0.4,19.2,52.7,0.0,1015,11.4,4.5,7
17/06/2023,17:00,58,0.5,39.7,0.3,18.3,57.3,0.0,1016,13.6,5.7,10
17/06/2023,18:00,49,0.5,41.0,0.3,17.5,62.3,0.0,1016,18.6,8.6,19
17/06/2023,19:00,357,0.3,61.1,0.2,17.1,64.9,0.0,1016,17.3,9.7,22
17/06/2023,20:00,338,0.8,31.3,0.3,17.0,65.5,0.0,1016,16.0,9.1,20
17/06/2023,21:00,321,0.2,66.3,0.2,16.7,67.3,0.0,1016,18.3,10.6,26
17/06/2023,22:00,131,0.2,60.5,0.1,15.8,71.4,0.0,1016,28.2,19.4,57
17/06/2023,23:00,166,0.2,57.5,0.2,14.9,74.4,0.0,1016,33.4,24.8,71
18/06/2023,00:00,164,0.3,68.1,0.2,14.0,77.1,0.0,1016,27.3,19.9,54
18/06/2023,01:00,143,0.3,68.3,0.2,13.6,77.0,0.0,1016,22.2,16.0,36
18/06/2023,02:00,166,0.2,78.5,0.3,13.2,77.1,0.0,1016,20.4,14.0,36
18/06/2023,03:00,158,0.2,83.3,0.3,12.3,77.4,0.0,1015,25.7,18.1,46
18/06/2023,04:00,161,0.6,48.7,0.3,11.8,78.1,0.0,1015,24.2,16.9,43
18/06/2023,05:00,171,0.5,59.2,0.3,11.6,78.9,0.0,1015,23.8,16.1,40
18/06/2023,06:00,145,0.2,77.3,0.2,12.0,77.5,0.0,1016,19.3,12.8,30
18/06/2023,07:00,171,0.1,83.7,0.2,12.3,76.3,0.0,1016,17.6,11.6,27
18/06/2023,08:00,156,0.6,49.2,0.4,12.7,75.2,0.0,1016,16.7,11.0,26
18/06/2023,09:00,151,0.6,43.0,0.3,15.4,65.3,0.0,1016,16.5,9.8,22
18/06/2023,10:00,162,1.2,29.1,0.4,17.3,61.1,0.0,1016,15.8,7.7,16
18/06/2023,11:00,149,0.8,24.0,0.4,19.0,56.4,0.0,1015,12.9,6.3,12
18/06/2023,12:00,45,0.3,46.3,0.4,20.8,50.4,0.0,1013,13.8,6.5,13
18/06/2023,13:00,335,1.0,46.2,0.5,22.5,44.8,0.0,1012,11.7,5.3,9
18/06/2023,14:00,348,1.3,30.8,0.7,21.4,50.2,0.0,1012,12.5,5.6,10
18/06/2023,15:00,351,1.3,33.4,0.6,20.4,53.3,0.0,1011,10.9,4.8,8
18/06/2023,16:00,334,1.5,26.6,0.7,19.7,59.2,0.0,1012,10.8,4.8,9
18/06/2023,17:00,336,1.2,32.8,0.5,19.1,67.2,0.0,1012,12.0,5.5,11
18/06/2023,18:00,0,0.5,50.0,0.4,18.9,69.2,0.0,1012,13.5,6.7,15
18/06/2023,19:00,330,1.1,33.8,0.5,18.7,68.9,0.0,1013,14.8,7.9,18
18/06/2023,20:00,334,1.3,26.9,0.6,18.4,68.9,0.0,1013,15.5,8.4,20
18/06/2023,21:00,335,1.0,34.4,0.5,18.3,69.3,0.0,1013,13.8,7.9,17
18/06/2023,22:00,333,0.9,52.1,0.5,17.8,70.0,0.0,1012,13.4,7.7,17
18/06/2023,23:00,205,0.1,70.9,0.2,17.0,70.9,0.0,1012,14.5,8.1,18
19/06/2023,00:00,169,0.3,56.6,0.2,16.1,74.5,0.0,1012,15.5,9.7,22
19/06/2023,01:00,209,0.1,75.1,0.2,15.5,76.5,0.0,1012,15.8,10.4,24
19/06/2023,02:00,171,0.5,49.7,0.3,14.5,79.6,0.0,1012,20.2,13.8,32
19/06/2023,03:00,297,0.1,68.1,0.2,13.7,79.5,0.0,1012,17.5,12.3,30
19/06/2023,04:00,139,0.5,27.2,0.2,13.2,76.8,0.0,1012,16.9,11.0,25
19/06/2023,05:00,176,0.4,49.4,0.2,13.1,75.8,0.0,1012,17.4,9.8,23
19/06/2023,06:00,123,0.1,76.9,0.1,12.8,75.2,0.0,1014,17.7,10.3,23
19/06/2023,07:00,165,0.3,68.6,0.2,14.1,68.2,0.0,1014,24.4,11.8,29
19/06/2023,08:00,153,0.3,66.0,0.2,16.2,54.6,0.0,1015,22.8,9.9,24
19/06/2023,09:00,159,0.5,66.3,0.3,18.4,42.7,0.0,1015,21.6,8.6,20
19/06/2023,10:00,150,0.6,60.1,0.4,19.6,35.7,0.0,1014,19.2,7.4,17
19/06/2023,11:00,153,0.6,64.6,0.5,20.3,29.8,0.0,1013,15.5,5.8,12
19/06/2023,12:00,156,0.4,83.1,0.5,21.6,23.6,0.0,1013,11.6,3.9,7
19/06/2023,13:00,141,0.2,80.9,0.4,21.9,25.1,0.0,1012,11.9,4.3,8
19/06/2023,14:00,54,0.1,96.1,0.3,21.9,24.6,0.0,1011,13.2,4.2,7
19/06/2023,15:00,101,0.1,85.9,0.3,21.6,24.3,0.0,1011,11.9,3.1,5
19/06/2023,16:00,31,0.1,94.8,0.2,20.9,25.9,0.0,1011,15.0,3.7,6
19/06/2023,17:00,315,0.2,68.3,0.2,19.8,28.7,0.0,1011,16.9,4.4,8
19/06/2023,18:00,301,0.3,53.4,0.2,18.9,30.9,0.0,1012,14.7,4.7,10
19/06/2023,19:00,318,0.2,78.6,0.3,18.4,30.3,0.0,1013,12.9,4.2,8
19/06/2023,20:00,101,0.1,80.3,0.2,18.1,31.3,0.0,1013,13.5,4.9,9
19/06/2023,21:00,351,0.1,94.8,0.3,17.8,30.7,0.0,1013,12.1,5.0,8
19/06/2023,22:00,114,0.3,68.8,0.3,17.7,31.4,0.0,1013,10.2,3.6,5
19/06/2023,23:00,129,0.3,74.7,0.3,17.3,32.1,0.0,1013,10.9,3.4,5
20/06/2023,00:00,113,0.2,80.9,0.2,16.5,34.8,0.0,1013,11.5,3.5,5
20/06/2023,01:00,168,0.4,58.5,0.3,14.6,39.8,0.0,1014,11.2,3.7,6
20/06/2023,02:00,157,0.5,54.4,0.3,13.8,42.8,0.0,1013,9.9,3.7,6
20/06/2023,03:00,146,0.3,68.7,0.2,13.8,41.1,0.0,1013,9.5,2.9,4
20/06/2023,04:00,163,0.2,73.3,0.2,13.6,40.1,0.0,1013,9.4,2.7,3
20/06/2023,05:00,156,0.4,55.9,0.3,12.7,44.4,0.0,1013,11.1,3.5,4
20/06/2023,06:00,170,0.6,47.7,0.4,12.2,45.1,0.0,1014,9.8,3.2,4
20/06/2023,07:00,159,0.3,69.9,0.4,12.6,44.2,0.0,1016,17.1,3.9,6
20/06/2023,08:00,141,0.3,66.7,0.3,14.9,36.5,0.0,1016,12.4,3.6,5
20/06/2023,09:00,161,0.3,87.8,0.4,17.1,29.6,0.0,1016,9.5,2.6,4
20/06/2023,10:00,155,0.4,74.2,0.5,18.0,28.0,0.0,1016,9.5,2.3,3
20/06/2023,11:00,159,0.3,86.7,0.4,19.2,27.4,0.0,1016,11.1,2.8,4
20/06/2023,12:00,114,0.2,92.7,0.4,20.1,23.0,0.0,1015,8.3,2.1,4
20/06/2023,13:00,156,0.3,85.5,0.4,20.2,23.4,0.0,1014,10.7,2.3,4
20/06/2023,14:00,138,0.1,99.3,0.3,20.0,25.5,0.0,1014,11.2,2.5,4
20/06/2023,15:00,180,0.5,66.1,0.4,19.1,27.6,0.0,1014,11.6,3.3,5
20/06/2023,16:00,158,0.7,38.2,0.4,18.3,28.0,0.0,1014,13.2,3.3,5
20/06/2023,17:00,148,0.7,30.9,0.3,17.7,30.1,0.0,1015,16.4,4.0,7
20/06/2023,18:00,90,0.6,37.5,0.3,16.7,34.6,0.0,1016,14.3,4.8,9
20/06/2023,19:00,84,0.4,42.6,0.2,16.1,37.1,0.0,1017,14.2,4.7,9
20/06/2023,20:00,78,0.8,30.6,0.3,15.7,35.6,0.0,1017,10.7,4.2,8
20/06/2023,21:00,133,0.7,31.8,0.4,15.2,35.2,0.0,1018,9.2,3.8,6
20/06/2023,22:00,161,0.4,56.3,0.3,14.9,38.8,0.0,1018,14.7,5.5,11
20/06/2023,23:00,176,0.2,67.4,0.2,14.2,43.2,0.0,1018,16.7,7.5,16
21/06/2023,00:00,152,0.2,75.7,0.2,13.9,42.9,0.0,1017,17.6,6.8,14
21/06/2023,01:00,162,0.4,52.4,0.3,13.6,41.5,0.0,1017,11.3,5.4,10
21/06/2023,02:00,166,0.3,61.1,0.3,13.2,43.5,0.0,1017,13.9,5.3,10
21/06/2023,03:00,167,0.6,46.2,0.3,11.8,52.6,0.0,1017,12.7,5.6,10
21/06/2023,04:00,165,0.6,50.0,0.3,10.7,57.7,0.0,1017,13.4,6.6,13
21/06/2023,05:00,166,0.5,41.6,0.3,10.0,61.8,0.0,1018,16.7,7.6,16
21/06/2023,06:00,159,0.3,74.8,0.3,9.8,61.2,0.0,1018,16.7,7.6,15
21/06/2023,07:00,160,0.4,52.2,0.3,10.6,57.3,0.0,1019,17.9,7.1,14
21/06/2023,08:00,159,0.4,60.8,0.4,13.2,45.6,0.0,1020,17.5,6.4,13
21/06/2023,09:00,161,0.8,49.8,0.5,14.3,40.7,0.0,1020,17.1,5.9,11
21/06/2023,10:00,163,0.7,55.0,0.5,16.3,35.9,0.0,1019,20.7,5.9,11
21/06/2023,11:00,152,0.6,69.8,0.5,17.9,33.9,0.0,1019,23.6,5.9,10
21/06/2023,12:00,133,0.4,57.9,0.5,18.8,31.7,0.0,1017,14.7,4.3,6
21/06/2023,13:00,91,0.1,63.6,0.3,19.3,30.9,0.0,1016,15.0,4.7,7
21/06/2023,14:00,233,0.1,68.3,0.3,19.3,30.5,0.0,1016,14.3,5.1,8
21/06/2023,15:00,349,0.5,45.6,0.3,18.9,32.9,0.0,1016,20.8,5.7,9
21/06/2023,16:00,4,0.9,35.5,0.5,17.9,38.1,0.0,1016,23.9,5.7,8
21/06/2023,17:00,8,0.7,34.1,0.4,16.9,42.0,0.0,1017,18.9,4.9,7
21/06/2023,18:00,359,0.6,41.5,0.3,16.2,45.7,0.0,1018,20.4,5.7,8
21/06/2023,19:00,32,0.5,37.7,0.2,15.6,48.5,0.0,1018,21.7,6.8,12
21/06/2023,20:00,39,0.2,50.8,0.2,15.0,48.9,0.0,1018,18.5,8.5,17
21/06/2023,21:00,96,0.1,58.1,0.2,14.7,54.4,0.0,1018,28.1,13.1,31
21/06/2023,22:00,83,0.1,65.3,0.1,14.1,56.8,0.0,1019,28.3,13.8,32
21/06/2023,23:00,156,0.3,32.1,0.2,13.1,59.8,0.0,1018,27.4,14.2,32
22/06/2023,00:00,135,0.2,71.1,0.2,12.7,60.1,0.0,1018,33.4,15.5,33
22/06/2023,01:00,175,0.2,80.2,0.3,11.6,54.8,0.0,1018,24.7,13.1,25
22/06/2023,02:00,154,0.3,63.5,0.3,11.6,56.5,0.0,1018,21.6,10.6,22
22/06/2023,03:00,159,0.6,42.2,0.3,10.6,64.7,0.0,1017,22.1,10.6,22
22/06/2023,04:00,163,0.8,35.0,0.4,10.0,66.0,0.0,1016,24.2,11.6,24
22/06/2023,05:00,164,0.4,66.1,0.3,10.0,63.0,0.0,1017,24.8,11.9,25
22/06/2023,06:00,158,0.3,61.7,0.3,10.1,63.2,0.0,1017,23.5,10.2,20
22/06/2023,07:00,164,0.4,66.3,0.3,10.5,61.6,0.0,1018,22.5,10.0,20
22/06/2023,08:00,169,0.2,72.9,0.3,13.2,51.0,0.0,1018,23.9,10.0,20
22/06/2023,09:00,154,0.7,47.6,0.4,15.0,44.9,0.0,1018,22.6,9.7,19
22/06/2023,10:00,157,0.9,37.0,0.4,16.6,41.4,0.0,1017,26.7,8.7,17
22/06/2023,11:00,25,0.1,55.5,0.4,19.5,38.1,0.0,1016,23.7,7.6,13
22/06/2023,12:00,344,0.7,45.9,0.5,20.4,36.1,0.0,1015,21.0,7.0,12
22/06/2023,13:00,355,1.0,36.7,0.6,19.9,40.9,0.0,1014,17.6,6.1,10
22/06/2023,14:00,347,1.3,27.1,0.6,19.2,45.3,0.0,1014,18.5,5.7,8
22/06/2023,15:00,352,1.0,38.0,0.6,18.8,48.0,0.0,1014,20.4,7.4,12
22/06/2023,16:00,39,0.5,51.8,0.3,18.3,51.8,0.0,1014,27.6,6.9,10
22/06/2023,17:00,14,0.4,50.8,0.3,17.9,54.2,0.0,1014,27.0,6.6,10
22/06/2023,18:00,71,0.5,34.5,0.2,17.8,56.1,0.0,1015,29.5,7.4,11
22/06/2023,19:00,66,0.4,37.5,0.2,17.1,61.9,0.0,1015,24.5,8.2,15
22/06/2023,20:00,359,0.5,42.1,0.3,16.7,68.3,0.0,1015,17.8,9.0,20
22/06/2023,21:00,8,0.5,41.1,0.3,16.4,71.1,0.0,1014,21.2,8.8,19
22/06/2023,22:00,188,0.0,71.0,0.1,16.1,73.4,0.0,1014,22.1,10.4,23
22/06/2023,23:00,213,0.1,81.4,0.1,15.6,74.3,0.0,1014,19.6,10.4,23
23/06/2023,00:00,90,0.2,52.5,0.2,15.6,75.4,0.0,1013,19.8,11.2,25
23/06/2023,01:00,80,0.3,64.8,0.2,15.5,77.3,0.0,1012,21.7,12.3,29
23/06/2023,02:00,151,0.2,77.4,0.2,15.1,77.4,0.0,1012,22.0,12.3,31
23/06/2023,03:00,177,0.2,67.2,0.2,14.3,76.9,0.0,1011,22.5,13.3,33
23/06/2023,04:00,159,0.3,62.0,0.2,13.8,78.6,0.0,1011,21.7,12.8,31
23/06/2023,05:00,163,0.4,61.8,0.3,13.2,80.7,0.0,1011,24.2,13.4,32
23/06/2023,06:00,199,0.1,66.5,0.2,13.0,80.4,0.0,1012,23.7,13.0,32
23/06/2023,07:00,152,0.3,67.6,0.3,13.6,76.8,0.0,1012,26.3,14.3,36
23/06/2023,08:00,155,0.4,48.8,0.4,14.8,70.6,0.0,1012,25.9,14.5,37
23/06/2023,09:00,151,0.5,58.5,0.3,16.6,64.8,0.0,1012,31.3,16.1,41
23/06/2023,10:00,59,0.2,52.4,0.3,17.0,65.7,0.0,1012,32.1,15.4,38
23/06/2023,11:00,160,0.5,48.4,0.4,19.1,58.7,0.0,1011,32.3,14.7,35
23/06/2023,12:00,344,0.5,70.6,0.4,21.3,55.0,0.0,1010,23.4,11.7,28
23/06/2023,13:00,68,0.1,83.6,0.5,23.3,48.9,0.0,1009,21.9,9.7,19
23/06/2023,14:00,120,0.2,82.4,0.4,22.9,50.2,0.0,1009,22.5,9.8,20
23/06/2023,15:00,140,0.1,82.5,0.4,23.0,47.4,0.0,1008,19.7,9.9,19
23/06/2023,16:00,9,0.1,95.5,0.3,22.6,48.3,0.0,1009,17.4,9.0,17
23/06/2023,17:00,314,0.5,47.3,0.4,22.0,48.8,0.0,1009,18.5,9.0,18
23/06/2023,18:00,340,0.2,77.9,0.3,21.3,48.1,0.0,1010,17.2,9.2,19
23/06/2023,19:00,134,0.1,88.2,0.3,21.0,44.1,0.0,1010,15.1,8.3,16
23/06/2023,20:00,118,0.2,93.3,0.3,20.7,38.8,0.0,1011,13.9,5.5,10
23/06/2023,21:00,155,0.3,66.1,0.3,19.2,46.1,0.0,1012,13.5,6.0,11
23/06/2023,22:00,144,0.3,72.0,0.3,18.4,48.7,0.0,1012,13.4,5.2,9
23/06/2023,23:00,130,0.3,65.8,0.2,17.7,49.8,0.0,1012,10.6,4.2,7
24/06/2023,00:00,140,0.3,59.8,0.2,16.8,51.2,0.0,1012,8.7,3.8,6
24/06/2023,01:00,33,0.4,39.5,0.3,15.3,58.4,0.0,1012,10.1,4.6,9
24/06/2023,02:00,161,0.2,58.0,0.2,14.5,61.5,0.0,1013,11.6,4.9,9
24/06/2023,03:00,136,0.3,59.3,0.3,14.3,60.5,0.0,1012,8.6,4.3,7
24/06/2023,04:00,160,0.4,56.5,0.3,13.4,61.6,0.0,1012,8.2,4.0,6
24/06/2023,05:00,149,0.5,48.6,0.3,12.8,61.6,0.0,1013,7.4,3.7,6
24/06/2023,06:00,169,0.3,56.2,0.2,12.0,65.0,0.0,1013,8.0,3.7,6
24/06/2023,07:00,152,0.8,34.1,0.4,11.9,65.3,0.0,1014,10.7,4.4,7
24/06/2023,08:00,156,0.7,34.8,0.4,13.2,56.5,0.0,1014,12.1,4.8,8
24/06/2023,09:00,161,0.1,63.4,0.3,16.2,47.3,0.0,1014,13.4,4.4,7
24/06/2023,10:00,155,0.4,63.5,0.3,18.7,35.2,0.0,1014,7.0,2.7,4
24/06/2023,11:00,161,0.7,55.6,0.4,20.2,29.8,0.0,1013,6.9,2.4,4
24/06/2023,12:00,159,0.8,52.5,0.4,21.1,29.0,0.0,1012,7.6,2.6,4
24/06/2023,13:00,84,0.1,90.1,0.3,23.1,24.9,0.0,1011,8.7,2.9,5
24/06/2023,14:00,311,0.1,95.4,0.3,23.4,24.6,0.0,1011,10.0,2.9,5
24/06/2023,15:00,341,0.1,94.0,0.3,23.0,26.4,0.0,1011,11.0,3.4,5
24/06/2023,16:00,356,0.1,96.6,0.2,22.5,25.1,0.0,1011,10.6,3.8,6
24/06/2023,17:00,5,0.3,56.7,0.2,20.8,33.4,0.0,1012,13.7,4.5,8
24/06/2023,18:00,338,0.5,51.1,0.3,18.6,49.7,0.0,1013,16.6,7.4,17
24/06/2023,19:00,323,0.9,33.2,0.4,18.8,48.9,0.0,1013,16.5,8.3,19
24/06/2023,20:00,319,0.7,42.8,0.5,18.4,51.1,0.0,1013,16.4,8.9,21
24/06/2023,21:00,217,0.0,48.4,0.2,17.6,55.6,0.0,1014,16.0,8.7,19
24/06/2023,22:00,64,0.1,78.4,0.2,16.3,59.9,0.0,1014,19.7,11.0,29
24/06/2023,23:00,156,0.3,49.4,0.2,15.4,62.7,0.0,1013,23.5,15.2,39
25/06/2023,00:00,180,0.2,69.1,0.3,14.2,64.2,0.0,1013,23.2,15.3,38
25/06/2023,01:00,138,0.2,63.3,0.2,13.5,57.6,0.0,1013,19.7,13.0,32
25/06/2023,02:00,158,0.2,71.0,0.2,13.0,56.4,0.0,1013,22.7,14.1,33
25/06/2023,03:00,162,0.5,52.0,0.3,12.3,58.6,0.0,1013,17.5,11.5,26
25/06/2023,04:00,172,0.5,57.0,0.3,11.3,62.4,0.0,1013,19.3,11.8,27
25/06/2023,05:00,168,0.6,56.6,0.4,11.1,62.0,0.0,1014,16.7,9.4,21
25/06/2023,06:00,170,0.3,77.8,0.4,11.3,60.4,0.0,1014,15.8,8.8,19
25/06/2023,07:00,163,0.5,58.6,0.4,11.8,58.4,0.0,1014,16.5,9.7,22
25/06/2023,08:00,155,0.6,50.7,0.4,12.9,55.6,0.0,1015,15.9,8.5,19
25/06/2023,09:00,153,0.5,57.7,0.3,15.3,50.4,0.0,1014,16.3,8.2,17
25/06/2023,10:00,156,0.8,29.0,0.3,17.6,44.5,0.0,1014,13.5,6.7,14
25/06/2023,11:00,154,0.4,56.6,0.3,20.5,37.6,0.0,1013,14.2,6.6,13
25/06/2023,12:00,266,0.0,71.2,0.3,23.2,32.8,0.0,1011,17.8,7.7,16
25/06/2023,13:00,342,0.6,42.7,0.4,24.6,32.4,0.0,1010,22.1,8.7,18
25/06/2023,14:00,341,1.4,23.6,0.5,24.9,35.9,0.0,1010,23.8,9.1,19
25/06/2023,15:00,339,1.5,21.5,0.5,23.3,46.2,0.0,1010,21.9,9.8,22
25/06/2023,16:00,17,0.7,38.7,0.3,22.2,55.1,0.0,1010,17.5,9.4,22
25/06/2023,17:00,31,0.4,52.8,0.3,21.0,64.7,0.0,1010,22.7,11.4,28
25/06/2023,18:00,109,0.4,52.1,0.2,20.3,69.2,0.0,1011,30.7,16.7,48
25/06/2023,19:00,61,0.4,44.0,0.2,19.4,71.8,0.0,1012,50.9,19.5,55
25/06/2023,20:00,47,0.2,77.2,0.2,19.0,71.5,0.0,1012,49.0,18.5,50
25/06/2023,21:00,135,0.2,71.4,0.2,18.3,72.8,0.0,1012,43.0,20.2,60
25/06/2023,22:00,98,0.1,72.6,0.2,18.3,59.0,0.0,1012,37.2,23.5,65
25/06/2023,23:00,125,0.3,59.3,0.2,19.8,40.4,0.0,1012,18.1,9.6,22
26/06/2023,00:00,119,0.2,75.0,0.3,21.1,31.6,0.0,1012,9.3,4.5,8
26/06/2023,01:00,123,0.3,64.8,0.3,20.4,30.7,0.0,1012,9.4,4.6,8
26/06/2023,02:00,116,0.3,70.3,0.3,20.3,28.4,0.0,1012,7.7,3.4,5
26/06/2023,03:00,122,0.2,88.8,0.2,19.5,29.8,0.0,1012,8.0,3.4,5
26/06/2023,04:00,110,0.2,87.3,0.2,19.2,29.8,0.0,1012,6.4,2.8,4
26/06/2023,05:00,121,0.2,81.4,0.2,18.6,31.5,0.0,1013,9.1,3.0,4
26/06/2023,06:00,153,0.3,70.9,0.3,18.3,31.8,0.0,1014,8.4,3.1,4
26/06/2023,07:00,142,0.4,61.3,0.3,18.9,30.0,0.0,1014,11.5,3.1,4
26/06/2023,08:00,149,0.4,68.7,0.4,20.0,27.1,0.0,1014,15.3,2.9,4
26/06/2023,09:00,162,0.6,71.0,0.5,20.9,25.1,0.0,1014,12.6,2.6,4
26/06/2023,10:00,165,0.6,64.4,0.5,21.7,23.6,0.0,1014,12.0,2.3,3
26/06/2023,11:00,162,0.5,75.2,0.4,22.6,22.6,0.0,1013,12.9,2.9,4
26/06/2023,12:00,167,0.4,78.0,0.6,23.4,21.7,0.0,1012,13.2,3.0,4
26/06/2023,13:00,175,0.3,82.3,0.4,24.1,20.7,0.0,1012,17.1,3.9,6
26/06/2023,14:00,161,0.4,79.8,0.4,23.6,20.4,0.0,1012,13.0,2.8,4
26/06/2023,15:00,158,0.3,83.1,0.5,23.2,19.1,0.0,1012,12.6,2.9,4
26/06/2023,16:00,121,0.3,80.7,0.4,22.5,18.6,0.0,1012,12.6,3.2,4
26/06/2023,17:00,136,0.2,91.3,0.3,21.5,20.8,0.0,1013,13.8,3.3,5
26/06/2023,18:00,145,0.4,75.0,0.3,20.9,20.2,0.0,1014,11.6,3.4,5
26/06/2023,19:00,144,0.3,72.5,0.3,20.2,20.8,0.0,1014,13.1,3.4,5
26/06/2023,20:00,155,0.5,64.0,0.4,19.6,21.7,0.0,1015,12.0,3.0,4
26/06/2023,21:00,150,0.2,92.5,0.3,18.6,23.0,0.0,1016,8.8,2.6,3
26/06/2023,22:00,138,0.2,82.9,0.3,18.0,24.2,0.0,1016,8.7,2.2,3
26/06/2023,23:00,153,0.2,79.1,0.3,17.5,25.9,0.0,1016,8.8,2.1,2
27/06/2023,00:00,145,0.3,71.8,0.3,16.9,27.3,0.0,1016,7.6,2.1,2
27/06/2023,01:00,138,0.4,71.7,0.4,16.9,26.1,0.0,1015,9.0,2.0,2
27/06/2023,02:00,128,0.4,74.2,0.4,17.0,24.3,0.0,1014,9.6,1.8,2
27/06/2023,03:00,153,0.5,66.9,0.5,16.5,24.9,0.0,1014,6.4,1.8,2
27/06/2023,04:00,165,0.7,53.2,0.4,15.5,28.3,0.0,1014,7.5,2.2,3
27/06/2023,05:00,175,0.8,40.8,0.4,13.7,34.3,0.0,1015,10.4,2.9,3
27/06/2023,06:00,158,0.5,56.3,0.3,13.5,35.5,0.0,1016,14.5,4.6,8
27/06/2023,07:00,163,1.1,30.8,0.5,13.6,35.2,0.0,1017,16.3,4.0,6
27/06/2023,08:00,169,0.5,62.4,0.4,15.7,30.8,0.0,1018,28.8,5.2,8
27/06/2023,09:00,160,0.8,48.3,0.4,17.6,26.6,0.0,1018,11.2,3.4,5
27/06/2023,10:00,156,0.7,54.7,0.6,18.7,24.9,0.0,1018,17.2,3.6,5
27/06/2023,11:00,154,0.9,39.3,0.5,19.7,22.7,0.0,1017,18.7,4.1,7
27/06/2023,12:00,6,0.4,42.1,0.5,20.9,19.9,0.0,1016,11.4,3.0,4
27/06/2023,13:00,340,1.0,30.9,0.5,21.5,19.8,0.0,1015,15.3,3.7,5
27/06/2023,14:00,348,1.2,34.5,0.6,21.0,27.2,0.0,1015,20.6,4.0,5
27/06/2023,15:00,341,1.4,26.4,0.6,20.0,32.1,0.0,1015,19.8,4.6,5
27/06/2023,16:00,358,1.0,32.6,0.5,19.2,37.8,0.0,1016,16.6,4.6,5
27/06/2023,17:00,349,0.9,25.1,0.3,18.2,45.9,0.0,1016,14.8,4.6,5
27/06/2023,18:00,10,0.5,42.3,0.3,17.8,51.2,0.0,1016,21.2,6.1,9
27/06/2023,19:00,359,0.6,31.0,0.3,17.4,57.3,0.0,1017,26.4,7.9,14
27/06/2023,20:00,51,0.4,26.0,0.2,16.8,60.1,0.0,1017,25.9,8.8,17
27/06/2023,21:00,324,0.2,48.3,0.2,16.5,59.2,0.0,1017,23.5,9.5,19
27/06/2023,22:00,269,0.0,85.2,0.2,15.9,61.5,0.0,1016,24.3,9.4,20
27/06/2023,23:00,162,0.2,66.7,0.2,15.5,61.8,0.0,1016,16.6,7.2,13
28/06/2023,00:00,167,0.5,48.2,0.2,14.9,64.4,0.0,1016,18.9,8.8,16
28/06/2023,01:00,168,0.9,25.7,0.3,13.5,65.9,0.0,1016,22.4,9.5,18
28/06/2023,02:00,166,0.6,48.4,0.4,13.2,63.3,0.0,1016,29.1,14.3,30
28/06/2023,03:00,170,0.6,53.8,0.4,13.3,60.0,0.0,1015,29.8,17.3,38
28/06/2023,04:00,126,0.3,66.2,0.2,13.8,57.6,0.0,1015,31.7,17.2,35
28/06/2023,05:00,152,0.5,53.8,0.3,13.6,58.8,0.0,1015,25.8,11.7,22
28/06/2023,06:00,167,0.3,70.6,0.3,13.1,61.0,0.0,1016,28.0,12.7,24
28/06/2023,07:00,159,0.6,40.3,0.3,13.1,60.2,0.0,1015,33.1,13.8,27
28/06/2023,08:00,145,0.1,84.5,0.2,14.5,55.7,0.0,1016,31.9,12.2,24
28/06/2023,09:00,159,0.7,47.7,0.4,15.9,51.0,0.0,1016,27.1,11.1,22
28/06/2023,10:00,136,0.3,65.7,0.3,18.6,44.0,0.0,1015,32.5,13.0,26
28/06/2023,11:00,159,0.8,34.1,0.3,20.8,38.5,0.0,1013,34.3,13.3,28
28/06/2023,12:00,128,0.3,40.6,0.4,23.0,32.6,0.0,1011,25.9,11.3,23
28/06/2023,13:00,341,1.3,34.8,0.6,24.0,36.6,0.0,1010,31.1,9.9,18
28/06/2023,14:00,7,0.9,40.7,0.5,23.2,42.1,0.0,1010,26.2,9.5,17
28/06/2023,15:00,342,1.3,29.6,0.6,22.1,52.6,0.0,1009,28.7,10.2,18
28/06/2023,16:00,338,1.3,25.7,0.5,21.1,61.5,0.0,1008,29.3,11.6,21
28/06/2023,17:00,5,0.5,49.4,0.4,20.6,66.8,0.0,1008,24.2,10.1,18
28/06/2023,18:00,344,0.9,30.9,0.4,20.1,69.2,0.0,1008,27.1,11.9,23
28/06/2023,19:00,342,0.8,39.2,0.4,20.5,67.4,0.0,1008,31.7,14.7,31
28/06/2023,20:00,41,0.1,67.6,0.3,20.2,67.1,0.0,1008,34.3,16.7,35
28/06/2023,21:00,141,0.2,82.8,0.3,19.7,65.7,0.0,1009,35.6,17.5,37
28/06/2023,22:00,128,0.3,73.7,0.3,19.9,60.3,0.0,1009,34.4,16.6,35
28/06/2023,23:00,140,0.4,57.0,0.3,21.0,47.7,0.0,1010,24.1,9.8,18
29/06/2023,00:00,148,0.5,61.0,0.4,21.6,48.6,0.0,1009,13.8,4.3,7
29/06/2023,01:00,158,0.5,69.3,0.5,21.0,51.8,0.0,1008,11.7,3.9,6
29/06/2023,02:00,161,0.6,65.3,0.5,20.0,55.6,0.0,1007,10.5,3.9,6
29/06/2023,03:00,153,0.4,72.5,0.5,19.5,57.3,0.0,1008,7.6,4.1,6
29/06/2023,04:00,169,0.4,79.3,0.5,18.6,57.5,0.0,1008,9.5,3.5,5
29/06/2023,05:00,167,0.7,60.6,0.4,17.3,59.1,0.0,1008,9.2,3.6,5
29/06/2023,06:00,163,0.5,72.0,0.4,16.9,59.4,0.0,1009,7.9,3.5,5
29/06/2023,07:00,136,0.3,85.8,0.4,16.6,59.6,0.0,1010,9.0,3.4,5
29/06/2023,08:00,169,0.1,88.4,0.4,16.7,59.4,0.0,1011,8.3,3.6,5
29/06/2023,09:00,154,0.2,88.9,0.4,17.7,55.7,0.0,1012,9.4,3.7,6
29/06/2023,10:00,184,0.2,90.8,0.4,18.8,51.0,0.0,1012,8.0,2.9,3
29/06/2023,11:00,175,0.1,97.9,0.4,19.8,46.3,0.0,1012,8.3,2.3,3
29/06/2023,12:00,164,0.2,86.5,0.4,21.0,41.2,0.0,1010,10.4,2.5,4
29/06/2023,13:00,169,0.2,85.8,0.4,21.5,39.0,0.0,1010,9.4,2.7,4
29/06/2023,14:00,131,0.1,95.6,0.4,20.2,41.1,0.0,1010,11.3,2.3,4
29/06/2023,15:00,162,0.2,87.0,0.3,19.5,42.0,0.0,1011,8.8,2.0,4
29/06/2023,16:00,150,0.2,87.7,0.4,18.8,43.3,0.0,1011,10.6,2.4,4
29/06/2023,17:00,170,0.3,80.7,0.4,17.6,45.2,0.0,1012,9.0,2.1,4
29/06/2023,18:00,186,0.1,93.3,0.3,17.0,45.7,0.0,1013,8.1,3.0,6
29/06/2023,19:00,150,0.3,79.8,0.3,16.3,46.6,0.0,1014,8.0,3.1,5
29/06/2023,20:00,159,0.2,79.1,0.3,15.6,48.7,0.0,1014,6.2,2.8,4
29/06/2023,21:00,150,0.0,91.3,0.3,14.8,51.3,0.0,1015,7.8,2.1,4
29/06/2023,22:00,138,0.3,76.5,0.3,14.2,53.1,0.0,1015,8.9,2.0,3
29/06/2023,23:00,154,0.2,81.6,0.3,13.5,54.3,0.0,1015,5.7,1.6,2
30/06/2023,00:00,149,0.3,74.2,0.3,13.0,55.0,0.0,1015,5.8,1.5,2
30/06/2023,01:00,171,0.1,84.9,0.2,12.4,56.1,0.0,1015,4.6,1.4,2
30/06/2023,02:00,40,0.0,88.0,0.3,11.8,57.4,0.0,1015,4.7,1.5,2
30/06/2023,03:00,159,0.2,82.5,0.3,11.4,57.5,0.0,1014,4.5,1.4,2
30/06/2023,04:00,122,0.2,86.9,0.3,11.0,56.5,0.0,1014,7.0,1.4,2
30/06/2023,05:00,171,0.2,85.8,0.3,10.8,54.5,0.0,1015,5.6,1.3,1
30/06/2023,06:00,158,0.3,82.6,0.3,10.8,52.4,0.0,1016,6.2,1.6,2
30/06/2023,07:00,160,0.3,75.8,0.3,11.8,48.3,0.0,1016,8.5,1.9,2
30/06/2023,08:00,169,0.3,74.4,0.4,13.1,42.4,0.0,1016,11.8,2.6,3
30/06/2023,09:00,167,0.3,82.7,0.4,14.3,38.6,0.0,1017,11.7,2.6,3
30/06/2023,10:00,164,0.4,77.9,0.4,15.4,35.3,0.0,1016,9.6,2.5,3
30/06/2023,11:00,133,0.2,80.2,0.4,17.2,30.4,0.0,1015,13.8,3.1,4
30/06/2023,12:00,130,0.3,76.2,0.4,18.6,25.5,0.0,1014,11.8,3.0,4
30/06/2023,13:00,142,0.3,88.7,0.5,19.4,24.0,0.0,1013,10.8,3.0,4
30/06/2023,14:00,130,0.2,88.6,0.4,19.6,24.8,0.0,1013,11.0,2.6,3
30/06/2023,15:00,111,0.1,104.1,0.3,19.1,27.0,0.0,1013,12.6,3.1,4
30/06/2023,16:00,113,0.1,89.6,0.3,18.6,28.7,0.0,1013,12.6,3.1,4
30/06/2023,17:00,136,0.2,94.1,0.3,17.4,30.6,0.0,1014,12.0,4.4,8
30/06/2023,18:00,129,0.3,68.7,0.3,16.6,31.8,0.0,1015,14.4,8.1,16
30/06/2023,19:00,127,0.2,83.8,0.2,15.9,34.4,0.0,1016,11.1,4.6,9
30/06/2023,20:00,187,0.2,87.8,0.3,14.8,37.3,0.0,1016,11.5,5.7,11
30/06/2023,21:00,177,0.3,74.8,0.3,14.2,39.9,0.0,1017,10.3,3.5,5
30/06/2023,22:00,157,0.1,89.9,0.3,13.7,41.9,0.0,1017,8.2,3.2,4
30/06/2023,23:00,187,0.1,78.7,0.2,12.8,46.3,0.0,1017,9.2,3.5,4
01/07/2023,00:00,169,0.1,67.9,0.2,12.3,49.1,0.0,1017,7.7,3.6,5
01/07/2023,01:00,317,0.1,87.8,0.3,12.2,48.4,0.0,1017,7.0,3.2,4
01/07/2023,02:00,143,0.2,77.2,0.3,12.4,46.9,0.0,1016,7.0,3.2,4
01/07/2023,03:00,166,0.5,68.8,0.4,12.0,48.3,0.0,1016,7.1,3.5,4
01/07/2023,04:00,175,0.7,51.6,0.5,11.2,51.3,0.0,1016,7.2,3.5,4
01/07/2023,05:00,169,0.4,55.9,0.3,10.7,54.0,0.0,1016,7.6,3.5,4
01/07/2023,06:00,154,0.4,56.2,0.3,10.2,57.7,0.0,1017,8.8,3.7,4
01/07/2023,07:00,154,0.3,71.0,0.3,11.2,54.1,0.0,1017,10.0,4.1,5
01/07/2023,08:00,164,0.3,80.5,0.3,13.6,45.8,0.0,1018,9.7,3.6,4
01/07/2023,09:00,136,0.2,92.8,0.3,14.8,43.4,0.0,1018,9.4,3.5,4
01/07/2023,10:00,159,0.8,44.5,0.5,15.5,41.0,0.0,1018,9.9,3.4,4
01/07/2023,11:00,158,0.4,77.1,0.4,17.1,38.2,0.0,1016,9.2,3.5,5
01/07/2023,12:00,68,0.0,100.3,0.3,18.6,35.9,0.0,1016,10.1,3.6,5
01/07/2023,13:00,102,0.1,97.1,0.3,19.2,34.1,0.0,1015,9.7,3.8,6
01/07/2023,14:00,131,0.2,82.7,0.3,18.9,35.8,0.0,1015,11.9,3.7,5
01/07/2023,15:00,144,0.1,89.3,0.3,18.6,37.2,0.0,1014,10.7,3.2,5
01/07/2023,16:00,355,0.0,90.8,0.2,17.9,39.2,0.0,1015,12.3,4.2,6
01/07/2023,17:00,328,0.0,97.5,0.2,17.2,41.3,0.0,1016,12.6,4.6,8
01/07/2023,18:00,146,0.2,82.7,0.3,16.7,41.7,0.0,1017,11.8,5.2,11
01/07/2023,19:00,134,0.2,91.1,0.3,16.2,43.3,0.0,1017,13.5,6.2,13
01/07/2023,20:00,157,0.4,70.7,0.4,15.7,45.1,0.0,1018,13.4,6.5,13
01/07/2023,21:00,167,0.6,57.3,0.3,15.1,47.5,0.0,1019,11.0,5.5,10
01/07/2023,22:00,165,0.5,59.8,0.4,14.4,50.5,0.0,1020,11.3,5.2,9
01/07/2023,23:00,181,0.6,52.4,0.4,13.9,53.5,0.0,1020,10.2,5.1,9
02/07/2023,00:00,158,0.5,58.9,0.4,13.8,54.6,0.0,1020,8.1,4.3,7
02/07/2023,01:00,145,0.4,56.9,0.3,13.8,54.9,0.0,1020,9.0,4.2,6
02/07/2023,02:00,182,0.7,52.1,0.5,13.3,57.3,0.0,1020,9.3,4.6,7
02/07/2023,03:00,140,0.4,64.3,0.3,13.6,56.9,0.0,1020,9.4,5.1,8
02/07/2023,04:00,173,0.7,41.2,0.4,12.8,60.2,0.0,1020,9.9,5.8,10
02/07/2023,05:00,153,0.5,50.1,0.4,12.6,61.4,0.0,1021,10.8,5.8,10
02/07/2023,06:00,158,0.4,63.9,0.3,12.2,63.5,0.0,1021,11.1,6.1,10
02/07/2023,07:00,150,0.4,58.3,0.3,13.0,60.8,0.0,1022,11.1,6.5,11
02/07/2023,08:00,155,0.4,66.8,0.4,14.2,56.9,0.0,1023,13.5,7.2,13
02/07/2023,09:00,167,0.4,68.0,0.4,15.9,51.6,0.0,1024,14.5,7.9,14
02/07/2023,10:00,162,0.8,49.0,0.5,17.2,48.9,0.0,1023,15.9,8.7,15
02/07/2023,11:00,154,0.5,78.7,0.6,19.4,44.8,0.0,1022,17.8,8.9,16
02/07/2023,12:00,140,1.6,36.3,0.8,19.8,44.8,0.0,1022,17.9,6.9,9
02/07/2023,13:00,107,1.5,34.5,0.8,20.0,44.6,0.0,1021,16.9,6.8,9
02/07/2023,14:00,115,1.4,34.6,0.7,19.9,45.1,0.0,1021,18.3,7.0,9
02/07/2023,15:00,109,1.2,38.3,0.7,19.7,45.4,0.0,1022,17.7,7.3,9
02/07/2023,16:00,97,0.9,34.1,0.5,19.3,46.6,0.0,1022,18.7,7.8,11
02/07/2023,17:00,90,0.6,38.7,0.3,18.6,49.9,0.0,1023,20.1,9.3,15
02/07/2023,18:00,80,0.6,38.3,0.3,18.0,54.0,0.0,1024,21.7,10.0,17
02/07/2023,19:00,117,0.7,34.0,0.4,17.6,53.9,0.0,1024,18.6,8.2,12
02/07/2023,20:00,141,1.0,35.0,0.5,17.4,53.8,0.0,1024,19.5,8.2,12
02/07/2023,21:00,155,0.9,50.2,0.5,17.3,54.2,0.0,1024,16.8,7.3,10
02/07/2023,22:00,157,1.0,42.4,0.5,16.8,59.7,0.0,1024,15.1,7.0,10
02/07/2023,23:00,154,1.4,35.4,0.7,16.6,65.2,0.0,1024,11.0,4.8,6
03/07/2023,00:00,162,1.4,29.1,0.7,16.4,68.7,0.0,1024,9.9,4.1,4
03/07/2023,01:00,137,0.8,40.0,0.4,15.8,72.9,0.0,1023,11.2,4.6,6
03/07/2023,02:00,136,0.8,40.4,0.4,16.0,71.5,0.0,1023,12.4,4.7,4
03/07/2023,03:00,152,0.5,62.3,0.4,16.2,69.6,0.0,1023,12.7,5.6,8
03/07/2023,04:00,166,0.5,60.7,0.4,15.8,68.8,0.0,1023,21.0,14.2,31
03/07/2023,05:00,184,0.5,56.5,0.4,15.1,71.5,0.0,1023,28.1,18.3,40
03/07/2023,06:00,174,0.3,72.8,0.3,15.1,71.3,0.0,1023,29.4,18.3,41
03/07/2023,07:00,170,0.3,64.8,0.3,15.6,69.1,0.0,1024,33.1,17.8,37
03/07/2023,08:00,166,0.4,72.6,0.4,15.9,68.4,0.0,1024,40.1,16.6,35
03/07/2023,09:00,161,0.7,47.3,0.5,16.6,69.1,0.0,1024,37.1,13.2,24
03/07/2023,10:00,159,1.2,31.8,0.6,17.3,68.3,0.0,1024,15.3,5.9,8
03/07/2023,11:00,153,0.8,55.2,0.5,18.0,65.0,0.0,1023,19.0,6.7,10
03/07/2023,12:00,123,1.5,35.4,0.8,18.2,65.1,0.0,1022,16.1,5.7,8
03/07/2023,13:00,121,1.3,40.0,0.8,18.5,64.0,0.0,1021,12.8,4.4,5
03/07/2023,14:00,112,1.3,35.1,0.7,18.5,63.1,0.0,1020,13.9,4.8,5
03/07/2023,15:00,117,1.4,35.3,0.7,18.4,63.5,0.0,1020,15.9,4.9,5
03/07/2023,16:00,115,1.1,40.3,0.6,18.0,67.2,0.0,1020,17.7,6.7,9
03/07/2023,17:00,120,1.2,36.1,0.6,17.7,69.0,0.0,1021,18.4,7.2,10
03/07/2023,18:00,153,1.0,32.9,0.4,17.7,69.6,0.0,1022,16.3,7.2,10
03/07/2023,19:00,139,0.5,47.1,0.3,17.4,70.0,0.0,1021,18.8,7.4,11
03/07/2023,20:00,100,0.6,42.3,0.4,17.4,69.6,0.0,1020,18.1,7.6,12
03/07/2023,21:00,63,0.5,42.4,0.3,17.2,71.5,0.0,1020,16.2,7.1,11
03/07/2023,22:00,119,0.6,40.6,0.3,16.9,74.8,0.0,1020,12.8,5.5,8
03/07/2023,23:00,144,0.4,53.9,0.2,16.5,79.4,0.8,1020,12.9,5.7,8
04/07/2023,00:00,149,0.3,73.4,0.2,16.0,83.0,0.1,1020,13.1,6.6,12
04/07/2023,01:00,168,0.5,63.8,0.3,15.3,83.9,0.4,1018,13.8,7.2,14
04/07/2023,02:00,151,0.5,50.2,0.3,15.3,84.9,0.0,1017,12.4,6.9,13
04/07/2023,03:00,158,0.3,75.1,0.3,15.5,85.0,0.0,1017,12.4,6.4,13
04/07/2023,04:00,189,0.1,73.8,0.2,15.6,85.3,0.0,1017,12.3,6.6,13
04/07/2023,05:00,160,0.3,64.9,0.3,15.7,86.0,0.0,1017,11.8,6.1,12
04/07/2023,06:00,161,0.4,59.6,0.3,15.5,86.0,0.2,1017,11.5,6.0,13
04/07/2023,07:00,205,0.1,73.2,0.2,15.7,86.2,0.0,1017,11.6,6.3,17
04/07/2023,08:00,164,0.1,93.8,0.2,16.3,85.0,0.0,1017,12.0,6.2,17
04/07/2023,09:00,154,0.4,43.2,0.3,17.1,84.2,0.0,1017,14.0,7.2,23
04/07/2023,10:00,352,0.7,29.3,0.3,18.6,82.6,0.0,1016,14.4,6.3,15
04/07/2023,11:00,56,0.2,53.0,0.3,18.8,83.7,0.2,1015,13.2,5.1,9
04/07/2023,12:00,147,0.1,83.1,0.2,19.0,84.6,0.0,1014,15.2,6.8,17
04/07/2023,13:00,190,0.1,76.0,0.2,18.4,84.5,0.7,1014,11.8,6.7,21
04/07/2023,14:00,283,0.1,63.5,0.2,17.8,85.8,1.6,1013,7.6,4.1,9
04/07/2023,15:00,144,0.3,61.9,0.2,17.6,86.4,0.2,1013,5.6,3.4,8
04/07/2023,16:00,132,0.1,85.6,0.2,17.8,86.8,0.7,1013,6.5,4.0,11
04/07/2023,17:00,146,0.3,67.0,0.2,17.7,86.9,0.2,1013,7.3,4.4,13
04/07/2023,18:00,98,0.1,38.7,0.2,17.8,87.1,0.0,1013,9.7,5.6,17
04/07/2023,19:00,16,0.2,55.3,0.2,17.9,87.4,1.6,1013,10.8,6.3,19
04/07/2023,20:00,4,0.2,40.2,0.2,18.1,87.5,0.0,1013,10.7,6.8,23
04/07/2023,21:00,359,0.1,83.3,0.2,18.1,87.6,0.0,1013,14.9,9.8,38
04/07/2023,22:00,147,0.2,68.5,0.2,17.9,87.8,0.0,1013,15.9,10.5,39
04/07/2023,23:00,105,0.4,29.9,0.2,17.8,88.0,0.0,1012,18.7,12.4,42
05/07/2023,00:00,104,0.3,51.1,0.2,17.7,88.2,0.0,1012,20.7,13.9,42
05/07/2023,01:00,155,0.3,63.1,0.3,17.5,88.2,0.0,1011,23.5,14.6,39
05/07/2023,02:00,145,0.2,79.2,0.3,17.2,87.9,0.0,1011,13.5,8.0,23
05/07/2023,03:00,169,0.2,76.8,0.3,17.0,87.6,0.0,1011,10.8,6.0,17
05/07/2023,04:00,178,0.2,71.2,0.2,16.9,87.2,0.0,1010,8.1,4.6,12
05/07/2023,05:00,163,0.4,56.1,0.3,16.9,87.0,0.0,1010,8.3,4.6,12
05/07/2023,06:00,177,0.3,68.5,0.2,16.9,86.8,0.0,1011,8.8,4.5,12
05/07/2023,07:00,273,0.1,77.6,0.2,17.2,85.6,0.0,1012,8.6,4.4,13
05/07/2023,08:00,67,0.2,52.2,0.2,18.9,79.4,0.0,1012,14.4,6.1,24
05/07/2023,09:00,136,0.3,66.2,0.3,20.9,71.8,0.0,1012,23.7,9.1,33
05/07/2023,10:00,144,0.3,82.6,0.4,23.2,59.3,0.0,1012,8.6,4.4,10
05/07/2023,11:00,173,0.2,98.2,0.4,23.6,54.9,0.0,1011,9.8,4.9,11
05/07/2023,12:00,134,0.1,93.9,0.4,23.8,52.8,0.0,1010,9.4,5.2,13
05/07/2023,13:00,107,0.2,84.0,0.4,24.2,47.2,0.0,1009,9.8,5.0,11
05/07/2023,14:00,50,0.1,94.0,0.4,23.4,47.9,0.0,1009,10.4,6.4,15
05/07/2023,15:00,125,0.1,99.4,0.3,22.9,48.5,0.0,1009,11.7,6.8,16
05/07/2023,16:00,99,0.1,92.5,0.3,22.3,50.3,0.0,1009,10.3,5.7,13
05/07/2023,17:00,135,0.1,89.5,0.3,21.4,52.6,0.0,1010,9.9,5.5,12
05/07/2023,18:00,131,0.1,88.0,0.2,20.6,54.6,0.0,1011,12.6,6.3,14
05/07/2023,19:00,131,0.2,74.5,0.3,20.2,51.8,0.0,1011,11.8,5.3,11
05/07/2023,20:00,132,0.2,76.3,0.2,19.4,50.9,0.0,1012,9.7,4.7,9
05/07/2023,21:00,132,0.1,94.4,0.2,18.6,52.3,0.0,1012,7.5,4.4,8
05/07/2023,22:00,175,0.1,86.0,0.2,17.8,54.9,0.0,1012,8.5,4.1,7
05/07/2023,23:00,140,0.3,70.2,0.3,17.6,55.4,0.0,1012,7.0,3.6,5
06/07/2023,00:00,120,0.2,73.4,0.2,17.1,57.1,0.0,1012,5.9,3.4,5
06/07/2023,01:00,153,0.2,74.4,0.3,16.3,60.3,0.0,1012,6.2,3.3,5
06/07/2023,02:00,166,0.3,65.3,0.3,15.3,64.4,0.0,1011,8.0,3.4,5
06/07/2023,03:00,177,0.4,55.2,0.3,14.5,68.5,0.0,1011,6.1,3.4,5
06/07/2023,04:00,175,0.3,66.1,0.3,14.2,68.9,0.0,1011,8.9,4.1,7
06/07/2023,05:00,152,0.4,54.8,0.3,14.1,70.0,0.0,1011,10.8,4.4,8
06/07/2023,06:00,143,0.3,76.3,0.3,14.1,69.7,0.0,1012,11.1,4.6,8
06/07/2023,07:00,157,0.2,79.3,0.3,14.7,67.8,0.0,1013,9.3,4.0,7
06/07/2023,08:00,148,0.2,83.8,0.2,16.3,62.3,0.0,1013,11.6,4.1,7
06/07/2023,09:00,149,0.4,64.9,0.3,17.8,56.1,0.0,1013,16.4,5.7,11
06/07/2023,10:00,149,0.3,77.8,0.3,19.7,49.0,0.0,1012,15.5,6.5,13
06/07/2023,11:00,152,0.7,39.4,0.4,20.4,47.4,0.0,1011,15.9,5.5,10
06/07/2023,12:00,343,0.6,37.4,0.4,21.5,46.2,0.0,1010,14.8,4.6,9
06/07/2023,13:00,356,0.9,36.3,0.5,21.0,49.4,0.0,1009,14.0,4.5,8
06/07/2023,14:00,352,0.7,37.0,0.4,21.3,48.6,0.0,1009,12.9,4.4,8
06/07/2023,15:00,341,1.0,32.5,0.5,20.7,53.9,0.0,1009,13.8,4.9,9
06/07/2023,16:00,326,1.0,23.8,0.4,20.2,57.5,0.0,1009,13.6,5.2,11
06/07/2023,17:00,337,0.7,41.1,0.3,20.1,60.8,0.0,1010,14.0,5.3,12
06/07/2023,18:00,330,0.5,63.2,0.4,20.1,56.8,0.0,1010,14.3,6.0,14
06/07/2023,19:00,297,0.0,109.3,0.4,21.0,41.0,0.0,1010,8.1,3.9,7
06/07/2023,20:00,63,0.0,107.6,0.3,20.3,42.5,0.0,1010,8.6,4.2,7
06/07/2023,21:00,286,0.1,96.1,0.4,19.7,43.3,0.0,1011,9.2,4.3,7
06/07/2023,22:00,214,0.1,94.4,0.4,19.3,44.5,0.0,1011,7.4,3.5,5
06/07/2023,23:00,214,0.0,100.4,0.3,18.6,46.4,0.0,1012,6.7,3.4,5
07/07/2023,00:00,159,0.2,89.0,0.4,18.3,47.9,0.0,1012,7.7,3.0,4
07/07/2023,01:00,154,0.3,82.5,0.5,17.5,48.3,0.0,1012,6.7,2.7,4
07/07/2023,02:00,171,0.4,73.7,0.5,16.8,47.3,0.0,1012,4.0,1.6,2
07/07/2023,03:00,152,0.3,75.1,0.4,16.3,45.0,0.0,1012,2.1,1.1,1
07/07/2023,04:00,162,0.2,94.9,0.3,15.9,44.8,0.0,1012,3.9,1.9,2
07/07/2023,05:00,151,0.3,75.5,0.4,15.8,43.8,0.0,1012,4.6,2.0,3
07/07/2023,06:00,128,0.2,85.4,0.3,15.6,43.7,0.0,1013,7.7,2.8,4
07/07/2023,07:00,134,0.3,71.5,0.3,16.7,41.1,0.0,1013,8.7,3.3,4
07/07/2023,08:00,138,0.2,82.5,0.2,18.4,37.1,0.0,1014,10.8,3.0,4
07/07/2023,09:00,144,0.1,85.9,0.3,20.0,34.2,0.0,1013,7.8,2.5,4
07/07/2023,10:00,150,0.1,85.3,0.4,21.0,32.4,0.0,1013,7.3,1.6,3
07/07/2023,11:00,163,0.3,81.6,0.5,21.0,33.8,0.0,1012,8.7,1.8,3
07/07/2023,12:00,188,0.3,84.3,0.5,21.8,32.3,0.0,1011,11.2,3.1,4
07/07/2023,13:00,169,0.3,89.6,0.5,21.9,31.1,0.0,1010,14.5,2.7,4
07/07/2023,14:00,167,0.5,72.8,0.6,21.6,29.6,0.0,1010,13.6,2.3,3
07/07/2023,15:00,156,0.4,83.5,0.5,21.1,29.5,0.0,1010,10.5,1.9,3
07/07/2023,16:00,164,0.4,76.7,0.5,20.4,28.4,0.0,1011,8.4,1.9,3
07/07/2023,17:00,158,0.2,88.7,0.4,19.5,28.9,0.0,1011,7.9,2.6,4
07/07/2023,18:00,169,0.2,83.6,0.4,18.8,31.0,0.0,1012,9.4,3.3,5
07/07/2023,19:00,165,0.2,89.5,0.4,18.2,34.6,0.0,1013,7.6,3.1,4
07/07/2023,20:00,174,0.4,79.6,0.4,17.6,36.4,0.0,1014,6.8,2.3,3
07/07/2023,21:00,152,0.2,88.1,0.4,17.1,37.5,0.0,1014,7.1,2.1,2
07/07/2023,22:00,188,0.1,92.8,0.2,16.2,40.2,0.0,1014,7.1,2.0,2
07/07/2023,23:00,194,0.1,76.0,0.2,15.4,43.5,0.0,1014,6.5,2.2,2
08/07/2023,00:00,139,0.1,79.7,0.2,15.1,45.4,0.0,1014,7.2,2.8,3
08/07/2023,01:00,132,0.2,79.3,0.2,14.5,47.7,0.0,1014,7.3,2.7,3
08/07/2023,02:00,168,0.1,79.6,0.2,14.3,47.5,0.0,1014,8.3,3.0,3
08/07/2023,03:00,124,0.5,28.5,0.2,12.5,55.9,0.0,1014,8.0,3.1,4
08/07/2023,04:00,168,0.5,39.3,0.3,12.5,55.2,0.0,1015,6.3,2.6,3
08/07/2023,05:00,169,0.3,68.6,0.3,12.2,56.8,0.0,1015,8.2,3.1,3
08/07/2023,06:00,158,0.3,65.2,0.2,11.9,57.9,0.0,1016,9.5,3.8,5
08/07/2023,07:00,137,0.2,77.4,0.2,13.5,50.8,0.0,1016,6.8,2.6,3
08/07/2023,08:00,142,0.1,88.9,0.2,15.7,43.2,0.0,1017,6.8,2.3,2
08/07/2023,09:00,103,0.1,91.9,0.3,17.3,38.0,0.0,1017,7.1,2.0,2
08/07/2023,10:00,140,0.2,88.1,0.4,18.1,36.7,0.0,1017,5.2,1.7,2
08/07/2023,11:00,147,0.3,85.6,0.5,19.1,33.5,0.0,1016,6.2,2.1,3
08/07/2023,12:00,148,0.1,93.5,0.4,20.6,28.8,0.0,1015,5.7,2.6,4
08/07/2023,13:00,114,0.0,95.3,0.3,21.3,26.0,0.0,1014,5.0,2.1,3
08/07/2023,14:00,256,0.0,92.4,0.3,20.8,26.9,0.0,1014,6.3,2.2,3
08/07/2023,15:00,143,0.2,90.0,0.3,20.2,28.1,0.0,1014,5.1,1.6,2
08/07/2023,16:00,205,0.1,93.5,0.3,19.3,31.0,0.0,1014,6.2,2.7,3
08/07/2023,17:00,57,0.0,97.4,0.3,18.4,34.0,0.0,1014,9.1,3.6,5
08/07/2023,18:00,146,0.2,82.2,0.3,18.0,34.1,0.0,1015,8.3,3.9,6
08/07/2023,19:00,149,0.6,61.2,0.4,17.9,33.3,0.0,1016,7.4,3.1,4
08/07/2023,20:00,151,0.4,76.7,0.3,17.3,35.4,0.0,1016,7.3,2.8,3
08/07/2023,21:00,152,0.3,80.7,0.4,16.5,39.0,0.0,1016,6.5,2.7,3
08/07/2023,22:00,137,0.1,99.1,0.3,15.8,40.9,0.0,1016,7.7,2.9,3
08/07/2023,23:00,305,0.1,107.1,0.3,15.1,42.8,0.0,1015,8.3,3.8,5
09/07/2023,00:00,186,0.0,83.3,0.2,14.9,43.9,0.0,1015,6.8,3.4,4
09/07/2023,01:00,148,0.2,85.3,0.3,15.3,42.7,0.0,1015,5.2,2.0,1
09/07/2023,02:00,95,0.0,94.2,0.2,15.1,42.9,0.0,1015,6.0,2.7,3
09/07/2023,03:00,218,0.0,93.3,0.2,14.6,44.0,0.0,1015,7.4,2.8,2
09/07/2023,04:00,152,0.5,53.5,0.3,14.1,44.9,0.0,1015,6.3,2.3,2
09/07/2023,05:00,147,0.6,39.8,0.3,12.9,50.8,0.0,1016,6.5,2.6,2
09/07/2023,06:00,159,0.7,47.7,0.4,12.3,52.0,0.0,1017,8.3,3.0,3
09/07/2023,07:00,138,0.3,56.4,0.2,13.1,50.1,0.0,1017,8.9,3.5,4
09/07/2023,08:00,125,0.4,54.1,0.2,14.0,48.6,0.0,1018,9.2,3.8,4
09/07/2023,09:00,143,0.3,64.7,0.2,15.8,45.4,0.0,1018,10.3,4.3,6
09/07/2023,10:00,150,0.2,85.5,0.3,18.0,37.9,0.0,1018,8.1,3.4,4
09/07/2023,11:00,170,0.1,97.2,0.3,19.4,33.3,0.0,1017,8.1,3.3,4
09/07/2023,12:00,151,0.3,86.7,0.5,19.7,33.2,0.0,1015,9.5,3.7,4
09/07/2023,13:00,95,0.2,90.5,0.3,19.8,34.5,0.0,1015,10.5,4.0,5
09/07/2023,14:00,160,0.1,95.1,0.3,19.9,35.3,0.0,1015,10.7,4.4,7
09/07/2023,15:00,282,0.1,67.5,0.2,19.4,38.4,0.0,1014,10.4,4.3,6
09/07/2023,16:00,313,0.2,52.5,0.2,18.9,40.6,0.0,1014,10.4,4.0,5
09/07/2023,17:00,45,0.1,49.8,0.2,18.3,42.0,0.0,1014,11.4,4.4,6
09/07/2023,18:00,54,0.1,70.3,0.2,17.5,46.8,0.0,1015,15.7,7.9,18
09/07/2023,19:00,170,0.3,58.7,0.2,16.5,53.2,0.0,1015,28.7,17.0,46
09/07/2023,20:00,110,0.1,82.9,0.2,17.0,43.8,0.0,1016,13.8,6.7,12
09/07/2023,21:00,160,0.3,67.3,0.3,16.4,45.5,0.0,1016,13.7,6.9,13
09/07/2023,22:00,140,0.2,74.3,0.2,15.9,46.2,0.0,1017,14.1,6.8,11
09/07/2023,23:00,181,0.2,79.2,0.3,15.2,47.5,0.0,1016,11.4,5.2,7
10/07/2023,00:00,184,0.1,79.0,0.2,14.7,49.1,0.0,1016,11.9,5.1,6
10/07/2023,01:00,164,0.5,54.6,0.3,14.0,52.4,0.0,1016,12.4,5.4,7
10/07/2023,02:00,180,0.5,53.3,0.4,13.1,55.9,0.0,1016,14.7,6.2,8
10/07/2023,03:00,173,0.5,50.4,0.4,12.5,57.9,0.0,1016,15.3,6.6,9
10/07/2023,04:00,176,0.6,53.8,0.4,12.1,58.7,0.0,1017,16.6,7.0,10
10/07/2023,05:00,175,0.4,56.3,0.3,12.0,59.8,0.0,1018,16.0,6.8,9
10/07/2023,06:00,168,0.9,22.9,0.3,11.5,62.4,0.0,1018,18.1,7.4,11
10/07/2023,07:00,165,0.3,60.8,0.3,11.9,60.5,0.0,1019,20.8,8.1,13
10/07/2023,08:00,158,0.1,91.2,0.3,13.8,54.2,0.0,1019,25.1,8.5,14
10/07/2023,09:00,158,0.4,68.3,0.3,16.1,47.5,0.0,1020,20.6,7.7,12
10/07/2023,10:00,165,0.8,50.8,0.5,17.8,42.4,0.0,1020,19.3,6.3,9
10/07/2023,11:00,155,0.8,36.8,0.3,19.2,39.1,0.0,1019,16.0,5.7,7
10/07/2023,12:00,74,0.1,40.1,0.4,20.6,42.8,0.0,1018,15.5,5.1,7
10/07/2023,13:00,348,1.1,41.8,0.6,21.8,41.2,0.0,1017,15.0,4.8,6
10/07/2023,14:00,330,1.6,28.7,0.7,21.6,43.6,0.0,1017,10.1,3.8,4
10/07/2023,15:00,344,1.4,28.9,0.6,21.0,46.6,0.0,1017,11.2,3.8,4
10/07/2023,16:00,343,1.3,26.9,0.6,20.2,49.9,0.0,1018,11.8,4.0,4
10/07/2023,17:00,340,0.8,30.5,0.4,19.4,53.0,0.0,1018,13.2,4.7,5
10/07/2023,18:00,338,1.0,20.3,0.3,18.9,54.3,0.0,1019,21.4,6.3,11
10/07/2023,19:00,348,0.3,45.2,0.3,18.2,57.2,0.0,1019,14.1,6.9,13
10/07/2023,20:00,308,0.2,52.6,0.2,17.2,62.0,0.0,1019,16.1,7.8,16
10/07/2023,21:00,276,0.2,52.7,0.2,16.8,64.7,0.0,1020,13.7,6.6,13
10/07/2023,22:00,140,0.2,65.1,0.1,16.1,67.4,0.0,1020,18.0,8.9,20
10/07/2023,23:00,136,0.2,65.4,0.1,15.6,69.8,0.0,1020,19.6,9.0,20
11/07/2023,00:00,175,0.3,60.4,0.2,14.8,73.2,0.0,1020,16.9,9.0,20
11/07/2023,01:00,156,0.2,60.2,0.2,14.2,74.4,0.0,1019,19.4,8.9,19
11/07/2023,02:00,173,0.5,41.8,0.3,13.3,77.5,0.0,1019,17.6,8.1,17
11/07/2023,03:00,173,0.8,33.3,0.4,12.6,76.3,0.0,1019,23.8,10.7,24
11/07/2023,04:00,176,0.6,43.8,0.3,11.9,74.5,0.0,1019,21.3,9.1,20
11/07/2023,05:00,178,0.3,61.9,0.3,11.7,71.6,0.0,1020,16.3,7.8,16
11/07/2023,06:00,162,0.7,33.2,0.3,11.4,71.4,0.0,1020,16.6,7.2,14
11/07/2023,07:00,166,0.1,70.0,0.2,12.8,66.8,0.0,1021,17.7,6.6,12
11/07/2023,08:00,157,0.2,77.0,0.3,15.3,57.1,0.0,1022,15.1,6.0,10
11/07/2023,09:00,161,0.9,50.9,0.4,17.0,51.6,0.0,1022,17.6,5.7,9
11/07/2023,10:00,163,0.7,58.7,0.4,18.9,45.0,0.0,1021,13.8,5.3,8
11/07/2023,11:00,161,0.7,53.7,0.5,20.3,39.0,0.0,1020,13.3,5.9,10
11/07/2023,12:00,160,1.3,28.6,0.6,20.9,39.0,0.0,1020,17.8,7.0,12
11/07/2023,13:00,88,0.2,39.5,0.5,21.8,38.8,0.0,1019,16.8,8.4,16
11/07/2023,14:00,317,0.2,80.1,0.5,22.5,33.6,0.0,1018,15.0,7.2,13
11/07/2023,15:00,266,0.1,84.5,0.3,22.4,30.4,0.0,1018,13.4,5.5,9
11/07/2023,16:00,335,0.6,37.1,0.4,21.2,38.9,0.0,1019,15.5,6.5,12
11/07/2023,17:00,341,1.1,18.1,0.3,19.7,50.1,0.0,1019,21.4,9.6,19
11/07/2023,18:00,351,0.5,48.7,0.3,19.0,53.9,0.0,1020,20.4,10.7,24
11/07/2023,19:00,294,0.1,67.4,0.2,18.1,58.5,0.0,1021,23.1,12.0,28
11/07/2023,20:00,294,0.1,76.4,0.1,17.3,62.7,0.0,1021,22.8,12.1,28
11/07/2023,21:00,70,0.4,39.8,0.2,16.5,65.5,0.0,1021,30.6,17.2,45
11/07/2023,22:00,73,0.2,54.4,0.1,15.8,68.2,0.0,1021,34.4,19.1,49
11/07/2023,23:00,166,0.2,45.9,0.1,15.1,72.6,0.0,1021,28.2,16.5,41
12/07/2023,00:00,174,0.6,38.1,0.3,14.0,74.9,0.0,1021,30.0,17.0,43
12/07/2023,01:00,155,0.3,67.0,0.3,12.9,69.5,0.0,1022,32.6,19.0,42
12/07/2023,02:00,150,0.3,65.9,0.3,13.1,68.1,0.0,1022,27.5,14.3,32
12/07/2023,03:00,163,0.7,33.9,0.4,12.6,70.0,0.0,1022,23.8,13.0,29
12/07/2023,04:00,169,0.6,43.4,0.4,11.9,71.2,0.0,1022,22.9,12.4,28
12/07/2023,05:00,159,0.5,56.2,0.3,12.1,66.3,0.0,1023,18.5,10.2,21
12/07/2023,06:00,161,0.5,53.4,0.4,12.2,64.5,0.0,1023,17.7,8.5,16
12/07/2023,07:00,145,0.5,58.3,0.4,13.5,64.0,0.0,1024,16.6,8.1,14
12/07/2023,08:00,163,0.6,55.0,0.4,13.7,63.8,0.0,1024,22.9,8.8,16
12/07/2023,09:00,159,0.3,72.7,0.4,15.5,59.5,0.0,1025,22.8,8.5,16
12/07/2023,10:00,167,0.6,66.6,0.5,16.7,56.7,0.0,1025,18.1,7.9,14
12/07/2023,11:00,159,0.5,67.3,0.4,17.6,54.5,0.0,1024,21.9,7.9,14
12/07/2023,12:00,156,0.1,80.3,0.2,18.5,53.1,0.0,1023,22.8,8.6,16
12/07/2023,13:00,267,0.1,79.9,0.2,19.2,51.8,0.0,1022,24.2,9.1,17
12/07/2023,14:00,95,0.3,56.0,0.3,20.0,52.1,0.0,1022,27.7,8.9,17
12/07/2023,15:00,96,1.0,39.9,0.6,19.9,57.4,0.0,1022,17.7,5.9,8
12/07/2023,16:00,92,0.9,42.6,0.5,19.4,59.3,0.0,1022,20.4,6.1,8
12/07/2023,17:00,86,0.8,33.6,0.5,19.1,59.3,0.0,1023,15.5,5.8,9
12/07/2023,18:00,135,0.8,31.9,0.4,18.5,60.3,0.0,1023,17.8,7.3,13
12/07/2023,19:00,146,1.1,34.8,0.5,18.3,61.6,0.0,1023,18.3,9.9,20
12/07/2023,20:00,135,0.5,47.8,0.3,18.0,64.4,0.0,1024,18.0,8.7,17
12/07/2023,21:00,161,0.7,39.1,0.3,17.9,63.2,0.0,1024,14.7,7.1,13
12/07/2023,22:00,170,0.5,58.5,0.4,17.6,64.1,0.0,1024,19.0,8.8,18
12/07/2023,23:00,175,0.6,48.8,0.4,16.9,65.0,0.0,1024,15.7,8.7,16
13/07/2023,00:00,169,0.5,64.3,0.4,16.7,65.7,0.0,1023,15.6,7.7,14
13/07/2023,01:00,179,0.4,66.8,0.4,16.5,66.2,0.0,1023,14.1,6.9,12
13/07/2023,02:00,181,0.4,68.8,0.4,16.0,67.3,0.0,1023,13.3,6.5,11
13/07/2023,03:00,153,0.3,68.5,0.3,15.4,69.6,0.0,1023,13.3,6.4,10
13/07/2023,04:00,176,0.4,70.6,0.4,15.3,69.2,0.0,1023,11.6,5.6,9
13/07/2023,05:00,175,0.6,56.4,0.5,15.1,69.8,0.0,1023,11.3,5.3,8
13/07/2023,06:00,154,0.3,75.1,0.3,15.2,70.1,0.0,1024,13.3,6.1,10
13/07/2023,07:00,179,0.5,60.9,0.5,15.3,69.0,0.0,1024,15.5,6.2,11
13/07/2023,08:00,161,0.5,67.1,0.4,15.9,66.4,0.0,1025,18.4,6.9,12
13/07/2023,09:00,157,0.5,60.6,0.4,17.2,61.8,0.0,1025,20.7,7.0,13
13/07/2023,10:00,139,0.4,69.9,0.4,19.1,54.7,0.0,1025,22.6,6.8,12
13/07/2023,11:00,97,1.0,41.5,0.6,20.5,47.6,0.0,1024,14.7,4.9,6
13/07/2023,12:00,88,0.9,44.3,0.7,21.2,43.5,0.0,1023,13.2,4.5,5
13/07/2023,13:00,93,1.2,34.7,0.6,20.8,43.6,0.0,1023,14.0,4.5,5
13/07/2023,14:00,79,0.9,39.5,0.5,21.0,42.9,0.0,1022,13.1,4.3,5
13/07/2023,15:00,81,0.9,37.8,0.5,20.9,45.1,0.0,1022,13.6,4.5,5
13/07/2023,16:00,71,0.9,38.2,0.5,20.0,50.2,0.0,1022,12.2,4.3,5
13/07/2023,17:00,60,0.5,45.1,0.3,19.0,60.3,0.0,1023,12.1,4.9,6
13/07/2023,18:00,81,0.6,29.2,0.2,18.4,64.8,0.0,1024,14.5,6.4,11
13/07/2023,19:00,70,0.7,31.4,0.3,17.9,66.2,0.0,1023,16.5,7.8,15
13/07/2023,20:00,71,0.5,41.2,0.2,17.4,66.1,0.0,1023,13.3,5.7,9
13/07/2023,21:00,139,0.4,50.1,0.2,16.8,68.0,0.0,1024,16.2,6.7,13
13/07/2023,22:00,151,0.3,65.6,0.2,16.4,69.9,0.0,1024,16.5,8.5,17
13/07/2023,23:00,165,0.4,59.9,0.3,15.5,73.8,0.0,1024,20.1,11.9,25
14/07/2023,00:00,135,0.1,84.6,0.2,15.3,73.1,0.0,1024,21.7,13.1,27
14/07/2023,01:00,170,0.2,66.1,0.2,14.7,75.2,0.0,1024,20.9,12.8,26
14/07/2023,02:00,165,0.6,47.2,0.3,13.6,78.9,0.0,1023,16.7,9.1,18
14/07/2023,03:00,159,0.4,64.3,0.3,13.5,77.1,0.0,1023,15.7,7.9,15
14/07/2023,04:00,164,0.5,59.9,0.4,12.8,78.0,0.0,1023,16.6,8.4,16
14/07/2023,05:00,169,0.8,32.2,0.4,12.8,77.6,0.0,1023,16.1,8.0,16
14/07/2023,06:00,122,0.6,38.0,0.3,12.6,76.9,0.0,1024,16.0,8.2,16
14/07/2023,07:00,146,0.3,67.9,0.3,14.1,71.4,0.0,1024,17.8,8.1,16
14/07/2023,08:00,147,0.2,82.0,0.3,14.7,69.4,0.0,1024,21.1,9.3,20
14/07/2023,09:00,160,0.6,66.1,0.3,16.0,63.9,0.0,1025,25.1,9.8,21
14/07/2023,10:00,153,1.0,33.0,0.4,17.7,56.6,0.0,1024,23.7,8.1,15
14/07/2023,11:00,97,0.4,62.0,0.5,19.8,54.2,0.0,1023,13.9,4.4,6
14/07/2023,12:00,74,0.9,43.8,0.6,20.8,52.7,0.0,1022,9.1,3.3,3
14/07/2023,13:00,336,1.4,28.6,0.7,21.4,49.6,0.0,1021,14.0,3.7,3
14/07/2023,14:00,336,1.5,29.2,0.7,20.8,49.7,0.0,1021,12.7,3.9,3
14/07/2023,15:00,338,1.5,24.8,0.5,20.4,53.3,0.0,1021,15.0,3.9,3
14/07/2023,16:00,339,1.2,23.3,0.5,19.8,55.8,0.0,1021,13.6,4.1,4
14/07/2023,17:00,346,0.8,33.7,0.3,19.1,58.7,0.0,1022,15.1,4.6,5
14/07/2023,18:00,344,0.6,32.7,0.3,18.5,61.6,0.0,1022,21.1,6.4,11
14/07/2023,19:00,35,0.3,56.4,0.2,18.0,63.4,0.0,1022,21.5,8.1,16
14/07/2023,20:00,340,0.4,56.2,0.2,17.8,64.3,0.0,1023,25.4,8.9,20
14/07/2023,21:00,314,0.1,68.3,0.1,16.6,69.6,0.0,1023,29.2,15.4,41
14/07/2023,22:00,114,0.1,58.8,0.1,15.9,72.9,0.0,1023,28.9,15.3,41
14/07/2023,23:00,116,0.2,54.7,0.2,15.3,73.7,0.0,1022,24.0,13.7,36
15/07/2023,00:00,132,0.1,93.5,0.2,14.5,76.2,0.0,1022,25.5,15.4,42
15/07/2023,01:00,165,0.4,61.7,0.3,13.9,77.9,0.0,1022,25.0,15.5,38
15/07/2023,02:00,137,0.3,61.1,0.2,13.6,77.3,0.0,1021,20.3,12.9,33
15/07/2023,03:00,162,0.1,76.6,0.2,13.4,77.8,0.0,1021,22.9,14.3,34
15/07/2023,04:00,164,0.3,68.1,0.3,12.7,78.2,0.0,1021,16.8,10.5,23
15/07/2023,05:00,167,0.6,51.1,0.3,12.1,81.0,0.0,1021,16.5,10.3,24
15/07/2023,06:00,159,0.3,74.9,0.3,12.4,79.6,0.0,1021,18.2,11.0,28
15/07/2023,07:00,147,0.5,57.3,0.3,12.9,76.4,0.0,1022,18.0,10.0,24
15/07/2023,08:00,154,0.7,33.6,0.3,13.0,75.9,0.0,1022,17.7,9.8,24
15/07/2023,09:00,157,0.9,33.1,0.3,14.5,71.5,0.0,1023,17.0,8.7,21
15/07/2023,10:00,154,0.4,77.4,0.3,16.7,63.2,0.0,1022,14.9,7.0,14
15/07/2023,11:00,163,0.6,51.6,0.4,17.3,61.3,0.0,1022,16.0,6.9,13
15/07/2023,12:00,163,0.7,45.8,0.3,18.2,58.9,0.0,1021,13.8,6.7,13
15/07/2023,13:00,163,0.8,29.6,0.3,19.0,56.3,0.0,1020,15.0,6.2,11
15/07/2023,14:00,158,0.7,39.1,0.3,19.9,52.2,0.0,1020,14.2,6.4,11
15/07/2023,15:00,162,0.7,49.9,0.3,20.1,50.0,0.0,1020,13.8,5.2,8
15/07/2023,16:00,165,0.6,34.2,0.3,19.9,50.2,0.0,1020,13.2,5.2,7
15/07/2023,17:00,134,0.4,43.5,0.2,19.5,51.5,0.0,1020,12.3,5.9,10
15/07/2023,18:00,353,0.6,36.3,0.2,18.9,54.1,0.0,1021,18.0,8.7,18
15/07/2023,19:00,330,0.4,58.2,0.2,18.1,58.1,0.0,1021,25.5,14.9,38
15/07/2023,20:00,249,0.0,77.8,0.1,16.7,66.0,0.0,1022,30.7,19.7,52
15/07/2023,21:00,131,0.4,34.1,0.2,16.3,67.2,0.0,1022,29.9,18.1,51
15/07/2023,22:00,149,0.3,48.6,0.1,15.5,70.5,0.0,1022,40.7,27.8,76
15/07/2023,23:00,129,0.3,49.3,0.2,14.7,73.7,0.0,1021,39.5,25.9,73
16/07/2023,00:00,160,0.2,75.6,0.2,14.0,74.4,0.0,1021,37.4,25.9,73
16/07/2023,01:00,151,0.5,48.5,0.3,13.7,74.2,0.0,1021,26.9,18.5,44
16/07/2023,02:00,160,0.4,63.8,0.3,12.7,76.0,0.0,1021,25.9,17.3,42
16/07/2023,03:00,162,0.3,64.8,0.3,12.3,76.1,0.0,1020,26.4,17.7,44
16/07/2023,04:00,150,0.3,76.5,0.3,11.9,75.8,0.0,1021,26.2,18.6,45
16/07/2023,05:00,157,0.5,49.4,0.4,12.3,73.5,0.0,1021,21.4,14.1,32
16/07/2023,06:00,173,0.6,57.6,0.4,11.6,77.3,0.0,1022,20.7,12.9,29
16/07/2023,07:00,196,0.0,81.2,0.2,12.9,71.5,0.0,1022,22.3,13.5,31
16/07/2023,08:00,121,0.2,68.2,0.2,15.3,63.0,0.0,1023,18.9,12.3,27
16/07/2023,09:00,155,0.7,51.9,0.4,17.3,56.5,0.0,1023,16.9,10.1,21
16/07/2023,10:00,163,1.1,36.5,0.6,18.6,52.6,0.0,1023,16.5,8.3,15
16/07/2023,11:00,163,1.0,40.9,0.5,20.4,47.5,0.0,1022,15.7,7.7,14
16/07/2023,12:00,165,0.9,52.3,0.6,22.3,38.9,0.0,1021,16.2,7.4,13
16/07/2023,13:00,166,1.0,53.4,0.7,23.2,32.0,0.0,1020,14.1,7.2,13
16/07/2023,14:00,153,0.7,54.1,0.5,23.1,31.0,0.0,1020,14.1,7.6,15
16/07/2023,15:00,142,1.0,32.6,0.5,22.9,32.6,0.0,1020,14.0,8.0,16
16/07/2023,16:00,52,0.6,39.1,0.4,22.3,35.3,0.0,1020,15.5,9.0,18
16/07/2023,17:00,22,0.7,39.5,0.3,21.0,40.1,0.0,1020,15.3,8.7,16
16/07/2023,18:00,354,0.6,31.5,0.3,20.3,47.1,0.0,1021,17.3,9.6,20
16/07/2023,19:00,8,0.4,51.8,0.3,20.1,49.2,0.0,1022,19.1,11.4,25
16/07/2023,20:00,98,0.3,31.8,0.2,19.5,51.1,0.0,1022,19.7,12.9,32
16/07/2023,21:00,31,0.3,46.1,0.3,18.9,53.1,0.0,1022,18.7,10.8,23
16/07/2023,22:00,119,0.6,33.2,0.3,18.4,55.0,0.0,1022,17.2,9.2,19
16/07/2023,23:00,139,0.3,64.4,0.2,18.1,56.2,0.0,1022,19.0,9.4,19
17/07/2023,00:00,168,0.2,80.3,0.3,17.1,58.3,0.0,1022,21.6,13.6,31
17/07/2023,01:00,172,0.2,78.3,0.3,16.6,54.1,0.0,1021,19.0,11.6,24
17/07/2023,02:00,178,0.7,49.1,0.5,16.1,51.7,0.0,1021,17.2,10.4,22
17/07/2023,03:00,159,0.5,59.5,0.4,15.8,54.8,0.0,1021,17.8,10.3,21
17/07/2023,04:00,166,0.5,65.6,0.4,15.3,58.4,0.0,1021,19.4,11.5,24
17/07/2023,05:00,171,0.5,56.3,0.4,15.5,59.9,0.0,1021,17.6,10.5,21
17/07/2023,06:00,167,0.4,59.0,0.4,15.6,61.6,0.0,1022,18.4,10.9,22
17/07/2023,07:00,142,0.8,33.6,0.4,15.5,66.2,0.0,1023,23.8,12.1,26
17/07/2023,08:00,166,1.2,27.2,0.5,16.2,66.9,0.0,1023,22.0,12.8,28
17/07/2023,09:00,137,0.2,71.8,0.3,17.5,62.7,0.0,1024,26.7,13.0,28
17/07/2023,10:00,146,0.4,60.7,0.3,18.0,62.3,0.0,1024,32.9,12.7,26
17/07/2023,11:00,341,0.8,41.4,0.4,17.9,72.1,0.0,1023,13.4,5.4,9
17/07/2023,12:00,347,0.6,50.2,0.4,18.5,71.6,0.0,1022,10.3,5.1,9
17/07/2023,13:00,332,0.6,46.1,0.4,18.1,74.8,6.3,1021,14.3,6.5,13
17/07/2023,14:00,339,0.8,38.1,0.4,17.0,82.0,0.9,1021,11.2,5.6,13
17/07/2023,15:00,339,1.0,22.9,0.4,17.3,80.0,0.0,1021,11.3,5.1,11
17/07/2023,16:00,336,0.6,39.7,0.3,17.7,76.6,0.0,1021,13.5,5.9,14
17/07/2023,17:00,106,0.2,39.4,0.2,17.7,77.4,0.0,1021,14.8,7.1,18
17/07/2023,18:00,62,0.7,34.2,0.3,17.6,75.9,0.0,1021,13.5,6.0,13
17/07/2023,19:00,52,0.5,45.4,0.3,17.2,76.1,0.0,1022,9.5,4.4,7
17/07/2023,20:00,117,0.6,27.4,0.2,16.7,75.5,0.0,1022,10.4,4.3,7
17/07/2023,21:00,135,1.0,31.7,0.5,16.4,77.1,0.0,1022,8.4,3.7,6
17/07/2023,22:00,120,0.8,35.9,0.4,15.6,84.0,0.0,1022,4.1,2.7,4
17/07/2023,23:00,146,0.8,28.7,0.4,15.5,85.2,0.0,1021,6.0,3.7,6
18/07/2023,00:00,149,0.6,32.3,0.3,15.4,84.8,0.0,1020,6.9,3.4,5
18/07/2023,01:00,124,0.5,37.1,0.3,15.3,84.5,0.0,1020,6.0,3.4,5
18/07/2023,02:00,151,0.2,76.3,0.3,15.5,84.9,0.0,1020,5.3,3.3,5
18/07/2023,03:00,160,0.4,62.7,0.4,15.3,84.8,0.0,1019,7.0,3.9,6
18/07/2023,04:00,156,0.2,75.9,0.3,15.2,84.7,0.0,1019,7.8,4.2,7
18/07/2023,05:00,118,0.1,82.5,0.2,15.3,83.5,0.0,1019,8.2,4.7,9
18/07/2023,06:00,346,0.3,83.6,0.3,15.5,83.3,4.2,1020,8.6,4.6,9
18/07/2023,07:00,145,0.2,75.8,0.3,15.6,85.3,0.2,1020,9.1,4.6,10
18/07/2023,08:00,156,0.4,61.8,0.4,15.9,83.2,0.0,1020,8.1,4.2,9
18/07/2023,09:00,151,0.5,57.2,0.4,16.4,81.8,0.0,1020,10.9,5.6,15
18/07/2023,10:00,152,0.5,64.7,0.4,17.9,75.5,0.0,1020,15.8,7.5,20
18/07/2023,11:00,151,0.8,44.7,0.5,19.5,67.5,0.0,1019,11.6,5.0,10
18/07/2023,12:00,153,1.1,32.5,0.5,19.6,67.8,0.0,1018,11.3,4.6,8
18/07/2023,13:00,12,0.1,41.3,0.4,19.9,64.7,1.1,1016,11.2,4.4,6
18/07/2023,14:00,64,0.6,43.5,0.3,19.5,69.9,0.0,1016,11.8,4.3,6
18/07/2023,15:00,124,0.2,55.9,0.2,20.3,60.4,0.0,1016,10.9,3.7,4
18/07/2023,16:00,173,0.2,63.1,0.3,19.5,66.4,0.0,1016,10.6,4.3,7
18/07/2023,17:00,95,0.7,22.6,0.2,18.8,68.6,0.0,1016,12.7,4.7,8
18/07/2023,18:00,143,0.4,51.9,0.2,18.3,73.2,0.0,1016,14.5,5.9,12
18/07/2023,19:00,95,0.1,47.3,0.2,17.7,77.6,0.0,1017,15.3,7.1,16
18/07/2023,20:00,8,0.1,62.6,0.1,17.2,79.6,0.0,1017,18.4,9.9,28
18/07/2023,21:00,260,0.2,48.3,0.1,16.8,81.6,0.0,1017,22.1,12.5,35
18/07/2023,22:00,133,0.1,79.2,0.1,16.5,81.8,0.0,1017,20.8,10.6,27
18/07/2023,23:00,162,0.2,73.9,0.2,15.9,82.5,0.0,1017,16.3,8.5,20
19/07/2023,00:00,126,0.2,71.3,0.2,16.0,82.0,0.0,1017,13.6,6.7,14
19/07/2023,01:00,114,0.4,36.8,0.2,15.8,81.8,0.0,1016,13.4,6.3,12
19/07/2023,02:00,94,0.1,67.6,0.2,15.2,84.0,0.0,1015,13.1,7.1,15
19/07/2023,03:00,146,0.4,48.6,0.2,14.8,84.6,0.0,1015,12.7,6.4,13
19/07/2023,04:00,124,0.4,46.0,0.2,14.5,85.4,0.0,1014,14.7,7.8,16
19/07/2023,05:00,160,0.2,74.9,0.2,14.4,84.1,0.0,1015,16.1,8.8,20
19/07/2023,06:00,167,0.5,64.8,0.5,14.2,83.1,0.0,1015,17.7,8.4,18
19/07/2023,07:00,150,0.4,64.1,0.3,15.0,78.3,0.0,1016,16.4,7.4,17
19/07/2023,08:00,149,0.3,75.9,0.4,17.0,69.1,0.0,1016,13.8,6.4,16
19/07/2023,09:00,148,0.4,70.9,0.4,18.6,63.7,0.0,1016,12.2,5.6,11
19/07/2023,10:00,170,0.8,57.0,0.6,20.0,54.1,0.0,1016,12.3,5.4,10
19/07/2023,11:00,170,0.9,57.3,0.7,21.2,45.2,0.0,1015,10.9,5.6,10
19/07/2023,12:00,158,0.8,53.9,0.5,22.2,40.6,0.0,1014,12.3,5.7,10
19/07/2023,13:00,176,0.3,78.0,0.4,23.4,36.1,0.0,1014,13.1,5.7,11
19/07/2023,14:00,178,0.3,67.9,0.4,22.9,32.1,0.0,1014,14.1,7.1,14
19/07/2023,15:00,340,1.4,23.6,0.6,21.9,42.1,0.0,1014,15.9,7.3,13
19/07/2023,16:00,27,0.8,38.3,0.5,20.6,47.8,0.0,1014,15.9,6.1,10
19/07/2023,17:00,61,0.8,40.8,0.4,19.4,51.5,0.0,1015,14.9,6.2,9
19/07/2023,18:00,78,1.0,40.5,0.6,18.3,55.7,0.0,1016,15.0,6.6,10
19/07/2023,19:00,73,0.9,41.1,0.5,17.4,59.1,0.0,1016,17.1,7.0,10
19/07/2023,20:00,64,0.8,44.6,0.5,16.8,56.1,0.0,1017,18.8,6.9,8
19/07/2023,21:00,77,0.7,47.0,0.4,16.3,54.5,0.0,1017,16.9,6.5,7
19/07/2023,22:00,124,0.5,50.1,0.3,16.0,55.4,0.0,1017,17.5,6.5,7
19/07/2023,23:00,145,0.2,86.6,0.3,15.4,57.8,0.0,1017,16.4,7.2,10
20/07/2023,00:00,172,0.4,68.4,0.3,14.6,60.8,0.0,1017,16.0,7.7,12
20/07/2023,01:00,155,0.3,65.7,0.3,14.2,62.1,0.0,1017,16.5,7.9,13
20/07/2023,02:00,149,0.4,56.6,0.3,14.1,62.3,0.0,1017,14.7,7.0,11
20/07/2023,03:00,136,0.4,51.1,0.3,14.2,61.1,0.0,1017,15.3,6.6,9
20/07/2023,04:00,153,0.4,67.1,0.3,12.5,69.6,0.0,1017,14.7,6.8,11
20/07/2023,05:00,136,0.3,79.7,0.3,12.1,70.4,0.0,1017,14.7,7.4,12
20/07/2023,06:00,154,0.5,54.0,0.3,11.8,71.2,0.0,1018,17.2,7.6,13
20/07/2023,07:00,164,0.6,43.6,0.3,11.8,71.0,0.0,1018,17.7,8.4,16
20/07/2023,08:00,167,0.3,74.6,0.3,14.5,60.2,0.0,1019,21.1,8.7,16
20/07/2023,09:00,157,0.5,63.5,0.4,16.2,53.8,0.0,1019,20.5,7.8,12
20/07/2023,10:00,156,0.9,51.7,0.4,17.2,50.2,0.0,1018,18.2,7.1,10
20/07/2023,11:00,142,0.5,65.0,0.3,18.7,44.7,0.0,1017,21.0,7.4,11
20/07/2023,12:00,159,0.3,76.1,0.4,19.9,41.5,0.0,1016,19.6,8.1,12
20/07/2023,13:00,160,0.5,60.2,0.4,20.5,40.2,0.0,1015,20.1,7.6,12
20/07/2023,14:00,354,0.8,40.3,0.4,20.5,40.7,0.0,1014,16.9,6.7,10
20/07/2023,15:00,344,0.9,33.0,0.4,20.1,43.6,0.0,1014,20.8,7.1,10
20/07/2023,16:00,346,1.0,30.2,0.4,19.3,46.1,0.0,1014,19.3,7.1,9
20/07/2023,17:00,343,0.9,28.5,0.4,18.3,52.0,0.0,1014,22.1,7.7,11
20/07/2023,18:00,329,1.0,30.7,0.4,17.5,55.3,0.0,1015,22.2,9.9,18
20/07/2023,19:00,331,0.8,44.9,0.4,17.1,58.5,0.0,1015,22.6,10.8,21
20/07/2023,20:00,333,0.6,45.3,0.4,16.8,59.1,0.0,1015,22.3,10.7,21
20/07/2023,21:00,332,0.2,74.1,0.3,16.7,59.0,0.0,1015,20.0,8.7,15
20/07/2023,22:00,324,0.9,38.7,0.5,16.8,59.5,0.0,1015,20.1,8.0,12
20/07/2023,23:00,302,0.2,51.9,0.3,16.3,61.4,0.0,1015,17.6,7.3,11
21/07/2023,00:00,167,0.6,37.9,0.3,14.7,67.5,0.0,1015,17.6,8.3,13
21/07/2023,01:00,195,0.1,84.9,0.3,13.5,69.4,0.0,1014,19.7,9.7,18
21/07/2023,02:00,158,0.8,28.4,0.3,12.1,73.3,0.0,1014,23.1,11.1,22
21/07/2023,03:00,163,0.2,77.9,0.3,11.8,72.3,0.0,1014,22.9,11.1,22
21/07/2023,04:00,167,0.1,83.8,0.2,11.3,71.7,0.0,1014,21.2,11.0,21
21/07/2023,05:00,161,0.2,75.3,0.2,10.8,73.8,0.0,1014,19.4,10.5,21
21/07/2023,06:00,140,0.4,55.9,0.3,10.3,73.1,0.0,1015,18.4,10.3,21
21/07/2023,07:00,155,0.7,36.4,0.4,10.6,72.1,0.0,1015,22.0,10.5,21
21/07/2023,08:00,160,1.2,26.3,0.4,11.8,66.3,0.0,1016,24.8,11.7,23
21/07/2023,09:00,163,0.5,46.3,0.3,14.6,56.1,0.0,1016,27.8,13.6,28
21/07/2023,10:00,156,1.1,25.2,0.4,17.5,48.1,0.0,1015,30.0,15.2,33
21/07/2023,11:00,154,0.7,48.0,0.5,20.6,38.7,0.0,1014,30.7,17.0,38
21/07/2023,12:00,86,0.2,85.1,0.3,23.5,26.1,0.0,1012,25.2,14.6,32
21/07/2023,13:00,343,0.1,100.2,0.3,24.2,24.6,0.0,1011,20.5,11.4,23
21/07/2023,14:00,304,0.1,83.5,0.4,23.9,26.1,0.0,1011,20.7,9.6,20
21/07/2023,15:00,130,0.1,87.4,0.3,23.5,27.6,0.0,1011,18.6,9.7,20
21/07/2023,16:00,165,0.6,48.2,0.4,23.2,25.2,0.0,1011,15.8,6.6,12
21/07/2023,17:00,5,0.6,43.4,0.3,21.4,41.0,0.0,1012,34.9,13.0,28
21/07/2023,18:00,3,0.7,29.6,0.3,19.4,51.3,0.0,1013,33.6,17.3,35
21/07/2023,19:00,22,0.4,41.2,0.3,18.3,60.7,0.0,1013,34.0,19.5,44
21/07/2023,20:00,37,0.4,27.9,0.2,17.7,64.5,0.0,1014,36.3,22.8,52
21/07/2023,21:00,249,0.1,79.8,0.2,17.1,65.1,0.0,1014,43.6,27.3,72
21/07/2023,22:00,145,0.3,49.5,0.2,16.3,65.2,0.0,1014,39.6,25.7,63
21/07/2023,23:00,137,0.1,78.7,0.2,15.8,61.2,0.0,1014,34.8,22.6,53
22/07/2023,00:00,147,0.1,76.2,0.2,15.6,57.7,0.0,1014,32.2,19.1,43
22/07/2023,01:00,170,0.5,48.8,0.3,14.3,64.0,0.0,1013,28.8,18.4,41
22/07/2023,02:00,162,0.5,58.1,0.3,13.2,64.6,0.0,1013,28.3,17.4,39
22/07/2023,03:00,165,0.4,68.4,0.3,12.6,62.3,0.0,1013,26.6,15.9,35
22/07/2023,04:00,188,0.1,85.0,0.2,12.2,62.7,0.0,1014,22.8,14.3,32
22/07/2023,05:00,181,0.1,80.3,0.2,11.7,63.2,0.0,1014,20.1,12.5,27
22/07/2023,06:00,177,0.6,55.0,0.5,11.4,62.9,0.0,1014,21.7,13.0,28
22/07/2023,07:00,146,0.4,56.3,0.3,12.8,57.1,0.0,1015,22.7,12.3,26
22/07/2023,08:00,155,0.8,33.0,0.4,13.7,54.1,0.0,1016,24.0,12.9,27
22/07/2023,09:00,164,0.7,57.7,0.5,16.5,45.0,0.0,1016,21.3,10.6,22
22/07/2023,10:00,166,0.8,64.9,0.6,18.1,39.5,0.0,1016,16.8,9.0,18
22/07/2023,11:00,164,1.0,52.7,0.6,19.3,36.1,0.0,1015,15.4,7.9,15
22/07/2023,12:00,160,0.3,78.1,0.4,20.8,32.1,0.0,1014,14.2,7.1,13
22/07/2023,13:00,181,0.3,61.0,0.5,20.8,31.5,0.0,1013,13.2,7.2,13
22/07/2023,14:00,173,0.6,57.5,0.4,20.6,31.6,0.0,1013,13.3,7.0,13
22/07/2023,15:00,150,0.6,43.1,0.5,20.4,30.7,0.0,1013,13.1,6.4,11
22/07/2023,16:00,102,0.6,41.8,0.5,19.7,33.8,0.0,1013,12.1,6.1,10
22/07/2023,17:00,42,0.8,41.0,0.5,18.0,44.2,0.0,1014,14.4,6.2,10
22/07/2023,18:00,50,0.6,42.6,0.3,17.0,48.4,0.0,1014,15.2,7.5,12
22/07/2023,19:00,57,0.7,46.6,0.4,16.2,54.3,0.0,1015,19.1,9.0,14
22/07/2023,20:00,35,0.5,48.5,0.3,15.8,53.5,0.0,1015,21.4,9.3,13
22/07/2023,21:00,77,0.4,44.6,0.2,15.5,51.0,0.0,1016,18.4,8.5,12
22/07/2023,22:00,149,0.4,41.7,0.2,15.2,52.0,0.0,1015,18.9,8.7,13
22/07/2023,23:00,149,0.2,73.7,0.2,14.5,56.4,0.0,1015,21.5,11.5,21
23/07/2023,00:00,166,0.2,63.3,0.2,13.1,64.5,0.0,1015,23.1,13.7,28
23/07/2023,01:00,136,0.4,47.6,0.3,13.2,60.5,0.0,1015,17.9,10.9,19
23/07/2023,02:00,165,0.3,68.6,0.3,12.5,63.6,0.0,1015,21.4,12.2,22
23/07/2023,03:00,158,0.2,79.8,0.3,11.8,65.7,0.0,1014,19.9,11.9,21
23/07/2023,04:00,152,0.3,66.1,0.3,11.5,65.5,0.0,1014,19.0,11.7,22
23/07/2023,05:00,149,0.4,71.0,0.4,11.4,64.0,0.0,1015,19.2,11.8,23
23/07/2023,06:00,155,0.5,58.4,0.4,10.6,66.6,0.0,1015,19.1,12.0,23
23/07/2023,07:00,155,0.4,62.7,0.3,11.2,64.5,0.0,1016,17.7,11.1,21
23/07/2023,08:00,161,0.5,53.2,0.5,13.3,56.4,0.0,1016,17.1,10.4,19
23/07/2023,09:00,162,0.7,59.6,0.6,15.3,49.8,0.0,1016,18.6,10.4,19
23/07/2023,10:00,165,1.3,35.3,0.6,16.6,44.2,0.0,1016,19.5,11.4,22
23/07/2023,11:00,168,0.9,52.3,0.5,18.6,39.8,0.0,1016,21.2,12.7,25
23/07/2023,12:00,158,0.5,60.5,0.4,20.3,34.7,0.0,1014,17.9,10.7,21
23/07/2023,13:00,137,0.6,57.0,0.4,21.1,31.1,0.0,1014,11.6,6.1,10
23/07/2023,14:00,140,0.6,45.7,0.5,20.9,32.1,0.0,1013,10.6,5.2,8
23/07/2023,15:00,63,0.6,42.9,0.4,20.8,36.7,0.0,1013,11.0,4.8,7
23/07/2023,16:00,68,1.2,35.9,0.7,19.2,48.0,0.0,1014,17.0,6.6,8
23/07/2023,17:00,56,0.9,43.1,0.6,18.0,59.0,0.0,1014,19.8,8.9,14
23/07/2023,18:00,72,1.0,39.7,0.6,17.1,64.5,0.0,1015,20.5,9.7,16
23/07/2023,19:00,96,1.5,33.9,0.8,16.7,62.7,0.0,1016,18.5,8.9,15
23/07/2023,20:00,123,1.3,40.9,0.7,16.3,63.8,0.0,1016,15.1,7.5,12
23/07/2023,21:00,123,0.9,43.2,0.5,15.9,66.3,0.0,1017,13.9,6.4,9
23/07/2023,22:00,143,1.1,32.2,0.5,15.7,67.7,0.0,1017,13.8,6.0,8
23/07/2023,23:00,94,1.2,37.6,0.7,15.4,68.7,0.0,1016,11.7,5.1,6
24/07/2023,00:00,146,1.3,33.6,0.7,15.5,66.1,0.0,1015,10.7,4.5,4
24/07/2023,01:00,163,0.8,57.1,0.5,15.0,66.6,0.0,1015,12.8,5.2,6
24/07/2023,02:00,177,0.5,61.1,0.4,14.2,66.2,0.0,1016,12.4,6.0,9
24/07/2023,03:00,174,0.5,72.7,0.5,14.3,65.0,0.0,1016,11.1,5.2,7
24/07/2023,04:00,163,0.4,69.3,0.4,14.6,64.1,0.0,1016,11.0,5.0,7
24/07/2023,05:00,167,0.4,64.1,0.5,14.4,64.8,0.0,1016,10.5,4.7,6
24/07/2023,06:00,159,0.4,63.4,0.4,14.0,66.2,0.0,1017,9.6,4.6,6
24/07/2023,07:00,162,0.4,75.6,0.4,14.0,66.8,0.0,1018,14.5,5.0,6
24/07/2023,08:00,171,0.8,57.6,0.6,14.9,63.9,0.0,1018,19.2,5.5,7
24/07/2023,09:00,170,1.1,44.7,0.7,16.6,56.3,0.0,1019,23.5,5.7,6
24/07/2023,10:00,160,2.0,29.8,1.0,17.6,50.1,0.0,1020,19.2,5.5,5
24/07/2023,11:00,144,2.4,32.6,1.2,18.3,44.1,0.0,1019,21.4,5.6,4
24/07/2023,12:00,151,2.4,30.3,1.1,18.5,45.0,0.0,1019,22.3,5.7,4
24/07/2023,13:00,142,2.3,31.1,1.2,18.5,46.1,0.0,1018,19.7,5.6,5
24/07/2023,14:00,148,2.1,32.8,1.0,18.9,43.6,0.0,1018,18.3,5.3,4
24/07/2023,15:00,127,1.8,38.2,1.0,19.0,45.0,0.0,1019,16.9,5.2,4
24/07/2023,16:00,142,2.2,30.7,1.0,18.6,47.8,0.0,1020,18.4,4.9,4
24/07/2023,17:00,152,1.7,30.5,0.9,18.1,51.5,0.0,1021,17.6,5.5,5
24/07/2023,18:00,149,1.4,34.5,0.8,17.5,53.4,0.0,1022,17.1,6.0,6
24/07/2023,19:00,160,1.4,31.7,0.7,17.2,52.8,0.0,1022,16.0,6.1,6
24/07/2023,20:00,159,1.3,31.6,0.7,17.0,52.4,0.0,1023,16.0,6.0,5
24/07/2023,21:00,172,0.8,49.5,0.5,16.3,54.4,0.0,1023,19.9,7.2,7
24/07/2023,22:00,170,0.5,64.4,0.4,15.4,56.3,0.0,1023,19.4,7.0,7
24/07/2023,23:00,169,0.5,63.5,0.5,15.1,57.9,0.0,1024,17.4,6.7,6
25/07/2023,00:00,179,0.7,54.3,0.5,14.5,62.1,0.0,1024,16.8,6.4,6
25/07/2023,01:00,154,0.3,70.9,0.3,14.3,63.9,0.0,1024,16.6,6.0,6
25/07/2023,02:00,153,0.4,66.5,0.3,14.1,64.5,0.0,1024,15.4,5.8,5
25/07/2023,03:00,158,0.3,69.0,0.3,13.9,65.5,0.0,1024,14.3,5.7,5
25/07/2023,04:00,178,0.8,58.5,0.7,13.2,68.1,0.0,1025,14.4,5.9,6
25/07/2023,05:00,174,0.4,72.9,0.4,13.6,66.6,0.0,1025,14.2,5.2,5
25/07/2023,06:00,161,0.4,74.6,0.4,13.9,65.4,0.0,1026,12.4,4.8,5
25/07/2023,07:00,179,0.4,76.2,0.4,14.4,63.3,0.0,1027,13.5,4.9,5
25/07/2023,08:00,170,0.5,70.9,0.5,15.5,59.3,0.0,1028,15.9,5.8,7
25/07/2023,09:00,168,0.9,49.2,0.6,17.5,51.4,0.0,1028,20.0,5.7,7
25/07/2023,10:00,147,2.2,31.1,1.1,19.1,45.1,0.0,1028,17.8,4.4,4
25/07/2023,11:00,127,1.8,38.1,0.9,20.2,40.4,0.0,1028,18.3,4.4,4
25/07/2023,12:00,123,1.5,41.0,0.9,20.6,37.7,0.0,1027,13.5,4.0,3
25/07/2023,13:00,129,1.7,38.6,1.0,20.8,36.3,0.0,1027,16.0,4.0,3
25/07/2023,14:00,121,2.1,38.1,1.1,20.6,40.6,0.0,1027,16.2,4.5,4
25/07/2023,15:00,110,2.1,36.8,1.0,20.3,37.5,0.0,1027,16.0,4.5,3
25/07/2023,16:00,113,1.7,35.4,0.9,19.7,36.3,0.0,1028,13.8,3.9,3
25/07/2023,17:00,107,1.0,40.2,0.6,18.6,41.7,0.0,1028,13.3,4.3,4
25/07/2023,18:00,112,0.8,34.9,0.4,17.7,47.0,0.0,1029,17.4,5.1,5
25/07/2023,19:00,135,0.7,40.7,0.4,17.3,46.7,0.0,1030,16.4,5.8,8
25/07/2023,20:00,152,0.6,49.5,0.4,17.0,44.8,0.0,1030,16.0,5.4,7
25/07/2023,21:00,167,0.4,61.8,0.3,16.1,48.3,0.0,1030,16.5,6.0,8
25/07/2023,22:00,153,0.4,57.0,0.3,15.8,50.2,0.0,1030,16.0,5.8,8
25/07/2023,23:00,170,0.5,58.8,0.4,15.4,52.0,0.0,1030,13.3,5.7,8
26/07/2023,00:00,174,0.6,53.9,0.5,14.5,55.9,0.0,1030,11.1,5.2,6
26/07/2023,01:00,137,0.2,78.1,0.2,14.1,58.8,0.0,1029,12.2,5.6,8
26/07/2023,02:00,157,0.3,78.8,0.3,14.3,61.1,0.0,1029,12.1,5.4,8
26/07/2023,03:00,151,0.4,57.8,0.3,13.9,64.8,0.0,1029,10.4,5.0,7
26/07/2023,04:00,135,0.4,57.0,0.3,14.4,63.2,0.0,1028,9.2,4.2,5
26/07/2023,05:00,152,0.4,66.4,0.4,13.8,65.9,0.0,1029,9.8,4.2,5
26/07/2023,06:00,151,0.3,64.7,0.3,13.6,68.4,0.0,1029,9.0,4.1,5
26/07/2023,07:00,153,0.4,64.9,0.3,14.4,66.7,0.0,1030,10.7,4.2,5
26/07/2023,08:00,166,0.3,82.5,0.4,15.2,64.5,0.0,1030,11.7,4.5,6
26/07/2023,09:00,161,0.7,53.2,0.5,17.2,58.2,0.0,1030,12.8,4.8,7
26/07/2023,10:00,160,0.6,60.2,0.5,19.2,52.4,0.0,1030,17.3,5.7,8
26/07/2023,11:00,144,1.2,39.2,0.7,20.8,43.9,0.0,1029,17.2,5.3,7
26/07/2023,12:00,140,1.5,31.1,0.8,21.2,42.0,0.0,1028,14.7,4.8,6
26/07/2023,13:00,148,1.4,36.5,0.8,21.3,42.3,0.0,1027,14.6,4.8,6
26/07/2023,14:00,114,1.5,35.7,0.8,21.0,44.1,0.0,1026,14.2,4.5,5
26/07/2023,15:00,103,1.4,39.5,0.8,20.6,46.6,0.0,1027,13.2,4.0,3
26/07/2023,16:00,116,1.1,36.2,0.6,19.9,50.6,0.0,1027,14.4,4.0,4
26/07/2023,17:00,110,0.9,32.9,0.4,19.0,52.6,0.0,1027,14.3,4.6,5
26/07/2023,18:00,117,0.8,32.4,0.4,18.4,56.3,0.0,1027,16.6,5.5,7
26/07/2023,19:00,152,0.5,54.8,0.3,18.2,57.4,0.0,1028,17.6,6.5,10
26/07/2023,20:00,152,0.5,45.5,0.3,17.6,60.5,0.0,1028,17.3,6.4,9
26/07/2023,21:00,151,0.7,43.5,0.3,17.0,61.4,0.0,1028,14.9,5.6,7
26/07/2023,22:00,154,0.2,76.3,0.2,16.5,63.5,0.0,1028,17.4,6.7,11
26/07/2023,23:00,159,0.2,86.2,0.3,15.6,67.6,0.0,1028,15.9,7.0,12
27/07/2023,00:00,146,0.2,77.8,0.3,15.4,67.8,0.0,1027,12.5,5.3,8
27/07/2023,01:00,172,0.3,74.2,0.4,15.1,68.8,0.0,1027,11.7,5.0,7
27/07/2023,02:00,167,0.6,63.2,0.5,15.0,69.8,0.0,1026,10.4,4.7,7
27/07/2023,03:00,177,0.3,81.0,0.4,14.8,70.1,0.0,1026,11.8,4.8,6
27/07/2023,04:00,164,0.3,77.8,0.3,14.5,70.8,0.0,1026,10.8,4.9,6
27/07/2023,05:00,171,0.3,68.8,0.4,14.2,71.6,0.0,1026,10.4,4.6,5
27/07/2023,06:00,163,0.3,70.7,0.3,13.9,72.3,0.0,1027,10.8,4.4,5
27/07/2023,07:00,162,0.4,78.1,0.4,14.3,70.2,0.0,1027,11.8,4.6,5
27/07/2023,08:00,171,0.7,54.9,0.5,14.9,66.2,0.0,1027,15.4,5.3,7
27/07/2023,09:00,164,0.6,59.1,0.5,16.2,61.7,0.0,1027,20.2,6.3,9
27/07/2023,10:00,155,0.4,78.9,0.4,18.1,54.5,0.0,1027,27.9,6.9,11
27/07/2023,11:00,137,1.2,44.1,0.6,19.8,45.5,0.0,1026,,,
27/07/2023,12:00,103,1.1,43.0,0.6,20.2,44.3,0.0,1025,14.4,4.3,4
27/07/2023,13:00,88,0.7,44.2,0.6,20.5,42.8,0.0,1024,12.3,4.2,4
27/07/2023,14:00,52,0.7,44.1,0.5,20.6,41.3,0.0,1024,11.5,3.9,3
27/07/2023,15:00,62,0.9,38.0,0.5,20.2,43.7,0.0,1024,11.1,3.8,3
27/07/2023,16:00,61,1.0,41.3,0.5,19.2,52.9,0.0,1024,12.6,4.1,3
27/07/2023,17:00,66,0.9,38.5,0.6,18.5,57.7,0.0,1025,12.4,4.4,4
27/07/2023,18:00,78,0.8,31.2,0.3,17.9,59.4,0.0,1025,13.5,4.8,5
27/07/2023,19:00,51,0.7,36.3,0.4,17.6,62.0,0.0,1025,12.4,4.8,5
27/07/2023,20:00,48,0.6,43.5,0.3,18.0,58.4,0.0,1025,10.2,3.8,3
27/07/2023,21:00,60,0.6,32.0,0.2,17.7,60.3,0.0,1025,10.4,4.3,4
27/07/2023,22:00,55,0.7,30.4,0.3,17.7,58.9,0.0,1025,11.4,4.2,3
27/07/2023,23:00,100,0.4,37.3,0.2,17.4,61.7,0.0,1024,12.4,4.9,6
28/07/2023,00:00,134,0.1,85.3,0.2,17.2,64.5,0.0,1024,15.7,6.5,9
28/07/2023,01:00,130,0.1,83.9,0.2,16.9,65.3,0.0,1023,16.9,7.6,13
28/07/2023,02:00,154,0.1,87.5,0.2,16.7,65.3,0.0,1023,16.1,6.7,11
28/07/2023,03:00,143,0.2,84.2,0.2,16.3,66.4,0.0,1023,16.3,6.6,10
28/07/2023,04:00,154,0.3,77.2,0.3,16.1,66.8,0.0,1023,15.8,6.8,11
28/07/2023,05:00,149,0.2,78.6,0.3,16.0,65.5,0.0,1023,15.9,6.6,10
28/07/2023,06:00,134,0.2,82.8,0.3,16.1,64.5,0.0,1024,14.7,6.4,10
28/07/2023,07:00,160,0.5,54.3,0.3,15.8,64.9,0.0,1024,17.1,6.5,9
28/07/2023,08:00,138,0.5,39.6,0.2,17.3,56.3,0.0,1024,20.1,6.6,10
28/07/2023,09:00,114,0.3,54.3,0.3,19.9,39.1,0.0,1024,13.9,4.7,6
28/07/2023,10:00,3,0.2,74.2,0.4,21.5,34.3,0.0,1023,11.2,3.5,4
28/07/2023,11:00,294,0.1,112.5,0.4,22.9,31.9,0.0,1022,9.0,2.5,3
28/07/2023,12:00,154,0.1,74.5,0.4,23.4,31.2,0.0,1020,7.6,2.9,4
28/07/2023,13:00,349,0.8,53.2,0.5,23.0,34.0,0.0,1019,11.2,3.9,5
28/07/2023,14:00,340,1.7,31.8,0.8,22.3,36.7,0.0,1019,12.5,3.3,4
28/07/2023,15:00,334,1.9,25.0,0.8,21.1,40.5,0.0,1018,10.3,3.1,3
28/07/2023,16:00,343,1.8,24.0,0.7,20.0,45.8,0.0,1019,7.7,2.7,3
28/07/2023,17:00,339,1.5,22.9,0.7,19.0,52.9,0.0,1019,11.0,3.8,4
28/07/2023,18:00,337,1.4,21.2,0.6,18.7,56.9,0.0,1020,12.6,4.9,7
28/07/2023,19:00,331,1.0,27.9,0.4,18.5,59.5,0.0,1020,13.7,7.3,15
28/07/2023,20:00,323,1.1,22.4,0.4,18.2,59.9,0.0,1020,14.5,7.4,16
28/07/2023,21:00,325,0.8,40.3,0.4,18.0,60.5,0.0,1021,14.6,7.2,15
28/07/2023,22:00,328,0.2,67.7,0.3,17.8,62.6,0.0,1021,11.3,5.1,9
28/07/2023,23:00,287,0.2,65.3,0.2,17.7,65.2,0.0,1020,9.4,3.9,5
29/07/2023,00:00,163,0.1,75.0,0.2,16.9,68.9,0.0,1020,8.7,3.7,5
29/07/2023,01:00,170,0.5,60.9,0.4,15.2,71.8,0.0,1020,17.8,11.1,35
29/07/2023,02:00,137,0.2,78.3,0.2,14.6,70.7,0.0,1020,30.2,21.9,55
29/07/2023,03:00,154,0.3,68.0,0.3,14.0,70.8,0.0,1019,42.5,31.7,76
29/07/2023,04:00,164,0.5,51.0,0.3,13.5,72.9,0.0,1019,32.1,23.2,57
29/07/2023,05:00,159,0.2,65.5,0.3,13.2,73.4,0.0,1020,50.0,39.3,97
29/07/2023,06:00,165,0.1,83.1,0.2,12.8,74.1,0.0,1020,32.8,22.8,55
29/07/2023,07:00,152,0.4,59.3,0.3,13.5,70.6,0.0,1021,25.5,14.3,33
29/07/2023,08:00,156,1.0,32.1,0.4,14.4,65.8,0.0,1021,23.9,13.3,30
29/07/2023,09:00,162,1.1,36.1,0.5,16.1,58.9,0.0,1021,17.0,7.4,14
29/07/2023,10:00,153,0.8,39.6,0.4,18.7,53.2,0.0,1021,15.8,6.1,10
29/07/2023,11:00,158,0.8,44.5,0.4,20.7,49.9,0.0,1020,14.6,5.6,10
29/07/2023,12:00,156,0.9,48.8,0.5,22.3,44.8,0.0,1019,13.0,5.2,9
29/07/2023,13:00,186,0.1,68.6,0.3,23.8,35.8,0.0,1018,11.5,4.7,7
29/07/2023,14:00,162,1.1,32.6,0.5,23.5,33.2,0.0,1017,12.8,5.3,9
29/07/2023,15:00,116,0.4,37.4,0.5,23.5,33.7,0.0,1017,13.5,5.2,9
29/07/2023,16:00,344,1.4,23.2,0.6,21.4,44.2,0.0,1017,13.7,4.9,8
29/07/2023,17:00,339,1.2,22.7,0.5,20.2,45.1,0.0,1018,11.7,4.4,7
29/07/2023,18:00,328,1.2,27.0,0.5,19.7,53.4,0.0,1019,14.2,6.7,14
29/07/2023,19:00,325,1.4,22.0,0.6,19.2,61.7,0.0,1019,14.3,7.8,18
29/07/2023,20:00,328,1.5,18.5,0.5,18.8,63.3,0.0,1020,15.9,8.5,20
29/07/2023,21:00,329,1.1,29.2,0.5,18.6,62.8,0.0,1020,15.8,8.5,19
29/07/2023,22:00,327,0.8,35.4,0.4,18.6,60.9,0.0,1020,12.0,6.4,13
29/07/2023,23:00,326,1.1,26.5,0.5,18.4,59.8,0.0,1019,11.5,5.9,11
30/07/2023,00:00,298,0.2,70.4,0.3,17.8,60.1,0.0,1019,11.0,5.3,9
30/07/2023,01:00,166,0.3,79.2,0.2,16.7,63.0,0.0,1019,12.2,6.2,12
30/07/2023,02:00,170,0.6,38.2,0.4,15.2,68.8,0.0,1019,16.2,8.8,21
30/07/2023,03:00,179,0.3,67.9,0.3,14.5,70.2,0.0,1019,18.0,11.2,27
30/07/2023,04:00,174,0.3,69.9,0.3,14.0,70.2,0.0,1019,30.9,17.6,43
30/07/2023,05:00,177,0.1,90.8,0.3,13.4,69.9,0.0,1020,23.6,14.7,36
30/07/2023,06:00,160,0.5,58.9,0.3,12.6,71.4,0.0,1020,22.6,14.4,33
30/07/2023,07:00,158,0.6,37.4,0.3,13.2,69.8,0.0,1020,23.1,14.7,35
30/07/2023,08:00,136,0.2,86.3,0.2,15.8,60.3,0.0,1020,22.4,13.5,30
30/07/2023,09:00,153,0.9,31.8,0.3,17.2,57.1,0.0,1020,19.5,10.6,23
30/07/2023,10:00,159,0.5,48.9,0.3,20.0,49.0,0.0,1020,16.6,8.7,19
30/07/2023,11:00,154,0.9,31.3,0.4,21.7,42.8,0.0,1019,16.5,8.5,17
30/07/2023,12:00,148,0.3,35.2,0.4,22.9,39.1,0.0,1017,15.2,6.9,14
30/07/2023,13:00,93,0.3,57.8,0.4,23.9,36.5,0.0,1016,18.8,10.3,23
30/07/2023,14:00,345,1.2,31.8,0.6,23.9,40.0,0.0,1016,16.5,8.5,17
30/07/2023,15:00,350,1.3,27.1,0.6,22.7,43.8,0.0,1016,13.5,6.2,11
30/07/2023,16:00,351,1.3,26.0,0.6,21.3,47.9,0.0,1016,12.1,5.1,8
30/07/2023,17:00,340,1.4,18.3,0.5,20.2,52.1,0.0,1017,9.7,4.4,7
30/07/2023,18:00,331,1.0,21.6,0.4,19.5,58.4,0.0,1018,10.8,4.8,8
30/07/2023,19:00,321,1.8,14.2,0.6,19.3,61.6,0.0,1018,10.6,5.5,10
30/07/2023,20:00,325,1.5,23.3,0.6,19.0,63.3,0.0,1019,10.5,5.4,10
30/07/2023,21:00,327,1.1,31.9,0.5,18.5,63.9,0.0,1019,11.7,5.5,10
30/07/2023,22:00,329,0.2,82.5,0.3,18.2,65.1,0.0,1019,10.8,5.4,10
30/07/2023,23:00,320,1.6,18.3,0.6,18.3,64.2,0.0,1019,9.9,4.4,6
31/07/2023,00:00,345,0.6,34.4,0.3,17.8,64.3,0.0,1018,9.5,4.6,7
31/07/2023,01:00,104,0.3,40.5,0.1,16.7,70.1,0.0,1018,13.8,5.8,11
31/07/2023,02:00,167,0.4,57.0,0.2,16.0,71.5,0.0,1018,11.7,6.2,12
31/07/2023,03:00,151,0.1,74.6,0.3,15.4,70.1,0.0,1018,13.3,7.1,14
31/07/2023,04:00,160,0.1,72.5,0.2,15.0,71.9,0.0,1018,14.2,8.0,16
31/07/2023,05:00,168,0.6,34.8,0.3,14.8,72.9,0.0,1018,15.9,9.0,19
31/07/2023,06:00,165,0.6,49.9,0.3,14.3,73.7,0.0,1018,18.2,10.5,24
31/07/2023,07:00,151,0.6,41.8,0.3,14.5,71.1,0.0,1019,22.9,11.9,26
31/07/2023,08:00,155,0.9,25.8,0.3,15.5,66.6,0.0,1020,26.7,12.7,28
31/07/2023,09:00,157,1.0,24.4,0.4,17.5,58.6,0.0,1020,30.3,13.4,31
31/07/2023,10:00,149,0.8,37.3,0.4,19.8,51.3,0.0,1019,30.5,13.3,28
31/07/2023,11:00,149,0.3,81.5,0.3,23.1,42.7,0.0,1018,25.5,10.9,23
31/07/2023,12:00,155,0.3,84.8,0.4,25.4,34.3,0.0,1018,18.6,10.9,24
31/07/2023,13:00,154,0.2,61.9,0.4,26.2,31.5,0.0,1017,18.9,10.5,23
31/07/2023,14:00,154,0.5,50.5,0.4,26.4,31.2,0.0,1016,18.3,9.4,20
31/07/2023,15:00,3,0.5,37.4,0.5,25.6,36.4,0.0,1016,23.4,10.1,22
31/07/2023,16:00,349,1.5,24.4,0.6,22.5,49.7,0.0,1017,27.3,10.6,22
31/07/2023,17:00,350,1.2,27.1,0.5,20.9,58.6,0.0,1017,20.4,8.9,18
31/07/2023,18:00,0,0.6,34.1,0.3,20.5,60.8,0.0,1018,20.3,9.1,20
31/07/2023,19:00,43,0.4,44.0,0.2,19.8,66.3,0.0,1019,18.1,9.3,20
31/07/2023,20:00,68,0.5,36.3,0.2,19.4,67.5,0.0,1019,19.7,10.1,22
31/07/2023,21:00,75,0.6,25.3,0.2,18.7,71.0,0.0,1020,20.8,9.8,21
31/07/2023,22:00,52,0.6,28.4,0.2,18.6,71.0,0.0,1020,18.5,9.2,20
31/07/2023,23:00,124,0.3,40.2,0.2,18.2,71.8,0.0,1020,18.1,9.4,21
01/08/2023,00:00,138,0.3,59.9,0.2,17.9,71.6,0.0,1020,21.5,10.7,25
01/08/2023,01:00,140,0.3,55.1,0.2,17.8,71.1,0.0,1020,22.3,12.4,30
01/08/2023,02:00,155,0.2,67.0,0.2,16.8,73.6,0.0,1020,25.2,14.7,36
01/08/2023,03:00,134,0.1,92.9,0.2,16.2,73.2,0.0,1020,25.7,17.7,44
01/08/2023,04:00,148,0.2,91.2,0.2,16.4,73.8,0.0,1020,29.6,20.8,54
01/08/2023,05:00,156,0.4,57.4,0.3,16.4,74.4,0.0,1020,31.2,22.0,59
01/08/2023,06:00,167,0.8,36.2,0.3,15.0,77.9,0.0,1021,37.8,25.5,64
01/08/2023,07:00,164,0.3,73.4,0.3,16.3,70.9,0.0,1022,37.5,22.4,56
01/08/2023,08:00,153,0.4,73.1,0.4,18.5,62.2,0.0,1022,36.6,21.4,53
01/08/2023,09:00,155,0.5,60.4,0.4,20.2,58.6,0.0,1023,31.7,18.7,46
01/08/2023,10:00,148,0.5,62.6,0.4,21.8,56.1,0.0,1022,34.4,17.2,41
01/08/2023,11:00,139,0.1,48.5,0.5,23.4,52.3,0.0,1022,30.4,14.6,34
01/08/2023,12:00,353,0.2,54.4,0.4,24.5,47.9,0.0,1021,24.5,13.9,33
01/08/2023,13:00,351,1.0,43.2,0.6,24.4,51.1,0.0,1020,26.5,13.0,29
01/08/2023,14:00,353,1.3,34.1,0.7,23.8,53.5,0.0,1020,24.6,11.7,25
01/08/2023,15:00,1,1.3,34.5,0.7,23.2,57.2,0.0,1020,21.7,10.1,22
01/08/2023,16:00,359,1.2,35.5,0.6,22.1,66.1,0.0,1020,18.1,8.8,18
01/08/2023,17:00,39,0.8,41.3,0.5,21.4,69.3,0.0,1021,17.3,8.4,16
01/08/2023,18:00,44,0.6,48.9,0.3,20.7,73.2,0.0,1022,15.8,8.1,15
01/08/2023,19:00,48,0.8,33.5,0.3,20.3,74.8,0.0,1022,18.1,8.4,17
01/08/2023,20:00,41,0.5,47.3,0.3,19.9,75.5,0.0,1023,16.4,8.4,17
01/08/2023,21:00,35,0.7,27.8,0.3,19.6,75.6,0.0,1023,17.8,8.9,19
01/08/2023,22:00,92,0.5,34.2,0.3,19.5,75.2,0.0,1024,17.6,9.3,21
01/08/2023,23:00,148,0.6,33.9,0.3,19.3,75.4,0.0,1024,17.1,9.5,21
02/08/2023,00:00,157,0.9,33.0,0.4,18.8,76.8,0.0,1024,16.5,8.5,17
02/08/2023,01:00,174,0.4,64.6,0.3,18.0,79.9,0.0,1024,18.9,10.4,25
02/08/2023,02:00,166,0.4,66.5,0.3,17.5,79.3,0.0,1024,16.6,9.2,22
02/08/2023,03:00,168,0.4,73.0,0.4,16.8,79.9,0.0,1024,20.7,12.9,33
02/08/2023,04:00,162,0.5,66.4,0.4,16.3,78.8,0.0,1025,25.3,16.4,42
02/08/2023,05:00,160,0.4,68.2,0.4,16.7,76.2,0.0,1026,25.1,13.8,35
02/08/2023,06:00,167,0.3,73.0,0.3,16.5,76.2,0.0,1026,24.1,13.6,36
02/08/2023,07:00,162,0.4,71.3,0.4,17.3,70.5,0.0,1027,23.4,12.0,30
02/08/2023,08:00,161,0.8,52.0,0.6,18.6,60.2,0.0,1028,25.0,10.9,25
02/08/2023,09:00,152,1.8,30.7,0.8,20.0,52.9,0.0,1028,19.6,8.8,17
02/08/2023,10:00,131,1.9,38.0,1.0,21.2,47.8,0.0,1028,21.3,6.8,9
02/08/2023,11:00,146,2.4,33.0,1.2,21.6,46.9,0.0,1028,26.3,6.9,9
02/08/2023,12:00,119,2.3,32.8,1.1,21.8,44.4,0.0,1027,23.8,6.5,7
02/08/2023,13:00,114,1.8,40.7,1.1,22.0,42.9,0.0,1026,21.8,6.5,7
02/08/2023,14:00,107,1.9,38.0,0.9,21.8,43.8,0.0,1026,21.0,6.5,7
02/08/2023,15:00,100,2.1,32.5,1.0,20.0,58.0,0.0,1027,21.1,6.6,8
02/08/2023,16:00,118,1.4,40.8,0.8,18.6,62.4,0.0,1027,16.2,6.3,7
02/08/2023,17:00,116,1.1,43.3,0.7,19.2,54.5,0.0,1028,20.0,6.6,8
02/08/2023,18:00,142,1.4,34.8,0.7,19.2,50.3,0.0,1028,18.7,6.7,8
02/08/2023,19:00,146,1.2,36.8,0.6,18.7,52.6,0.0,1029,26.1,14.8,31
02/08/2023,20:00,138,1.5,35.2,0.8,18.5,56.9,0.0,1029,19.5,8.1,13
02/08/2023,21:00,149,1.6,30.8,0.7,17.8,60.6,0.0,1029,15.2,6.4,8
02/08/2023,22:00,161,0.8,52.9,0.5,17.3,62.2,0.0,1030,13.6,5.5,7
02/08/2023,23:00,168,0.3,73.1,0.4,16.7,63.2,0.0,1030,15.4,6.9,10
03/08/2023,00:00,175,0.3,75.7,0.4,16.2,63.3,0.0,1029,14.6,6.6,11
03/08/2023,01:00,179,0.3,72.5,0.3,15.7,64.6,0.0,1029,11.9,5.7,8
03/08/2023,02:00,178,0.5,63.7,0.5,15.1,65.4,0.0,1028,13.5,6.2,9
03/08/2023,03:00,179,0.6,63.7,0.5,14.7,65.5,0.0,1028,15.1,6.4,10
03/08/2023,04:00,163,0.4,66.7,0.3,14.6,68.7,0.0,1028,12.5,5.8,8
03/08/2023,05:00,160,0.2,69.8,0.3,14.6,73.6,0.0,1029,15.6,6.0,9
03/08/2023,06:00,163,0.3,63.3,0.3,14.4,78.6,0.0,1030,13.1,6.0,10
03/08/2023,07:00,166,0.4,69.4,0.4,14.2,82.4,0.0,1030,13.4,6.1,10
03/08/2023,08:00,163,0.4,80.6,0.4,15.6,78.1,0.0,1030,14.2,6.2,12
03/08/2023,09:00,155,0.4,67.5,0.3,17.2,74.6,0.0,1030,16.0,6.6,14
03/08/2023,10:00,119,0.4,75.6,0.4,19.2,67.1,2.7,1030,14.6,5.9,12
03/08/2023,11:00,107,0.4,42.4,0.5,18.3,72.9,0.0,1030,11.2,4.0,5
03/08/2023,12:00,103,1.3,43.0,0.8,19.6,59.4,0.0,1029,8.3,2.1,2
03/08/2023,13:00,105,0.8,32.6,0.7,18.4,71.1,0.2,1028,8.9,2.5,3
03/08/2023,14:00,97,0.7,50.4,0.6,18.0,73.1,0.9,1028,8.1,3.2,3
03/08/2023,15:00,92,1.0,41.0,0.6,18.9,62.5,0.0,1028,13.9,4.0,4
03/08/2023,16:00,88,1.0,36.3,0.6,19.2,57.2,0.0,1028,12.0,3.9,3
03/08/2023,17:00,62,0.8,38.8,0.4,18.5,61.5,0.0,1029,11.1,3.6,3
03/08/2023,18:00,55,0.9,38.2,0.5,17.8,67.2,0.0,1029,9.5,3.6,4
03/08/2023,19:00,79,1.0,36.1,0.6,17.4,70.1,0.0,1029,8.6,3.5,4
03/08/2023,20:00,86,1.0,37.9,0.6,17.0,72.6,0.0,1030,8.3,3.2,4
03/08/2023,21:00,102,0.9,38.7,0.5,16.8,71.8,0.0,1030,5.9,2.5,3
03/08/2023,22:00,144,1.0,34.5,0.5,16.5,73.1,0.0,1030,6.5,2.5,3
03/08/2023,23:00,162,0.4,53.1,0.3,16.3,73.4,0.0,1030,6.1,2.4,3
04/08/2023,00:00,161,0.3,63.3,0.3,15.9,75.1,0.0,1029,8.0,3.4,5
04/08/2023,01:00,164,0.2,75.6,0.3,15.6,75.4,0.0,1029,10.9,6.2,17
04/08/2023,02:00,161,0.3,75.5,0.3,15.2,73.8,0.0,1028,15.9,10.3,23
04/08/2023,03:00,172,0.4,71.3,0.3,14.8,75.0,0.0,1028,11.8,6.7,15
04/08/2023,04:00,150,0.3,70.5,0.3,14.7,75.9,0.0,1028,10.8,6.2,13
04/08/2023,05:00,167,0.2,80.6,0.3,14.8,75.6,0.0,1029,10.8,6.4,13
04/08/2023,06:00,173,0.5,64.9,0.4,14.3,77.9,0.0,1029,11.3,5.9,13
04/08/2023,07:00,166,0.4,74.4,0.4,15.2,74.5,0.0,1030,12.1,5.7,11
04/08/2023,08:00,153,0.4,71.1,0.4,16.7,67.2,0.0,1030,16.9,6.8,15
04/08/2023,09:00,158,0.4,77.8,0.4,17.9,66.6,0.0,1030,14.6,5.3,10
04/08/2023,10:00,115,0.8,45.0,0.5,18.3,69.5,0.0,1030,9.2,3.6,5
04/08/2023,11:00,129,0.8,42.1,0.6,19.7,61.1,0.0,1029,9.5,3.4,4
04/08/2023,12:00,60,1.1,44.2,0.7,21.2,52.5,0.0,1028,8.0,2.3,2
04/08/2023,13:00,38,1.2,38.5,0.7,21.2,52.2,0.0,1027,9.6,2.5,2
04/08/2023,14:00,41,1.2,38.6,0.7,20.9,55.1,0.0,1027,7.3,2.2,2
04/08/2023,15:00,63,1.0,40.6,0.6,20.5,56.7,0.0,1027,7.9,2.3,2
04/08/2023,16:00,71,1.3,37.5,0.7,19.7,59.4,0.0,1027,6.2,2.0,2
04/08/2023,17:00,62,0.8,39.7,0.5,19.0,61.4,0.0,1027,9.3,3.1,3
04/08/2023,18:00,55,0.8,27.9,0.3,18.3,65.9,0.0,1028,9.9,3.9,4
04/08/2023,19:00,60,0.7,25.2,0.2,17.7,67.0,0.0,1028,12.1,5.3,9
04/08/2023,20:00,61,0.7,30.4,0.2,17.6,66.5,0.0,1028,14.4,6.2,12
04/08/2023,21:00,66,0.5,39.5,0.2,17.3,65.7,0.0,1028,12.4,5.0,8
04/08/2023,22:00,163,0.5,38.0,0.3,16.7,68.9,0.0,1028,14.3,6.4,12
04/08/2023,23:00,169,0.4,53.4,0.3,16.2,72.4,0.0,1028,15.0,7.8,17
05/08/2023,00:00,164,0.3,68.7,0.3,15.5,75.3,0.0,1027,15.5,7.7,17
05/08/2023,01:00,149,0.3,69.4,0.3,15.2,76.2,0.0,1027,13.8,7.1,15
05/08/2023,02:00,161,0.4,60.1,0.3,15.0,76.4,0.0,1027,17.4,10.5,25
05/08/2023,03:00,150,0.3,82.0,0.3,14.9,76.0,0.0,1026,23.0,14.9,37
05/08/2023,04:00,157,0.2,81.2,0.3,14.5,76.6,0.0,1026,16.9,10.5,24
05/08/2023,05:00,153,0.2,86.8,0.3,14.3,76.5,0.0,1026,14.7,8.5,18
05/08/2023,06:00,164,0.3,86.0,0.3,14.0,77.1,0.0,1027,16.6,9.0,21
05/08/2023,07:00,173,0.4,67.4,0.4,14.9,72.6,0.0,1027,19.2,10.4,24
05/08/2023,08:00,159,0.6,65.8,0.5,16.0,67.5,0.0,1027,18.9,9.9,23
05/08/2023,09:00,148,0.4,69.3,0.4,18.5,59.6,0.0,1028,21.7,9.4,20
05/08/2023,10:00,142,1.0,42.4,0.6,20.2,52.4,0.0,1027,15.6,5.6,8
05/08/2023,11:00,101,0.8,39.2,0.7,20.8,47.9,0.0,1026,13.9,5.1,6
05/08/2023,12:00,69,1.0,40.3,0.6,21.8,40.4,0.0,1025,11.6,4.6,5
05/08/2023,13:00,72,0.7,40.7,0.6,22.1,37.0,0.0,1024,10.4,4.3,5
05/08/2023,14:00,78,0.9,42.8,0.6,21.9,37.6,0.0,1024,10.5,4.2,5
05/08/2023,15:00,56,0.9,41.6,0.7,21.1,45.2,0.0,1023,11.7,4.3,5
05/08/2023,16:00,82,1.0,44.3,0.5,20.4,49.6,0.0,1024,11.3,4.2,4
05/08/2023,17:00,68,0.8,41.2,0.5,19.5,56.7,0.0,1024,11.4,4.5,6
05/08/2023,18:00,59,0.7,48.0,0.4,18.6,61.1,0.0,1024,11.6,4.8,7
05/08/2023,19:00,39,0.6,46.7,0.3,18.1,65.1,0.0,1025,11.8,4.7,7
05/08/2023,20:00,84,0.3,44.2,0.3,17.7,68.0,0.0,1025,12.7,5.6,10
05/08/2023,21:00,159,0.7,37.7,0.3,17.7,67.2,0.0,1025,12.3,6.0,11
05/08/2023,22:00,125,0.6,38.2,0.4,17.5,67.9,0.0,1025,12.1,5.4,10
05/08/2023,23:00,54,0.5,42.9,0.3,17.5,65.5,0.0,1024,10.0,4.2,6
06/08/2023,00:00,147,0.5,49.6,0.3,17.6,63.4,0.0,1024,8.9,4.2,6
06/08/2023,01:00,161,0.5,57.2,0.3,16.2,71.1,0.0,1023,24.0,16.9,58
06/08/2023,02:00,156,0.3,65.8,0.3,15.8,72.3,0.0,1023,33.6,24.8,59
06/08/2023,03:00,159,0.7,45.1,0.4,15.2,73.3,0.0,1023,31.3,22.1,58
06/08/2023,04:00,179,0.4,65.7,0.3,14.7,74.8,0.0,1023,31.9,23.9,62
06/08/2023,05:00,168,0.6,51.7,0.4,13.8,77.6,0.0,1023,33.2,24.3,63
06/08/2023,06:00,152,0.2,79.2,0.3,14.2,73.6,0.0,1024,35.3,26.6,66
06/08/2023,07:00,143,0.3,69.6,0.3,15.2,71.7,0.1,1024,34.1,24.9,60
06/08/2023,08:00,167,0.8,51.7,0.5,15.5,68.1,0.0,1024,29.5,21.3,51
06/08/2023,09:00,165,0.6,51.5,0.5,16.4,65.8,0.0,1025,28.3,19.2,45
06/08/2023,10:00,154,1.3,31.5,0.6,16.7,73.1,0.0,1025,11.7,6.4,12
06/08/2023,11:00,165,1.3,40.3,0.6,17.2,71.3,0.0,1024,6.7,3.3,5
06/08/2023,12:00,109,0.9,43.7,0.5,18.6,64.3,0.0,1023,6.2,3.1,4
06/08/2023,13:00,21,0.7,41.0,0.5,18.8,62.7,0.0,1023,5.9,2.6,3
06/08/2023,14:00,85,0.3,46.9,0.2,18.8,62.9,0.0,1022,6.0,2.8,4
06/08/2023,15:00,58,0.5,49.1,0.3,19.1,62.2,0.0,1022,5.9,2.9,4
06/08/2023,16:00,41,0.4,49.8,0.3,18.1,68.0,0.0,1022,8.0,3.6,5
06/08/2023,17:00,71,0.6,42.4,0.3,18.1,67.9,0.0,1023,10.6,4.7,7
06/08/2023,18:00,75,0.6,38.2,0.3,17.9,68.8,0.0,1023,11.0,5.0,9
06/08/2023,19:00,106,0.9,34.7,0.4,17.7,69.8,0.0,1024,13.3,6.1,11
06/08/2023,20:00,124,0.6,37.9,0.3,17.5,71.0,0.0,1024,11.8,5.4,9
06/08/2023,21:00,153,0.5,50.0,0.3,17.2,71.9,0.0,1024,13.9,6.0,10
06/08/2023,22:00,165,0.5,58.6,0.4,16.6,72.6,0.0,1024,12.9,6.2,11
06/08/2023,23:00,161,0.3,75.5,0.3,15.9,73.3,0.0,1024,13.5,7.3,15
07/08/2023,00:00,164,0.3,81.6,0.4,15.6,70.3,0.0,1023,12.5,7.4,17
07/08/2023,01:00,164,0.5,67.1,0.4,15.4,69.9,0.0,1023,12.2,6.8,14
07/08/2023,02:00,177,0.5,62.4,0.5,15.0,71.1,0.0,1022,11.5,7.1,15
07/08/2023,03:00,162,0.5,59.5,0.4,14.7,70.6,0.0,1022,12.0,7.3,14
07/08/2023,04:00,150,0.4,65.3,0.3,14.7,68.9,0.0,1022,12.2,6.9,13
07/08/2023,05:00,151,0.4,63.3,0.4,14.7,68.2,0.0,1022,12.1,6.5,11
07/08/2023,06:00,140,0.4,55.2,0.3,15.2,66.0,0.0,1023,11.9,6.0,10
07/08/2023,07:00,139,0.4,63.1,0.4,15.6,64.2,0.0,1023,12.5,5.8,9
07/08/2023,08:00,167,0.6,59.5,0.6,16.9,59.4,0.0,1024,13.2,5.8,9
07/08/2023,09:00,167,0.6,66.1,0.5,17.2,60.1,0.0,1024,17.0,6.7,11
07/08/2023,10:00,155,0.6,63.6,0.5,18.9,54.4,0.0,1023,19.8,6.5,10
07/08/2023,11:00,152,0.7,51.7,0.5,20.0,50.8,0.0,1022,14.9,4.7,6
07/08/2023,12:00,143,1.0,36.1,0.5,19.9,52.0,0.2,1021,13.1,4.9,8
07/08/2023,13:00,116,0.3,53.6,0.4,18.8,62.6,0.0,1021,15.0,5.0,8
07/08/2023,14:00,24,0.2,53.6,0.3,19.8,57.9,0.0,1021,13.0,4.7,8
07/08/2023,15:00,350,0.9,33.8,0.4,18.3,70.7,0.5,1021,13.3,4.9,7
07/08/2023,16:00,56,0.1,53.4,0.2,17.7,75.6,0.0,1022,14.4,5.0,7
07/08/2023,17:00,142,0.9,33.2,0.4,17.7,66.2,0.0,1022,9.0,3.6,6
07/08/2023,18:00,138,1.0,33.3,0.5,17.2,67.6,0.0,1023,10.0,3.7,6
07/08/2023,19:00,139,0.6,45.1,0.4,16.9,69.5,0.0,1023,9.2,3.7,6
07/08/2023,20:00,158,1.0,30.4,0.4,16.8,68.2,0.0,1023,7.9,3.4,5
07/08/2023,21:00,146,0.7,29.4,0.3,16.6,68.6,0.0,1023,8.7,3.6,5
07/08/2023,22:00,152,0.3,62.0,0.2,16.5,70.3,0.0,1023,11.1,4.9,9
07/08/2023,23:00,164,0.4,74.5,0.4,16.1,71.4,0.0,1023,13.3,6.8,14
08/08/2023,00:00,167,0.4,67.3,0.4,15.7,72.0,0.0,1023,13.2,7.3,15
08/08/2023,01:00,167,0.4,61.8,0.4,14.6,76.5,0.0,1022,12.5,7.3,16
08/08/2023,02:00,166,0.4,57.0,0.4,14.2,75.7,0.0,1022,11.2,6.0,12
08/08/2023,03:00,171,0.6,56.8,0.5,14.2,74.6,0.0,1022,12.6,6.2,11
08/08/2023,04:00,170,0.5,69.4,0.5,14.3,73.5,0.0,1022,12.0,6.6,12
08/08/2023,05:00,175,0.4,68.8,0.5,14.3,73.3,0.0,1023,12.0,6.1,11
08/08/2023,06:00,166,0.4,68.8,0.5,14.4,71.7,0.0,1023,12.2,5.1,8
08/08/2023,07:00,177,0.7,56.2,0.5,14.4,71.1,0.0,1024,12.5,5.0,8
08/08/2023,08:00,169,0.5,66.1,0.5,15.5,66.2,0.0,1025,12.5,5.0,8
08/08/2023,09:00,174,0.9,54.3,0.7,16.9,61.2,0.0,1025,14.1,5.7,10
08/08/2023,10:00,157,0.6,62.1,0.5,18.9,54.2,0.0,1025,14.0,5.0,8
08/08/2023,11:00,170,1.5,41.9,0.9,19.5,49.6,0.0,1024,14.1,4.5,6
08/08/2023,12:00,161,1.3,38.1,0.7,20.3,43.8,0.0,1023,12.7,4.1,5
08/08/2023,13:00,145,0.9,45.1,0.6,21.1,40.4,0.0,1022,12.3,4.1,5
08/08/2023,14:00,118,1.1,42.8,0.7,20.6,43.6,0.0,1022,14.0,4.4,5
08/08/2023,15:00,89,1.2,38.4,0.6,19.8,48.2,0.0,1022,13.9,4.5,5
08/08/2023,16:00,89,1.2,34.6,0.6,19.6,49.2,0.0,1023,15.1,4.6,5
08/08/2023,17:00,99,1.1,35.1,0.6,19.0,49.9,0.0,1023,15.9,4.9,5
08/08/2023,18:00,133,1.0,34.8,0.5,18.7,49.0,0.0,1024,14.4,5.1,7
08/08/2023,19:00,136,1.0,36.0,0.5,18.5,47.9,0.0,1024,14.2,4.8,6
08/08/2023,20:00,156,1.1,34.2,0.6,17.9,49.6,0.0,1025,10.7,4.2,5
08/08/2023,21:00,168,0.4,66.2,0.3,17.0,53.6,0.0,1025,12.1,5.2,8
08/08/2023,22:00,173,0.4,69.5,0.4,16.1,59.7,0.0,1025,12.1,4.9,8
08/08/2023,23:00,184,0.5,69.4,0.5,15.5,63.3,0.0,1024,12.2,5.1,8
09/08/2023,00:00,169,0.5,62.4,0.5,15.2,64.2,0.0,1024,12.3,4.6,6
09/08/2023,01:00,173,0.4,70.4,0.4,14.7,66.3,0.0,1024,10.7,4.6,6
09/08/2023,02:00,169,0.5,63.4,0.4,14.4,67.0,0.0,1024,10.4,4.5,6
09/08/2023,03:00,177,0.4,74.2,0.5,14.2,68.1,0.0,1024,10.9,4.5,6
09/08/2023,04:00,168,0.4,64.4,0.4,14.1,68.4,0.0,1024,9.2,4.0,5
09/08/2023,05:00,161,0.5,62.5,0.4,14.2,67.9,0.0,1025,8.7,3.7,4
09/08/2023,06:00,166,0.4,74.4,0.5,14.0,68.1,0.0,1025,8.4,3.7,4
09/08/2023,07:00,167,0.4,70.9,0.4,15.0,63.9,0.0,1026,9.0,3.7,4
09/08/2023,08:00,164,0.5,67.4,0.5,16.5,58.2,0.0,1026,12.5,4.2,6
09/08/2023,09:00,164,0.7,59.8,0.6,18.1,52.7,0.0,1026,16.0,4.9,7
09/08/2023,10:00,151,1.0,53.2,0.7,19.5,47.5,0.0,1026,13.6,3.7,5
09/08/2023,11:00,148,1.4,36.0,0.8,20.2,43.7,0.0,1025,10.5,3.1,4
09/08/2023,12:00,106,1.0,49.7,0.8,20.8,42.4,0.0,1024,11.8,3.2,3
09/08/2023,13:00,74,1.2,49.3,0.8,21.2,41.6,0.0,1024,13.3,3.4,4
09/08/2023,14:00,56,1.3,37.9,0.7,20.9,44.3,0.0,1023,13.9,4.0,4
09/08/2023,15:00,58,1.2,43.0,0.7,20.3,48.1,0.0,1023,14.7,4.2,4
09/08/2023,16:00,78,1.3,41.3,0.8,19.6,50.3,0.0,1023,11.8,3.6,3
09/08/2023,17:00,66,1.0,46.1,0.6,18.6,55.8,0.0,1024,9.7,3.4,3
09/08/2023,18:00,38,0.5,42.4,0.3,17.9,61.5,0.0,1024,10.6,4.1,4
09/08/2023,19:00,346,0.7,34.3,0.3,17.5,64.2,0.0,1025,14.7,7.3,15
09/08/2023,20:00,357,0.4,56.6,0.3,17.4,65.0,0.0,1025,13.8,7.2,14
09/08/2023,21:00,71,0.4,43.0,0.2,16.8,68.3,0.0,1025,15.4,8.0,17
09/08/2023,22:00,158,0.2,61.0,0.2,16.2,71.7,0.0,1025,19.3,9.4,22
09/08/2023,23:00,124,0.2,70.9,0.2,15.7,72.8,0.0,1025,18.1,8.9,20
10/08/2023,00:00,156,0.4,56.7,0.2,15.3,73.3,0.0,1024,15.4,7.4,15
10/08/2023,01:00,165,0.6,41.6,0.2,14.0,78.5,0.0,1024,11.5,6.1,11
10/08/2023,02:00,162,0.5,48.5,0.3,13.5,78.8,0.0,1024,14.2,6.8,13
10/08/2023,03:00,161,0.2,69.9,0.3,12.9,79.8,0.0,1024,15.7,7.1,14
10/08/2023,04:00,166,0.3,73.2,0.3,12.3,79.8,0.0,1023,17.1,7.8,16
10/08/2023,05:00,174,0.2,65.7,0.3,12.1,79.5,0.0,1024,18.4,8.4,18
10/08/2023,06:00,169,0.2,85.0,0.3,11.7,79.0,0.0,1024,19.5,9.1,20
10/08/2023,07:00,159,0.8,38.3,0.4,12.1,75.8,0.0,1024,24.0,10.2,23
10/08/2023,08:00,154,0.4,69.9,0.3,14.9,67.6,0.0,1025,20.8,9.8,24
10/08/2023,09:00,152,0.5,62.5,0.4,17.1,60.6,0.0,1025,18.9,8.4,19
10/08/2023,10:00,162,0.9,43.3,0.5,18.5,56.6,0.0,1024,15.7,5.8,10
10/08/2023,11:00,159,0.5,61.4,0.3,20.6,48.1,0.0,1023,13.8,5.3,9
10/08/2023,12:00,163,0.4,75.9,0.4,21.7,42.6,0.0,1022,14.4,5.4,9
10/08/2023,13:00,344,0.7,55.5,0.5,22.1,40.9,0.0,1020,12.3,5.0,9
10/08/2023,14:00,341,1.7,28.2,0.8,21.5,45.3,0.0,1020,12.7,4.1,6
10/08/2023,15:00,336,2.1,22.2,0.8,20.5,49.1,0.0,1019,12.0,3.4,4
10/08/2023,16:00,336,1.9,22.6,0.8,19.6,53.2,0.0,1019,9.9,3.5,5
10/08/2023,17:00,333,1.8,18.9,0.7,18.9,58.8,0.0,1019,10.3,3.7,5
10/08/2023,18:00,333,1.3,20.8,0.5,18.6,61.6,0.0,1020,10.9,4.9,9
10/08/2023,19:00,342,0.6,58.2,0.4,18.3,63.6,0.0,1020,13.5,6.4,15
10/08/2023,20:00,342,0.4,70.7,0.4,17.9,63.9,0.0,1020,12.5,6.6,14
10/08/2023,21:00,337,0.6,58.0,0.4,17.8,61.9,0.0,1020,10.7,5.1,9
10/08/2023,22:00,324,0.4,68.4,0.4,17.7,60.0,0.0,1020,9.8,4.0,6
10/08/2023,23:00,320,0.9,43.3,0.5,17.2,61.1,0.0,1020,9.5,3.8,5
11/08/2023,00:00,154,0.3,43.6,0.2,16.4,64.5,0.0,1020,9.3,3.9,5
11/08/2023,01:00,167,0.1,61.9,0.2,15.9,68.0,0.0,1019,10.2,4.2,7
11/08/2023,02:00,82,0.4,28.5,0.2,14.9,72.2,0.0,1018,10.8,4.6,8
11/08/2023,03:00,113,0.4,22.4,0.2,14.0,75.2,0.0,1018,12.0,5.4,10
11/08/2023,04:00,171,0.4,62.2,0.3,13.3,77.4,0.0,1018,12.6,6.5,14
11/08/2023,05:00,164,0.6,43.5,0.3,12.9,78.9,0.0,1019,18.2,9.0,22
11/08/2023,06:00,155,0.2,74.3,0.3,12.9,77.1,0.0,1019,18.0,9.3,22
11/08/2023,07:00,152,0.3,71.7,0.3,14.1,69.0,0.0,1020,17.2,8.3,19
11/08/2023,08:00,154,0.5,59.2,0.3,15.5,62.5,0.0,1020,18.9,7.7,24
11/08/2023,09:00,145,0.3,75.1,0.2,18.6,52.8,0.0,1020,20.2,7.8,16
11/08/2023,10:00,146,0.4,64.7,0.3,21.4,44.6,0.0,1019,20.6,8.9,19
11/08/2023,11:00,185,0.2,65.4,0.4,23.1,38.4,0.0,1018,16.9,7.4,14
11/08/2023,12:00,130,0.1,91.0,0.3,25.7,27.5,0.0,1017,17.0,6.2,12
11/08/2023,13:00,120,0.1,98.4,0.4,26.4,26.1,0.0,1016,15.4,5.7,11
11/08/2023,14:00,308,0.0,85.1,0.4,26.6,26.0,0.0,1015,17.9,6.1,11
11/08/2023,15:00,39,0.1,79.4,0.3,26.3,25.1,0.0,1015,14.9,5.6,10
11/08/2023,16:00,338,1.7,20.3,0.7,23.2,46.0,0.0,1015,16.8,6.2,10
11/08/2023,17:00,343,1.1,28.3,0.5,21.8,54.4,0.0,1016,16.4,6.5,12
11/08/2023,18:00,336,0.7,45.9,0.4,21.0,56.5,0.0,1016,19.2,8.2,17
11/08/2023,19:00,329,0.9,45.0,0.5,20.8,54.2,0.0,1017,17.9,10.0,22
11/08/2023,20:00,343,0.6,46.4,0.4,20.3,55.4,0.0,1017,22.5,10.5,24
11/08/2023,21:00,38,0.1,60.6,0.2,19.0,61.9,0.0,1017,22.0,11.1,26
11/08/2023,22:00,287,0.0,81.9,0.1,18.0,64.4,0.0,1017,23.0,11.7,29
11/08/2023,23:00,189,0.1,74.0,0.2,16.9,63.0,0.0,1017,22.8,12.9,33
12/08/2023,00:00,171,0.3,73.3,0.4,16.2,66.4,0.0,1017,37.5,25.6,73
12/08/2023,01:00,180,0.3,72.8,0.4,16.0,60.8,0.0,1016,50.8,36.9,109
12/08/2023,02:00,191,0.2,79.8,0.3,15.4,63.5,0.0,1016,49.9,37.7,91
12/08/2023,03:00,160,0.2,79.4,0.3,14.7,68.8,0.0,1016,34.6,24.4,60
12/08/2023,04:00,162,0.2,77.8,0.2,14.7,69.2,0.0,1017,47.4,35.8,90
12/08/2023,05:00,171,0.3,56.8,0.2,14.6,70.3,0.0,1017,46.9,35.2,90
12/08/2023,06:00,163,0.6,41.0,0.3,13.6,71.1,0.0,1018,46.5,33.9,85
12/08/2023,07:00,144,0.3,73.6,0.3,14.2,60.6,0.0,1019,28.4,16.3,38
12/08/2023,08:00,153,0.8,37.2,0.4,15.2,55.5,0.0,1019,27.3,13.6,30
12/08/2023,09:00,155,1.0,32.6,0.4,17.2,49.4,0.0,1019,26.1,12.9,30
12/08/2023,10:00,145,0.6,53.6,0.3,20.3,45.4,0.0,1018,26.3,12.9,29
12/08/2023,11:00,54,0.4,41.0,0.3,23.0,40.4,0.0,1017,29.1,14.3,31
12/08/2023,12:00,15,0.7,48.3,0.5,25.2,32.7,0.0,1015,22.3,10.2,21
12/08/2023,13:00,1,1.1,36.4,0.6,24.7,36.4,0.0,1014,23.3,12.3,26
12/08/2023,14:00,339,1.7,24.4,0.7,24.3,38.5,0.0,1013,22.0,12.3,27
12/08/2023,15:00,340,1.8,25.6,0.7,23.3,41.5,0.0,1013,21.9,10.9,22
12/08/2023,16:00,335,1.9,18.8,0.7,21.8,56.1,0.0,1013,17.5,8.8,18
12/08/2023,17:00,330,1.4,12.9,0.4,21.7,55.6,0.0,1014,19.3,9.1,19
12/08/2023,18:00,326,1.3,20.9,0.5,21.7,55.1,0.0,1014,22.2,11.3,25
12/08/2023,19:00,333,0.9,37.5,0.4,21.1,57.4,0.0,1014,19.9,11.1,25
12/08/2023,20:00,330,1.0,31.5,0.5,20.7,59.3,0.0,1014,21.8,11.4,26
12/08/2023,21:00,331,1.0,27.1,0.5,20.5,58.7,0.0,1014,37.9,23.1,66
12/08/2023,22:00,344,0.6,41.3,0.3,20.1,58.6,0.0,1014,25.3,13.6,31
12/08/2023,23:00,14,0.5,37.8,0.3,19.0,64.1,0.0,1014,24.5,13.7,33
13/08/2023,00:00,21,0.4,36.5,0.3,18.6,62.9,0.0,1014,30.1,17.6,45
13/08/2023,01:00,156,0.4,47.7,0.2,18.4,61.9,0.0,1014,28.2,16.2,39
13/08/2023,02:00,88,0.2,49.4,0.2,18.0,65.0,0.0,1014,28.3,17.0,43
13/08/2023,03:00,166,0.4,43.9,0.2,18.0,63.5,0.0,1013,27.1,17.0,42
13/08/2023,04:00,155,0.4,44.8,0.2,17.2,70.1,0.0,1013,25.5,16.0,41
13/08/2023,05:00,136,0.1,82.9,0.2,16.6,73.2,0.0,1014,24.8,15.7,41
13/08/2023,06:00,162,0.4,52.3,0.2,16.2,75.0,0.0,1015,29.3,18.4,51
13/08/2023,07:00,161,0.2,88.6,0.2,17.0,67.5,0.0,1016,32.6,21.7,57
13/08/2023,08:00,147,0.6,49.0,0.3,18.4,53.4,0.0,1016,29.6,18.5,43
13/08/2023,09:00,143,0.7,34.9,0.3,20.4,45.8,0.0,1016,27.0,17.5,41
13/08/2023,10:00,156,0.2,60.5,0.3,23.7,35.0,0.0,1015,24.1,13.9,30
13/08/2023,11:00,140,0.4,74.3,0.4,26.2,26.3,0.0,1014,22.6,12.4,27
13/08/2023,12:00,160,0.3,79.2,0.4,27.4,19.1,0.0,1013,14.7,7.3,14
13/08/2023,13:00,129,0.1,87.2,0.4,28.0,17.2,0.0,1012,13.1,5.3,10
13/08/2023,14:00,302,0.2,75.8,0.4,28.0,17.5,0.0,1012,13.2,6.8,13
13/08/2023,15:00,334,0.6,45.5,0.5,27.4,22.3,0.0,1012,17.3,7.8,16
13/08/2023,16:00,343,1.6,23.3,0.6,24.1,38.3,0.0,1012,21.4,9.7,19
13/08/2023,17:00,25,0.8,35.1,0.4,22.6,48.8,0.0,1013,25.9,10.9,24
13/08/2023,18:00,60,0.6,43.7,0.3,21.1,57.8,0.0,1013,28.4,18.1,42
13/08/2023,19:00,66,0.6,35.0,0.2,20.3,62.7,0.0,1014,32.5,22.4,52
13/08/2023,20:00,66,0.3,43.3,0.2,19.7,66.4,0.0,1014,33.4,23.3,55
13/08/2023,21:00,348,0.5,49.4,0.3,19.3,69.0,0.0,1014,31.1,22.3,52
13/08/2023,22:00,155,0.4,48.1,0.2,18.7,71.7,0.0,1015,31.6,22.9,56
13/08/2023,23:00,146,0.1,85.2,0.2,17.8,73.9,0.0,1015,37.3,27.5,67
14/08/2023,00:00,197,0.1,81.5,0.2,17.2,74.4,0.0,1015,35.2,25.4,63
14/08/2023,01:00,172,0.2,73.7,0.2,16.8,76.1,0.0,1014,40.0,30.1,79
14/08/2023,02:00,166,0.4,62.5,0.3,16.0,77.9,0.0,1014,39.4,29.3,75
14/08/2023,03:00,178,0.1,87.0,0.3,15.6,78.5,0.0,1014,38.4,28.5,73
14/08/2023,04:00,147,0.3,68.5,0.2,15.5,77.4,0.0,1014,36.6,26.6,68
14/08/2023,05:00,170,0.2,78.4,0.3,14.6,79.7,0.0,1014,35.5,25.7,63
14/08/2023,06:00,166,0.1,75.2,0.3,14.8,77.6,0.0,1014,35.7,25.4,64
14/08/2023,07:00,147,0.1,85.5,0.2,16.6,69.3,0.0,1015,36.2,24.7,63
14/08/2023,08:00,143,0.3,62.1,0.2,18.8,62.0,0.0,1015,37.4,23.7,58
14/08/2023,09:00,154,1.0,29.1,0.4,20.1,58.9,0.0,1015,38.9,22.4,55
14/08/2023,10:00,156,1.1,24.1,0.4,21.9,52.2,0.0,1014,36.4,20.1,47
14/08/2023,11:00,81,0.3,48.2,0.4,24.4,44.1,0.0,1013,36.5,19.5,45
14/08/2023,12:00,34,0.7,47.7,0.5,26.3,36.7,0.0,1011,28.0,14.5,33
14/08/2023,13:00,5,1.1,35.6,0.6,26.4,41.1,0.0,1010,31.0,15.8,36
14/08/2023,14:00,337,1.8,25.4,0.8,26.0,40.3,0.0,1010,33.5,17.0,38
14/08/2023,15:00,335,2.3,19.1,0.8,23.5,46.8,0.0,1010,37.2,24.5,58
14/08/2023,16:00,342,1.5,23.6,0.6,22.7,51.2,0.0,1010,29.1,17.2,39
14/08/2023,17:00,350,0.9,33.8,0.4,21.8,59.2,0.0,1010,26.6,13.2,30
14/08/2023,18:00,2,0.5,54.8,0.4,21.2,65.0,0.0,1011,24.7,12.8,29
14/08/2023,19:00,349,0.5,57.3,0.3,20.8,67.8,0.0,1011,25.3,13.7,33
14/08/2023,20:00,354,0.4,43.0,0.3,20.4,67.0,0.0,1011,32.6,19.6,59
14/08/2023,21:00,336,0.9,27.8,0.3,19.7,66.0,0.0,1011,30.3,17.6,44
14/08/2023,22:00,120,0.3,47.3,0.3,19.5,63.2,0.0,1011,26.5,15.4,37
14/08/2023,23:00,168,0.2,56.8,0.2,19.2,57.1,0.0,1011,27.9,16.4,37
15/08/2023,00:00,168,0.6,43.9,0.3,18.3,61.1,0.0,1011,26.3,15.1,34
15/08/2023,01:00,174,0.3,66.9,0.3,16.7,76.2,0.0,1011,29.6,16.9,41
15/08/2023,02:00,157,0.2,66.4,0.2,16.8,72.9,0.0,1010,29.5,17.2,40
15/08/2023,03:00,171,0.1,76.8,0.2,17.1,65.5,0.0,1010,32.2,18.0,42
15/08/2023,04:00,159,0.4,60.6,0.3,16.5,64.8,0.0,1010,31.2,19.2,45
15/08/2023,05:00,127,0.5,37.3,0.2,15.7,58.5,0.0,1011,30.9,18.2,40
15/08/2023,06:00,152,0.4,62.6,0.3,16.4,50.7,0.0,1012,28.8,16.4,36
15/08/2023,07:00,319,0.1,83.7,0.2,18.5,44.4,0.0,1012,31.8,16.0,35
15/08/2023,08:00,158,0.9,33.0,0.4,19.2,42.5,0.0,1013,37.8,16.7,36
15/08/2023,09:00,163,1.2,37.2,0.6,21.9,33.3,0.0,1014,38.6,14.8,32
15/08/2023,10:00,135,0.3,61.3,0.4,24.1,28.9,0.0,1013,35.3,17.4,39
15/08/2023,11:00,8,0.4,46.7,0.4,24.9,29.6,0.0,1013,34.0,18.4,42
15/08/2023,12:00,348,1.2,33.7,0.6,24.2,43.8,0.0,1012,38.8,17.5,38
15/08/2023,13:00,2,1.1,30.1,0.6,24.5,44.9,0.0,1011,40.7,17.3,37
15/08/2023,14:00,7,1.1,34.5,0.6,24.1,46.5,0.0,1010,38.4,16.7,34
15/08/2023,15:00,340,1.5,28.1,0.7,23.1,48.4,0.0,1010,29.6,14.4,30
15/08/2023,16:00,6,1.1,30.6,0.6,22.2,57.1,0.0,1011,27.0,13.6,27
15/08/2023,17:00,55,1.0,36.2,0.5,21.5,64.9,0.0,1012,26.6,12.9,25
15/08/2023,18:00,69,0.8,34.8,0.4,20.9,70.3,0.0,1013,25.3,13.0,28
15/08/2023,19:00,86,0.7,37.6,0.4,20.0,74.4,0.0,1014,21.0,11.2,23
15/08/2023,20:00,124,1.1,35.9,0.5,19.1,72.5,0.0,1014,20.1,10.1,19
15/08/2023,21:00,133,0.9,36.7,0.5,18.7,70.0,0.0,1015,17.5,9.0,17
15/08/2023,22:00,134,1.1,37.3,0.6,18.3,69.9,0.0,1015,15.6,8.0,15
15/08/2023,23:00,158,0.9,40.0,0.5,18.2,67.4,0.0,1016,13.8,7.4,13
16/08/2023,00:00,149,0.4,70.5,0.3,18.0,68.6,0.0,1016,15.8,8.8,16
16/08/2023,01:00,165,0.5,59.0,0.3,17.5,69.8,0.0,1016,19.2,10.6,20
16/08/2023,02:00,168,0.5,68.1,0.4,17.0,67.0,0.0,1015,13.2,7.3,14
16/08/2023,03:00,166,0.4,72.4,0.4,16.5,67.9,0.0,1015,13.4,6.7,12
16/08/2023,04:00,164,0.4,74.1,0.4,16.2,68.2,0.0,1015,13.6,7.1,12
16/08/2023,05:00,169,0.5,68.8,0.5,16.0,69.1,0.0,1016,14.5,8.0,15
16/08/2023,06:00,164,0.6,52.0,0.5,15.7,70.3,0.0,1016,15.9,8.4,16
16/08/2023,07:00,170,0.7,50.7,0.5,16.2,67.1,0.0,1017,16.6,8.0,15
16/08/2023,08:00,161,0.7,58.5,0.6,17.7,59.0,0.0,1017,18.3,7.5,13
16/08/2023,09:00,159,0.6,62.7,0.5,19.2,53.2,0.0,1018,16.2,6.5,11
16/08/2023,10:00,133,1.0,40.7,0.6,20.1,48.0,0.0,1017,13.5,5.6,9
16/08/2023,11:00,86,0.3,71.5,0.3,21.3,45.6,0.0,1016,15.0,6.0,10
16/08/2023,12:00,47,0.1,44.0,0.3,21.7,44.7,0.0,1015,14.5,6.2,11
16/08/2023,13:00,13,0.7,34.5,0.4,22.0,44.5,0.0,1014,14.0,6.1,10
16/08/2023,14:00,350,1.2,35.3,0.6,22.4,43.4,0.0,1014,14.3,5.8,9
16/08/2023,15:00,1,1.1,35.1,0.6,21.5,48.6,0.0,1014,14.3,5.7,8
16/08/2023,16:00,7,1.0,40.2,0.6,20.7,55.4,0.0,1014,13.1,5.3,8
16/08/2023,17:00,9,0.9,42.1,0.5,19.9,60.0,0.0,1014,11.6,4.9,7
16/08/2023,18:00,16,0.6,46.9,0.4,19.3,63.7,0.0,1015,12.2,5.5,8
16/08/2023,19:00,26,0.4,53.0,0.3,18.9,65.6,0.0,1015,14.0,6.5,12
16/08/2023,20:00,31,0.4,55.3,0.3,18.7,66.8,0.0,1016,14.6,7.5,15
16/08/2023,21:00,50,0.5,36.6,0.2,18.7,67.0,0.0,1016,13.8,7.2,14
16/08/2023,22:00,55,0.3,51.5,0.2,18.4,68.9,0.0,1016,14.1,7.0,14
16/08/2023,23:00,108,0.5,19.6,0.1,18.0,71.0,0.0,1015,14.6,6.9,13
17/08/2023,00:00,166,0.3,66.3,0.2,17.6,71.1,0.0,1015,19.0,10.9,23
17/08/2023,01:00,162,0.2,65.3,0.2,17.2,71.2,0.0,1015,26.0,16.2,39
17/08/2023,02:00,176,0.2,48.0,0.2,17.1,71.1,0.0,1014,22.2,13.8,34
17/08/2023,03:00,141,0.3,56.4,0.2,17.1,71.7,0.0,1013,21.9,13.7,32
17/08/2023,04:00,150,0.4,56.6,0.2,16.6,73.7,0.0,1013,23.4,13.0,30
17/08/2023,05:00,173,0.4,63.8,0.3,16.2,72.5,0.0,1013,25.4,13.4,31
17/08/2023,06:00,167,0.3,74.4,0.3,16.0,71.7,0.0,1014,29.7,14.8,34
17/08/2023,07:00,161,0.5,72.0,0.4,16.3,69.9,0.0,1014,26.2,13.6,30
17/08/2023,08:00,138,0.2,65.2,0.3,16.7,73.5,0.1,1014,31.4,14.3,34
17/08/2023,09:00,31,0.5,43.2,0.3,19.8,64.7,0.0,1014,29.8,13.9,34
17/08/2023,10:00,335,1.6,34.8,0.8,21.9,62.0,0.0,1013,18.8,8.1,16
17/08/2023,11:00,340,1.2,41.1,0.7,22.5,62.1,0.0,1012,18.2,7.6,15
17/08/2023,12:00,341,1.8,27.6,0.9,22.5,65.5,0.0,1010,19.1,7.1,12
17/08/2023,13:00,334,2.4,25.4,1.2,22.8,66.4,0.0,1009,19.4,7.4,13
17/08/2023,14:00,338,2.2,25.7,1.0,22.9,66.2,0.0,1008,19.4,7.5,13
17/08/2023,15:00,341,2.2,24.5,0.9,22.8,66.3,0.0,1008,20.2,7.5,13
17/08/2023,16:00,340,1.6,33.1,0.9,22.2,67.7,0.0,1008,17.1,6.6,11
17/08/2023,17:00,339,1.5,26.2,0.7,21.0,76.0,0.0,1009,15.5,6.7,11
17/08/2023,18:00,333,1.8,25.3,0.7,20.6,76.2,0.0,1009,17.8,8.0,14
17/08/2023,19:00,342,0.8,41.2,0.4,20.3,71.4,0.0,1010,19.3,9.4,17
17/08/2023,20:00,337,1.2,20.8,0.4,19.9,74.8,0.0,1009,22.5,10.2,18
17/08/2023,21:00,331,0.7,45.1,0.4,20.3,74.3,0.0,1009,23.2,10.3,19
17/08/2023,22:00,116,0.0,61.5,0.2,20.1,74.1,0.0,1009,19.4,9.1,17
17/08/2023,23:00,358,0.6,37.2,0.3,19.8,76.0,0.0,1009,17.5,8.5,16
18/08/2023,00:00,338,0.9,28.8,0.5,19.2,78.1,0.0,1008,16.9,8.1,16
18/08/2023,01:00,321,0.9,41.8,0.6,18.9,78.5,0.0,1007,17.1,8.2,17
18/08/2023,02:00,322,1.3,26.6,0.6,18.5,80.1,0.0,1006,16.4,7.8,16
18/08/2023,03:00,332,1.1,40.9,0.5,18.2,80.7,0.0,1005,16.3,8.7,20
18/08/2023,04:00,336,0.7,59.3,0.5,18.2,79.9,0.0,1005,15.7,8.2,18
18/08/2023,05:00,318,0.4,55.8,0.4,18.1,80.4,0.0,1006,17.4,9.1,21
18/08/2023,06:00,7,0.3,60.2,0.3,18.1,80.7,0.0,1006,17.2,9.2,22
18/08/2023,07:00,114,0.5,39.0,0.3,19.1,76.4,0.0,1006,19.3,9.0,22
18/08/2023,08:00,150,0.4,84.3,0.4,22.3,49.9,0.0,1007,20.9,7.9,16
18/08/2023,09:00,155,0.5,69.9,0.5,22.8,46.5,0.0,1007,18.0,6.8,13
18/08/2023,10:00,148,0.2,85.4,0.5,22.5,47.3,0.0,1007,15.6,7.2,13
18/08/2023,11:00,136,0.4,74.5,0.4,23.2,45.9,0.0,1006,16.0,7.2,14
18/08/2023,12:00,168,0.5,76.5,0.6,23.0,46.7,0.0,1006,14.1,5.9,11
18/08/2023,13:00,159,0.3,84.6,0.7,23.3,46.4,0.0,1006,14.7,5.5,10
18/08/2023,14:00,142,0.2,90.8,0.5,23.9,43.5,0.0,1005,12.3,5.2,9
18/08/2023,15:00,209,0.0,97.0,0.6,24.3,39.8,0.0,1005,11.4,4.9,9
18/08/2023,16:00,70,0.1,101.0,0.5,23.9,40.2,0.0,1005,11.6,4.7,8
18/08/2023,17:00,119,0.2,93.4,0.3,23.5,34.6,0.0,1006,11.6,4.3,7
18/08/2023,18:00,137,0.3,75.6,0.3,22.6,31.4,0.0,1007,14.5,3.8,6
18/08/2023,19:00,127,0.3,86.5,0.3,21.7,29.9,0.0,1008,11.2,4.0,7
18/08/2023,20:00,128,0.3,80.6,0.3,20.7,28.5,0.0,1008,12.4,3.9,7
18/08/2023,21:00,140,0.4,67.0,0.3,20.0,27.2,0.0,1009,9.1,2.8,4
18/08/2023,22:00,139,0.4,70.5,0.3,19.1,28.0,0.0,1010,6.7,2.2,3
18/08/2023,23:00,138,0.3,71.2,0.4,18.1,30.1,0.0,1010,7.2,2.1,2
19/08/2023,00:00,130,0.4,70.3,0.3,17.5,31.8,0.0,1010,7.7,2.1,2
19/08/2023,01:00,143,0.4,59.9,0.3,17.3,32.5,0.0,1010,6.6,2.3,2
19/08/2023,02:00,153,0.5,60.8,0.4,17.0,33.7,0.0,1010,8.5,2.5,2
19/08/2023,03:00,157,0.7,51.2,0.5,16.5,35.7,0.0,1010,7.6,2.9,2
19/08/2023,04:00,151,0.2,87.0,0.4,15.7,38.3,0.0,1011,8.3,2.9,2
19/08/2023,05:00,150,0.3,77.3,0.3,15.0,40.7,0.0,1012,8.2,2.8,2
19/08/2023,06:00,152,0.3,77.8,0.4,15.0,40.4,0.0,1013,8.2,3.1,2
19/08/2023,07:00,147,0.2,90.6,0.4,16.1,35.9,0.0,1014,8.8,2.9,2
19/08/2023,08:00,137,0.2,90.9,0.5,16.8,33.7,0.0,1014,10.3,2.7,2
19/08/2023,09:00,168,0.6,78.2,0.7,17.7,30.9,0.0,1015,8.8,2.5,2
19/08/2023,10:00,166,0.5,82.1,0.6,19.0,26.1,0.0,1015,10.0,2.5,3
19/08/2023,11:00,164,0.5,77.9,0.6,20.2,20.5,0.0,1014,9.7,2.7,4
19/08/2023,12:00,159,0.5,74.7,0.6,20.6,19.9,0.0,1014,10.2,3.2,4
19/08/2023,13:00,159,0.5,73.8,0.7,21.3,19.0,0.0,1013,12.7,3.3,4
19/08/2023,14:00,145,0.3,85.8,0.4,21.8,18.2,0.0,1013,9.4,3.1,4
19/08/2023,15:00,150,0.2,94.9,0.4,21.4,18.9,0.0,1013,11.1,3.6,5
19/08/2023,16:00,154,0.3,88.5,0.4,20.5,20.6,0.0,1014,10.3,3.6,5
19/08/2023,17:00,135,0.2,91.2,0.3,19.6,22.3,0.0,1014,9.3,3.0,3
19/08/2023,18:00,134,0.2,82.9,0.3,18.6,24.7,0.0,1015,9.7,3.7,5
19/08/2023,19:00,143,0.3,76.8,0.3,18.0,26.1,0.0,1016,11.2,3.6,5
19/08/2023,20:00,151,0.2,79.0,0.3,17.2,27.9,0.0,1016,10.9,3.6,4
19/08/2023,21:00,132,0.2,91.8,0.3,16.6,29.7,0.0,1017,9.9,3.7,4
19/08/2023,22:00,188,0.1,93.8,0.2,16.0,32.0,0.0,1017,9.0,3.5,4
19/08/2023,23:00,145,0.2,73.7,0.2,15.6,33.4,0.0,1017,10.3,3.6,4
20/08/2023,00:00,127,0.2,77.7,0.3,15.2,34.7,0.0,1017,9.0,3.5,3
20/08/2023,01:00,163,0.1,82.8,0.2,14.6,36.5,0.0,1017,9.0,3.4,3
20/08/2023,02:00,177,0.4,65.4,0.3,14.0,40.0,0.0,1017,9.5,3.5,3
20/08/2023,03:00,176,0.4,58.9,0.3,13.2,43.3,0.0,1017,8.6,3.5,3
20/08/2023,04:00,149,0.5,48.0,0.3,12.8,45.8,0.0,1017,7.9,3.3,3
20/08/2023,05:00,157,0.3,71.2,0.3,12.3,46.2,0.0,1018,9.3,3.6,3
20/08/2023,06:00,158,0.3,54.7,0.3,12.1,47.2,0.0,1018,10.8,3.9,4
20/08/2023,07:00,148,0.4,55.0,0.3,13.5,43.4,0.0,1019,10.7,4.1,4
20/08/2023,08:00,126,0.2,68.5,0.2,17.1,35.5,0.0,1020,12.1,3.9,4
20/08/2023,09:00,155,0.6,55.2,0.4,18.7,32.1,0.0,1020,9.8,3.6,4
20/08/2023,10:00,94,0.3,49.4,0.4,19.8,28.4,0.0,1020,10.6,4.4,6
20/08/2023,11:00,350,0.4,48.7,0.4,20.7,26.5,0.0,1019,9.5,4.0,6
20/08/2023,12:00,357,0.5,43.2,0.4,21.5,25.6,0.0,1018,9.9,4.1,6
20/08/2023,13:00,342,0.4,61.5,0.4,22.3,25.1,0.0,1018,10.6,4.4,7
20/08/2023,14:00,7,1.3,31.1,0.6,21.6,29.6,0.0,1018,15.6,6.4,11
20/08/2023,15:00,11,1.0,39.4,0.6,21.3,30.3,0.0,1017,13.5,6.3,10
20/08/2023,16:00,1,0.9,37.7,0.4,20.2,32.7,0.0,1018,12.3,5.9,10
20/08/2023,17:00,358,0.8,35.4,0.4,19.3,40.8,0.0,1018,15.0,7.5,13
20/08/2023,18:00,351,0.9,28.4,0.4,18.5,44.9,0.0,1019,17.4,8.2,15
20/08/2023,19:00,24,0.4,61.5,0.3,18.0,53.3,0.0,1020,18.7,10.2,20
20/08/2023,20:00,45,0.4,53.9,0.2,17.7,57.5,0.0,1020,21.0,11.5,22
20/08/2023,21:00,57,0.2,44.1,0.1,17.2,60.3,0.0,1020,22.6,13.0,30
20/08/2023,22:00,133,0.2,49.7,0.1,16.6,60.7,0.0,1020,25.8,14.3,31
20/08/2023,23:00,175,0.3,40.4,0.2,16.1,63.5,0.0,1020,24.8,15.3,37
21/08/2023,00:00,130,0.2,65.6,0.2,15.3,65.1,0.0,1020,29.4,16.2,37
21/08/2023,01:00,154,0.2,72.9,0.3,14.8,66.3,0.0,1020,23.4,14.6,31
21/08/2023,02:00,160,0.5,43.4,0.3,13.8,68.9,0.0,1020,22.6,13.6,30
21/08/2023,03:00,167,0.5,40.9,0.3,13.4,70.4,0.0,1020,23.4,14.0,30
21/08/2023,04:00,172,0.5,51.8,0.3,13.2,69.5,0.0,1020,25.2,13.9,28
21/08/2023,05:00,180,0.2,71.8,0.3,13.3,68.3,0.0,1020,21.9,12.6,26
21/08/2023,06:00,166,0.4,60.0,0.3,13.4,67.6,0.0,1021,21.4,11.7,23
21/08/2023,07:00,165,0.3,79.6,0.3,14.5,63.1,0.0,1021,23.8,11.9,23
21/08/2023,08:00,167,0.9,35.7,0.5,15.7,59.8,0.0,1022,25.1,12.0,24
21/08/2023,09:00,161,0.9,40.8,0.4,17.4,55.9,0.0,1022,25.0,12.5,25
21/08/2023,10:00,151,0.8,41.2,0.4,19.7,50.2,0.0,1021,25.5,12.1,24
21/08/2023,11:00,32,0.6,41.8,0.5,21.7,45.7,0.0,1020,23.1,10.7,22
21/08/2023,12:00,350,1.4,32.9,0.6,22.6,42.2,0.0,1019,17.1,7.9,15
21/08/2023,13:00,348,1.4,33.2,0.7,22.7,41.2,0.0,1018,14.4,7.2,13
21/08/2023,14:00,339,1.9,29.0,0.9,22.3,43.2,0.0,1018,15.5,7.1,13
21/08/2023,15:00,342,1.8,28.2,0.8,21.8,46.0,0.0,1018,12.9,6.5,12
21/08/2023,16:00,337,1.8,23.2,0.8,20.8,51.0,0.0,1018,12.3,6.2,11
21/08/2023,17:00,332,2.0,18.1,0.7,20.1,54.8,0.0,1018,11.6,6.3,11
21/08/2023,18:00,338,1.5,21.2,0.6,19.5,61.7,0.0,1018,13.7,7.4,14
21/08/2023,19:00,338,1.2,27.0,0.4,19.2,65.6,0.0,1019,13.2,8.0,16
21/08/2023,20:00,339,0.8,28.8,0.3,19.0,64.7,0.0,1020,14.9,8.7,18
21/08/2023,21:00,321,1.2,17.4,0.4,18.8,65.6,0.0,1020,14.0,7.5,15
21/08/2023,22:00,326,1.0,25.0,0.4,18.4,65.1,0.0,1020,13.9,7.8,14
21/08/2023,23:00,329,0.5,49.8,0.3,18.4,64.4,0.0,1020,12.8,6.8,13
22/08/2023,00:00,159,0.2,63.9,0.2,17.9,66.7,0.0,1020,11.7,6.1,11
22/08/2023,01:00,115,0.1,65.5,0.1,17.2,69.9,0.0,1019,13.3,6.9,14
22/08/2023,02:00,152,0.2,75.7,0.2,16.5,72.8,0.0,1019,15.1,7.9,17
22/08/2023,03:00,163,0.4,56.6,0.3,15.3,76.5,0.0,1019,18.5,10.2,23
22/08/2023,04:00,172,0.1,85.5,0.2,14.8,75.4,0.0,1019,17.4,9.8,21
22/08/2023,05:00,192,0.1,88.3,0.2,14.5,74.9,0.0,1020,17.5,10.0,21
22/08/2023,06:00,176,0.3,63.6,0.3,14.5,75.0,0.0,1020,24.9,11.0,23
22/08/2023,07:00,135,0.2,94.8,0.2,16.7,66.3,0.0,1021,25.0,11.3,23
22/08/2023,08:00,142,0.3,81.9,0.3,18.7,59.7,0.0,1021,22.8,10.8,22
22/08/2023,09:00,152,0.7,58.8,0.4,19.9,55.8,0.0,1021,19.8,8.9,18
22/08/2023,10:00,143,0.7,40.2,0.4,21.5,51.6,0.0,1020,21.3,7.6,14
22/08/2023,11:00,71,0.4,49.5,0.4,22.7,47.6,0.0,1019,18.7,6.9,13
22/08/2023,12:00,23,0.3,52.4,0.4,24.4,42.6,0.0,1018,15.8,6.1,10
22/08/2023,13:00,345,1.5,33.2,0.8,24.7,43.1,0.0,1017,18.3,6.3,11
22/08/2023,14:00,333,1.9,26.9,0.8,23.8,45.7,0.0,1017,14.5,5.4,8
22/08/2023,15:00,344,1.7,29.3,0.8,22.8,48.2,0.0,1017,12.2,4.4,6
22/08/2023,16:00,338,1.9,22.0,0.8,21.8,52.8,0.0,1017,10.7,3.9,4
22/08/2023,17:00,329,1.8,19.5,0.7,20.8,61.2,0.0,1017,10.7,4.1,5
22/08/2023,18:00,332,1.8,20.2,0.7,20.1,70.7,0.0,1018,10.8,4.7,7
22/08/2023,19:00,338,1.1,23.9,0.5,19.7,74.1,0.0,1018,12.2,5.6,9
22/08/2023,20:00,334,1.3,12.4,0.4,19.4,74.8,0.0,1018,11.3,5.5,10
22/08/2023,21:00,324,1.3,17.7,0.5,19.2,75.7,0.0,1018,10.5,4.9,8
22/08/2023,22:00,336,0.9,40.2,0.5,19.0,77.0,0.0,1018,11.9,5.0,7
22/08/2023,23:00,338,0.5,64.3,0.4,18.9,75.4,0.0,1019,10.9,4.9,8
23/08/2023,00:00,349,0.3,56.0,0.4,18.8,74.3,0.0,1019,9.6,4.1,6
23/08/2023,01:00,153,0.0,80.0,0.2,18.6,71.9,0.0,1018,9.2,3.7,4
23/08/2023,02:00,236,0.0,83.4,0.2,18.3,70.6,0.0,1018,8.5,3.2,3
23/08/2023,03:00,170,0.5,43.6,0.3,17.3,74.6,0.0,1018,10.1,4.0,5
23/08/2023,04:00,160,0.6,40.3,0.3,16.3,79.3,0.0,1018,9.9,4.6,6
23/08/2023,05:00,176,0.2,73.2,0.3,15.6,79.2,0.0,1019,12.6,6.1,11
23/08/2023,06:00,153,0.2,75.5,0.3,15.9,77.8,0.0,1020,15.4,7.1,14
23/08/2023,07:00,145,0.2,83.5,0.2,17.5,71.8,0.0,1020,15.7,8.0,19
23/08/2023,08:00,162,0.1,82.7,0.2,19.5,63.6,0.0,1020,16.6,8.0,18
23/08/2023,09:00,142,0.9,27.9,0.4,20.9,58.4,0.0,1020,22.8,8.1,17
23/08/2023,10:00,147,0.7,46.2,0.4,22.7,51.4,0.0,1020,21.3,7.4,15
23/08/2023,11:00,152,0.6,53.5,0.4,24.3,46.1,0.0,1019,16.4,6.1,10
23/08/2023,12:00,141,0.6,41.6,0.4,25.7,41.5,0.0,1018,15.4,6.1,10
23/08/2023,13:00,335,1.3,34.3,0.6,26.1,41.8,0.0,1017,21.6,6.8,13
23/08/2023,14:00,339,1.8,25.7,0.7,25.9,43.9,0.0,1016,20.2,6.9,12
23/08/2023,15:00,337,1.8,23.7,0.7,24.0,50.9,0.0,1016,21.2,5.9,9
23/08/2023,16:00,337,1.8,22.5,0.7,22.9,55.1,0.0,1016,14.5,5.5,8
23/08/2023,17:00,331,1.4,21.3,0.6,22.1,59.1,0.0,1017,13.9,4.7,7
23/08/2023,18:00,329,1.4,18.3,0.5,21.6,61.2,0.0,1017,14.3,5.4,9
23/08/2023,19:00,322,1.4,27.9,0.7,21.2,64.3,0.0,1018,14.7,6.1,11
23/08/2023,20:00,329,1.4,18.4,0.5,20.5,68.4,0.0,1018,14.4,6.0,11
23/08/2023,21:00,341,0.8,42.1,0.4,20.0,71.9,0.0,1018,15.3,5.6,9
23/08/2023,22:00,341,0.4,57.8,0.3,19.3,74.2,0.0,1018,14.6,5.7,9
23/08/2023,23:00,163,0.9,44.9,0.5,18.4,77.7,0.0,1019,15.6,6.5,12
24/08/2023,00:00,136,1.3,37.2,0.7,18.7,74.5,0.0,1019,18.8,8.7,14
24/08/2023,01:00,144,1.0,37.1,0.5,18.6,70.2,0.0,1019,23.5,11.8,20
24/08/2023,02:00,161,0.6,52.7,0.4,17.5,72.9,0.0,1019,23.9,11.6,22
24/08/2023,03:00,171,0.8,51.5,0.5,16.5,71.2,0.0,1020,24.2,13.1,27
24/08/2023,04:00,156,0.5,49.1,0.3,16.2,71.3,0.0,1020,51.7,31.5,87
24/08/2023,05:00,168,0.4,63.5,0.3,16.0,69.7,0.0,1021,27.1,13.8,22
24/08/2023,06:00,177,0.3,80.1,0.4,16.3,66.6,0.0,1022,20.0,9.2,15
24/08/2023,07:00,169,0.4,76.3,0.4,17.5,60.2,0.0,1022,22.8,10.2,17
24/08/2023,08:00,161,0.7,64.0,0.6,18.8,54.1,0.0,1022,38.6,12.4,18
24/08/2023,09:00,151,1.9,34.6,0.9,20.0,48.0,0.0,1022,21.5,7.3,10
24/08/2023,10:00,125,1.3,39.3,0.7,21.3,45.8,0.0,1022,22.7,6.5,8
24/08/2023,11:00,120,1.3,44.9,0.8,22.2,42.9,0.0,1021,20.5,7.0,10
24/08/2023,12:00,105,1.2,39.9,0.6,22.6,40.9,0.0,1020,20.0,7.2,11
24/08/2023,13:00,56,1.0,41.8,0.7,22.8,40.1,0.0,1020,20.6,6.9,10
24/08/2023,14:00,72,0.9,46.5,0.7,23.0,41.3,0.0,1019,19.5,6.9,8
24/08/2023,15:00,83,1.1,41.0,0.7,22.4,44.1,0.0,1019,20.8,8.1,11
24/08/2023,16:00,68,1.2,36.3,0.7,21.7,47.6,0.0,1020,21.6,8.3,10
24/08/2023,17:00,68,1.1,40.0,0.6,20.2,58.0,0.0,1020,21.6,8.3,9
24/08/2023,18:00,53,0.7,39.7,0.4,19.5,62.4,0.0,1021,24.5,8.5,10
24/08/2023,19:00,56,0.5,54.7,0.4,18.9,63.4,0.0,1022,21.0,8.7,12
24/08/2023,20:00,62,0.5,61.9,0.4,18.6,61.5,0.0,1022,19.3,8.3,12
24/08/2023,21:00,81,0.6,56.5,0.4,18.1,61.4,0.0,1022,17.9,7.5,10
24/08/2023,22:00,72,0.4,55.0,0.4,17.6,63.0,0.0,1022,15.6,6.3,7
24/08/2023,23:00,163,0.4,59.1,0.4,17.1,65.1,0.0,1022,16.1,7.1,9
25/08/2023,00:00,169,0.7,58.7,0.6,16.5,67.7,0.0,1022,18.5,9.0,13
25/08/2023,01:00,180,0.5,68.3,0.5,16.1,68.0,0.0,1021,18.1,8.8,13
25/08/2023,02:00,166,0.4,81.0,0.5,15.6,69.6,0.0,1021,17.5,8.0,12
25/08/2023,03:00,151,0.3,67.9,0.3,15.7,69.7,0.0,1021,16.3,7.8,11
25/08/2023,04:00,174,0.3,75.9,0.4,15.4,70.8,0.0,1021,17.0,7.8,10
25/08/2023,05:00,165,0.4,72.0,0.4,15.4,70.2,0.0,1021,17.5,7.4,10
25/08/2023,06:00,162,0.4,69.3,0.4,15.5,68.8,0.0,1022,16.0,8.3,13
25/08/2023,07:00,159,0.3,74.6,0.4,16.5,64.3,0.0,1022,19.5,9.7,17
25/08/2023,08:00,164,0.6,64.1,0.6,17.8,58.7,0.0,1023,24.0,9.6,15
25/08/2023,09:00,161,0.8,56.7,0.6,19.7,52.7,0.0,1022,25.9,9.3,14
25/08/2023,10:00,132,1.1,41.0,0.7,21.2,47.7,0.0,1022,21.4,7.2,10
25/08/2023,11:00,129,0.8,40.6,0.6,22.1,45.2,0.0,1021,20.3,7.2,9
25/08/2023,12:00,22,0.3,52.9,0.4,23.3,41.2,0.0,1020,18.3,7.1,10
25/08/2023,13:00,333,1.3,31.4,0.7,23.0,43.2,0.0,1019,23.5,7.9,11
25/08/2023,14:00,351,1.4,34.1,0.8,22.9,45.1,0.0,1019,20.2,7.5,10
25/08/2023,15:00,357,1.5,35.7,0.8,22.3,46.2,0.0,1019,19.6,7.3,10
25/08/2023,16:00,44,1.1,43.7,0.6,21.4,49.8,0.0,1019,18.1,7.4,10
25/08/2023,17:00,71,1.1,39.4,0.6,20.2,52.8,0.0,1020,18.2,7.4,10
25/08/2023,18:00,61,0.6,41.8,0.3,19.5,55.1,0.0,1020,15.9,6.8,9
25/08/2023,19:00,79,0.7,27.1,0.3,18.9,56.8,0.0,1021,16.8,7.0,9
25/08/2023,20:00,83,0.6,37.3,0.3,18.5,56.8,0.0,1022,16.5,7.5,11
25/08/2023,21:00,91,0.5,36.4,0.2,17.9,58.0,0.0,1022,16.9,8.0,12
25/08/2023,22:00,147,0.5,41.1,0.3,17.6,60.4,0.0,1022,15.9,7.3,11
25/08/2023,23:00,162,0.5,53.9,0.3,17.1,61.6,0.0,1022,18.2,8.9,15
26/08/2023,00:00,180,0.7,43.4,0.5,16.2,63.9,0.0,1022,18.9,9.8,17
26/08/2023,01:00,178,0.6,54.1,0.5,15.4,66.4,0.0,1022,18.0,9.3,17
26/08/2023,02:00,168,0.5,69.6,0.4,14.9,67.3,0.0,1022,20.4,11.2,21
26/08/2023,03:00,178,0.2,82.3,0.3,14.7,68.9,0.0,1021,19.0,10.2,19
26/08/2023,04:00,161,0.3,78.8,0.4,14.5,70.3,0.0,1021,16.6,9.2,16
26/08/2023,05:00,159,0.2,76.9,0.3,14.5,69.4,0.0,1022,15.9,8.4,14
26/08/2023,06:00,170,0.6,51.7,0.3,13.8,72.6,0.0,1022,16.3,8.4,14
26/08/2023,07:00,163,0.6,56.5,0.5,15.3,66.3,0.0,1023,17.1,8.6,15
26/08/2023,08:00,164,0.7,54.4,0.5,16.3,62.3,0.0,1023,16.4,7.7,13
26/08/2023,09:00,162,0.7,57.7,0.5,17.9,57.1,0.0,1023,19.1,7.9,13
26/08/2023,10:00,162,0.5,62.6,0.4,20.0,49.9,0.0,1023,18.6,7.2,11
26/08/2023,11:00,142,1.1,41.6,0.6,21.3,49.0,0.0,1022,18.2,6.3,9
26/08/2023,12:00,84,0.6,53.0,0.6,22.3,45.2,0.0,1021,15.2,5.7,8
26/08/2023,13:00,62,1.1,41.2,0.6,22.4,42.8,0.0,1020,14.3,5.6,7
26/08/2023,14:00,69,1.2,44.3,0.8,22.4,41.2,0.0,1020,12.5,5.4,7
26/08/2023,15:00,59,1.3,41.1,0.7,22.3,41.4,0.0,1020,12.3,5.4,6
26/08/2023,16:00,79,1.3,42.4,0.8,21.4,49.4,0.0,1020,12.6,5.4,7
26/08/2023,17:00,73,1.2,41.1,0.7,20.1,59.4,0.0,1020,13.4,5.1,6
26/08/2023,18:00,54,0.7,48.9,0.5,19.2,64.9,0.0,1021,13.6,5.2,6
26/08/2023,19:00,45,0.4,51.5,0.3,18.8,66.6,0.0,1022,13.1,5.3,6
26/08/2023,20:00,100,0.5,39.1,0.2,18.6,67.9,0.0,1022,14.2,6.2,9
26/08/2023,21:00,124,0.7,28.9,0.3,18.2,68.1,0.0,1022,13.9,6.6,10
26/08/2023,22:00,100,0.3,45.7,0.2,17.8,67.8,0.0,1022,16.9,9.3,18
26/08/2023,23:00,168,0.4,62.7,0.3,17.4,68.4,0.0,1022,17.4,9.7,18
27/08/2023,00:00,173,0.3,71.1,0.3,16.7,68.2,0.0,1022,15.0,8.3,15
27/08/2023,01:00,167,0.3,71.6,0.3,16.3,67.4,0.0,1022,15.0,8.5,15
27/08/2023,02:00,177,0.3,81.7,0.4,16.0,68.0,0.0,1021,13.9,8.0,14
27/08/2023,03:00,170,0.3,82.9,0.4,15.9,67.6,0.0,1021,12.9,7.2,13
27/08/2023,04:00,186,0.3,72.5,0.4,15.5,68.4,0.0,1021,13.7,7.3,12
27/08/2023,05:00,173,0.3,73.0,0.4,15.4,68.4,0.0,1022,14.2,7.7,13
27/08/2023,06:00,167,0.3,80.3,0.4,15.6,67.9,0.0,1022,13.3,7.3,12
27/08/2023,07:00,165,0.4,74.5,0.4,16.7,63.3,0.0,1023,13.8,7.0,11
27/08/2023,08:00,157,0.8,53.5,0.6,18.0,58.0,0.0,1023,13.5,6.7,10
27/08/2023,09:00,155,0.6,58.1,0.5,20.3,51.3,0.0,1023,13.8,6.1,9
27/08/2023,10:00,157,1.1,44.7,0.6,21.5,48.1,0.0,1022,12.5,5.6,8
27/08/2023,11:00,124,0.6,52.2,0.6,22.4,43.9,0.0,1021,12.3,5.2,7
27/08/2023,12:00,18,1.1,39.2,0.6,23.2,42.1,0.0,1020,11.2,4.4,5
27/08/2023,13:00,58,1.1,44.3,0.7,23.0,43.3,0.0,1020,11.4,4.5,5
27/08/2023,14:00,54,1.0,44.0,0.6,22.7,43.2,0.0,1019,10.6,4.5,5
27/08/2023,15:00,66,1.3,40.5,0.8,22.2,45.9,0.0,1019,11.0,4.6,6
27/08/2023,16:00,83,1.3,38.4,0.7,21.4,52.8,0.0,1020,12.5,5.0,6
27/08/2023,17:00,83,1.1,37.8,0.6,20.5,60.0,0.0,1020,13.7,5.8,8
27/08/2023,18:00,60,0.7,42.1,0.3,19.8,64.0,0.0,1021,14.6,6.6,9
27/08/2023,19:00,61,0.5,43.9,0.2,19.4,66.1,0.0,1021,14.6,6.7,10
27/08/2023,20:00,125,0.5,34.4,0.2,18.9,66.5,0.0,1022,15.9,6.8,11
27/08/2023,21:00,159,0.5,38.7,0.3,18.4,67.3,0.0,1022,14.6,6.6,11
27/08/2023,22:00,159,0.4,54.5,0.2,17.9,69.7,0.0,1021,17.7,7.7,13
27/08/2023,23:00,168,0.4,57.7,0.4,17.4,71.3,0.0,1021,15.9,7.8,14
28/08/2023,00:00,175,0.7,45.5,0.5,17.0,71.8,0.0,1021,15.4,7.1,13
28/08/2023,01:00,173,0.8,49.1,0.5,16.4,71.4,0.0,1020,14.2,7.6,15
28/08/2023,02:00,174,0.3,80.0,0.4,16.1,71.9,0.0,1020,14.1,7.0,13
28/08/2023,03:00,168,0.5,59.2,0.4,15.6,75.3,0.0,1020,13.5,7.1,12
28/08/2023,04:00,168,0.5,69.3,0.5,15.3,75.0,0.0,1020,15.0,7.5,14
28/08/2023,05:00,185,0.3,80.1,0.4,15.3,74.5,0.0,1020,13.1,6.7,12
28/08/2023,06:00,166,0.4,65.9,0.4,15.4,73.3,0.0,1020,15.2,6.9,12
28/08/2023,07:00,168,0.6,64.7,0.5,16.7,67.0,0.0,1021,16.0,7.0,13
28/08/2023,08:00,158,0.6,58.0,0.5,18.3,59.9,0.0,1021,23.4,8.0,14
28/08/2023,09:00,156,1.0,54.9,0.6,20.3,50.2,0.0,1021,25.6,7.7,13
28/08/2023,10:00,131,1.0,46.0,0.6,21.6,42.9,0.0,1020,15.1,5.8,9
28/08/2023,11:00,357,0.5,40.6,0.6,23.0,37.6,0.0,1020,14.9,4.8,8
28/08/2023,12:00,48,0.6,55.1,0.5,22.8,38.9,0.0,1018,12.8,4.7,7
28/08/2023,13:00,1,1.3,37.7,0.8,23.2,40.8,0.0,1018,14.8,4.7,6
28/08/2023,14:00,357,1.5,37.6,0.9,22.9,42.5,0.0,1017,14.8,4.7,6
28/08/2023,15:00,8,1.4,37.0,0.8,22.0,48.0,0.0,1017,11.5,4.3,6
28/08/2023,16:00,15,1.2,38.3,0.7,21.0,54.8,0.0,1017,11.9,4.7,6
28/08/2023,17:00,23,1.0,40.2,0.6,20.2,59.9,0.0,1018,11.9,4.9,7
28/08/2023,18:00,39,0.6,40.1,0.3,19.7,61.3,0.0,1018,12.4,5.1,8
28/08/2023,19:00,59,0.4,51.4,0.2,19.2,64.4,0.0,1019,12.5,5.7,10
28/08/2023,20:00,115,0.4,36.8,0.2,18.8,66.1,0.0,1020,13.0,6.4,12
28/08/2023,21:00,148,0.2,57.6,0.2,18.5,65.9,0.0,1020,15.7,7.2,14
28/08/2023,22:00,84,0.7,35.6,0.4,18.3,63.3,0.0,1019,14.2,6.5,12
28/08/2023,23:00,100,0.4,32.6,0.2,17.7,62.1,0.0,1019,10.5,4.3,7
29/08/2023,00:00,111,0.4,35.3,0.2,17.1,62.5,0.0,1019,8.2,3.9,6
29/08/2023,01:00,154,0.3,61.0,0.3,16.8,64.3,0.0,1018,10.1,4.2,7
29/08/2023,02:00,155,0.4,70.8,0.3,16.2,68.1,0.0,1017,13.7,5.8,10
29/08/2023,03:00,155,0.2,78.7,0.2,15.6,72.0,0.0,1017,14.0,6.7,14
29/08/2023,04:00,160,0.4,67.0,0.4,15.0,75.4,0.0,1017,17.3,8.9,19
29/08/2023,05:00,164,0.3,73.7,0.4,14.6,76.5,0.0,1017,17.7,9.8,22
29/08/2023,06:00,162,0.3,81.4,0.4,14.7,75.5,0.0,1018,16.9,8.7,20
29/08/2023,07:00,160,0.4,76.9,0.4,15.8,69.1,0.0,1018,20.0,8.8,19
29/08/2023,08:00,162,0.9,40.7,0.5,17.8,60.3,0.0,1019,29.1,9.3,20
29/08/2023,09:00,152,0.5,68.2,0.5,19.4,54.3,0.0,1019,23.3,7.3,14
29/08/2023,10:00,156,0.3,64.6,0.4,21.2,48.0,0.0,1018,,,
29/08/2023,11:00,358,0.5,52.5,0.4,22.8,44.4,0.0,1017,13.1,4.7,7
29/08/2023,12:00,356,0.6,50.2,0.5,23.4,41.5,0.0,1016,14.4,5.9,10
29/08/2023,13:00,342,0.7,41.0,0.5,23.1,43.4,0.0,1014,15.4,6.2,11
29/08/2023,14:00,325,1.7,17.9,0.7,21.4,54.9,0.2,1014,17.3,6.2,10
29/08/2023,15:00,345,1.4,32.3,0.7,22.0,48.1,0.0,1014,11.8,4.6,7
29/08/2023,16:00,337,1.7,24.2,0.7,21.2,50.9,0.0,1014,12.1,4.5,6
29/08/2023,17:00,336,1.8,23.0,0.7,20.2,60.4,0.0,1014,12.6,4.4,6
29/08/2023,18:00,340,1.2,28.6,0.6,19.8,66.3,0.0,1015,11.8,5.0,7
29/08/2023,19:00,332,1.5,26.3,0.6,19.5,68.6,0.0,1015,12.4,5.5,9
29/08/2023,20:00,339,1.2,23.7,0.5,19.4,66.3,0.0,1016,10.9,5.0,8
29/08/2023,21:00,345,0.8,33.7,0.4,19.2,67.1,0.0,1016,12.0,4.6,7
29/08/2023,22:00,330,0.3,58.9,0.3,18.8,70.6,0.0,1015,11.8,5.1,8
29/08/2023,23:00,310,0.3,54.5,0.2,18.4,72.0,0.0,1015,12.1,5.3,8
30/08/2023,00:00,93,0.2,61.6,0.1,18.1,73.7,0.0,1015,11.0,5.0,8
30/08/2023,01:00,132,0.3,48.2,0.2,17.9,74.3,0.0,1014,14.3,6.0,10
30/08/2023,02:00,145,0.2,72.9,0.2,17.2,75.2,0.0,1014,13.9,6.3,12
30/08/2023,03:00,169,0.5,51.4,0.3,16.0,78.8,0.0,1014,11.5,5.7,10
30/08/2023,04:00,163,0.8,33.1,0.4,15.4,79.1,0.0,1013,13.3,6.4,11
30/08/2023,05:00,141,0.3,69.5,0.3,15.4,77.9,0.0,1014,13.4,6.7,12
30/08/2023,06:00,166,0.2,67.1,0.3,15.5,77.9,0.0,1014,14.7,6.8,14
30/08/2023,07:00,152,0.6,54.6,0.3,17.0,71.5,0.0,1014,15.4,7.0,14
30/08/2023,08:00,152,0.8,42.5,0.4,18.5,65.9,0.0,1014,21.3,8.1,17
30/08/2023,09:00,159,0.4,68.4,0.3,20.8,57.6,0.0,1015,21.8,7.8,15
30/08/2023,10:00,28,0.3,74.2,0.4,22.6,50.9,0.0,1014,14.1,5.6,9
30/08/2023,11:00,355,0.6,61.2,0.6,23.3,46.0,0.0,1013,13.8,5.0,7
30/08/2023,12:00,351,1.2,42.4,0.7,23.8,46.9,0.0,1012,15.0,5.4,8
30/08/2023,13:00,6,1.1,38.1,0.6,20.9,65.1,8.3,1011,23.4,7.6,10
30/08/2023,14:00,335,2.2,24.0,0.9,21.3,57.0,0.0,1010,11.5,4.5,6
30/08/2023,15:00,331,2.2,23.5,0.9,21.1,53.3,0.0,1010,8.9,3.8,5
30/08/2023,16:00,333,2.2,22.0,0.8,20.6,61.9,0.0,1010,9.1,3.9,5
30/08/2023,17:00,351,1.1,41.8,0.8,20.0,69.7,0.6,1011,10.6,4.3,6
30/08/2023,18:00,116,0.9,30.6,0.5,19.1,75.0,0.0,1011,11.5,4.9,8
30/08/2023,19:00,29,0.7,41.6,0.5,19.2,75.4,0.0,1011,10.6,4.7,8
30/08/2023,20:00,331,0.8,42.3,0.4,19.2,74.5,0.0,1013,12.8,5.6,11
30/08/2023,21:00,305,0.1,89.5,0.2,17.8,71.7,0.0,1013,11.6,5.5,11
30/08/2023,22:00,52,0.2,52.5,0.3,17.5,69.9,0.3,1013,11.4,5.4,10
30/08/2023,23:00,166,0.4,55.8,0.3,16.7,73.6,0.0,1012,11.9,5.4,9
31/08/2023,00:00,163,0.4,71.7,0.3,16.3,75.3,0.0,1013,12.4,5.7,10
31/08/2023,01:00,130,0.3,65.8,0.3,16.4,74.8,0.0,1012,11.0,5.4,10
31/08/2023,02:00,152,0.6,33.1,0.2,15.9,76.2,0.0,1012,10.6,5.0,9
31/08/2023,03:00,167,0.1,73.9,0.2,16.0,76.5,0.0,1011,10.2,5.0,9
31/08/2023,04:00,184,0.2,61.1,0.2,15.7,77.7,0.0,1011,10.3,5.3,10
31/08/2023,05:00,138,0.3,63.4,0.3,15.2,79.2,0.0,1012,10.5,5.5,10
31/08/2023,06:00,165,0.3,85.8,0.3,14.9,80.4,0.0,1012,14.8,7.2,17
31/08/2023,07:00,152,0.2,78.3,0.3,16.7,72.0,0.0,1013,17.0,8.7,22
31/08/2023,08:00,140,0.2,81.2,0.3,18.8,61.2,0.0,1013,12.6,6.0,13
31/08/2023,09:00,155,0.9,42.6,0.5,19.6,55.1,0.0,1013,10.3,5.0,9
31/08/2023,10:00,97,0.4,50.8,0.3,21.2,48.6,0.0,1012,10.7,5.0,9
31/08/2023,11:00,17,0.5,59.0,0.4,22.9,43.6,0.0,1012,11.9,5.6,11
31/08/2023,12:00,9,1.1,38.9,0.6,23.8,43.6,0.0,1010,16.0,6.2,12
31/08/2023,13:00,8,1.1,34.7,0.6,24.0,43.5,0.0,1010,13.6,5.6,11
31/08/2023,14:00,340,1.5,29.3,0.7,24.1,43.7,0.0,1009,14.7,5.8,11
31/08/2023,15:00,333,2.2,20.4,0.8,22.9,46.7,0.0,1009,11.3,5.8,12
31/08/2023,16:00,339,1.9,22.1,0.7,21.7,52.0,0.0,1009,12.2,5.2,10
31/08/2023,17:00,341,1.5,25.5,0.7,21.1,56.0,0.0,1009,11.4,5.4,10
31/08/2023,18:00,347,1.0,33.6,0.5,20.4,63.7,0.0,1010,12.7,6.5,14
31/08/2023,19:00,350,1.1,39.8,0.6,20.3,65.3,0.0,1011,12.2,6.2,13
31/08/2023,20:00,341,1.2,29.7,0.5,19.8,68.7,0.0,1011,13.3,6.9,15
31/08/2023,21:00,339,1.4,19.0,0.6,19.4,68.7,0.0,1011,12.9,5.8,11
31/08/2023,22:00,332,0.7,50.0,0.4,19.1,70.5,0.0,1011,11.1,4.9,8
31/08/2023,23:00,105,0.0,75.3,0.2,18.6,72.6,0.0,1011,11.2,4.9,8
01/09/2023,00:00,7,0.3,55.9,0.2,18.2,73.7,0.0,1011,10.5,5.0,9
01/09/2023,01:00,249,0.0,74.2,0.2,17.4,75.6,0.0,1011,11.2,5.7,11
01/09/2023,02:00,155,0.2,78.8,0.3,16.8,75.8,0.0,1011,12.1,6.5,13
01/09/2023,03:00,149,0.3,75.0,0.3,16.4,75.0,0.0,1011,11.3,6.5,14
01/09/2023,04:00,165,0.1,84.7,0.2,16.1,75.5,0.0,1011,13.6,6.7,14
01/09/2023,05:00,167,0.2,80.9,0.2,15.7,75.9,0.0,1012,12.8,6.9,15
01/09/2023,06:00,159,0.4,52.4,0.3,15.8,76.1,0.0,1012,14.3,7.6,17
01/09/2023,07:00,156,0.4,67.9,0.3,17.5,68.8,0.0,1012,16.8,8.5,20
01/09/2023,08:00,127,0.1,88.7,0.3,20.1,57.5,0.0,1013,16.4,7.8,18
01/09/2023,09:00,122,0.1,87.9,0.3,22.5,46.5,0.0,1012,18.9,7.3,16
01/09/2023,10:00,154,0.7,60.0,0.5,24.3,37.0,0.0,1012,16.5,6.8,14
01/09/2023,11:00,159,0.8,60.4,0.6,25.6,30.1,0.0,1011,15.8,6.2,12
01/09/2023,12:00,146,0.3,84.0,0.4,27.4,23.2,0.0,1010,14.3,5.6,10
01/09/2023,13:00,293,0.2,75.9,0.5,28.0,22.3,0.0,1009,18.5,5.6,11
01/09/2023,14:00,342,0.9,45.4,0.6,27.0,33.1,0.0,1009,31.2,8.1,15
01/09/2023,15:00,12,1.3,33.2,0.7,24.6,43.6,0.0,1009,22.6,8.2,17
01/09/2023,16:00,2,1.2,31.4,0.6,23.1,56.3,0.0,1010,17.7,8.1,17
01/09/2023,17:00,44,1.0,37.8,0.5,22.0,61.4,0.0,1010,14.8,7.3,14
01/09/2023,18:00,33,0.6,41.8,0.4,20.8,67.6,0.0,1012,13.7,7.0,15
01/09/2023,19:00,346,0.6,40.6,0.3,20.3,71.2,0.0,1013,17.9,10.1,24
01/09/2023,20:00,21,0.5,46.0,0.3,20.3,72.3,0.0,1014,17.1,9.0,20
01/09/2023,21:00,57,0.6,45.4,0.4,20.3,70.6,0.0,1014,16.0,8.4,18
01/09/2023,22:00,94,1.1,39.6,0.6,19.7,66.0,0.0,1015,19.3,8.8,16
01/09/2023,23:00,128,1.0,45.7,0.6,19.1,61.8,0.0,1015,19.7,9.2,15
02/09/2023,00:00,126,1.1,37.0,0.6,18.7,61.3,0.0,1015,19.2,8.8,13
02/09/2023,01:00,122,1.1,34.0,0.6,18.4,60.2,0.0,1015,20.0,8.1,8
02/09/2023,02:00,126,0.9,38.9,0.5,18.1,61.1,0.0,1015,21.3,8.4,8
02/09/2023,03:00,113,0.8,41.9,0.5,17.9,61.7,0.0,1015,23.4,8.7,7
02/09/2023,04:00,115,0.7,36.1,0.4,17.7,61.6,0.0,1016,23.3,8.9,8
02/09/2023,05:00,81,0.5,37.3,0.3,17.6,61.4,0.0,1016,22.5,8.7,8
02/09/2023,06:00,150,0.6,47.7,0.3,17.3,65.0,0.0,1017,21.6,8.6,10
02/09/2023,07:00,146,0.3,72.0,0.4,18.1,60.1,0.0,1018,21.8,8.2,9
02/09/2023,08:00,120,0.9,41.6,0.6,19.0,53.8,0.0,1018,21.7,8.2,8
02/09/2023,09:00,121,0.6,44.6,0.5,20.1,49.7,0.0,1018,23.0,7.9,8
02/09/2023,10:00,8,0.7,50.0,0.5,21.2,46.9,0.0,1018,22.6,7.8,8
02/09/2023,11:00,11,0.7,40.6,0.5,21.3,47.1,0.0,1016,22.0,7.8,7
02/09/2023,12:00,8,1.0,43.3,0.7,21.4,48.9,0.0,1016,21.0,7.7,8
02/09/2023,13:00,351,1.4,36.3,0.7,21.6,48.8,0.0,1015,22.4,7.7,8
02/09/2023,14:00,3,1.2,42.3,0.7,21.6,49.7,0.0,1014,24.2,7.7,7
02/09/2023,15:00,349,1.5,32.2,0.7,20.9,53.7,0.0,1014,23.2,7.7,7
02/09/2023,16:00,345,1.9,28.1,0.8,20.0,56.8,0.0,1014,25.0,7.7,7
02/09/2023,17:00,355,1.2,36.1,0.7,19.4,62.2,0.1,1015,22.8,7.7,8
02/09/2023,18:00,14,0.8,42.7,0.5,19.1,64.6,0.0,1015,20.5,8.2,11
02/09/2023,19:00,53,0.7,35.9,0.3,18.7,66.8,0.0,1016,23.2,9.7,15
02/09/2023,20:00,50,0.6,44.2,0.3,18.8,66.4,0.0,1016,23.4,9.3,14
02/09/2023,21:00,47,0.6,35.4,0.3,18.9,65.3,0.0,1017,24.0,8.8,12
02/09/2023,22:00,59,0.5,54.9,0.3,19.2,64.5,0.0,1016,22.0,8.5,11
02/09/2023,23:00,76,0.5,31.2,0.2,19.0,64.6,0.0,1017,21.6,8.8,12
03/09/2023,00:00,117,0.6,23.0,0.2,18.7,65.2,0.0,1016,19.1,8.4,11
03/09/2023,01:00,138,0.6,29.7,0.3,18.3,66.3,0.0,1016,21.2,9.0,12
03/09/2023,02:00,145,0.6,20.1,0.2,17.8,67.7,0.0,1016,22.9,9.7,14
03/09/2023,03:00,157,0.3,50.9,0.2,17.4,68.4,0.0,1016,22.2,10.1,16
03/09/2023,04:00,149,0.4,47.2,0.2,17.2,67.8,0.0,1016,22.0,10.6,18
03/09/2023,05:00,152,0.2,70.5,0.2,17.3,66.1,0.0,1016,21.5,10.1,16
03/09/2023,06:00,146,0.3,75.2,0.3,17.2,65.4,0.0,1017,19.3,9.4,15
03/09/2023,07:00,133,0.3,82.6,0.3,18.7,59.4,0.0,1017,19.5,8.4,13
03/09/2023,08:00,138,0.2,68.1,0.2,19.5,57.1,0.0,1018,20.7,8.4,12
03/09/2023,09:00,105,0.3,54.3,0.3,21.2,53.1,0.0,1018,20.7,8.0,11
03/09/2023,10:00,26,0.6,53.0,0.5,22.2,51.9,0.0,1017,19.9,7.6,9
03/09/2023,11:00,16,0.8,43.1,0.6,22.7,50.8,0.0,1016,19.6,8.0,10
03/09/2023,12:00,342,1.2,36.4,0.7,23.3,50.2,0.0,1015,21.1,8.0,10
03/09/2023,13:00,342,1.5,32.4,0.7,23.3,51.3,0.0,1014,20.8,7.9,10
03/09/2023,14:00,353,1.5,37.7,0.8,23.1,53.4,0.0,1013,20.6,7.4,9
03/09/2023,15:00,339,2.0,24.4,0.8,22.3,56.2,0.0,1013,19.6,6.9,8
03/09/2023,16:00,336,2.1,25.7,0.9,21.5,61.1,0.0,1013,17.7,6.6,8
03/09/2023,17:00,344,1.7,29.2,0.8,20.8,66.7,0.0,1013,17.4,7.0,9
03/09/2023,18:00,339,1.6,25.6,0.7,20.4,70.1,0.0,1014,20.4,8.4,13
03/09/2023,19:00,342,1.1,31.5,0.5,20.4,72.2,0.0,1014,19.7,8.7,15
03/09/2023,20:00,341,1.0,26.3,0.5,20.5,72.2,0.0,1014,19.2,8.6,15
03/09/2023,21:00,341,0.7,43.2,0.4,20.5,71.5,0.0,1014,19.0,8.3,13
03/09/2023,22:00,349,0.5,54.2,0.3,20.6,71.0,0.0,1015,18.5,7.7,11
03/09/2023,23:00,338,0.6,43.8,0.3,20.3,72.2,0.0,1014,18.8,7.7,10
04/09/2023,00:00,334,0.8,33.1,0.4,20.1,72.2,0.0,1014,18.1,7.8,11
04/09/2023,01:00,321,0.8,43.2,0.4,19.6,73.1,0.0,1014,18.3,7.6,9
04/09/2023,02:00,326,1.1,27.4,0.4,19.2,74.1,0.0,1014,18.2,7.8,10
04/09/2023,03:00,340,0.5,70.0,0.4,18.9,74.9,0.0,1013,18.9,8.0,10
04/09/2023,04:00,19,0.2,54.7,0.3,18.7,75.7,0.0,1013,18.3,8.5,12
04/09/2023,05:00,134,0.3,54.6,0.2,18.8,76.4,1.7,1014,19.8,9.5,16
04/09/2023,06:00,146,0.6,49.2,0.4,18.3,81.8,0.0,1015,20.6,9.6,17
04/09/2023,07:00,148,0.8,38.8,0.4,17.7,79.7,0.0,1016,9.3,4.4,7
04/09/2023,08:00,139,0.7,34.9,0.3,19.3,71.5,0.0,1016,10.2,4.3,8
04/09/2023,09:00,28,0.4,48.6,0.3,21.0,66.1,0.0,1016,11.1,5.1,9
04/09/2023,10:00,5,0.4,45.9,0.3,22.1,63.1,0.0,1015,18.1,7.2,12
04/09/2023,11:00,5,0.6,41.2,0.3,22.4,61.0,0.0,1015,21.3,9.0,17
04/09/2023,12:00,357,1.0,34.9,0.5,23.1,60.0,1.5,1014,22.1,8.8,16
04/09/2023,13:00,331,2.0,19.2,0.7,20.4,75.8,0.5,1012,20.1,9.1,17
04/09/2023,14:00,331,1.6,30.7,0.8,20.8,72.2,0.0,1012,15.0,7.1,12
04/09/2023,15:00,320,1.8,29.6,0.9,22.0,66.4,0.0,1012,17.7,7.5,12
04/09/2023,16:00,316,2.1,20.7,1.0,21.6,69.3,0.0,1012,15.7,7.2,11
04/09/2023,17:00,320,2.4,23.0,1.0,21.1,64.3,0.0,1012,12.4,6.1,11
04/09/2023,18:00,321,1.6,24.5,0.7,20.5,72.3,0.0,1013,17.1,8.0,15
04/09/2023,19:00,327,1.6,30.3,0.7,20.2,75.8,0.0,1013,20.3,9.4,19
04/09/2023,20:00,319,1.9,27.6,0.8,20.0,75.9,0.0,1014,18.9,8.4,15
04/09/2023,21:00,321,1.7,16.8,0.6,19.5,77.0,0.0,1013,19.4,8.8,16
04/09/2023,22:00,326,1.4,30.1,0.7,19.2,76.6,0.0,1013,17.6,7.5,13
04/09/2023,23:00,353,0.2,84.5,0.3,18.8,77.4,0.0,1013,15.5,7.3,13
05/09/2023,00:00,321,0.4,61.7,0.4,18.6,76.9,0.0,1013,15.4,7.1,13
05/09/2023,01:00,336,0.2,75.9,0.2,18.3,78.0,0.0,1013,15.1,7.4,12
05/09/2023,02:00,336,0.4,41.6,0.2,18.0,79.0,0.0,1012,13.8,6.9,12
05/09/2023,03:00,161,0.2,70.1,0.2,17.5,80.5,0.0,1012,13.9,6.9,13
05/09/2023,04:00,90,0.5,34.9,0.2,16.9,82.7,0.0,1012,14.0,7.1,13
05/09/2023,05:00,149,0.3,39.1,0.2,16.6,84.1,0.0,1013,15.3,7.8,15
05/09/2023,06:00,131,0.1,86.8,0.2,17.0,81.9,0.0,1013,15.9,7.9,17
05/09/2023,07:00,351,0.3,65.1,0.3,18.9,72.6,0.0,1014,20.2,9.1,21
05/09/2023,08:00,138,0.4,62.3,0.3,21.2,61.5,0.0,1014,18.2,7.7,17
05/09/2023,09:00,358,0.4,56.7,0.5,22.3,55.6,0.0,1014,16.7,7.4,14
05/09/2023,10:00,2,0.6,55.5,0.5,24.3,48.3,0.0,1014,13.7,6.2,11
05/09/2023,11:00,348,0.8,52.6,0.6,26.1,44.6,0.0,1013,16.0,6.6,12
05/09/2023,12:00,353,1.4,34.4,0.7,26.3,48.2,0.0,1012,18.6,7.3,14
05/09/2023,13:00,352,1.8,30.7,0.8,26.0,52.4,0.0,1011,20.1,7.5,14
05/09/2023,14:00,335,2.8,21.8,1.0,25.4,55.1,0.0,1010,21.5,7.8,13
05/09/2023,15:00,337,2.7,23.2,1.0,24.5,59.0,0.0,1010,20.8,7.8,13
05/09/2023,16:00,334,2.2,18.5,0.8,23.8,60.7,0.0,1010,21.1,7.9,12
05/09/2023,17:00,332,2.0,20.8,0.7,23.4,59.9,0.0,1011,21.6,8.1,13
05/09/2023,18:00,330,2.0,15.2,0.6,22.9,59.4,0.0,1012,26.0,9.4,18
05/09/2023,19:00,333,1.8,15.1,0.6,22.5,58.8,0.0,1012,24.7,9.3,18
05/09/2023,20:00,334,1.5,13.1,0.5,22.1,59.2,0.0,1013,21.0,8.9,17
05/09/2023,21:00,333,1.6,13.9,0.5,21.6,60.9,0.0,1013,18.7,7.4,13
05/09/2023,22:00,331,0.6,45.4,0.5,21.2,62.3,4.7,1014,17.7,6.1,9
05/09/2023,23:00,167,0.4,74.2,0.4,19.7,69.3,0.9,1015,16.2,7.9,15
06/09/2023,00:00,159,0.5,64.2,0.5,18.6,72.5,0.0,1016,11.8,6.4,13
06/09/2023,01:00,323,0.5,50.1,0.7,18.8,69.3,0.1,1015,11.0,5.8,11
06/09/2023,02:00,181,0.2,76.6,0.3,19.0,68.2,0.0,1015,10.7,6.4,13
06/09/2023,03:00,157,0.2,67.5,0.3,18.5,72.9,0.0,1015,11.3,6.3,13
06/09/2023,04:00,114,0.4,40.3,0.3,18.2,72.9,0.0,1015,13.3,6.6,14
06/09/2023,05:00,97,0.4,36.7,0.2,17.8,76.2,0.0,1016,12.7,6.6,14
06/09/2023,06:00,117,0.5,43.1,0.3,18.0,74.4,0.0,1017,13.3,7.3,17
06/09/2023,07:00,143,0.6,32.2,0.3,18.7,70.1,0.0,1017,15.3,7.9,20
06/09/2023,08:00,148,0.5,50.5,0.3,20.5,61.5,0.0,1018,15.9,8.3,20
06/09/2023,09:00,29,0.4,41.6,0.4,22.9,52.9,0.0,1018,15.5,7.7,18
06/09/2023,10:00,346,1.6,33.3,0.7,24.5,44.1,0.0,1018,13.4,6.7,13
06/09/2023,11:00,355,1.3,41.4,0.7,25.3,40.7,0.0,1017,13.8,6.9,13
06/09/2023,12:00,26,1.1,40.6,0.7,25.4,41.1,0.0,1017,16.3,7.1,14
06/09/2023,13:00,7,1.4,36.0,0.7,25.6,42.5,0.0,1016,16.1,7.2,14
06/09/2023,14:00,14,1.2,40.8,0.7,25.1,46.3,0.0,1016,17.3,7.9,14
06/09/2023,15:00,25,1.1,36.3,0.7,24.2,53.1,0.0,1016,26.5,10.2,16
06/09/2023,16:00,54,1.2,40.6,0.8,22.9,54.4,0.0,1017,22.7,9.5,13
06/09/2023,17:00,59,0.9,41.3,0.5,22.0,50.1,0.0,1017,20.5,7.5,8
06/09/2023,18:00,37,0.7,44.2,0.4,21.1,57.1,0.0,1018,22.2,7.9,9
06/09/2023,19:00,33,0.6,41.7,0.3,20.5,62.5,0.0,1019,22.8,8.9,13
06/09/2023,20:00,29,0.5,47.8,0.3,20.0,67.8,0.0,1019,23.2,9.3,14
06/09/2023,21:00,353,0.4,53.2,0.3,19.7,72.0,0.0,1020,27.2,10.1,14
06/09/2023,22:00,63,0.4,32.7,0.2,19.6,74.4,0.0,1020,25.2,9.6,12
06/09/2023,23:00,77,0.5,32.8,0.2,19.2,75.6,0.0,1020,25.5,8.9,11
07/09/2023,00:00,81,0.5,25.0,0.2,18.7,75.5,0.0,1019,24.4,9.3,12
07/09/2023,01:00,145,0.2,57.0,0.2,18.7,74.9,0.0,1019,22.1,8.7,10
07/09/2023,02:00,157,0.4,61.6,0.3,18.5,74.6,0.0,1019,21.8,8.6,12
07/09/2023,03:00,162,0.5,47.7,0.3,18.2,73.8,0.0,1019,23.2,9.3,14
07/09/2023,04:00,167,0.4,51.5,0.3,17.7,75.2,0.0,1019,24.0,9.3,14
07/09/2023,05:00,173,0.3,69.0,0.3,17.5,71.5,0.0,1019,26.4,9.4,14
07/09/2023,06:00,174,0.3,58.6,0.3,17.7,70.0,0.0,1020,27.1,9.3,15
07/09/2023,07:00,128,0.2,80.5,0.2,19.1,64.4,0.0,1020,26.1,9.5,15
07/09/2023,08:00,77,0.0,64.3,0.3,21.2,60.2,0.0,1021,27.2,9.9,17
07/09/2023,09:00,359,1.0,41.3,0.5,23.3,58.4,0.0,1021,21.8,8.2,15
07/09/2023,10:00,354,1.3,37.8,0.7,24.4,52.8,0.0,1020,16.1,6.6,12
07/09/2023,11:00,349,2.0,30.8,0.9,24.6,49.3,0.0,1019,13.6,6.0,11
07/09/2023,12:00,341,2.2,31.0,0.9,25.0,44.3,0.0,1018,13.8,5.7,10
07/09/2023,13:00,350,1.9,33.6,1.0,25.1,45.1,0.0,1018,12.0,5.5,10
07/09/2023,14:00,349,1.8,28.7,0.9,24.7,50.1,0.0,1017,12.5,5.5,10
07/09/2023,15:00,348,2.2,29.8,1.0,23.7,56.2,0.0,1017,12.6,5.3,10
07/09/2023,16:00,335,2.4,22.1,0.9,22.8,60.8,0.0,1017,13.7,5.6,11
07/09/2023,17:00,337,2.1,25.3,0.9,22.2,64.1,0.0,1018,12.9,6.0,12
07/09/2023,18:00,344,1.5,27.2,0.7,21.7,68.5,0.0,1018,15.7,7.6,18
07/09/2023,19:00,350,0.9,36.7,0.5,21.5,70.6,0.0,1019,17.1,8.5,20
07/09/2023,20:00,350,0.8,38.8,0.4,21.3,70.4,0.0,1019,15.8,7.4,17
07/09/2023,21:00,348,0.8,32.1,0.4,20.9,72.0,0.0,1019,14.4,6.8,14
07/09/2023,22:00,342,0.9,27.8,0.4,20.8,72.3,0.0,1019,15.1,6.4,13
07/09/2023,23:00,345,0.8,30.1,0.4,20.6,73.1,0.0,1019,13.0,5.8,11
08/09/2023,00:00,345,0.4,75.4,0.3,20.6,74.6,0.0,1019,12.3,5.8,11
08/09/2023,01:00,30,0.1,64.6,0.2,20.2,77.0,0.0,1018,12.6,5.9,11
08/09/2023,02:00,120,0.2,61.6,0.2,19.7,78.3,0.0,1018,13.3,6.5,14
08/09/2023,03:00,153,0.3,60.4,0.2,18.9,79.3,0.0,1018,14.6,7.5,17
08/09/2023,04:00,162,0.5,36.4,0.2,18.4,81.5,0.0,1018,15.5,7.7,19
08/09/2023,05:00,155,0.4,53.6,0.2,18.0,81.9,0.0,1018,16.0,8.1,21
08/09/2023,06:00,152,0.2,86.5,0.2,18.4,79.8,0.0,1019,20.7,9.5,27
08/09/2023,07:00,142,0.4,47.6,0.2,19.4,75.3,0.0,1020,22.4,10.2,32
08/09/2023,08:00,23,0.5,39.9,0.4,22.1,63.3,0.0,1020,21.1,9.3,22
08/09/2023,09:00,329,1.3,41.1,0.8,23.4,55.1,0.0,1020,18.1,7.0,12
08/09/2023,10:00,337,1.8,30.6,0.8,24.0,53.2,0.0,1019,16.6,6.8,11
08/09/2023,11:00,339,1.9,30.4,0.8,24.6,52.6,0.0,1018,24.0,7.7,13
08/09/2023,12:00,332,2.6,24.1,1.0,24.7,51.7,0.0,1017,19.6,7.4,12
08/09/2023,13:00,339,2.6,24.7,1.0,24.6,52.3,0.0,1016,20.3,7.0,11
08/09/2023,14:00,336,2.4,28.8,1.0,24.5,55.5,0.0,1015,18.6,7.2,11
08/09/2023,15:00,329,2.8,23.2,1.0,23.8,58.2,0.0,1015,18.6,7.2,12
08/09/2023,16:00,337,3.0,22.3,1.1,22.9,65.4,0.0,1015,19.3,7.8,12
08/09/2023,17:00,332,2.6,21.5,0.9,22.7,69.6,0.0,1016,23.0,9.0,15
08/09/2023,18:00,332,2.4,20.5,0.9,22.5,71.6,0.0,1016,27.9,11.2,20
08/09/2023,19:00,332,2.0,28.4,0.8,22.3,73.6,0.0,1017,30.3,12.0,21
08/09/2023,20:00,325,1.0,48.3,0.6,22.0,75.6,0.0,1017,27.9,11.8,23
08/09/2023,21:00,332,1.0,44.2,0.5,21.0,76.3,0.0,1017,19.8,9.5,19
08/09/2023,22:00,36,0.1,67.7,0.3,20.5,75.9,0.0,1017,11.3,5.4,12
08/09/2023,23:00,217,0.1,72.8,0.2,20.6,74.6,0.0,1018,13.1,6.2,12
09/09/2023,00:00,212,0.1,90.5,0.2,20.2,63.7,0.0,1018,14.7,6.4,12
09/09/2023,01:00,144,0.2,81.2,0.3,19.7,54.6,0.0,1018,17.8,6.3,10
09/09/2023,02:00,141,0.3,68.9,0.3,19.3,49.2,0.0,1018,15.8,5.9,9
09/09/2023,03:00,136,0.4,61.4,0.4,18.9,43.9,0.0,1018,17.0,5.1,6
09/09/2023,04:00,156,0.2,82.7,0.3,17.7,44.1,0.0,1019,14.3,4.3,5
09/09/2023,05:00,139,0.5,56.7,0.3,17.0,41.0,0.0,1020,12.2,3.8,4
09/09/2023,06:00,156,0.4,71.9,0.4,16.9,33.7,0.0,1021,10.3,3.2,3
09/09/2023,07:00,161,0.7,56.0,0.5,17.5,30.4,0.0,1022,9.0,2.8,3
09/09/2023,08:00,151,0.5,71.8,0.4,19.1,25.7,0.0,1022,9.7,3.0,4
09/09/2023,09:00,145,0.4,71.5,0.3,20.7,23.5,0.0,1022,12.6,3.4,5
09/09/2023,10:00,136,0.1,52.6,0.4,21.5,21.5,0.0,1022,12.3,3.3,4
09/09/2023,11:00,65,0.2,76.1,0.4,22.7,18.6,0.0,1021,12.7,3.8,5
09/09/2023,12:00,151,0.9,37.9,0.5,22.3,17.8,0.0,1020,9.4,2.8,4
09/09/2023,13:00,26,0.2,57.7,0.4,23.9,16.1,0.0,1018,8.4,2.8,4
09/09/2023,14:00,343,1.6,32.4,0.8,23.0,21.9,0.0,1018,17.4,7.4,15
09/09/2023,15:00,2,1.4,33.3,0.7,22.1,26.9,0.0,1018,18.9,7.5,13
09/09/2023,16:00,4,1.2,41.5,0.7,20.9,34.0,0.0,1018,14.4,5.7,8
09/09/2023,17:00,48,1.1,39.3,0.6,19.7,39.1,0.0,1018,13.7,4.9,6
09/09/2023,18:00,56,0.7,43.3,0.4,18.6,45.3,0.0,1019,16.8,6.9,10
09/09/2023,19:00,28,0.6,46.3,0.3,18.0,48.1,0.0,1020,20.8,10.0,20
09/09/2023,20:00,32,0.4,50.1,0.3,17.7,49.2,0.0,1021,21.9,11.1,21
09/09/2023,21:00,66,0.6,26.8,0.2,17.5,49.8,0.0,1021,17.1,8.2,14
09/09/2023,22:00,82,0.4,38.0,0.2,17.3,51.1,0.0,1021,16.3,6.8,10
09/09/2023,23:00,176,0.4,62.7,0.2,16.5,55.9,0.0,1021,20.0,8.6,16
10/09/2023,00:00,172,0.6,35.0,0.3,15.8,57.5,0.0,1021,20.3,9.8,18
10/09/2023,01:00,175,0.8,51.2,0.6,14.7,57.4,0.0,1021,19.2,10.8,20
10/09/2023,02:00,173,0.8,55.0,0.7,13.9,54.7,0.0,1020,15.8,9.2,17
10/09/2023,03:00,169,0.8,53.8,0.6,13.6,54.7,0.0,1020,16.1,8.4,15
10/09/2023,04:00,165,0.5,62.5,0.4,13.6,57.4,0.0,1021,16.7,8.5,15
10/09/2023,05:00,166,0.6,44.1,0.4,13.0,62.0,0.0,1021,16.2,8.6,15
10/09/2023,06:00,152,0.3,71.7,0.3,13.5,60.1,0.0,1022,15.7,7.9,14
10/09/2023,07:00,167,0.7,65.5,0.6,14.7,52.7,0.0,1023,14.3,7.6,13
10/09/2023,08:00,152,0.7,54.9,0.4,16.9,46.3,0.0,1023,15.1,7.2,13
10/09/2023,09:00,141,1.3,45.4,0.7,19.1,42.0,0.0,1023,14.5,5.7,8
10/09/2023,10:00,104,1.2,41.4,0.8,20.3,37.5,0.0,1023,13.8,5.1,6
10/09/2023,11:00,100,1.1,40.2,0.7,20.7,34.7,0.0,1022,13.1,5.2,7
10/09/2023,12:00,105,1.0,45.8,0.7,21.0,34.6,0.0,1021,14.2,5.7,8
10/09/2023,13:00,84,1.1,50.4,0.7,20.9,36.8,0.0,1021,13.7,5.8,8
10/09/2023,14:00,86,1.4,40.6,0.8,20.6,38.7,0.0,1020,14.0,5.5,7
10/09/2023,15:00,52,1.2,41.9,0.8,20.2,43.1,0.0,1020,13.4,5.5,6
10/09/2023,16:00,74,1.4,38.8,0.8,19.3,50.1,0.0,1021,14.8,5.3,5
10/09/2023,17:00,85,1.4,38.1,0.9,18.5,54.2,0.0,1022,14.4,5.2,5
10/09/2023,18:00,72,1.0,42.3,0.6,17.9,54.7,0.0,1022,14.0,5.5,5
10/09/2023,19:00,83,1.1,41.1,0.6,17.5,54.4,0.0,1022,15.4,5.9,6
10/09/2023,20:00,109,1.0,38.9,0.6,17.3,54.2,0.0,1023,16.8,6.5,6
10/09/2023,21:00,153,0.9,42.3,0.5,17.2,52.9,0.0,1023,16.7,6.5,5
10/09/2023,22:00,133,0.9,36.2,0.4,17.3,51.9,0.0,1023,17.5,6.4,6
10/09/2023,23:00,142,0.8,36.4,0.4,17.2,54.0,0.0,1023,15.8,6.2,5
11/09/2023,00:00,155,0.6,49.3,0.4,16.8,55.8,0.0,1023,17.5,6.6,6
11/09/2023,01:00,160,0.8,38.0,0.4,16.1,58.1,0.0,1022,14.9,6.0,6
11/09/2023,02:00,172,0.7,42.0,0.4,15.5,58.1,0.0,1022,15.1,5.9,6
11/09/2023,03:00,173,0.6,63.4,0.5,15.1,59.4,0.0,1022,14.5,5.3,5
11/09/2023,04:00,167,0.3,72.1,0.4,14.7,60.6,0.0,1022,13.8,5.5,5
11/09/2023,05:00,169,0.4,66.6,0.4,14.3,61.9,0.0,1023,14.5,5.7,5
11/09/2023,06:00,166,0.3,71.1,0.4,14.6,61.1,0.0,1024,15.1,5.7,6
11/09/2023,07:00,170,0.6,63.1,0.5,16.2,54.9,0.0,1024,16.5,5.5,6
11/09/2023,08:00,165,1.0,48.6,0.7,17.9,49.5,0.0,1024,17.8,5.3,7
11/09/2023,09:00,140,1.3,44.1,0.7,19.5,42.9,0.0,1024,14.0,4.0,4
11/09/2023,10:00,122,1.8,35.9,0.9,19.9,40.8,0.0,1024,17.3,4.3,4
11/09/2023,11:00,123,1.7,39.5,0.9,20.9,36.8,0.0,1024,14.6,3.7,4
11/09/2023,12:00,127,1.7,38.2,0.9,21.3,34.9,0.0,1023,12.9,3.6,4
11/09/2023,13:00,142,1.9,34.3,0.9,21.1,37.1,0.0,1022,16.7,4.4,5
11/09/2023,14:00,125,1.4,38.0,0.8,20.8,40.1,0.0,1022,14.8,4.9,6
11/09/2023,15:00,85,1.5,33.6,0.8,20.5,42.4,0.0,1022,16.7,5.0,6
11/09/2023,16:00,113,1.7,37.4,0.9,19.7,45.7,0.0,1023,19.1,4.9,6
11/09/2023,17:00,99,1.5,37.5,0.8,18.7,48.8,0.0,1023,13.4,4.3,4
11/09/2023,18:00,104,1.3,37.1,0.7,17.8,53.2,0.0,1024,15.6,4.7,5
11/09/2023,19:00,131,0.9,42.8,0.5,17.2,54.1,0.0,1025,10.4,3.8,3
11/09/2023,20:00,147,1.2,34.3,0.6,16.8,56.8,0.0,1025,10.3,4.0,4
11/09/2023,21:00,159,0.5,54.4,0.3,16.4,58.4,0.0,1025,10.4,4.2,4
11/09/2023,22:00,168,0.3,74.7,0.3,16.2,58.3,0.0,1025,13.4,5.1,6
11/09/2023,23:00,165,0.3,71.5,0.3,15.8,58.4,0.0,1025,11.5,4.6,5
12/09/2023,00:00,134,0.3,73.2,0.3,15.5,58.0,0.0,1024,10.5,4.2,4
12/09/2023,01:00,159,0.3,74.8,0.4,15.1,58.6,0.0,1024,9.8,4.0,4
12/09/2023,02:00,150,0.4,62.4,0.4,14.7,59.8,0.0,1024,10.4,3.8,3
12/09/2023,03:00,172,0.6,62.4,0.5,14.2,61.0,0.0,1023,10.4,4.0,3
12/09/2023,04:00,164,0.5,66.7,0.5,13.9,63.3,0.0,1023,9.6,4.0,3
12/09/2023,05:00,158,0.3,77.1,0.4,13.4,66.0,0.0,1024,10.2,4.4,4
12/09/2023,06:00,177,0.3,72.7,0.4,13.6,65.8,0.0,1024,12.5,5.0,6
12/09/2023,07:00,165,0.6,59.9,0.5,15.5,59.1,0.0,1025,18.3,6.5,9
12/09/2023,08:00,160,0.4,77.4,0.4,17.9,51.9,0.0,1026,20.6,7.0,10
12/09/2023,09:00,150,0.8,50.2,0.6,19.8,46.9,0.0,1026,20.8,5.9,8
12/09/2023,10:00,143,1.4,38.3,0.8,20.6,45.0,0.0,1025,13.3,4.5,5
12/09/2023,11:00,131,1.4,35.3,0.7,21.3,41.8,0.0,1024,12.4,4.0,4
12/09/2023,12:00,120,1.2,45.2,0.7,22.4,38.0,0.0,1023,12.5,3.6,4
12/09/2023,13:00,57,1.1,45.4,0.8,22.6,38.4,0.0,1022,12.5,3.3,3
12/09/2023,14:00,46,1.2,43.7,0.7,22.1,39.4,0.0,1022,11.8,2.6,3
12/09/2023,15:00,76,1.4,39.7,0.8,21.7,42.2,0.0,1022,10.1,3.2,3
12/09/2023,16:00,82,1.5,37.5,0.8,20.5,49.1,0.0,1022,10.7,4.0,3
12/09/2023,17:00,78,1.3,35.1,0.7,19.7,52.8,0.0,1023,9.6,3.5,2
12/09/2023,18:00,74,0.9,34.9,0.4,19.0,54.9,0.0,1024,9.1,3.3,3
12/09/2023,19:00,58,0.6,37.9,0.3,18.6,57.1,0.0,1024,10.8,3.9,5
12/09/2023,20:00,66,0.5,41.4,0.2,18.2,59.1,0.0,1024,10.7,4.2,5
12/09/2023,21:00,118,0.5,19.5,0.2,17.8,61.5,0.0,1024,13.2,4.2,4
12/09/2023,22:00,148,0.6,22.4,0.2,17.5,63.5,0.0,1024,12.1,4.3,5
12/09/2023,23:00,171,0.5,44.7,0.3,17.1,65.4,0.0,1024,13.8,4.8,5
13/09/2023,00:00,154,0.5,46.5,0.3,16.4,69.8,0.0,1024,12.8,5.3,8
13/09/2023,01:00,149,0.2,66.8,0.2,15.7,70.9,0.0,1023,13.4,4.7,6
13/09/2023,02:00,148,0.3,70.7,0.3,15.7,69.5,0.0,1023,13.0,5.5,8
13/09/2023,03:00,164,0.5,57.3,0.4,14.7,73.8,0.0,1023,11.9,5.0,7
13/09/2023,04:00,170,0.6,48.6,0.4,14.1,75.1,0.0,1023,13.5,5.3,8
13/09/2023,05:00,166,0.5,47.5,0.4,13.7,76.1,0.0,1024,14.0,5.6,8
13/09/2023,06:00,172,0.4,60.8,0.3,14.2,74.0,0.0,1024,15.9,5.4,8
13/09/2023,07:00,159,0.7,53.7,0.4,16.1,66.3,0.0,1025,15.6,5.4,8
13/09/2023,08:00,158,0.8,48.4,0.6,18.0,58.0,0.0,1025,16.1,5.5,8
13/09/2023,09:00,161,0.9,48.4,0.6,19.9,50.9,0.0,1025,20.6,7.0,11
13/09/2023,10:00,144,0.4,60.8,0.4,21.7,44.3,0.0,1025,21.2,7.0,12
13/09/2023,11:00,121,0.4,56.0,0.4,22.3,41.0,0.0,1024,16.0,6.7,12
13/09/2023,12:00,82,0.5,35.2,0.5,22.3,42.1,0.0,1023,17.2,7.1,13
13/09/2023,13:00,359,1.5,33.1,0.8,22.9,40.3,0.0,1022,18.3,7.2,13
13/09/2023,14:00,13,1.3,41.1,0.7,22.5,40.2,0.0,1021,14.1,6.3,11
13/09/2023,15:00,16,1.2,38.0,0.7,22.3,40.6,0.0,1021,12.5,6.4,11
13/09/2023,16:00,8,1.2,42.8,0.7,21.3,45.6,0.0,1021,13.7,6.0,10
13/09/2023,17:00,43,1.0,37.0,0.5,20.4,46.7,0.0,1022,12.6,5.6,9
13/09/2023,18:00,51,0.7,36.9,0.4,19.6,54.4,0.0,1022,12.4,5.8,10
13/09/2023,19:00,44,0.4,51.1,0.2,19.1,58.9,0.0,1023,16.0,7.6,17
13/09/2023,20:00,53,0.5,38.2,0.2,19.1,59.9,0.0,1023,15.1,7.5,15
13/09/2023,21:00,41,0.6,38.5,0.3,18.8,60.8,0.0,1023,14.3,6.4,13
13/09/2023,22:00,89,0.3,48.4,0.2,18.5,63.5,0.7,1023,13.4,6.1,10
13/09/2023,23:00,172,0.4,59.6,0.4,17.3,74.3,1.8,1024,15.8,7.6,15
14/09/2023,00:00,221,0.1,90.5,0.2,16.6,81.3,0.0,1023,21.6,13.8,31
14/09/2023,01:00,159,0.5,46.9,0.3,16.0,83.6,0.0,1023,25.6,17.0,43
14/09/2023,02:00,174,0.4,73.0,0.3,15.7,83.8,0.0,1022,27.2,18.7,48
14/09/2023,03:00,157,0.2,90.5,0.3,15.3,82.5,0.0,1022,13.8,8.5,19
14/09/2023,04:00,129,0.3,64.9,0.3,15.4,79.4,0.0,1022,11.1,6.1,13
14/09/2023,05:00,154,0.2,78.2,0.3,15.1,78.9,0.0,1023,9.5,5.6,11
14/09/2023,06:00,174,0.2,88.7,0.3,15.5,77.4,0.0,1024,10.1,5.8,12
14/09/2023,07:00,162,0.5,73.4,0.4,17.1,69.1,0.0,1024,11.9,6.2,13
14/09/2023,08:00,163,0.8,48.4,0.5,18.4,63.2,0.0,1024,16.3,8.6,21
14/09/2023,09:00,149,0.6,62.1,0.5,20.5,55.1,0.0,1024,20.7,11.7,29
14/09/2023,10:00,124,1.1,41.5,0.6,21.2,47.2,0.0,1024,11.7,4.5,6
14/09/2023,11:00,114,0.8,48.5,0.7,22.3,40.6,0.0,1023,10.6,3.6,4
14/09/2023,12:00,110,1.2,44.9,0.8,22.8,37.3,0.0,1022,9.6,3.4,4
14/09/2023,13:00,83,1.2,52.3,0.9,22.8,36.5,0.0,1021,10.3,3.4,4
14/09/2023,14:00,95,1.5,45.0,0.9,22.5,36.1,0.0,1021,9.7,3.4,4
14/09/2023,15:00,96,1.3,41.9,0.8,21.8,39.6,0.0,1021,9.8,3.5,4
14/09/2023,16:00,85,1.9,32.5,0.9,21.0,44.9,0.0,1022,10.6,3.7,4
14/09/2023,17:00,85,1.4,37.7,0.8,20.1,48.5,0.0,1022,10.4,3.8,4
14/09/2023,18:00,86,1.3,36.2,0.6,19.5,50.6,0.0,1023,11.5,4.1,4
14/09/2023,19:00,81,0.8,40.5,0.5,18.9,52.6,0.0,1024,13.0,4.2,5
14/09/2023,20:00,104,0.7,35.9,0.3,18.4,53.1,0.0,1024,11.2,4.4,5
14/09/2023,21:00,131,0.8,31.9,0.4,18.0,53.9,0.0,1024,11.3,4.2,5
14/09/2023,22:00,172,0.4,61.7,0.3,17.6,55.9,0.0,1024,12.5,4.8,7
14/09/2023,23:00,174,0.6,61.4,0.5,16.7,59.9,0.0,1023,21.3,12.4,31
15/09/2023,00:00,161,0.3,78.4,0.4,15.9,63.2,0.0,1023,21.2,11.8,26
15/09/2023,01:00,176,0.3,80.8,0.4,15.9,61.7,0.0,1023,13.4,6.1,9
15/09/2023,02:00,172,0.7,59.6,0.5,15.4,62.7,0.0,1022,11.0,4.7,7
15/09/2023,03:00,164,0.5,59.8,0.4,14.9,64.4,0.0,1021,11.8,6.2,11
15/09/2023,04:00,161,0.4,67.1,0.4,15.0,63.4,0.0,1021,10.4,5.2,9
15/09/2023,05:00,157,0.4,65.4,0.4,14.9,63.7,0.0,1022,9.2,3.8,4
15/09/2023,06:00,159,0.3,68.1,0.3,15.0,63.1,0.0,1022,10.2,3.9,4
15/09/2023,07:00,171,0.8,53.8,0.6,16.2,58.7,0.0,1023,11.4,4.7,7
15/09/2023,08:00,161,0.9,46.5,0.6,18.3,52.2,0.0,1023,18.5,6.3,11
15/09/2023,09:00,144,1.3,43.2,0.7,20.5,45.8,0.0,1023,14.9,4.8,6
15/09/2023,10:00,146,1.3,42.1,0.8,21.6,43.0,0.0,1023,13.0,4.0,5
15/09/2023,11:00,110,0.8,42.3,0.6,22.7,38.8,0.0,1022,10.9,3.7,4
15/09/2023,12:00,17,1.3,40.3,0.8,23.4,37.0,0.0,1021,8.8,3.6,4
15/09/2023,13:00,120,1.2,45.5,0.7,23.1,38.1,0.0,1021,10.6,3.7,4
15/09/2023,14:00,42,0.9,47.0,0.6,23.5,37.3,0.0,1020,10.1,3.7,4
15/09/2023,15:00,48,1.2,42.7,0.7,22.8,43.0,0.0,1020,11.6,3.9,4
15/09/2023,16:00,45,1.1,44.5,0.7,21.8,47.8,0.0,1021,10.5,3.9,4
15/09/2023,17:00,42,0.9,47.6,0.6,20.8,52.4,0.0,1021,10.4,3.8,4
15/09/2023,18:00,50,0.8,40.0,0.4,20.0,55.5,0.0,1022,10.1,3.9,4
15/09/2023,19:00,36,0.5,42.8,0.3,19.4,57.6,0.0,1023,12.6,5.1,9
15/09/2023,20:00,13,0.4,46.0,0.2,19.1,59.3,0.0,1023,16.0,6.7,13
15/09/2023,21:00,354,0.5,38.4,0.3,18.9,61.0,0.0,1023,12.5,5.4,10
15/09/2023,22:00,103,0.2,44.3,0.1,18.5,62.1,0.0,1023,11.0,4.8,7
15/09/2023,23:00,174,0.5,44.8,0.3,17.5,67.1,0.0,1023,16.8,7.7,17
16/09/2023,00:00,169,0.2,77.4,0.2,16.7,68.9,0.0,1023,15.7,7.3,16
16/09/2023,01:00,160,0.5,48.1,0.3,16.3,71.5,0.0,1022,12.8,5.9,11
16/09/2023,02:00,165,0.8,31.4,0.4,15.6,75.2,0.0,1022,12.7,6.2,12
16/09/2023,03:00,171,0.3,64.2,0.2,14.9,76.2,0.0,1021,14.2,7.4,16
16/09/2023,04:00,138,0.1,86.4,0.2,14.7,75.9,0.0,1021,12.2,6.6,14
16/09/2023,05:00,165,0.6,46.3,0.4,14.4,76.6,0.0,1021,11.5,5.8,11
16/09/2023,06:00,154,0.5,47.6,0.3,14.7,74.4,0.0,1022,11.6,5.3,9
16/09/2023,07:00,165,0.5,67.8,0.4,16.4,65.7,0.0,1022,12.7,6.1,11
16/09/2023,08:00,156,0.8,38.4,0.4,18.3,59.7,0.0,1023,13.1,5.8,10
16/09/2023,09:00,164,0.4,58.6,0.4,20.7,53.4,0.0,1023,15.2,5.8,10
16/09/2023,10:00,1,0.8,42.3,0.5,22.3,48.3,0.0,1022,11.4,4.7,7
16/09/2023,11:00,334,1.5,37.6,0.7,22.7,47.7,0.0,1022,13.3,4.6,6
16/09/2023,12:00,336,1.3,33.7,0.7,23.4,45.2,0.0,1021,12.7,4.7,6
16/09/2023,13:00,342,1.5,37.1,0.7,23.7,45.0,0.0,1020,14.1,4.9,7
16/09/2023,14:00,356,1.2,34.5,0.7,23.7,44.8,0.0,1020,12.4,4.8,7
16/09/2023,15:00,339,1.6,33.6,0.8,23.0,47.8,0.0,1020,13.5,4.8,7
16/09/2023,16:00,354,1.1,36.0,0.6,22.1,50.8,0.0,1020,13.2,5.1,7
16/09/2023,17:00,352,1.1,33.3,0.6,21.0,55.7,0.0,1020,13.5,5.5,10
16/09/2023,18:00,349,1.3,26.3,0.5,20.1,59.2,0.0,1021,15.2,6.4,12
16/09/2023,19:00,344,1.1,26.9,0.5,19.7,61.8,0.0,1021,14.4,7.0,14
16/09/2023,20:00,342,1.1,21.0,0.4,19.4,63.0,0.0,1021,14.5,7.0,15
16/09/2023,21:00,333,0.9,29.9,0.4,19.4,62.7,0.0,1022,14.9,7.3,15
16/09/2023,22:00,302,0.2,50.0,0.2,18.9,64.4,0.0,1021,14.0,7.3,15
16/09/2023,23:00,168,0.3,39.3,0.2,18.4,67.8,0.0,1021,14.0,7.5,16
17/09/2023,00:00,172,0.6,38.6,0.3,17.5,71.6,0.0,1021,14.8,8.7,19
17/09/2023,01:00,169,0.6,35.0,0.2,16.6,73.8,0.0,1021,20.8,13.3,37
17/09/2023,02:00,178,0.1,83.7,0.2,16.2,74.9,0.0,1020,25.9,17.2,47
17/09/2023,03:00,171,0.0,101.6,0.2,15.8,76.1,0.0,1020,15.6,9.4,22
17/09/2023,04:00,171,0.1,79.0,0.2,15.2,77.8,0.0,1021,11.7,6.7,13
17/09/2023,05:00,196,0.1,82.4,0.2,14.9,78.5,0.0,1021,11.8,6.8,14
17/09/2023,06:00,303,0.0,83.5,0.2,15.7,75.0,0.0,1022,12.9,7.2,15
17/09/2023,07:00,158,0.3,80.2,0.3,17.9,66.0,0.0,1022,15.3,7.9,17
17/09/2023,08:00,149,0.7,49.6,0.3,19.7,59.8,0.0,1023,15.0,7.9,16
17/09/2023,09:00,97,0.1,57.6,0.4,21.9,51.7,0.0,1022,13.6,6.6,13
17/09/2023,10:00,7,0.9,53.2,0.6,23.7,43.3,0.0,1022,11.1,5.8,10
17/09/2023,11:00,346,1.4,38.5,0.7,24.1,42.0,0.0,1021,10.3,5.3,8
17/09/2023,12:00,346,1.4,35.9,0.7,24.5,40.6,0.0,1020,12.1,5.7,10
17/09/2023,13:00,339,1.5,34.3,0.7,25.0,38.3,0.0,1019,12.3,5.7,10
17/09/2023,14:00,333,1.9,26.3,0.9,24.9,37.4,0.0,1019,12.1,5.5,9
17/09/2023,15:00,335,1.8,26.4,0.8,24.0,40.9,0.0,1018,11.1,5.5,9
17/09/2023,16:00,337,2.0,23.1,0.8,22.8,49.2,0.0,1019,12.1,5.6,9
17/09/2023,17:00,339,1.7,22.8,0.7,21.5,57.0,0.0,1019,12.3,6.0,11
17/09/2023,18:00,332,1.8,20.7,0.7,20.9,62.8,0.0,1019,13.3,6.3,12
17/09/2023,19:00,333,1.8,18.5,0.6,20.5,66.6,0.0,1020,14.9,7.0,14
17/09/2023,20:00,336,1.3,25.2,0.5,20.2,66.3,0.0,1020,15.6,7.7,17
17/09/2023,21:00,317,1.5,17.1,0.5,19.9,67.5,0.0,1020,16.1,7.8,17
17/09/2023,22:00,312,2.1,14.7,0.6,19.6,67.2,0.0,1020,14.3,7.5,16
17/09/2023,23:00,319,1.5,17.0,0.5,19.5,66.0,0.0,1020,16.6,8.3,17
18/09/2023,00:00,317,0.9,30.5,0.4,19.3,65.7,0.0,1020,17.4,10.5,22
18/09/2023,01:00,97,0.1,78.9,0.1,18.6,69.7,0.0,1020,19.1,12.1,30
18/09/2023,02:00,142,0.2,73.0,0.2,17.9,73.1,0.0,1020,18.0,10.8,26
18/09/2023,03:00,160,0.4,56.6,0.3,16.8,77.6,0.0,1020,20.6,12.7,35
18/09/2023,04:00,175,0.2,75.9,0.2,16.6,77.4,0.0,1020,15.0,9.1,23
18/09/2023,05:00,156,0.2,85.0,0.3,16.3,77.8,0.0,1020,15.1,8.3,20
18/09/2023,06:00,158,0.2,79.1,0.3,16.8,75.4,0.0,1021,14.6,8.3,20
18/09/2023,07:00,160,0.7,46.9,0.4,18.0,70.3,0.0,1022,16.6,9.2,23
18/09/2023,08:00,155,1.0,34.5,0.3,19.8,62.3,0.0,1022,19.4,8.7,20
18/09/2023,09:00,154,0.1,59.2,0.5,22.5,47.8,0.0,1022,13.9,7.4,15
18/09/2023,10:00,5,0.8,43.9,0.6,23.7,43.6,0.0,1022,17.3,7.8,15
18/09/2023,11:00,355,1.1,45.7,0.7,24.1,41.5,0.0,1021,16.0,6.5,12
18/09/2023,12:00,357,1.0,39.9,0.7,24.6,39.0,0.0,1020,14.2,6.3,11
18/09/2023,13:00,345,1.4,39.2,0.8,24.6,39.4,0.0,1019,15.6,6.2,10
18/09/2023,14:00,327,2.0,28.7,0.9,24.3,42.1,0.0,1018,16.3,6.5,11
18/09/2023,15:00,335,1.8,30.6,0.7,23.5,45.5,0.0,1018,20.1,6.6,11
18/09/2023,16:00,340,1.8,24.0,0.8,22.4,50.2,0.0,1018,14.8,6.8,12
18/09/2023,17:00,336,1.9,23.1,0.7,21.3,53.1,0.0,1019,12.8,6.2,10
18/09/2023,18:00,339,1.5,25.0,0.7,20.6,57.8,0.0,1019,14.2,6.6,12
18/09/2023,19:00,346,1.4,27.9,0.6,20.2,57.9,0.0,1020,14.6,6.6,11
18/09/2023,20:00,347,1.2,26.3,0.5,20.0,58.1,0.0,1020,13.2,6.0,10
18/09/2023,21:00,343,1.0,31.7,0.5,19.7,57.4,0.0,1020,13.7,6.2,11
18/09/2023,22:00,356,0.7,43.7,0.4,19.6,57.0,0.0,1020,11.8,5.4,7
18/09/2023,23:00,1,0.5,48.3,0.4,19.3,57.0,0.0,1020,11.7,5.4,7
19/09/2023,00:00,38,0.3,51.6,0.2,19.1,57.2,0.0,1020,11.3,5.3,7
19/09/2023,01:00,164,0.6,41.2,0.3,17.3,66.6,0.0,1020,15.8,7.2,15
19/09/2023,02:00,165,0.3,70.4,0.3,16.7,70.1,0.0,1020,18.0,9.5,21
19/09/2023,03:00,159,0.6,51.6,0.4,16.7,70.4,0.0,1019,17.1,8.3,17
19/09/2023,04:00,160,0.6,49.5,0.4,16.6,70.2,0.0,1019,15.9,8.2,16
19/09/2023,05:00,153,0.2,79.8,0.3,16.9,69.5,0.0,1019,18.0,8.1,16
19/09/2023,06:00,168,0.5,61.2,0.3,17.2,67.4,0.0,1020,17.9,7.5,14
19/09/2023,07:00,155,0.5,55.5,0.4,17.8,64.8,0.0,1020,16.2,7.0,13
19/09/2023,08:00,153,0.6,55.3,0.4,19.6,57.5,0.0,1020,20.7,7.8,14
19/09/2023,09:00,52,0.4,58.5,0.5,22.6,44.7,0.0,1020,21.4,7.1,10
19/09/2023,10:00,351,0.9,41.5,0.7,23.2,41.1,0.0,1019,18.5,6.4,8
19/09/2023,11:00,336,0.8,37.5,0.6,23.9,38.7,0.0,1018,22.3,7.0,10
19/09/2023,12:00,13,0.4,61.6,0.5,24.5,37.8,0.0,1017,21.3,7.0,10
19/09/2023,13:00,341,1.7,36.4,0.8,24.8,37.9,0.0,1016,26.7,6.8,9
19/09/2023,14:00,344,1.9,28.3,0.8,24.1,40.3,0.0,1015,18.3,6.3,8
19/09/2023,15:00,335,2.3,24.8,0.9,23.2,44.4,0.0,1015,15.5,6.0,7
19/09/2023,16:00,336,2.1,24.0,0.9,22.2,49.0,0.0,1015,14.6,5.4,6
19/09/2023,17:00,341,2.2,23.2,0.9,21.1,56.3,0.0,1015,14.1,5.7,7
19/09/2023,18:00,340,1.6,29.0,0.7,20.5,60.5,0.0,1016,14.3,6.1,9
19/09/2023,19:00,332,1.8,19.7,0.7,20.4,61.3,0.0,1016,16.2,6.9,11
19/09/2023,20:00,335,1.4,20.0,0.5,20.3,62.0,0.0,1017,15.7,7.0,11
19/09/2023,21:00,314,1.7,19.7,0.6,20.1,63.0,0.0,1017,14.4,6.3,9
19/09/2023,22:00,318,1.7,21.0,0.6,19.6,64.6,0.0,1016,15.6,5.8,7
19/09/2023,23:00,331,0.4,66.7,0.4,19.6,66.2,0.0,1016,16.1,6.1,8
20/09/2023,00:00,16,0.1,70.6,0.3,19.4,67.9,0.0,1016,15.9,5.8,7
20/09/2023,01:00,314,0.2,58.9,0.3,19.2,71.3,0.0,1016,16.1,6.0,8
20/09/2023,02:00,348,0.1,76.1,0.2,18.9,74.2,0.0,1015,12.5,5.5,7
20/09/2023,03:00,176,0.2,62.7,0.2,18.4,74.9,0.0,1015,12.9,5.5,7
20/09/2023,04:00,161,0.5,54.3,0.3,16.8,76.5,0.0,1015,12.3,6.0,9
20/09/2023,05:00,155,0.2,73.0,0.2,16.6,75.5,0.0,1015,12.1,5.8,8
20/09/2023,06:00,166,0.3,54.3,0.3,17.3,73.4,0.0,1016,15.0,6.2,9
20/09/2023,07:00,147,0.2,81.7,0.3,19.6,63.1,0.0,1016,18.3,6.7,10
20/09/2023,08:00,152,1.0,33.2,0.4,21.0,58.1,0.0,1016,20.7,9.2,18
20/09/2023,09:00,155,0.7,53.3,0.5,22.7,52.7,0.0,1016,20.3,10.3,22
20/09/2023,10:00,128,0.9,36.0,0.4,24.4,47.1,0.0,1015,19.8,9.7,20
20/09/2023,11:00,37,0.5,56.0,0.5,26.6,39.3,0.0,1013,16.3,7.7,15
20/09/2023,12:00,333,1.6,34.8,0.8,26.4,43.6,0.0,1012,21.0,9.2,19
20/09/2023,13:00,343,2.2,27.5,0.9,25.7,50.5,0.0,1011,22.9,7.8,14
20/09/2023,14:00,346,2.3,26.7,1.0,24.8,54.6,0.0,1011,20.0,6.5,10
20/09/2023,15:00,333,2.9,21.9,1.1,23.5,62.7,0.0,1011,16.1,5.0,7
20/09/2023,16:00,336,2.5,23.5,0.9,22.6,69.2,0.0,1011,13.6,4.6,5
20/09/2023,17:00,335,2.3,21.1,1.0,21.8,72.1,0.0,1012,12.4,5.1,8
20/09/2023,18:00,336,1.7,24.3,0.7,21.3,73.3,0.0,1012,12.4,5.3,9
20/09/2023,19:00,328,1.5,24.4,0.7,21.0,74.4,0.0,1012,12.3,5.3,9
20/09/2023,20:00,321,2.0,25.9,0.8,20.7,72.8,0.0,1013,12.5,4.9,8
20/09/2023,21:00,330,1.4,35.3,0.7,20.3,74.9,0.0,1013,11.3,4.4,6
20/09/2023,22:00,337,0.8,51.5,0.5,20.0,75.5,0.0,1013,11.1,4.3,7
20/09/2023,23:00,323,0.5,49.2,0.4,19.8,74.5,0.0,1012,10.5,3.7,5
21/09/2023,00:00,319,0.1,70.7,0.2,19.5,75.2,0.0,1012,10.6,3.8,5
21/09/2023,01:00,159,0.4,47.7,0.2,18.9,77.4,0.0,1011,11.0,4.3,6
21/09/2023,02:00,170,0.4,64.7,0.4,18.1,79.9,0.0,1011,13.3,5.4,8
21/09/2023,03:00,163,0.4,67.2,0.3,17.4,83.1,0.0,1010,16.4,8.3,20
21/09/2023,04:00,156,0.1,87.5,0.2,16.9,84.6,0.0,1011,18.2,10.6,29
21/09/2023,05:00,143,0.3,66.2,0.3,16.6,84.5,0.0,1011,15.9,9.7,27
21/09/2023,06:00,148,0.3,68.2,0.3,16.4,83.8,0.0,1012,16.2,10.5,31
21/09/2023,07:00,147,0.7,40.2,0.3,17.6,78.9,0.0,1012,17.4,10.4,35
21/09/2023,08:00,148,0.7,47.5,0.3,20.6,65.4,0.0,1013,24.1,13.2,38
21/09/2023,09:00,150,1.1,18.6,0.3,22.2,58.8,0.0,1012,24.1,14.5,37
21/09/2023,10:00,144,0.2,75.8,0.3,26.1,47.3,0.0,1012,23.9,11.8,30
21/09/2023,11:00,13,0.5,47.1,0.4,28.9,39.6,0.0,1010,22.4,10.8,25
21/09/2023,12:00,355,0.9,35.1,0.5,30.3,36.3,0.0,1010,27.6,12.0,27
21/09/2023,13:00,335,1.6,26.5,0.7,30.7,35.8,0.0,1008,25.3,11.6,27
21/09/2023,14:00,347,1.6,30.0,0.7,30.2,37.4,0.0,1008,30.6,11.0,24
21/09/2023,15:00,332,2.4,18.0,0.7,28.2,40.7,0.0,1007,26.5,10.5,24
21/09/2023,16:00,346,1.5,25.4,0.6,27.1,46.8,0.0,1007,23.8,9.8,21
21/09/2023,17:00,335,1.3,20.6,0.5,26.0,51.2,0.0,1008,21.6,8.8,19
21/09/2023,18:00,348,0.9,39.5,0.5,25.2,56.4,0.0,1008,21.5,8.3,18
21/09/2023,19:00,24,0.7,36.8,0.4,24.5,57.7,0.0,1009,18.3,8.3,16
21/09/2023,20:00,83,1.6,36.1,0.9,23.8,59.9,0.0,1011,22.5,8.4,15
21/09/2023,21:00,93,1.4,41.5,0.8,22.6,63.4,0.0,1013,38.5,14.8,24
21/09/2023,22:00,141,1.5,35.5,0.9,22.1,60.8,0.0,1014,36.5,13.6,20
21/09/2023,23:00,143,1.7,35.1,0.9,21.8,55.6,0.0,1014,31.9,11.3,14
22/09/2023,00:00,169,0.5,60.1,0.5,20.8,58.6,0.0,1015,29.0,11.7,18
22/09/2023,01:00,176,0.7,57.9,0.5,20.1,58.1,0.0,1015,27.4,11.3,16
22/09/2023,02:00,172,0.6,60.5,0.5,19.7,59.4,0.0,1015,27.1,10.7,14
22/09/2023,03:00,170,0.5,64.6,0.5,19.6,58.8,0.0,1015,25.3,10.0,12
22/09/2023,04:00,161,1.0,50.6,0.7,19.7,57.1,0.0,1016,24.4,9.4,10
22/09/2023,05:00,141,1.8,34.0,0.9,20.4,54.5,0.0,1016,26.6,8.7,7
22/09/2023,06:00,135,1.9,31.9,0.9,20.4,54.2,0.0,1017,26.8,8.3,7
22/09/2023,07:00,141,2.2,33.6,1.1,20.5,52.9,0.0,1018,27.9,7.7,6
22/09/2023,08:00,127,2.0,42.6,1.1,21.2,50.6,0.0,1019,31.1,8.5,7
22/09/2023,09:00,126,2.0,41.2,1.1,21.2,49.5,0.0,1019,35.6,9.2,8
22/09/2023,10:00,117,2.1,37.2,1.1,22.4,44.2,0.0,1019,32.4,8.6,7
22/09/2023,11:00,119,2.2,37.9,1.2,22.6,44.8,0.0,1018,28.8,8.1,7
22/09/2023,12:00,119,2.4,36.4,1.2,21.7,50.1,0.0,1018,26.0,6.3,9
22/09/2023,13:00,107,2.1,37.9,1.1,21.8,46.6,0.0,1018,20.2,5.6,5
22/09/2023,14:00,114,2.3,36.1,1.1,21.8,46.8,0.0,1018,24.7,7.0,6
22/09/2023,15:00,118,2.2,35.5,1.1,21.1,47.8,0.0,1018,25.0,6.7,5
22/09/2023,16:00,112,1.9,37.4,1.0,20.5,50.3,0.0,1018,22.0,6.2,5
22/09/2023,17:00,100,1.8,39.7,1.1,19.7,53.2,0.0,1019,22.3,6.3,5
22/09/2023,18:00,120,1.6,37.2,0.9,19.1,55.3,0.0,1020,22.9,6.6,5
22/09/2023,19:00,128,1.5,43.8,0.9,19.0,53.9,0.0,1021,21.3,6.9,6
22/09/2023,20:00,155,1.7,31.6,0.8,18.7,53.0,0.0,1021,18.2,6.7,5
22/09/2023,21:00,150,1.4,34.4,0.7,18.3,53.0,0.0,1022,18.1,6.4,4
22/09/2023,22:00,133,0.8,36.9,0.4,17.7,58.6,0.0,1022,19.2,6.3,4
22/09/2023,23:00,155,0.4,63.6,0.4,17.7,60.8,0.0,1021,16.9,6.0,5
23/09/2023,00:00,163,0.4,69.4,0.3,17.5,58.5,0.0,1021,17.0,6.4,5
23/09/2023,01:00,158,0.3,76.9,0.4,17.1,55.7,0.0,1020,17.4,6.2,6
23/09/2023,02:00,176,0.2,84.5,0.3,16.4,56.8,0.0,1020,16.2,6.3,6
23/09/2023,03:00,160,0.4,64.2,0.3,15.9,58.5,0.0,1020,15.5,6.5,7
23/09/2023,04:00,166,0.5,64.8,0.5,15.7,59.4,0.0,1021,16.6,8.1,12
23/09/2023,05:00,170,0.5,60.6,0.5,15.3,62.0,0.0,1021,14.6,7.2,10
23/09/2023,06:00,168,0.7,51.0,0.6,15.5,63.1,0.0,1022,14.9,7.4,12
23/09/2023,07:00,170,0.7,55.2,0.6,17.2,57.2,0.0,1022,14.1,4.9,6
23/09/2023,08:00,160,1.9,36.1,1.0,18.3,53.9,0.0,1023,12.7,5.3,7
23/09/2023,09:00,152,1.5,37.9,0.8,18.9,53.8,0.0,1022,11.8,3.8,3
23/09/2023,10:00,157,1.2,50.3,0.8,20.7,43.4,0.0,1022,14.3,5.0,5
23/09/2023,11:00,142,2.0,38.3,1.1,21.6,34.6,0.0,1021,11.9,4.0,3
23/09/2023,12:00,117,1.6,41.2,0.9,21.4,40.1,0.0,1021,14.5,4.2,3
23/09/2023,13:00,113,1.7,35.5,1.0,21.3,41.8,0.0,1020,11.3,3.6,2
23/09/2023,14:00,110,1.9,39.3,1.0,21.2,42.5,0.0,1020,13.1,3.9,2
23/09/2023,15:00,119,2.1,32.8,1.1,21.3,42.4,0.0,1019,16.4,4.6,3
23/09/2023,16:00,94,1.7,39.9,1.0,20.8,44.4,0.0,1020,15.3,4.4,3
23/09/2023,17:00,96,1.7,36.7,0.9,19.7,48.9,0.0,1020,11.8,4.0,3
23/09/2023,18:00,98,1.8,36.6,0.9,18.9,52.6,0.0,1021,10.7,3.7,2
23/09/2023,19:00,114,1.3,39.9,0.8,18.6,55.3,0.0,1022,10.1,3.5,3
23/09/2023,20:00,124,1.4,40.4,0.8,18.2,54.8,0.0,1022,9.3,3.6,3
23/09/2023,21:00,145,1.5,31.1,0.7,17.8,57.3,0.0,1022,7.9,3.0,2
23/09/2023,22:00,152,1.6,35.4,0.8,17.3,62.3,0.0,1022,6.4,2.2,1
23/09/2023,23:00,147,1.2,32.2,0.6,16.9,66.4,0.0,1022,6.4,2.4,1
24/09/2023,00:00,157,0.7,57.0,0.4,16.9,67.0,0.0,1022,6.8,2.3,1
24/09/2023,01:00,152,0.6,48.0,0.4,17.1,64.9,0.0,1021,8.0,2.7,2
24/09/2023,02:00,160,0.6,53.2,0.4,17.1,64.2,0.0,1020,7.7,2.6,2
24/09/2023,03:00,148,0.4,63.4,0.3,16.9,64.3,0.0,1020,7.9,2.5,2
24/09/2023,04:00,161,0.4,66.4,0.3,17.0,63.4,0.0,1020,11.2,6.2,12
24/09/2023,05:00,148,0.4,66.6,0.4,16.9,63.2,0.0,1021,21.8,14.8,34
24/09/2023,06:00,154,0.4,63.0,0.4,17.0,63.1,0.0,1021,17.2,10.1,21
24/09/2023,07:00,159,1.0,49.8,0.6,17.3,64.1,0.0,1022,11.0,4.1,3
24/09/2023,08:00,129,1.5,32.4,0.9,18.5,57.5,0.0,1023,9.8,3.3,2
24/09/2023,09:00,142,1.4,34.9,0.7,18.5,59.7,0.0,1023,8.5,2.8,2
24/09/2023,10:00,129,1.6,36.2,0.8,19.4,52.1,0.0,1022,8.9,2.3,1
24/09/2023,11:00,151,1.5,39.2,0.8,20.6,46.4,0.0,1021,8.3,2.5,1
24/09/2023,12:00,137,1.6,40.3,0.8,21.0,45.4,0.0,1020,8.7,2.6,2
24/09/2023,13:00,105,1.5,38.7,0.9,21.3,44.8,0.0,1020,7.0,2.2,1
24/09/2023,14:00,91,1.5,38.6,0.8,21.2,46.2,0.0,1019,8.7,2.3,2
24/09/2023,15:00,80,1.5,40.6,0.9,20.6,48.8,0.0,1019,7.8,2.1,1
24/09/2023,16:00,70,1.3,42.1,0.8,20.2,49.5,0.0,1020,5.9,1.5,1
24/09/2023,17:00,90,1.1,43.3,0.7,19.4,55.5,0.0,1020,5.8,2.3,1
24/09/2023,18:00,98,1.4,37.7,0.7,18.5,60.7,0.0,1021,8.0,2.5,2
24/09/2023,19:00,99,1.2,39.8,0.6,18.0,63.5,0.0,1021,6.8,2.4,2
24/09/2023,20:00,106,1.1,42.1,0.6,17.7,66.5,0.0,1021,7.9,3.1,2
24/09/2023,21:00,124,0.9,36.5,0.4,17.5,65.6,0.0,1021,8.4,3.4,2
24/09/2023,22:00,151,1.0,32.7,0.5,17.0,70.1,0.0,1021,8.2,3.3,2
24/09/2023,23:00,160,0.5,55.0,0.3,16.9,70.3,0.0,1020,9.1,3.4,3
25/09/2023,00:00,167,0.5,56.5,0.3,17.0,69.0,0.0,1020,10.1,3.6,3
25/09/2023,01:00,170,0.3,73.3,0.3,17.0,68.4,0.0,1019,9.5,3.9,4
25/09/2023,02:00,166,0.3,75.1,0.4,16.7,65.2,0.0,1019,11.0,4.1,5
25/09/2023,03:00,170,0.8,51.2,0.5,16.4,63.2,0.0,1019,13.8,7.2,15
25/09/2023,04:00,158,0.4,62.7,0.4,16.4,64.1,0.0,1019,21.9,13.6,28
25/09/2023,05:00,161,0.4,60.5,0.4,16.7,62.7,0.0,1020,14.1,6.5,10
25/09/2023,06:00,167,0.5,57.8,0.4,16.8,62.1,0.0,1020,15.5,6.8,13
25/09/2023,07:00,158,0.4,66.9,0.3,17.5,61.3,0.0,1021,23.9,12.8,28
25/09/2023,08:00,158,0.3,66.7,0.3,18.7,56.5,0.0,1022,22.2,9.9,20
25/09/2023,09:00,139,1.1,37.4,0.6,19.6,51.6,0.0,1022,18.4,6.5,9
25/09/2023,10:00,348,0.9,40.3,0.6,19.8,53.6,0.0,1021,10.5,3.2,2
25/09/2023,11:00,335,1.2,41.7,0.7,20.6,48.3,0.0,1020,14.7,3.7,2
25/09/2023,12:00,96,0.4,54.9,0.4,21.2,45.6,0.0,1019,10.9,3.5,2
25/09/2023,13:00,341,1.2,40.8,0.7,22.2,42.2,0.0,1018,14.0,3.7,3
25/09/2023,14:00,332,1.5,31.6,0.7,22.5,41.0,0.0,1018,16.4,4.0,3
25/09/2023,15:00,350,1.4,32.5,0.6,21.9,42.9,0.0,1017,16.5,4.0,3
25/09/2023,16:00,18,1.1,36.9,0.6,21.2,45.2,0.0,1017,14.6,4.2,4
25/09/2023,17:00,359,1.0,36.4,0.6,20.3,47.8,0.0,1018,15.4,4.8,6
25/09/2023,18:00,358,0.8,37.8,0.4,19.5,51.5,0.0,1018,14.9,5.5,8
25/09/2023,19:00,30,0.5,54.3,0.3,19.0,55.2,0.0,1019,19.3,4.7,5
25/09/2023,20:00,357,0.6,41.3,0.3,18.5,57.7,0.0,1019,26.9,6.3,9
25/09/2023,21:00,334,0.8,35.2,0.4,18.5,57.6,0.0,1019,14.5,4.9,7
25/09/2023,22:00,314,0.6,49.9,0.4,18.1,58.6,0.0,1019,15.5,5.2,7
25/09/2023,23:00,312,1.6,16.3,0.5,18.1,58.7,0.0,1019,11.7,4.5,5
26/09/2023,00:00,291,0.1,57.7,0.2,17.4,61.7,0.0,1018,11.3,4.1,4
26/09/2023,01:00,162,0.2,57.7,0.2,16.8,64.9,0.0,1018,13.0,4.6,8
26/09/2023,02:00,145,0.4,51.6,0.2,15.8,69.0,0.0,1018,18.1,6.9,13
26/09/2023,03:00,170,0.2,74.8,0.2,15.1,70.4,0.0,1018,16.1,7.1,13
26/09/2023,04:00,167,0.6,37.9,0.3,14.7,72.1,0.0,1018,15.4,7.2,13
26/09/2023,05:00,165,0.3,64.8,0.3,14.5,72.5,0.0,1019,19.3,9.3,18
26/09/2023,06:00,221,0.0,86.5,0.2,15.9,65.7,0.0,1020,15.4,7.1,12
26/09/2023,07:00,154,0.3,73.4,0.3,18.0,57.2,0.0,1020,18.1,7.9,14
26/09/2023,08:00,151,1.0,33.5,0.4,19.2,53.4,0.0,1020,17.2,6.3,10
26/09/2023,09:00,116,0.3,71.8,0.3,22.4,44.6,0.0,1019,12.8,4.6,6
26/09/2023,10:00,26,0.6,47.0,0.5,23.2,41.3,0.0,1019,10.8,4.3,5
26/09/2023,11:00,27,0.8,46.0,0.5,24.0,38.2,0.0,1018,12.5,4.0,5
26/09/2023,12:00,15,1.0,43.9,0.7,24.8,38.9,0.0,1016,15.9,4.5,6
26/09/2023,13:00,332,2.1,24.3,0.8,24.4,41.4,0.0,1016,18.1,5.0,7
26/09/2023,14:00,346,1.9,28.1,0.8,24.1,42.4,0.0,1015,15.8,4.8,6
26/09/2023,15:00,336,2.3,25.2,0.9,23.2,44.8,0.0,1015,15.4,4.6,6
26/09/2023,16:00,334,2.3,19.4,0.8,22.4,45.2,0.0,1015,13.0,4.4,5
26/09/2023,17:00,336,2.4,20.8,0.8,21.1,55.4,0.0,1015,13.4,4.7,6
26/09/2023,18:00,335,1.7,23.8,0.7,20.5,58.6,0.0,1016,14.4,6.0,10
26/09/2023,19:00,337,1.3,22.5,0.5,20.1,60.1,0.0,1017,13.9,6.0,10
26/09/2023,20:00,332,1.3,25.7,0.5,19.7,60.5,0.0,1017,13.8,5.9,10
26/09/2023,21:00,326,1.5,24.5,0.7,19.4,60.0,0.0,1017,12.8,4.9,7
26/09/2023,22:00,334,1.0,30.2,0.5,19.0,61.0,0.0,1017,12.1,4.5,5
26/09/2023,23:00,328,0.9,44.8,0.5,18.9,60.8,0.0,1017,11.9,3.9,3
27/09/2023,00:00,336,0.6,43.0,0.4,18.5,61.1,0.0,1017,11.4,3.9,3
27/09/2023,01:00,338,0.6,45.9,0.4,18.1,62.0,0.0,1017,10.9,4.0,4
27/09/2023,02:00,320,0.3,61.3,0.2,17.5,65.2,0.0,1016,14.1,4.7,5
27/09/2023,03:00,127,0.3,51.5,0.2,17.0,68.4,0.0,1016,13.1,4.9,6
27/09/2023,04:00,144,0.2,74.5,0.2,16.6,69.9,0.0,1016,13.5,4.9,6
27/09/2023,05:00,152,0.6,31.5,0.3,15.8,73.0,0.0,1017,15.7,7.8,16
27/09/2023,06:00,136,0.4,56.2,0.3,17.0,68.7,0.0,1018,42.1,30.7,77
27/09/2023,07:00,146,0.7,42.1,0.4,18.4,61.8,0.0,1018,48.9,37.1,88
27/09/2023,08:00,149,0.3,61.9,0.3,21.6,49.9,0.0,1018,35.3,23.0,51
27/09/2023,09:00,101,0.4,48.0,0.5,23.3,44.2,0.0,1018,25.1,14.4,30
27/09/2023,10:00,28,0.4,45.7,0.4,25.7,38.2,0.0,1017,24.1,10.4,20
27/09/2023,11:00,357,0.7,41.9,0.5,27.4,33.4,0.0,1016,17.1,6.4,10
27/09/2023,12:00,345,1.4,35.4,0.7,28.0,34.5,0.0,1015,20.5,6.9,12
27/09/2023,13:00,335,1.7,28.7,0.7,28.0,35.7,0.0,1014,20.0,7.7,
27/09/2023,14:00,348,2.1,25.9,0.8,26.2,44.7,0.0,1013,23.7,7.2,11
27/09/2023,15:00,340,2.1,25.4,0.9,24.9,49.3,0.0,1013,19.3,5.7,7
27/09/2023,16:00,341,1.9,26.3,0.8,24.3,54.0,0.0,1013,17.7,6.1,7
27/09/2023,17:00,339,1.4,28.2,0.7,23.2,61.3,0.0,1014,20.3,7.6,11
27/09/2023,18:00,333,1.6,23.6,0.7,22.6,62.1,0.0,1015,21.0,8.4,14
27/09/2023,19:00,337,1.4,27.6,0.6,21.9,66.2,0.0,1015,19.6,8.1,13
27/09/2023,20:00,339,1.5,24.4,0.6,21.3,67.9,0.0,1016,18.8,7.5,10
27/09/2023,21:00,335,1.4,22.8,0.6,20.9,69.9,0.0,1016,18.2,7.1,11
27/09/2023,22:00,323,1.5,22.4,0.6,20.5,70.2,0.0,1016,17.8,7.5,10
27/09/2023,23:00,316,0.3,69.8,0.3,20.1,69.8,0.0,1016,18.8,7.5,11
28/09/2023,00:00,339,0.6,47.2,0.4,19.6,71.1,0.0,1016,18.7,8.3,13
28/09/2023,01:00,329,0.1,55.5,0.2,19.4,72.6,0.0,1016,17.9,8.3,13
28/09/2023,02:00,150,0.5,40.0,0.3,19.0,74.6,0.0,1016,18.8,8.6,15
28/09/2023,03:00,161,0.2,72.7,0.2,18.8,75.7,0.0,1016,23.2,9.8,19
28/09/2023,04:00,181,0.0,72.1,0.1,18.7,76.6,0.0,1017,21.3,9.5,17
28/09/2023,05:00,165,0.3,55.8,0.2,18.7,77.9,0.0,1018,22.2,11.0,21
28/09/2023,06:00,154,0.3,56.5,0.3,19.3,75.5,0.0,1019,27.2,12.9,28
28/09/2023,07:00,159,0.3,69.9,0.3,19.8,72.7,0.0,1020,40.9,25.6,66
28/09/2023,08:00,171,0.6,54.8,0.4,20.3,69.3,0.0,1020,83.6,63.1,171
28/09/2023,09:00,154,0.9,46.0,0.6,23.2,56.3,0.0,1020,71.1,45.7,104
28/09/2023,10:00,49,0.3,56.4,0.5,25.8,46.5,0.0,1020,33.9,18.5,40
28/09/2023,11:00,119,0.6,62.8,0.5,27.3,40.3,0.0,1019,33.1,19.0,40
28/09/2023,12:00,353,1.3,44.7,0.8,27.4,41.4,0.0,1019,34.4,13.8,26
28/09/2023,13:00,97,1.9,37.8,1.2,22.7,65.1,4.3,1019,30.4,9.7,16
28/09/2023,14:00,108,1.8,41.2,1.1,20.1,75.7,0.3,1019,14.2,6.4,10
28/09/2023,15:00,169,1.4,37.4,0.7,19.6,78.2,2.5,1021,13.6,6.4,11
28/09/2023,16:00,129,0.7,42.2,0.5,19.3,82.3,1.1,1021,14.2,7.1,13
28/09/2023,17:00,341,0.7,40.6,0.4,19.6,80.4,0.6,1021,14.5,7.6,17
28/09/2023,18:00,31,0.7,60.1,0.6,19.4,83.1,0.0,1021,14.9,7.7,17
28/09/2023,19:00,163,1.1,33.7,0.5,19.8,80.9,0.0,1022,17.9,8.7,18
28/09/2023,20:00,158,0.7,43.3,0.4,20.0,80.7,0.0,1023,20.5,9.6,19
28/09/2023,21:00,157,1.1,30.0,0.5,19.9,80.3,0.2,1023,19.6,9.1,16
28/09/2023,22:00,142,0.6,47.3,0.4,19.6,80.4,0.0,1023,19.7,8.7,14
28/09/2023,23:00,154,0.8,39.8,0.4,19.2,79.7,0.0,1023,19.4,8.6,13
29/09/2023,00:00,146,0.9,31.8,0.4,19.2,77.1,0.0,1023,20.9,8.3,13
29/09/2023,01:00,154,0.8,42.7,0.4,19.1,77.2,0.0,1022,20.4,8.2,11
29/09/2023,02:00,164,0.2,83.2,0.3,18.8,79.3,0.0,1022,18.5,8.5,14
29/09/2023,03:00,164,0.4,63.0,0.4,18.6,79.0,0.0,1022,17.9,8.7,16
29/09/2023,04:00,154,0.4,56.7,0.3,18.3,77.8,0.0,1022,19.5,9.5,19
29/09/2023,05:00,155,0.2,72.5,0.2,18.1,77.7,0.0,1023,18.8,9.8,21
29/09/2023,06:00,163,0.3,77.0,0.3,18.9,74.3,0.0,1023,18.9,9.9,20
29/09/2023,07:00,134,0.4,51.9,0.3,20.4,65.9,0.0,1024,20.6,8.8,17
29/09/2023,08:00,349,0.7,49.6,0.5,22.2,57.1,0.0,1024,18.4,7.6,12
29/09/2023,09:00,1,0.7,45.6,0.5,23.0,53.1,0.0,1023,18.7,6.9,11
29/09/2023,10:00,45,0.3,57.2,0.4,23.7,49.0,0.0,1023,17.9,7.6,13
29/09/2023,11:00,342,0.8,56.4,0.6,25.1,45.3,0.0,1022,21.1,10.1,19
29/09/2023,12:00,349,0.8,50.6,0.6,25.1,46.1,0.0,1020,23.1,10.4,20
29/09/2023,13:00,349,0.9,52.4,0.6,25.9,44.9,0.0,1019,22.7,10.0,19
29/09/2023,14:00,336,1.7,29.2,0.8,25.5,46.8,0.0,1018,20.7,8.6,15
29/09/2023,15:00,336,2.1,26.7,0.9,24.4,50.5,0.0,1018,16.5,7.5,12
29/09/2023,16:00,336,2.2,27.1,0.9,23.0,57.8,0.0,1018,15.3,6.6,10
29/09/2023,17:00,337,2.1,25.1,0.9,21.8,63.8,0.0,1019,14.9,6.4,10
29/09/2023,18:00,333,1.9,22.4,0.7,21.1,65.5,0.0,1020,15.8,7.0,13
29/09/2023,19:00,335,1.2,32.3,0.6,20.9,65.7,0.0,1020,16.8,7.7,15
29/09/2023,20:00,330,0.9,34.5,0.5,20.6,66.9,0.0,1020,15.6,7.8,16
29/09/2023,21:00,322,1.2,31.9,0.7,20.3,67.6,0.0,1020,15.7,7.4,14
29/09/2023,22:00,324,1.2,30.8,0.6,20.0,68.6,0.0,1020,16.6,7.8,13
29/09/2023,23:00,312,0.3,60.4,0.3,19.8,69.6,0.0,1020,15.1,6.7,11
30/09/2023,00:00,104,0.1,63.7,0.2,19.4,71.8,0.0,1020,14.3,6.3,10
30/09/2023,01:00,80,0.3,41.6,0.2,19.3,71.8,0.0,1019,13.7,5.9,9
30/09/2023,02:00,143,0.3,47.8,0.2,18.6,75.6,0.0,1019,14.1,7.3,14
30/09/2023,03:00,168,0.5,40.9,0.2,17.9,78.4,0.0,1019,14.3,6.7,12
30/09/2023,04:00,164,0.6,30.0,0.2,17.6,79.9,0.0,1019,14.4,6.9,13
30/09/2023,05:00,162,0.4,42.6,0.2,17.4,80.6,0.0,1020,14.3,7.3,14
30/09/2023,06:00,147,0.5,38.6,0.2,18.1,76.8,0.0,1020,15.5,7.9,17
30/09/2023,07:00,145,0.4,64.0,0.2,20.3,67.2,0.0,1021,19.0,9.0,19
30/09/2023,08:00,312,1.0,46.2,0.6,22.7,56.3,0.0,1021,16.5,6.7,11
30/09/2023,09:00,351,0.6,68.1,0.5,23.9,51.6,0.0,1021,13.1,5.9,9
30/09/2023,10:00,27,0.7,47.3,0.5,24.8,48.6,0.0,1020,13.5,6.4,10
30/09/2023,11:00,3,0.7,47.6,0.5,25.8,46.7,0.0,1019,15.3,6.7,11
30/09/2023,12:00,341,1.7,37.2,0.8,26.1,43.9,0.0,1018,14.5,6.3,10
30/09/2023,13:00,342,1.9,34.1,0.9,25.7,43.6,0.0,1018,15.0,6.6,11
30/09/2023,14:00,339,2.2,27.2,1.0,25.1,48.1,0.0,1017,13.3,6.1,10
30/09/2023,15:00,338,2.4,25.3,1.0,23.9,53.7,0.0,1017,12.5,5.4,8
30/09/2023,16:00,338,2.6,23.4,0.9,22.9,57.2,0.0,1017,11.5,5.3,8
30/09/2023,17:00,330,2.3,24.8,1.0,21.8,59.6,0.0,1017,12.2,6.0,11
30/09/2023,18:00,332,2.0,20.3,0.7,21.2,60.2,0.0,1018,14.1,7.9,16
30/09/2023,19:00,337,1.7,25.3,0.7,20.8,61.2,0.0,1019,16.8,8.1,18
30/09/2023,20:00,333,1.8,26.2,0.8,20.6,61.4,0.0,1019,14.8,7.7,16
30/09/2023,21:00,333,1.9,24.0,0.8,20.5,63.2,0.0,1020,14.3,7.2,14
30/09/2023,22:00,332,1.4,28.3,0.6,20.3,63.2,0.0,1020,13.5,6.6,12
30/09/2023,23:00,316,0.9,33.6,0.5,19.8,64.1,0.0,1020,13.8,6.6,12
01/10/2023,00:00,314,0.9,29.5,0.5,19.3,65.5,0.0,1020,13.2,6.9,13
01/10/2023,01:00,318,0.5,51.1,0.3,19.2,64.4,0.0,1019,12.5,6.4,11
01/10/2023,02:00,143,0.0,91.0,0.2,18.8,66.6,0.0,1018,13.0,6.3,11
01/10/2023,03:00,153,0.3,52.1,0.2,18.7,67.6,0.0,1018,12.5,6.6,13
01/10/2023,04:00,166,0.3,64.8,0.3,17.8,72.6,0.0,1019,16.1,9.1,22
01/10/2023,05:00,170,0.3,73.9,0.3,17.0,74.9,0.0,1019,15.9,9.7,24
01/10/2023,06:00,147,0.2,80.4,0.3,17.9,70.9,0.0,1020,13.9,7.5,16
01/10/2023,07:00,147,0.5,50.7,0.3,19.7,62.4,0.0,1020,14.4,8.0,16
01/10/2023,08:00,137,0.2,59.5,0.4,21.9,52.8,0.0,1020,13.6,7.2,13
01/10/2023,09:00,332,1.3,44.0,0.8,23.7,41.8,0.0,1020,12.3,5.4,7
01/10/2023,10:00,332,1.4,39.9,0.8,24.4,41.0,0.0,1019,12.8,5.6,7
01/10/2023,11:00,346,1.9,35.8,1.0,24.5,43.6,0.0,1018,13.4,5.7,8
01/10/2023,12:00,340,2.3,30.4,1.1,24.6,45.1,0.0,1018,14.3,5.9,8
01/10/2023,13:00,337,2.3,26.7,1.0,24.6,44.1,0.0,1017,14.5,6.0,8
01/10/2023,14:00,346,2.4,27.4,1.2,24.1,47.5,0.0,1016,13.5,5.7,8
01/10/2023,15:00,337,2.7,25.5,1.2,23.5,49.6,0.0,1016,14.3,5.8,8
01/10/2023,16:00,330,2.8,22.6,1.2,22.9,52.3,0.0,1016,13.7,5.4,7
01/10/2023,17:00,334,2.5,24.1,1.0,22.1,59.0,0.0,1016,14.7,6.2,8
01/10/2023,18:00,331,2.1,22.5,0.9,21.6,61.0,0.0,1017,17.7,7.6,13
01/10/2023,19:00,333,1.2,28.3,0.5,21.4,62.5,0.0,1017,19.9,8.8,15
01/10/2023,20:00,326,0.9,49.8,0.6,21.1,63.5,0.0,1018,17.8,7.6,13
01/10/2023,21:00,327,1.1,42.9,0.6,20.6,64.2,0.0,1018,16.2,6.9,11
01/10/2023,22:00,320,1.3,29.2,0.7,20.3,65.1,0.0,1018,15.7,6.7,10
01/10/2023,23:00,330,1.1,32.9,0.5,20.1,65.4,0.0,1018,15.8,6.4,9
02/10/2023,00:00,318,0.3,72.1,0.3,19.7,65.4,0.0,1018,14.5,6.1,9
02/10/2023,01:00,314,0.6,55.5,0.4,19.5,65.2,0.0,1017,12.4,5.4,6
02/10/2023,02:00,354,0.0,62.0,0.3,19.3,65.5,0.0,1017,11.6,5.1,6
02/10/2023,03:00,143,0.2,51.1,0.2,19.1,66.2,0.0,1017,11.3,5.1,6
02/10/2023,04:00,169,0.4,50.4,0.2,17.9,72.6,0.0,1018,11.9,5.6,8
02/10/2023,05:00,166,0.1,78.2,0.2,17.4,74.8,0.0,1018,13.7,6.9,11
02/10/2023,06:00,162,0.2,86.2,0.3,18.4,71.0,0.0,1019,16.1,8.3,15
02/10/2023,07:00,150,0.4,68.3,0.3,20.3,62.2,0.0,1020,16.3,8.5,15
02/10/2023,08:00,151,0.7,60.2,0.4,21.8,56.0,0.0,1020,15.0,7.3,12
02/10/2023,09:00,107,0.4,53.7,0.4,24.3,46.5,0.0,1020,15.4,6.8,10
02/10/2023,10:00,11,0.5,65.0,0.6,25.8,39.9,0.0,1020,12.9,5.4,6
02/10/2023,11:00,343,1.2,43.9,0.7,26.3,39.1,0.0,1019,12.7,5.5,7
02/10/2023,12:00,340,1.7,36.7,0.9,26.4,40.5,0.0,1018,13.8,5.8,7
02/10/2023,13:00,343,1.8,34.8,0.9,26.2,42.0,0.0,1017,13.7,5.7,7
02/10/2023,14:00,338,2.0,29.6,0.9,25.6,45.2,0.0,1017,15.3,5.8,7
02/10/2023,15:00,329,2.2,26.7,0.9,24.9,47.6,0.0,1017,14.3,5.7,7
02/10/2023,16:00,334,2.6,24.6,1.0,23.6,56.5,0.0,1017,14.5,5.9,7
02/10/2023,17:00,330,2.4,21.3,0.9,22.6,64.2,0.0,1018,16.9,6.7,8
02/10/2023,18:00,332,2.3,19.9,0.8,22.1,68.6,0.0,1018,19.2,7.6,10
02/10/2023,19:00,341,1.7,27.7,0.7,21.9,69.9,0.0,1019,18.6,7.9,11
02/10/2023,20:00,331,1.9,21.1,0.6,21.7,70.2,0.0,1020,17.9,7.5,11
02/10/2023,21:00,337,1.3,31.5,0.6,21.5,70.4,0.0,1020,16.9,7.0,10
02/10/2023,22:00,335,1.4,23.8,0.6,21.3,67.6,0.0,1020,15.9,6.7,9
02/10/2023,23:00,332,1.1,26.5,0.5,21.1,65.9,0.0,1020,14.8,6.4,9
03/10/2023,00:00,287,0.1,60.8,0.2,20.5,70.6,0.0,1020,15.3,6.7,9
03/10/2023,01:00,148,0.3,58.0,0.2,20.0,73.6,0.0,1019,15.5,7.1,10
03/10/2023,02:00,162,0.5,31.4,0.3,19.4,75.9,0.0,1019,15.5,8.0,14
03/10/2023,03:00,169,0.3,63.1,0.3,18.8,76.4,0.0,1019,17.6,8.7,18
03/10/2023,04:00,157,0.2,72.4,0.2,18.2,79.1,0.0,1019,17.7,9.1,18
03/10/2023,05:00,165,0.4,64.6,0.3,17.7,81.0,0.0,1019,17.3,8.8,18
03/10/2023,06:00,163,0.7,44.0,0.3,18.2,78.6,0.0,1020,22.4,12.3,29
03/10/2023,07:00,148,0.8,23.2,0.3,20.1,69.7,0.0,1020,24.8,12.5,28
03/10/2023,08:00,6,0.7,46.5,0.6,22.9,59.5,0.0,1020,23.1,9.6,17
03/10/2023,09:00,327,2.2,27.0,1.0,24.3,42.5,0.0,1020,17.2,7.1,9
03/10/2023,10:00,328,2.4,28.5,1.1,24.9,39.8,0.0,1019,18.2,6.9,8
03/10/2023,11:00,344,1.7,38.5,1.0,25.1,47.0,0.0,1019,19.5,7.9,10
03/10/2023,12:00,346,1.9,37.3,1.0,24.9,49.8,0.0,1018,20.3,8.5,11
03/10/2023,13:00,338,2.3,28.4,1.0,24.6,51.7,0.0,1017,23.2,8.9,11
03/10/2023,14:00,337,2.4,30.0,1.2,24.0,52.5,0.0,1017,24.7,9.0,10
03/10/2023,15:00,340,2.2,30.7,1.0,23.7,51.0,0.0,1016,21.5,8.2,9
03/10/2023,16:00,334,2.4,25.7,1.0,23.3,50.7,0.0,1017,19.3,7.7,8
03/10/2023,17:00,335,2.2,24.5,1.0,22.4,57.1,0.0,1017,18.6,7.6,8
03/10/2023,18:00,337,1.8,24.1,0.8,21.9,60.6,0.0,1018,20.1,8.1,9
03/10/2023,19:00,342,1.6,30.3,0.7,21.8,66.7,0.0,1018,23.4,8.8,10
03/10/2023,20:00,337,1.8,25.4,0.8,21.4,68.9,0.0,1018,22.2,8.8,10
03/10/2023,21:00,339,1.5,27.7,0.6,21.3,70.0,0.0,1019,24.1,9.1,10
03/10/2023,22:00,345,1.5,29.9,0.7,21.3,69.2,0.0,1019,22.8,8.3,9
03/10/2023,23:00,345,1.4,27.2,0.7,21.2,69.9,0.0,1018,23.2,8.6,8
04/10/2023,00:00,347,0.9,38.8,0.5,21.1,70.0,0.0,1018,23.8,8.8,8
04/10/2023,01:00,344,1.4,32.7,0.7,21.3,68.2,0.0,1017,23.6,8.5,7
04/10/2023,02:00,342,1.6,32.4,0.8,20.6,71.4,0.0,1017,17.7,6.1,6
04/10/2023,03:00,336,0.8,41.5,0.4,20.1,76.2,0.0,1016,18.1,6.4,7
04/10/2023,04:00,339,1.0,32.8,0.5,20.7,74.6,0.0,1016,23.9,9.1,9
04/10/2023,05:00,322,0.8,36.3,0.4,20.5,74.1,0.0,1017,20.1,8.1,9
04/10/2023,06:00,5,0.4,46.9,0.3,20.8,73.5,0.0,1017,19.4,7.4,9
04/10/2023,07:00,315,0.5,68.0,0.5,21.3,72.7,1.2,1017,18.6,7.6,11
04/10/2023,08:00,332,2.4,27.8,1.1,22.5,69.2,0.0,1017,19.8,7.3,9
04/10/2023,09:00,330,2.0,30.4,1.0,22.7,69.7,0.0,1017,17.8,6.8,9
04/10/2023,10:00,331,2.9,24.6,1.2,23.7,64.0,0.0,1016,18.2,7.0,10
04/10/2023,11:00,337,3.0,28.5,1.2,24.4,57.8,0.0,1015,17.4,6.4,8
04/10/2023,12:00,336,2.6,26.5,1.1,23.3,68.0,0.0,1014,21.0,7.9,10
04/10/2023,13:00,335,3.0,25.3,1.2,23.6,67.8,0.0,1014,26.1,9.6,12
04/10/2023,14:00,341,3.1,27.2,1.4,24.3,63.6,0.0,1013,28.2,10.3,13
04/10/2023,15:00,332,3.4,25.5,1.4,24.4,62.0,0.0,1012,26.3,9.2,12
04/10/2023,16:00,330,3.3,23.4,1.3,23.8,66.0,0.0,1012,27.5,9.6,11
04/10/2023,17:00,329,3.2,23.6,1.3,23.1,71.8,0.0,1012,30.0,11.1,14
04/10/2023,18:00,332,3.0,24.6,1.2,22.8,72.8,0.0,1012,30.2,12.2,16
04/10/2023,19:00,336,1.8,31.6,0.9,22.9,69.6,0.0,1013,28.2,11.2,15
04/10/2023,20:00,331,1.8,27.9,0.8,22.7,70.7,0.0,1014,26.7,10.3,14
04/10/2023,21:00,332,1.9,30.8,0.9,22.3,72.2,0.0,1013,26.9,10.5,14
04/10/2023,22:00,319,1.5,34.2,0.9,22.0,71.8,0.0,1013,24.6,9.7,12
04/10/2023,23:00,318,1.4,37.8,0.8,21.8,68.7,0.0,1014,20.2,8.1,10
05/10/2023,00:00,335,1.0,40.9,0.5,21.5,71.9,0.3,1013,19.3,7.9,9
05/10/2023,01:00,326,0.9,42.1,0.5,21.4,72.2,0.0,1013,18.9,8.0,7
05/10/2023,02:00,168,0.1,76.1,0.2,21.3,72.8,0.0,1013,18.5,8.0,9
05/10/2023,03:00,339,0.7,43.9,0.3,21.3,72.8,0.0,1013,19.6,8.3,10
05/10/2023,04:00,324,0.7,37.5,0.3,21.3,73.7,0.0,1013,21.3,8.7,11
05/10/2023,05:00,346,0.1,81.5,0.2,20.2,77.6,0.0,1014,17.0,7.1,9
05/10/2023,06:00,116,0.1,83.3,0.3,19.5,68.8,0.0,1015,14.6,4.9,6
05/10/2023,07:00,165,0.2,88.0,0.3,19.6,62.8,0.0,1015,15.6,4.5,4
05/10/2023,08:00,161,0.1,75.2,0.3,18.9,68.3,0.0,1016,16.0,4.7,5
05/10/2023,09:00,119,0.2,88.9,0.3,22.6,47.8,0.0,1016,21.2,5.3,6
05/10/2023,10:00,106,0.2,86.3,0.3,24.5,38.6,0.0,1015,23.7,5.3,5
05/10/2023,11:00,126,0.1,89.2,0.4,25.9,36.0,0.0,1015,19.9,5.6,7
05/10/2023,12:00,148,0.1,87.7,0.3,27.2,34.6,0.0,1014,19.8,5.5,7
05/10/2023,13:00,170,0.3,91.3,0.6,26.6,35.4,0.0,1013,23.3,5.8,8
05/10/2023,14:00,153,0.2,105.3,0.4,27.1,35.7,0.0,1013,22.2,6.1,8
05/10/2023,15:00,141,0.2,99.7,0.4,27.3,34.5,0.0,1012,19.1,5.5,8
05/10/2023,16:00,100,0.1,88.0,0.3,26.7,33.7,0.0,1013,17.8,5.2,7
05/10/2023,17:00,78,0.1,96.8,0.3,25.3,32.7,0.0,1013,21.3,4.6,6
05/10/2023,18:00,123,0.1,94.3,0.2,24.6,32.7,0.0,1014,20.1,5.0,6
05/10/2023,19:00,118,0.1,95.2,0.2,24.0,32.6,0.0,1015,17.4,5.3,16
05/10/2023,20:00,141,0.1,93.4,0.3,23.4,32.3,0.0,1016,15.3,5.4,8
05/10/2023,21:00,143,0.2,86.8,0.3,22.3,33.6,0.0,1016,18.6,9.4,18
05/10/2023,22:00,151,0.3,75.5,0.3,21.3,34.3,0.0,1016,25.4,17.4,33
05/10/2023,23:00,145,0.2,86.8,0.3,20.5,34.0,0.0,1016,24.3,16.0,30
06/10/2023,00:00,154,0.3,78.5,0.4,19.8,34.4,0.0,1016,22.2,14.1,26
06/10/2023,01:00,155,0.3,75.1,0.3,19.3,34.3,0.0,1016,18.5,12.2,22
06/10/2023,02:00,155,0.4,61.7,0.3,19.0,34.2,0.0,1015,18.8,11.8,21
06/10/2023,03:00,152,0.4,70.7,0.4,18.8,34.1,0.0,1015,14.9,8.1,13
06/10/2023,04:00,139,0.4,53.3,0.3,18.5,36.4,0.0,1016,12.8,7.3,11
06/10/2023,05:00,157,0.3,65.0,0.3,18.3,40.2,0.0,1016,14.5,7.1,10
06/10/2023,06:00,165,0.4,65.4,0.4,18.9,41.6,0.0,1017,17.3,7.7,12
06/10/2023,07:00,164,0.7,61.4,0.5,20.4,41.8,0.0,1018,19.6,8.1,13
06/10/2023,08:00,153,0.6,68.5,0.6,22.2,41.9,0.0,1018,24.5,8.0,12
06/10/2023,09:00,64,0.9,47.4,0.7,22.6,48.4,0.0,1018,22.9,6.6,7
06/10/2023,10:00,85,1.0,48.1,0.8,23.1,47.3,0.0,1018,18.7,6.5,7
06/10/2023,11:00,78,1.2,37.3,0.6,23.3,44.9,0.0,1018,20.2,6.9,9
06/10/2023,12:00,50,0.8,51.9,0.7,24.2,40.3,0.0,1017,20.2,7.1,9
06/10/2023,13:00,74,1.3,40.7,0.8,24.4,39.2,0.0,1016,19.9,7.2,10
06/10/2023,14:00,34,1.1,44.7,0.8,24.3,41.2,0.0,1016,18.7,6.8,9
06/10/2023,15:00,54,1.2,39.3,0.8,23.8,44.2,0.0,1016,20.3,6.6,7
06/10/2023,16:00,77,1.5,36.6,0.8,22.8,46.6,0.0,1016,19.4,6.1,6
06/10/2023,17:00,84,1.7,34.6,0.9,21.7,49.8,0.0,1017,18.5,5.4,5
06/10/2023,18:00,82,1.1,37.1,0.6,20.9,52.6,0.0,1018,14.6,5.2,4
06/10/2023,19:00,70,0.8,38.5,0.4,20.6,53.9,0.0,1018,16.4,5.2,5
06/10/2023,20:00,88,0.5,43.4,0.3,20.7,54.0,0.0,1019,15.4,5.5,5
06/10/2023,21:00,127,1.3,35.6,0.6,20.7,55.9,0.0,1020,18.2,6.3,7
06/10/2023,22:00,143,1.7,34.7,0.8,20.4,54.0,0.0,1020,18.2,5.9,6
06/10/2023,23:00,145,1.4,32.0,0.7,20.2,50.1,0.0,1020,15.1,5.4,5
07/10/2023,00:00,150,1.5,29.2,0.7,19.8,48.7,0.0,1020,14.2,5.2,4
07/10/2023,01:00,159,1.1,32.0,0.5,19.3,49.4,0.0,1019,12.0,4.9,5
07/10/2023,02:00,168,0.6,50.5,0.5,18.6,52.0,0.0,1019,13.5,4.9,5
07/10/2023,03:00,178,0.8,57.5,0.6,17.8,51.2,0.0,1019,13.9,4.7,4
07/10/2023,04:00,181,0.6,56.1,0.5,17.1,53.2,0.0,1019,12.2,4.5,3
07/10/2023,05:00,176,0.5,65.2,0.5,17.0,55.9,0.0,1020,14.1,4.6,3
07/10/2023,06:00,176,1.0,47.2,0.8,17.8,55.7,0.0,1021,12.5,4.5,3
07/10/2023,07:00,163,1.3,43.0,0.9,19.3,53.5,0.0,1021,13.5,4.0,3
07/10/2023,08:00,155,2.0,35.4,1.0,20.4,51.9,0.0,1022,10.0,3.3,2
07/10/2023,09:00,140,1.9,34.7,1.0,19.4,59.8,0.0,1022,10.1,3.1,2
07/10/2023,10:00,136,1.8,34.5,0.9,20.9,52.8,0.0,1022,9.7,2.8,2
07/10/2023,11:00,125,1.5,40.0,1.0,20.5,56.5,0.0,1021,9.8,3.1,2
07/10/2023,12:00,101,1.8,41.3,1.0,20.4,56.3,0.0,1021,9.2,3.4,4
07/10/2023,13:00,103,1.7,41.4,0.9,21.3,52.7,0.0,1020,9.4,3.6,6
07/10/2023,14:00,127,2.1,36.5,1.2,20.6,53.2,0.0,1020,11.9,4.3,8
07/10/2023,15:00,109,2.0,31.6,1.0,20.7,52.2,0.0,1021,13.3,4.5,7
07/10/2023,16:00,118,1.9,35.8,1.0,20.1,55.7,0.0,1021,12.5,4.3,8
07/10/2023,17:00,113,1.4,42.4,0.8,19.6,56.5,0.0,1022,12.1,4.7,8
07/10/2023,18:00,120,1.4,40.5,0.8,19.0,58.8,0.0,1023,13.9,5.4,10
07/10/2023,19:00,133,1.3,34.3,0.6,18.5,59.9,0.0,1023,15.5,6.1,13
07/10/2023,20:00,151,1.1,37.7,0.6,18.3,60.0,0.0,1024,16.4,6.5,13
07/10/2023,21:00,151,0.7,41.4,0.3,18.1,60.0,0.0,1024,17.6,6.4,13
07/10/2023,22:00,140,1.0,34.3,0.6,17.9,61.2,0.0,1024,16.9,6.2,12
07/10/2023,23:00,153,1.1,34.2,0.6,17.8,62.7,0.0,1024,14.8,5.7,11
08/10/2023,00:00,163,0.6,52.2,0.4,17.4,64.1,0.0,1023,14.5,5.6,11
08/10/2023,01:00,163,0.5,51.9,0.4,16.9,65.1,0.0,1023,15.9,6.5,15
08/10/2023,02:00,162,0.5,69.4,0.4,16.6,65.9,0.0,1023,15.6,6.2,14
08/10/2023,03:00,148,0.6,48.0,0.3,16.5,68.0,0.0,1023,12.0,5.2,11
08/10/2023,04:00,144,0.2,77.3,0.3,16.6,66.3,0.0,1024,12.4,5.3,12
08/10/2023,05:00,154,0.4,74.5,0.3,16.2,65.9,0.0,1024,12.4,5.3,11
08/10/2023,06:00,164,0.4,70.4,0.4,16.2,69.1,0.0,1025,11.2,4.4,9
08/10/2023,07:00,167,0.7,66.1,0.5,16.6,70.0,0.0,1026,7.7,3.2,6
08/10/2023,08:00,141,1.3,48.8,0.7,18.3,62.2,0.0,1026,7.1,2.9,4
08/10/2023,09:00,155,2.0,33.7,1.0,18.6,63.1,0.0,1026,7.3,2.4,4
08/10/2023,10:00,152,1.8,32.9,1.1,20.5,51.2,0.0,1025,9.3,3.5,5
08/10/2023,11:00,111,1.5,37.9,0.8,21.1,48.2,0.0,1024,11.8,3.9,6
08/10/2023,12:00,84,1.4,43.2,0.9,20.8,52.6,0.0,1023,11.2,4.0,6
08/10/2023,13:00,77,1.5,46.6,1.0,21.1,49.8,0.0,1023,10.5,4.0,6
08/10/2023,14:00,83,1.7,38.6,0.9,20.9,50.1,0.0,1022,14.2,4.8,7
08/10/2023,15:00,86,1.5,43.5,1.0,20.4,49.1,0.0,1022,17.2,5.6,9
08/10/2023,16:00,81,1.8,36.4,0.8,20.0,49.5,0.0,1023,14.9,5.2,8
08/10/2023,17:00,89,1.3,41.4,0.8,19.8,51.1,0.0,1024,15.1,5.1,8
08/10/2023,18:00,63,1.0,43.1,0.7,19.4,54.3,0.0,1024,14.3,5.0,8
08/10/2023,19:00,50,0.7,45.0,0.4,18.8,59.2,0.0,1025,12.8,4.8,8
08/10/2023,20:00,72,0.5,37.8,0.3,18.2,62.2,0.0,1024,13.6,5.2,10
08/10/2023,21:00,146,0.4,38.3,0.2,17.9,62.6,0.0,1024,14.0,5.0,10
08/10/2023,22:00,164,0.6,42.6,0.3,17.6,63.5,0.0,1024,14.4,5.4,12
08/10/2023,23:00,142,0.6,44.1,0.3,17.2,63.0,0.0,1024,13.1,4.8,10
09/10/2023,00:00,111,0.7,47.4,0.5,17.2,65.0,0.0,1023,9.4,3.5,7
09/10/2023,01:00,156,0.3,81.1,0.3,17.4,64.3,0.0,1022,8.4,3.4,7
09/10/2023,02:00,144,0.2,76.0,0.2,16.1,69.4,0.0,1022,12.0,5.0,11
09/10/2023,03:00,161,0.2,92.1,0.3,15.3,70.8,0.0,1022,11.7,5.0,11
09/10/2023,04:00,150,0.2,91.6,0.3,15.1,71.1,0.0,1022,14.3,6.1,14
09/10/2023,05:00,171,0.5,67.1,0.4,15.0,70.7,0.0,1023,16.1,8.1,20
09/10/2023,06:00,164,0.5,63.1,0.5,16.0,64.8,0.0,1023,20.1,10.1,27
09/10/2023,07:00,144,0.3,81.2,0.4,18.2,56.3,0.0,1024,22.9,9.3,22
09/10/2023,08:00,146,0.3,78.3,0.3,20.9,49.6,0.0,1024,27.0,8.1,19
09/10/2023,09:00,100,0.2,51.0,0.6,22.1,44.2,0.0,1023,15.3,4.1,7
09/10/2023,10:00,7,1.0,43.8,0.6,23.0,38.4,0.0,1023,9.2,2.7,3
09/10/2023,11:00,1,1.2,43.5,0.8,23.2,39.2,0.0,1022,9.1,2.7,3
09/10/2023,12:00,349,1.6,35.3,0.9,23.4,39.8,0.0,1021,10.0,3.0,3
09/10/2023,13:00,349,1.6,37.9,0.9,23.4,40.1,0.0,1020,11.5,3.3,4
09/10/2023,14:00,350,1.6,40.0,1.0,22.8,41.9,0.0,1020,11.4,3.3,4
09/10/2023,15:00,344,1.6,36.8,0.8,22.7,42.2,0.0,1019,12.5,3.4,4
09/10/2023,16:00,352,1.3,37.3,0.8,21.9,44.8,0.0,1019,12.2,3.4,4
09/10/2023,17:00,17,1.0,44.8,0.6,21.2,47.1,0.0,1020,10.6,2.9,3
09/10/2023,18:00,20,0.7,47.4,0.4,20.6,51.6,0.0,1020,12.1,3.3,4
09/10/2023,19:00,353,0.8,36.3,0.4,20.0,54.7,0.0,1020,15.8,4.9,9
09/10/2023,20:00,348,0.7,43.2,0.4,19.7,57.0,0.0,1020,16.4,5.6,11
09/10/2023,21:00,334,1.1,15.8,0.4,19.5,58.8,0.0,1020,11.3,4.5,8
09/10/2023,22:00,338,0.3,70.6,0.3,19.3,60.9,0.0,1020,9.1,3.7,6
09/10/2023,23:00,143,0.1,65.8,0.2,18.8,64.4,0.0,1020,8.9,3.6,6
10/10/2023,00:00,149,0.4,42.2,0.2,18.2,67.3,0.0,1019,9.7,3.8,7
10/10/2023,01:00,167,0.5,49.6,0.3,17.1,69.6,0.0,1019,15.9,5.2,14
10/10/2023,02:00,180,0.4,69.6,0.4,16.2,68.2,0.0,1018,16.9,8.8,25
10/10/2023,03:00,163,0.2,84.8,0.2,16.1,69.8,0.0,1018,15.1,7.3,17
10/10/2023,04:00,120,0.1,91.5,0.2,16.0,70.4,0.0,1018,12.6,6.0,14
10/10/2023,05:00,163,0.3,60.5,0.2,15.8,71.6,0.0,1019,17.6,9.2,24
10/10/2023,06:00,163,0.4,66.0,0.3,17.2,66.2,0.0,1019,21.8,12.1,33
10/10/2023,07:00,150,0.6,60.6,0.4,19.0,57.8,0.0,1020,29.3,18.6,51
10/10/2023,08:00,144,0.7,51.0,0.4,21.1,51.4,0.0,1020,31.7,20.9,55
10/10/2023,09:00,128,0.3,67.0,0.4,23.5,43.4,0.0,1019,19.8,10.7,25
10/10/2023,10:00,37,0.6,42.6,0.5,24.2,39.9,0.0,1018,14.5,5.7,11
10/10/2023,11:00,355,1.2,42.0,0.7,25.0,39.3,0.0,1018,13.6,4.3,7
10/10/2023,12:00,346,1.8,35.2,0.9,25.3,34.3,0.0,1016,12.4,3.7,5
10/10/2023,13:00,341,1.8,35.7,1.0,25.5,35.5,0.0,1016,12.9,3.7,5
10/10/2023,14:00,339,2.3,30.6,0.9,24.7,40.0,0.0,1015,14.6,3.9,6
10/10/2023,15:00,331,2.7,24.7,1.0,23.7,47.4,0.0,1015,11.5,3.7,6
10/10/2023,16:00,335,2.6,23.4,1.0,22.7,51.8,0.0,1015,11.6,3.7,6
10/10/2023,17:00,334,2.2,23.7,0.8,21.8,53.9,0.0,1016,10.3,3.8,6
10/10/2023,18:00,331,2.1,23.0,0.8,21.3,54.9,0.0,1017,9.5,3.9,7
10/10/2023,19:00,331,1.7,23.1,0.7,21.0,56.3,0.0,1018,10.0,4.2,8
10/10/2023,20:00,331,1.3,19.7,0.5,20.7,57.9,0.0,1018,10.9,4.8,10
10/10/2023,21:00,324,0.8,43.3,0.5,20.6,57.5,0.0,1018,10.1,4.4,9
10/10/2023,22:00,315,0.6,50.5,0.4,20.2,57.1,0.0,1018,9.2,3.7,6
10/10/2023,23:00,240,0.0,83.5,0.2,19.8,58.0,0.0,1018,9.9,3.6,6
11/10/2023,00:00,118,0.4,38.4,0.1,19.4,60.3,0.0,1018,11.3,3.7,6
11/10/2023,01:00,137,0.5,26.5,0.2,18.9,63.4,0.0,1018,11.4,3.9,8
11/10/2023,02:00,162,0.2,72.5,0.2,18.2,67.5,0.0,1018,14.7,5.7,14
11/10/2023,03:00,138,0.1,84.3,0.2,18.1,67.4,0.0,1018,14.8,6.3,15
11/10/2023,04:00,98,0.1,80.7,0.2,18.1,66.9,0.0,1018,17.4,7.2,18
11/10/2023,05:00,168,0.1,78.9,0.3,18.1,66.5,0.0,1019,16.4,7.6,20
11/10/2023,06:00,160,0.3,67.9,0.2,18.7,64.1,0.0,1020,16.9,6.3,15
11/10/2023,07:00,158,0.5,65.5,0.4,19.2,62.7,0.0,1020,21.6,9.4,25
11/10/2023,08:00,159,0.4,67.4,0.4,20.5,59.0,0.0,1021,28.5,9.1,24
11/10/2023,09:00,142,0.1,82.5,0.2,24.2,46.1,0.0,1021,18.2,6.1,13
11/10/2023,10:00,159,0.5,64.8,0.4,25.4,38.1,0.0,1020,10.9,4.4,8
11/10/2023,11:00,349,0.5,53.2,0.6,26.0,37.2,0.0,1020,13.5,4.6,9
11/10/2023,12:00,340,1.6,35.6,0.9,25.8,40.5,0.0,1018,13.9,4.7,8
11/10/2023,13:00,342,1.8,33.8,0.9,25.7,39.3,0.0,1018,16.1,4.5,8
11/10/2023,14:00,356,1.6,33.7,0.8,25.4,42.0,0.0,1017,20.3,4.8,10
11/10/2023,15:00,2,1.5,38.6,0.9,24.8,44.9,0.0,1017,15.7,4.6,10
11/10/2023,16:00,12,1.3,41.5,0.8,23.7,53.0,0.0,1018,14.2,3.8,7
11/10/2023,17:00,358,1.3,35.5,0.8,22.6,59.4,0.0,1019,11.8,3.7,6
11/10/2023,18:00,344,1.6,28.5,0.8,21.9,61.8,0.0,1020,10.7,3.8,7
11/10/2023,19:00,343,1.4,25.3,0.7,21.6,61.8,0.0,1020,9.7,4.2,9
11/10/2023,20:00,343,1.2,28.0,0.6,21.4,62.4,0.0,1021,10.2,4.0,8
11/10/2023,21:00,339,1.1,25.5,0.5,21.1,62.8,0.0,1021,11.1,4.1,8
11/10/2023,22:00,357,0.6,50.9,0.4,21.0,62.0,0.0,1021,9.9,3.7,7
11/10/2023,23:00,339,0.8,35.8,0.4,20.8,61.8,0.0,1021,11.4,4.8,11
12/10/2023,00:00,27,0.3,52.8,0.3,20.4,63.5,0.0,1020,11.6,4.1,9
12/10/2023,01:00,184,0.1,56.9,0.2,19.8,68.1,0.0,1020,9.4,3.8,8
12/10/2023,02:00,194,0.0,82.1,0.2,19.1,71.7,0.0,1019,11.4,4.5,11
12/10/2023,03:00,222,0.1,71.6,0.2,18.2,72.4,0.0,1020,14.5,6.2,16
12/10/2023,04:00,163,0.6,35.0,0.3,17.6,73.5,0.0,1020,15.4,7.2,20
12/10/2023,05:00,165,0.6,42.8,0.3,17.5,74.4,0.0,1020,16.4,7.4,19
12/10/2023,06:00,158,0.6,52.5,0.4,18.6,68.8,0.0,1020,16.3,6.7,16
12/10/2023,07:00,150,0.7,47.7,0.4,20.6,61.2,0.0,1020,18.1,6.7,16
12/10/2023,08:00,329,0.5,62.6,0.5,23.1,52.2,0.0,1020,14.9,5.1,10
12/10/2023,09:00,323,0.8,56.4,0.7,24.4,45.5,0.0,1020,12.5,3.9,6
12/10/2023,10:00,328,0.9,52.1,0.5,25.3,42.8,0.0,1019,12.7,4.5,8
12/10/2023,11:00,346,1.4,36.9,0.8,25.9,43.5,0.0,1018,14.5,5.3,11
12/10/2023,12:00,353,1.9,33.5,0.9,25.8,44.3,0.0,1017,16.7,5.2,11
12/10/2023,13:00,345,1.9,34.3,1.0,25.6,46.4,0.0,1016,16.3,4.6,9
12/10/2023,14:00,337,2.3,28.3,0.9,25.0,48.9,0.0,1015,15.3,4.3,8
12/10/2023,15:00,332,2.8,23.9,1.0,24.0,52.8,0.0,1015,14.1,4.4,8
12/10/2023,16:00,331,3.0,23.3,1.2,23.1,56.1,0.0,1014,13.5,4.2,8
12/10/2023,17:00,331,3.0,21.5,1.2,22.5,60.0,0.0,1015,11.4,4.4,9
12/10/2023,18:00,330,2.4,20.9,0.9,22.1,61.0,0.0,1015,13.9,4.8,11
12/10/2023,19:00,332,1.8,24.0,0.7,21.8,61.9,0.0,1015,12.5,5.2,13
12/10/2023,20:00,324,1.5,30.2,0.7,21.6,63.2,0.0,1015,13.3,5.4,13
12/10/2023,21:00,313,1.5,33.4,0.7,21.4,64.5,0.0,1015,11.6,4.8,12
12/10/2023,22:00,317,1.0,46.9,0.6,21.0,63.9,0.0,1016,11.2,4.5,10
12/10/2023,23:00,332,0.9,35.4,0.5,20.5,65.5,0.0,1015,10.4,4.3,9
13/10/2023,00:00,339,0.7,53.3,0.4,20.1,67.2,0.0,1014,10.1,4.1,8
13/10/2023,01:00,325,0.7,57.6,0.5,19.9,66.9,0.0,1013,10.7,4.0,7
13/10/2023,02:00,335,0.7,41.7,0.4,19.5,68.5,0.0,1013,9.4,4.0,7
13/10/2023,03:00,334,0.6,52.9,0.4,19.1,69.7,0.0,1013,9.6,3.9,7
13/10/2023,04:00,321,0.8,37.8,0.4,18.9,69.8,0.0,1013,9.6,4.0,7
13/10/2023,05:00,127,0.2,65.0,0.2,18.6,71.1,0.0,1014,12.6,4.8,11
13/10/2023,06:00,92,0.1,82.7,0.2,20.7,62.2,0.0,1014,14.4,5.8,14
13/10/2023,07:00,316,0.8,45.2,0.5,22.6,52.4,0.0,1014,15.0,5.5,12
13/10/2023,08:00,321,1.2,34.8,0.7,24.1,47.5,0.0,1014,14.3,5.3,11
13/10/2023,09:00,328,0.5,70.6,0.6,26.4,40.8,0.0,1013,14.7,5.5,11
13/10/2023,10:00,323,0.3,79.7,0.4,29.1,30.8,0.0,1012,17.8,6.6,13
13/10/2023,11:00,204,0.1,87.5,0.4,30.4,28.6,0.0,1011,20.5,6.5,13
13/10/2023,12:00,357,0.3,76.7,0.5,31.3,27.9,0.0,1010,22.7,6.7,15
13/10/2023,13:00,341,2.3,24.2,0.9,28.2,44.8,0.0,1009,27.1,7.5,17
13/10/2023,14:00,342,2.4,25.1,0.9,27.0,49.9,0.0,1009,28.3,7.8,18
13/10/2023,15:00,345,2.0,28.5,0.9,26.4,55.1,0.0,1009,27.2,7.9,20
13/10/2023,16:00,358,1.7,31.7,0.9,25.2,60.1,0.0,1009,23.6,7.8,21
13/10/2023,17:00,41,1.2,37.0,0.7,24.2,63.0,0.0,1011,22.2,7.7,21
13/10/2023,18:00,37,1.0,38.4,0.6,23.7,63.7,0.0,1012,21.0,7.9,22
13/10/2023,19:00,88,1.1,32.4,0.6,23.2,67.7,0.0,1013,20.2,7.7,22
13/10/2023,20:00,124,1.2,38.1,0.8,22.9,69.1,0.0,1014,25.4,9.0,28
13/10/2023,21:00,131,1.4,39.2,0.8,22.2,69.7,0.0,1014,31.5,10.7,33
13/10/2023,22:00,143,1.5,36.0,0.9,21.8,69.3,0.0,1014,31.4,10.8,32
13/10/2023,23:00,151,1.1,34.7,0.6,21.4,69.1,0.0,1015,30.1,10.6,32
14/10/2023,00:00,157,0.9,40.3,0.6,21.1,68.7,0.0,1014,30.4,10.3,30
14/10/2023,01:00,154,0.5,58.5,0.4,20.9,68.8,0.0,1014,28.9,10.3,23
14/10/2023,02:00,158,0.4,72.9,0.4,20.2,69.6,0.0,1014,29.0,10.5,29
14/10/2023,03:00,174,0.4,58.9,0.3,19.6,70.6,0.0,1014,27.8,10.5,29
14/10/2023,04:00,179,0.4,66.7,0.4,19.2,69.1,0.0,1014,23.6,9.2,26
14/10/2023,05:00,174,0.4,69.1,0.4,19.0,68.6,0.0,1014,21.9,8.7,24
14/10/2023,06:00,164,0.5,70.2,0.5,20.2,63.2,0.0,1015,24.0,9.0,23
14/10/2023,07:00,147,0.7,63.6,0.5,21.9,55.9,0.0,1016,25.2,9.2,22
14/10/2023,08:00,146,1.3,40.4,0.8,23.6,45.1,0.0,1016,20.3,8.2,16
14/10/2023,09:00,123,0.7,49.5,0.6,25.1,40.6,0.0,1016,22.1,8.6,17
14/10/2023,10:00,339,0.5,48.9,0.5,26.1,39.5,0.0,1015,22.7,8.4,17
14/10/2023,11:00,347,0.9,54.5,0.7,26.8,39.8,0.0,1014,20.7,8.2,17
14/10/2023,12:00,348,1.5,38.1,0.8,27.0,42.4,0.0,1013,22.5,8.6,19
14/10/2023,13:00,335,1.9,31.2,0.8,26.6,43.9,0.0,1012,21.7,8.7,19
14/10/2023,14:00,356,1.3,38.5,0.8,26.7,45.3,0.0,1011,24.0,8.8,20
14/10/2023,15:00,350,1.4,38.7,0.7,26.2,48.4,0.0,1011,20.7,8.3,20
14/10/2023,16:00,353,1.4,36.5,0.7,25.0,54.8,0.0,1011,18.3,7.5,18
14/10/2023,17:00,352,1.4,34.4,0.8,23.7,65.7,0.0,1012,14.8,5.9,15
14/10/2023,18:00,338,1.5,28.9,0.7,22.9,70.0,0.0,1012,15.6,6.0,16
14/10/2023,19:00,341,1.2,39.1,0.6,22.9,70.8,0.0,1013,16.9,6.9,20
14/10/2023,20:00,331,1.1,31.3,0.6,22.7,71.0,0.0,1014,20.1,8.3,25
14/10/2023,21:00,323,1.1,29.3,0.5,22.4,72.4,0.0,1014,19.9,8.9,27
14/10/2023,22:00,344,0.2,78.1,0.3,22.0,73.6,0.0,1014,19.9,9.0,28
14/10/2023,23:00,105,0.2,51.9,0.1,21.5,75.0,0.0,1014,19.4,9.1,28
15/10/2023,00:00,330,0.0,63.7,0.2,21.3,76.3,0.0,1013,20.5,9.5,30
15/10/2023,01:00,194,0.1,62.1,0.2,20.5,77.0,0.0,1013,17.6,8.5,21
15/10/2023,02:00,249,0.1,76.8,0.2,19.8,77.2,0.0,1013,15.0,7.1,19
15/10/2023,03:00,172,0.3,53.3,0.2,19.3,78.5,0.0,1013,14.2,7.0,19
15/10/2023,04:00,182,0.3,66.1,0.3,18.9,80.0,0.0,1013,14.2,7.1,20
15/10/2023,05:00,176,0.2,67.4,0.3,18.7,81.5,0.0,1014,15.6,7.5,21
15/10/2023,06:00,161,0.2,78.9,0.3,20.1,73.2,0.0,1014,15.6,7.9,21
15/10/2023,07:00,145,0.4,61.0,0.3,22.1,63.2,0.0,1015,17.9,8.6,22
15/10/2023,08:00,146,0.8,42.0,0.4,23.5,57.2,0.0,1015,19.5,9.0,22
15/10/2023,09:00,128,0.4,55.6,0.3,25.9,47.2,0.0,1015,18.5,8.8,21
15/10/2023,10:00,348,0.3,61.4,0.4,28.8,30.9,0.0,1014,17.0,7.9,17
15/10/2023,11:00,347,0.4,45.3,0.4,30.0,23.8,0.0,1013,14.4,6.4,12
15/10/2023,12:00,334,1.8,29.3,0.8,30.2,27.9,0.0,1012,17.4,7.7,18
15/10/2023,13:00,337,2.0,28.2,1.0,29.9,29.8,0.0,1011,18.8,8.0,18
15/10/2023,14:00,341,2.1,30.5,0.9,28.7,36.5,0.0,1011,18.4,7.5,17
15/10/2023,15:00,338,2.1,24.8,0.9,26.8,51.0,0.0,1011,18.6,7.3,18
15/10/2023,16:00,340,2.2,26.7,1.0,25.9,49.1,0.0,1011,17.1,7.3,16
15/10/2023,17:00,331,2.4,22.5,0.8,25.2,49.3,0.0,1011,15.6,6.8,15
15/10/2023,18:00,333,2.4,21.5,0.9,23.9,67.7,0.0,1012,16.9,7.0,19
15/10/2023,19:00,332,2.0,23.0,0.8,23.2,74.3,0.0,1012,16.6,7.0,22
15/10/2023,20:00,328,1.7,26.5,0.7,23.1,75.3,0.0,1013,16.2,6.6,20
15/10/2023,21:00,330,1.5,21.5,0.5,22.8,76.6,0.0,1013,15.4,6.5,20
15/10/2023,22:00,333,1.1,31.5,0.5,22.5,77.7,0.0,1013,17.1,6.6,20
15/10/2023,23:00,325,0.9,38.5,0.5,22.3,77.9,0.0,1012,14.6,6.1,19
16/10/2023,00:00,320,0.9,48.0,0.5,21.9,78.0,0.0,1012,14.7,5.8,18
16/10/2023,01:00,318,0.8,47.6,0.5,21.4,76.7,0.0,1012,14.9,5.8,14
16/10/2023,02:00,317,1.4,23.3,0.5,20.9,74.8,0.0,1012,13.8,6.1,16
16/10/2023,03:00,318,1.5,21.2,0.6,20.6,73.5,0.0,1011,13.5,5.9,16
16/10/2023,04:00,315,1.2,29.2,0.5,20.3,74.7,0.0,1012,12.3,5.6,15
16/10/2023,05:00,317,1.0,27.6,0.5,20.0,76.4,0.0,1012,12.8,5.9,17
16/10/2023,06:00,107,0.1,74.9,0.2,21.6,67.3,0.0,1013,17.5,8.0,24
16/10/2023,07:00,124,0.6,45.5,0.3,23.0,59.8,0.0,1013,18.8,8.2,23
16/10/2023,08:00,155,0.5,56.6,0.3,25.3,50.2,0.0,1013,19.0,7.7,21
16/10/2023,09:00,137,0.4,78.0,0.4,27.3,43.1,0.0,1012,17.5,8.0,20
16/10/2023,10:00,20,0.2,67.7,0.6,28.7,40.3,0.0,1011,19.6,7.7,20
16/10/2023,11:00,1,1.2,46.8,0.8,29.2,43.3,0.0,1010,23.5,8.4,21
16/10/2023,12:00,351,2.2,30.6,1.0,27.9,51.5,0.0,1009,27.5,8.8,23
16/10/2023,13:00,335,2.8,24.6,1.2,27.3,55.2,0.0,1008,30.0,9.2,25
16/10/2023,14:00,331,3.1,21.9,1.1,26.0,61.2,0.0,1007,29.8,9.4,28
16/10/2023,15:00,332,2.5,24.4,1.1,26.3,60.5,0.0,1006,26.0,9.5,29
16/10/2023,16:00,8,0.9,51.0,0.7,25.6,63.9,0.0,1007,30.7,9.8,30
16/10/2023,17:00,339,1.7,32.0,0.7,24.9,67.5,0.0,1007,27.1,10.1,32
16/10/2023,18:00,340,1.3,33.2,0.7,24.6,68.7,0.0,1007,27.3,10.5,35
16/10/2023,19:00,335,1.0,44.7,0.6,24.3,67.8,0.0,1007,24.7,10.4,34
16/10/2023,20:00,323,1.3,47.6,0.8,24.0,66.5,0.0,1008,21.8,10.0,31
16/10/2023,21:00,344,0.6,44.2,0.5,23.7,67.0,0.0,1009,21.7,9.8,30
16/10/2023,22:00,160,0.3,64.2,0.3,23.1,69.4,0.0,1010,23.1,10.1,32
16/10/2023,23:00,202,0.1,63.3,0.3,22.4,72.8,0.0,1010,21.9,10.4,35
17/10/2023,00:00,137,0.6,69.3,0.5,22.3,74.2,0.0,1010,25.4,11.0,36
17/10/2023,01:00,87,1.7,30.5,0.8,20.8,68.7,0.0,1011,47.9,18.9,51
17/10/2023,02:00,86,1.3,38.6,0.8,20.1,62.1,0.0,1012,47.9,17.2,42
17/10/2023,03:00,103,1.3,43.8,0.8,19.5,58.2,0.0,1013,40.0,14.3,33
17/10/2023,04:00,135,1.5,43.6,1.0,19.3,55.0,0.0,1014,37.1,14.1,32
17/10/2023,05:00,151,1.8,32.7,0.9,19.2,52.8,0.0,1015,40.4,19.5,45
17/10/2023,06:00,154,0.6,57.8,0.5,20.1,51.5,0.0,1016,40.8,18.2,43
17/10/2023,07:00,158,0.4,75.6,0.5,21.3,48.1,0.0,1016,42.6,17.6,40
17/10/2023,08:00,159,0.7,61.8,0.6,22.7,43.0,0.0,1016,41.8,17.4,41
17/10/2023,09:00,158,0.7,61.8,0.5,23.1,41.6,0.0,1016,41.1,17.9,42
17/10/2023,10:00,148,0.6,61.1,0.5,24.3,37.9,0.0,1016,38.2,18.1,42
17/10/2023,11:00,108,0.1,43.7,0.4,24.4,37.0,0.0,1016,39.4,18.3,44
17/10/2023,12:00,13,1.2,43.1,0.8,24.9,33.7,0.0,1016,39.2,18.7,49
17/10/2023,13:00,34,1.2,46.7,0.8,25.1,32.4,0.0,1016,42.5,20.7,56
17/10/2023,14:00,58,1.5,45.6,1.0,24.2,31.5,0.0,1016,44.4,19.9,53
17/10/2023,15:00,88,1.8,43.8,1.0,23.7,31.9,0.0,1016,49.1,20.0,53
17/10/2023,16:00,105,2.2,37.4,1.2,22.9,36.5,0.0,1016,55.5,28.5,76
17/10/2023,17:00,100,1.9,39.6,1.1,21.8,44.2,0.0,1017,54.5,26.7,73
17/10/2023,18:00,102,1.8,35.7,1.1,20.8,48.4,0.0,1018,67.6,47.7,130
17/10/2023,19:00,124,2.0,37.4,1.1,20.4,49.0,0.0,1020,63.8,46.5,133
17/10/2023,20:00,134,1.8,37.6,1.0,20.1,51.0,0.0,1020,78.1,60.4,156
17/10/2023,21:00,136,1.4,37.9,0.8,19.7,53.5,0.0,1021,21.2,10.5,25
17/10/2023,22:00,140,1.1,41.8,0.7,19.4,55.6,0.0,1021,17.8,6.5,14
17/10/2023,23:00,139,1.1,35.1,0.6,19.2,56.2,0.0,1021,17.9,6.6,13
18/10/2023,00:00,159,1.2,27.6,0.5,18.8,57.5,0.0,1020,18.7,7.0,13
18/10/2023,01:00,172,0.5,53.5,0.5,18.3,58.2,0.0,1020,19.1,7.0,15
18/10/2023,02:00,176,0.6,56.1,0.5,17.8,58.7,0.0,1020,17.6,6.9,15
18/10/2023,03:00,176,0.6,54.9,0.5,17.3,60.8,0.0,1020,18.0,7.1,16
18/10/2023,04:00,178,0.6,59.6,0.6,16.9,62.8,0.0,1021,16.6,7.5,17
18/10/2023,05:00,179,0.6,55.7,0.6,16.8,63.9,0.0,1021,23.2,14.1,38
18/10/2023,06:00,172,0.9,55.8,0.6,18.0,59.1,0.0,1021,37.7,27.1,74
18/10/2023,07:00,161,1.0,58.5,0.7,19.8,52.8,0.0,1022,43.2,27.4,70
18/10/2023,08:00,155,2.0,35.5,1.0,20.9,48.4,0.0,1022,30.1,17.7,44
18/10/2023,09:00,146,1.8,35.6,1.0,22.4,40.8,0.0,1021,30.3,17.3,42
18/10/2023,10:00,139,1.7,36.6,1.0,23.2,38.4,0.0,1021,39.1,24.4,62
18/10/2023,11:00,141,1.6,35.8,0.9,23.8,37.6,0.0,1020,39.2,28.4,74
18/10/2023,12:00,112,1.6,37.8,0.9,23.6,39.1,0.0,1020,35.9,23.4,62
18/10/2023,13:00,121,2.2,34.7,1.1,22.8,44.3,0.0,1019,37.4,19.5,48
18/10/2023,14:00,119,2.1,35.2,1.1,22.2,46.5,0.0,1019,28.5,11.7,27
18/10/2023,15:00,122,2.1,36.2,1.0,21.6,48.2,0.0,1019,19.3,5.7,11
18/10/2023,16:00,108,1.9,33.9,0.9,21.7,48.2,0.0,1019,19.1,6.1,13
18/10/2023,17:00,117,2.1,36.6,1.1,20.3,51.6,0.0,1020,18.2,6.3,13
18/10/2023,18:00,120,1.6,42.6,0.9,19.9,53.1,0.0,1020,17.6,6.0,12
18/10/2023,19:00,119,1.3,35.2,0.7,19.6,52.0,0.0,1021,12.5,4.8,8
18/10/2023,20:00,138,1.2,36.7,0.7,19.1,55.0,0.0,1021,14.4,5.2,9
18/10/2023,21:00,140,1.3,32.8,0.6,18.7,57.2,0.0,1021,15.1,5.5,10
18/10/2023,22:00,155,1.0,31.7,0.5,18.3,59.0,0.0,1021,17.3,5.6,10
18/10/2023,23:00,161,0.6,45.5,0.3,18.1,60.2,0.0,1021,14.5,5.4,10
19/10/2023,00:00,164,0.8,49.1,0.5,18.2,59.7,0.0,1020,15.3,5.5,11
19/10/2023,01:00,172,0.7,52.4,0.5,18.0,60.3,0.0,1020,13.9,5.3,10
19/10/2023,02:00,169,0.4,78.2,0.4,17.5,62.6,0.0,1019,15.3,5.9,13
19/10/2023,03:00,173,0.7,59.0,0.5,17.3,63.1,0.0,1019,16.4,6.8,15
19/10/2023,04:00,178,0.7,57.6,0.6,16.8,65.0,0.0,1019,16.3,7.3,17
19/10/2023,05:00,174,0.8,53.9,0.6,16.5,68.0,0.0,1019,13.7,5.7,14
19/10/2023,06:00,168,0.8,53.2,0.6,17.2,65.6,0.0,1019,15.4,5.0,11
19/10/2023,07:00,165,1.3,43.4,0.8,19.1,55.9,0.0,1019,19.5,4.9,10
19/10/2023,08:00,152,1.8,30.6,0.8,20.7,47.4,0.0,1020,15.3,4.6,8
19/10/2023,09:00,144,1.7,33.1,1.0,21.5,43.7,0.0,1019,15.4,4.8,9
19/10/2023,10:00,131,1.1,45.1,0.7,22.3,40.3,0.0,1018,18.0,5.0,10
19/10/2023,11:00,121,1.2,39.5,0.7,23.1,36.9,0.0,1018,16.9,5.5,11
19/10/2023,12:00,143,1.2,44.6,0.7,23.4,35.4,0.0,1017,17.3,5.8,12
19/10/2023,13:00,127,1.3,37.0,0.9,23.7,35.6,0.0,1016,23.5,8.1,18
19/10/2023,14:00,124,1.1,45.0,0.7,23.9,35.4,0.0,1015,20.9,6.5,13
19/10/2023,15:00,119,1.4,33.5,0.8,23.9,35.4,0.0,1014,18.5,5.5,11
19/10/2023,16:00,83,1.3,45.1,0.9,23.1,40.1,0.0,1015,19.0,6.0,12
19/10/2023,17:00,78,1.2,40.4,0.7,22.1,44.1,0.0,1015,16.5,5.9,12
19/10/2023,18:00,78,1.2,37.3,0.6,21.1,51.7,0.0,1016,14.9,5.0,9
19/10/2023,19:00,68,0.6,49.4,0.4,20.5,58.0,0.0,1016,14.5,5.0,10
19/10/2023,20:00,87,0.6,45.1,0.3,20.0,60.4,0.0,1017,16.8,5.6,12
19/10/2023,21:00,83,0.5,45.1,0.3,19.6,61.3,0.0,1017,17.2,5.9,14
19/10/2023,22:00,115,0.6,46.0,0.4,19.2,61.8,0.0,1017,22.1,11.0,31
19/10/2023,23:00,143,0.9,35.5,0.5,19.1,62.6,0.0,1016,23.5,13.3,36
20/10/2023,00:00,155,0.5,60.7,0.3,18.8,62.3,0.0,1016,20.6,10.2,26
20/10/2023,01:00,170,0.4,65.5,0.4,18.0,60.5,0.0,1016,15.5,7.2,15
20/10/2023,02:00,171,0.3,72.7,0.4,18.0,60.4,0.0,1015,14.5,6.3,14
20/10/2023,03:00,165,0.6,51.7,0.4,17.9,61.4,0.0,1015,14.9,6.6,15
20/10/2023,04:00,172,0.7,49.7,0.5,17.4,63.6,0.0,1015,15.1,6.7,15
20/10/2023,05:00,171,0.2,79.1,0.3,17.3,64.6,0.0,1016,14.4,6.6,15
20/10/2023,06:00,160,0.4,73.7,0.4,18.6,60.6,0.0,1016,14.4,5.8,13
20/10/2023,07:00,156,0.4,67.3,0.4,20.8,53.3,0.0,1016,17.8,5.6,12
20/10/2023,08:00,148,0.8,53.2,0.6,22.1,50.3,0.0,1016,17.8,5.1,11
20/10/2023,09:00,126,0.9,47.5,0.5,23.3,45.2,0.0,1016,14.0,4.1,7
20/10/2023,10:00,144,0.9,44.6,0.5,23.5,46.1,0.0,1015,16.4,5.9,14
20/10/2023,11:00,52,0.5,53.5,0.6,25.0,42.8,0.0,1014,16.3,6.6,16
20/10/2023,12:00,336,1.5,43.0,0.8,25.2,44.8,0.0,1013,15.4,5.2,11
20/10/2023,13:00,334,2.1,30.4,0.9,25.0,45.0,0.0,1013,15.1,4.5,9
20/10/2023,14:00,352,1.8,36.1,0.9,25.4,43.9,0.0,1012,15.3,4.4,8
20/10/2023,15:00,20,1.5,41.0,0.9,24.5,47.9,0.0,1012,13.2,4.6,9
20/10/2023,16:00,29,1.3,40.9,0.8,23.6,53.3,0.0,1013,13.1,4.6,10
20/10/2023,17:00,32,1.3,39.2,0.8,22.5,58.3,0.0,1013,11.8,4.4,9
20/10/2023,18:00,31,0.9,40.0,0.5,21.9,61.2,0.0,1014,13.0,4.6,10
20/10/2023,19:00,25,0.5,55.6,0.4,21.6,63.0,0.0,1015,11.8,5.2,14
20/10/2023,20:00,40,0.5,50.8,0.3,21.4,64.2,0.0,1016,14.1,5.9,17
20/10/2023,21:00,51,0.7,30.7,0.3,20.9,66.5,0.0,1015,14.2,5.5,14
20/10/2023,22:00,52,0.6,41.4,0.3,20.5,67.6,0.0,1016,13.9,5.1,13
20/10/2023,23:00,59,0.6,34.3,0.2,20.2,69.3,0.0,1015,13.0,5.2,13
21/10/2023,00:00,57,0.6,23.2,0.2,19.8,70.3,0.0,1014,13.1,5.2,14
21/10/2023,01:00,96,0.3,19.9,0.2,19.6,71.2,0.0,1014,12.9,5.4,12
21/10/2023,02:00,173,0.5,38.1,0.3,18.9,75.2,0.0,1014,14.6,6.2,18
21/10/2023,03:00,170,0.1,71.5,0.2,18.6,75.4,0.0,1014,15.5,6.7,20
21/10/2023,04:00,154,0.2,76.6,0.2,19.0,73.0,0.0,1014,14.0,6.4,18
21/10/2023,05:00,164,0.6,30.7,0.3,18.6,74.8,0.0,1015,17.7,8.8,26
21/10/2023,06:00,151,0.5,40.7,0.3,20.2,67.7,0.0,1015,16.7,6.4,17
21/10/2023,07:00,136,0.2,46.0,0.3,22.0,57.8,0.0,1016,15.4,5.8,14
21/10/2023,08:00,31,0.3,48.6,0.5,23.8,48.3,0.0,1016,12.4,5.4,11
21/10/2023,09:00,328,0.7,44.5,0.6,25.0,43.6,0.0,1016,12.5,5.2,11
21/10/2023,10:00,335,1.2,44.0,0.7,25.4,42.9,0.0,1015,17.1,5.7,13
21/10/2023,11:00,355,0.8,43.7,0.7,26.0,41.3,0.0,1014,17.3,5.7,13
21/10/2023,12:00,332,2.1,35.7,0.9,26.2,41.3,0.0,1013,15.2,5.4,11
21/10/2023,13:00,16,1.4,41.3,0.8,26.1,42.8,0.0,1012,17.0,5.3,11
21/10/2023,14:00,3,1.6,35.4,0.9,25.7,44.8,0.0,1012,16.7,5.5,12
21/10/2023,15:00,337,2.2,26.3,0.9,25.1,48.9,0.0,1012,13.3,5.0,11
21/10/2023,16:00,337,2.2,25.8,0.9,23.8,56.7,0.0,1012,10.5,4.5,10
21/10/2023,17:00,334,2.3,21.9,0.9,23.1,59.8,0.0,1012,10.8,4.5,11
21/10/2023,18:00,331,2.3,23.7,0.8,22.5,63.7,0.0,1013,12.4,5.4,14
21/10/2023,19:00,328,2.1,21.3,0.8,22.2,65.8,0.0,1013,13.4,6.0,17
21/10/2023,20:00,333,2.0,23.6,0.8,22.1,66.0,0.0,1014,13.1,5.9,16
21/10/2023,21:00,339,1.4,30.4,0.7,22.0,66.2,0.0,1014,13.2,5.7,15
21/10/2023,22:00,337,1.4,33.7,0.7,22.0,65.5,0.0,1014,12.9,5.2,14
21/10/2023,23:00,335,1.2,33.9,0.6,22.0,64.4,0.0,1014,14.8,6.2,16
22/10/2023,00:00,336,0.9,34.5,0.5,21.7,65.4,0.0,1013,13.3,5.2,13
22/10/2023,01:00,338,0.4,60.8,0.3,21.4,67.4,0.0,1013,12.1,5.3,11
22/10/2023,02:00,335,0.6,53.1,0.4,20.9,69.6,0.0,1012,24.2,14.7,53
22/10/2023,03:00,323,1.0,42.3,0.5,20.6,71.0,0.0,1012,69.2,56.7,182
22/10/2023,04:00,345,0.4,70.3,0.4,20.7,70.7,0.0,1012,24.6,15.7,47
22/10/2023,05:00,334,0.2,65.8,0.3,20.9,69.0,0.0,1013,15.1,7.8,23
22/10/2023,06:00,328,0.3,68.7,0.3,22.4,62.4,0.0,1013,13.8,6.4,18
22/10/2023,07:00,2,0.2,78.5,0.4,24.1,53.7,0.0,1013,12.1,5.6,13
22/10/2023,08:00,354,0.2,75.2,0.3,25.7,47.3,0.0,1014,13.8,5.6,11
22/10/2023,09:00,75,0.3,51.7,0.4,26.4,44.9,0.0,1013,13.5,5.8,12
22/10/2023,10:00,55,0.6,43.1,0.5,27.4,42.3,0.0,1012,13.7,6.6,14
22/10/2023,11:00,341,1.8,28.4,0.8,27.8,45.1,0.0,1011,18.7,8.5,22
22/10/2023,12:00,355,1.7,39.2,1.0,27.2,49.3,0.0,1010,18.7,7.9,19
22/10/2023,13:00,338,2.4,26.8,1.0,26.8,50.3,0.0,1009,19.1,8.1,19
22/10/2023,14:00,335,2.7,25.9,1.1,26.4,52.1,0.0,1008,16.0,6.9,17
22/10/2023,15:00,333,2.5,25.2,1.0,25.6,56.2,0.0,1008,18.0,6.5,17
22/10/2023,16:00,339,2.7,23.2,1.0,24.5,61.9,0.0,1008,17.9,6.5,17
22/10/2023,17:00,335,2.8,23.8,1.1,23.8,65.6,0.0,1008,19.7,7.2,20
22/10/2023,18:00,330,2.9,21.2,1.0,23.5,65.8,0.0,1009,17.3,7.2,20
22/10/2023,19:00,332,2.5,23.0,0.9,23.3,66.9,0.0,1009,18.6,7.4,21
22/10/2023,20:00,330,2.2,24.8,0.9,23.2,67.0,0.0,1009,17.6,7.2,21
22/10/2023,21:00,328,2.3,20.7,0.8,23.0,69.2,0.0,1009,19.1,7.4,22
22/10/2023,22:00,332,1.3,29.1,0.6,22.9,70.2,0.0,1009,20.1,8.8,27
22/10/2023,23:00,331,1.2,32.6,0.5,22.6,68.2,0.0,1009,19.6,9.2,28
23/10/2023,00:00,321,1.6,24.1,0.6,22.2,65.8,0.0,1009,17.9,9.7,29
23/10/2023,01:00,314,1.8,24.8,0.8,21.8,65.7,0.0,1009,26.7,19.5,62
23/10/2023,02:00,319,1.6,26.3,0.7,21.4,67.6,0.0,1009,37.0,27.8,85
23/10/2023,03:00,319,2.1,18.9,0.7,21.0,69.6,0.0,1009,25.5,15.9,47
23/10/2023,04:00,324,0.8,43.0,0.5,20.8,70.9,0.0,1010,20.9,12.6,37
23/10/2023,05:00,321,1.5,25.3,0.6,20.7,71.3,0.0,1010,16.9,9.6,28
23/10/2023,06:00,311,2.2,18.4,0.8,21.8,66.4,0.0,1011,17.8,9.1,26
23/10/2023,07:00,318,0.9,50.2,0.6,24.0,57.6,0.0,1011,19.3,7.4,20
23/10/2023,08:00,343,0.6,59.7,0.5,26.0,49.8,0.0,1011,16.8,6.6,17
23/10/2023,09:00,77,0.4,57.2,0.4,27.4,45.2,0.0,1011,18.1,7.1,17
23/10/2023,10:00,29,0.9,43.9,0.7,28.5,44.4,0.0,1010,19.1,7.7,19
23/10/2023,11:00,7,1.3,43.7,0.8,28.2,48.9,0.0,1009,21.5,6.8,17
23/10/2023,12:00,346,1.9,34.2,0.9,28.0,49.4,0.0,1008,22.3,6.6,16
23/10/2023,13:00,341,2.3,28.3,1.0,27.7,50.1,0.0,1008,24.6,6.8,16
23/10/2023,14:00,351,2.3,32.9,1.1,27.3,52.6,0.0,1007,28.8,7.0,17
23/10/2023,15:00,330,2.7,23.4,1.0,25.8,59.8,0.0,1007,23.0,7.0,19
23/10/2023,16:00,337,2.8,22.6,1.1,24.8,66.3,0.0,1007,22.7,7.8,22
23/10/2023,17:00,334,2.8,23.1,1.0,24.6,66.7,0.0,1008,24.5,8.2,24
23/10/2023,18:00,332,2.9,23.0,1.0,24.2,69.1,0.0,1008,24.7,8.7,27
23/10/2023,19:00,331,2.9,20.7,1.0,23.9,71.7,0.0,1009,23.8,9.0,28
23/10/2023,20:00,331,2.2,28.4,0.9,23.7,73.0,0.0,1009,25.0,9.0,29
23/10/2023,21:00,333,1.5,31.7,0.7,23.7,72.6,0.0,1010,21.7,8.5,28
23/10/2023,22:00,337,1.2,32.7,0.6,23.5,72.2,0.0,1010,20.4,7.6,24
23/10/2023,23:00,322,1.4,32.1,0.6,23.2,68.5,0.0,1010,17.0,7.0,21
24/10/2023,00:00,313,1.9,19.0,0.6,22.8,66.7,0.0,1010,15.6,7.8,21
24/10/2023,01:00,313,2.0,20.0,0.8,22.5,66.7,0.0,1010,14.7,7.4,18
24/10/2023,02:00,319,1.8,25.2,0.8,22.2,67.8,0.0,1010,13.0,6.3,17
24/10/2023,03:00,320,1.0,48.2,0.6,21.9,68.9,0.0,1010,12.7,6.2,16
24/10/2023,04:00,328,0.4,54.1,0.3,21.5,71.3,0.0,1011,13.0,6.5,18
24/10/2023,05:00,326,0.3,63.7,0.3,21.5,71.1,0.0,1012,13.9,6.7,19
24/10/2023,06:00,324,0.6,48.9,0.4,23.0,66.7,0.0,1012,17.4,7.2,21
24/10/2023,07:00,334,0.8,48.0,0.6,24.5,60.5,0.0,1013,16.2,6.8,19
24/10/2023,08:00,347,1.0,44.4,0.6,25.8,55.8,0.0,1013,15.2,6.1,16
24/10/2023,09:00,352,1.3,45.1,0.8,26.6,53.9,0.0,1013,16.0,5.8,14
24/10/2023,10:00,343,2.2,32.5,1.0,26.7,56.0,0.0,1012,17.8,6.1,15
24/10/2023,11:00,342,2.4,29.1,1.1,26.6,57.1,0.0,1012,20.3,6.4,17
24/10/2023,12:00,329,3.3,19.6,1.2,26.5,55.7,0.0,1011,,,
24/10/2023,13:00,347,3.0,24.2,1.2,26.4,54.7,0.0,1010,24.3,6.0,9
24/10/2023,14:00,344,2.9,25.5,1.1,26.1,56.2,0.0,1010,20.7,5.9,8
24/10/2023,15:00,343,2.9,28.8,1.2,25.2,62.5,0.0,1010,21.6,6.2,8
24/10/2023,16:00,332,3.1,21.2,1.3,24.3,66.9,0.0,1010,20.8,6.5,8
24/10/2023,17:00,335,3.1,25.2,1.2,24.1,66.4,0.0,1010,20.6,6.8,8
24/10/2023,18:00,330,2.7,20.7,1.1,23.9,65.8,0.0,1011,20.5,7.0,9
24/10/2023,19:00,331,2.6,22.0,0.9,23.9,64.4,0.0,1012,21.5,7.0,9
24/10/2023,20:00,329,2.3,24.1,0.9,23.8,64.3,0.0,1012,17.7,6.5,8
24/10/2023,21:00,333,2.0,26.2,0.8,23.6,65.8,0.0,1012,18.2,6.3,7
24/10/2023,22:00,332,1.6,27.4,0.8,23.4,65.5,0.0,1012,17.0,5.8,6
24/10/2023,23:00,328,1.5,26.8,0.6,23.0,65.8,0.0,1012,14.3,5.2,6
25/10/2023,00:00,324,0.8,45.4,0.5,22.5,67.7,0.0,1012,13.1,4.9,6
25/10/2023,01:00,328,0.9,35.5,0.5,22.0,69.6,0.0,1012,12.5,5.0,6
25/10/2023,02:00,320,1.6,19.4,0.5,21.6,68.9,0.0,1012,12.9,4.7,6
25/10/2023,03:00,329,1.0,32.8,0.5,21.5,69.0,0.0,1012,11.7,4.6,6
25/10/2023,04:00,315,0.6,57.1,0.3,21.2,69.9,0.0,1012,12.0,4.6,6
25/10/2023,05:00,339,0.3,55.2,0.3,21.1,70.6,0.0,1013,11.7,4.8,7
25/10/2023,06:00,336,0.7,38.7,0.4,22.7,64.4,0.0,1013,14.4,4.9,7
25/10/2023,07:00,316,1.0,55.6,0.7,24.2,58.8,0.0,1013,14.6,4.7,7
25/10/2023,08:00,315,0.8,69.5,0.7,25.9,52.2,0.0,1013,12.5,4.6,6
25/10/2023,09:00,326,0.8,55.8,0.6,27.2,48.1,0.0,1013,13.9,5.0,7
25/10/2023,10:00,349,1.4,43.4,0.8,28.1,48.3,0.0,1012,21.1,6.1,9
25/10/2023,11:00,335,2.4,28.3,1.0,27.6,53.7,0.0,1011,25.0,7.1,9
25/10/2023,12:00,345,2.6,28.8,1.1,27.0,56.2,0.0,1010,30.9,7.7,10
25/10/2023,13:00,338,2.6,29.2,1.1,26.9,56.1,0.0,1009,30.7,8.0,10
25/10/2023,14:00,336,2.9,26.1,1.1,26.3,57.9,0.0,1008,26.4,7.8,10
25/10/2023,15:00,341,2.7,27.1,1.2,26.0,60.7,0.0,1008,27.1,8.8,11
25/10/2023,16:00,337,2.8,26.1,1.1,25.4,63.4,0.0,1007,28.9,9.2,12
25/10/2023,17:00,336,3.1,21.1,1.1,24.9,64.0,0.0,1008,25.4,9.3,12
25/10/2023,18:00,328,2.9,21.6,1.0,24.4,64.9,0.0,1008,26.8,9.9,13
25/10/2023,19:00,327,2.5,21.7,0.9,24.1,66.9,0.0,1009,29.5,10.8,15
25/10/2023,20:00,328,2.3,23.3,0.8,24.0,68.0,0.0,1009,28.1,10.8,16
25/10/2023,21:00,326,1.7,26.1,0.7,23.9,65.2,0.0,1009,24.0,8.9,12
25/10/2023,22:00,323,1.1,47.9,0.6,23.8,60.4,0.0,1010,18.7,6.4,8
25/10/2023,23:00,324,1.5,29.1,0.6,23.5,59.1,0.0,1010,16.4,5.6,7
26/10/2023,00:00,319,0.5,54.1,0.5,23.2,57.9,0.0,1009,13.8,5.2,6
26/10/2023,01:00,8,0.5,49.3,0.3,23.1,58.3,0.0,1008,15.1,5.2,7
26/10/2023,02:00,336,0.5,50.3,0.3,22.9,58.3,0.0,1008,14.8,5.2,6
26/10/2023,03:00,329,1.2,30.5,0.6,22.7,59.5,0.0,1008,13.5,5.2,6
26/10/2023,04:00,325,0.5,64.3,0.4,22.3,62.8,0.0,1008,13.5,5.6,7
26/10/2023,05:00,343,0.2,62.8,0.3,22.4,64.1,0.0,1009,15.9,6.0,8
26/10/2023,06:00,159,0.1,80.4,0.2,23.9,58.0,0.0,1010,17.1,6.6,11
26/10/2023,07:00,155,0.9,42.9,0.6,24.5,56.7,0.0,1010,23.4,7.5,13
26/10/2023,08:00,158,1.1,38.9,0.6,25.9,49.2,0.0,1011,30.3,11.5,22
26/10/2023,09:00,154,0.7,44.7,0.6,27.3,40.0,0.0,1010,40.6,12.3,23
26/10/2023,10:00,15,0.9,48.1,0.7,28.2,42.4,0.0,1010,46.1,14.6,27
26/10/2023,11:00,25,1.3,40.2,0.8,27.0,53.9,0.0,1010,44.4,16.5,26
26/10/2023,12:00,24,1.5,38.5,0.8,26.8,53.4,0.0,1010,40.2,16.5,26
26/10/2023,13:00,21,1.4,39.6,0.8,26.9,51.9,0.0,1009,43.0,16.3,25
26/10/2023,14:00,57,1.5,38.0,0.8,25.9,53.0,0.0,1009,41.4,14.5,22
26/10/2023,15:00,76,1.6,41.0,1.0,24.6,55.4,0.0,1009,38.0,13.1,19
26/10/2023,16:00,70,1.4,42.1,0.9,24.0,57.5,0.0,1010,38.4,13.5,19
26/10/2023,17:00,90,1.3,42.0,0.8,23.0,61.2,0.0,1011,40.6,12.1,17
26/10/2023,18:00,110,1.4,38.6,0.7,22.5,62.7,0.0,1013,19.7,7.0,11
26/10/2023,19:00,115,1.2,39.6,0.7,21.9,66.0,0.1,1014,17.6,6.7,11
26/10/2023,20:00,107,1.0,37.7,0.6,20.3,77.5,3.1,1015,12.9,5.6,9
26/10/2023,21:00,145,0.9,40.1,0.4,19.6,83.0,0.6,1015,12.2,5.8,9
26/10/2023,22:00,168,0.6,55.8,0.4,19.7,80.8,0.0,1014,11.6,4.7,8
26/10/2023,23:00,183,0.5,61.2,0.4,19.6,75.8,0.0,1014,5.0,1.8,3
27/10/2023,00:00,179,0.7,53.5,0.5,19.4,73.8,0.0,1013,4.4,1.2,2
27/10/2023,01:00,177,0.6,53.4,0.5,19.2,74.1,0.0,1013,3.5,1.4,2
27/10/2023,02:00,160,0.1,97.5,0.2,19.5,75.3,0.0,1012,5.4,2.0,3
27/10/2023,03:00,159,0.1,93.6,0.3,19.3,71.9,0.0,1012,4.8,1.6,2
27/10/2023,04:00,144,0.2,88.0,0.4,19.4,69.4,0.0,1013,6.9,2.3,3
27/10/2023,05:00,166,0.2,87.9,0.4,19.5,67.2,0.0,1013,6.1,2.2,3
27/10/2023,06:00,165,0.2,93.6,0.3,19.9,62.2,0.0,1014,8.8,3.4,6
27/10/2023,07:00,172,0.7,72.6,0.7,20.6,55.2,0.0,1014,11.0,4.3,7
27/10/2023,08:00,171,1.6,41.6,1.0,21.1,52.6,0.0,1015,6.4,0.8,1
27/10/2023,09:00,171,0.9,59.2,0.7,22.0,50.1,0.0,1015,9.4,1.1,2
27/10/2023,10:00,162,0.8,55.4,0.6,22.0,50.6,0.0,1015,11.0,1.5,2
27/10/2023,11:00,142,1.2,38.2,0.7,22.1,51.8,0.0,1015,9.0,1.3,2
27/10/2023,12:00,141,1.0,42.0,0.6,22.7,50.8,0.0,1014,10.0,1.9,3
27/10/2023,13:00,159,2.0,33.9,1.1,20.0,70.8,2.0,1015,12.8,3.4,4
27/10/2023,14:00,175,1.2,45.2,0.8,18.4,80.2,4.5,1016,8.4,2.9,4
27/10/2023,15:00,174,0.7,58.6,0.5,17.8,82.1,0.4,1016,7.4,2.8,4
27/10/2023,16:00,175,1.1,48.1,0.8,18.2,72.4,0.0,1017,8.5,2.2,3
27/10/2023,17:00,167,1.1,46.4,0.8,18.4,65.3,0.0,1018,9.3,2.5,3
27/10/2023,18:00,171,1.2,38.1,0.6,18.4,61.6,0.0,1018,9.6,3.5,4
27/10/2023,19:00,176,0.8,59.1,0.6,18.1,64.0,0.0,1019,11.4,4.8,7
27/10/2023,20:00,171,0.8,50.4,0.5,18.0,61.3,0.0,1020,12.0,4.6,6
27/10/2023,21:00,176,0.8,54.3,0.6,17.9,59.8,0.0,1020,12.3,4.3,4
27/10/2023,22:00,181,1.0,46.5,0.7,17.7,61.6,0.0,1020,13.1,4.6,3
27/10/2023,23:00,175,0.8,53.5,0.6,17.4,61.8,0.0,1020,11.1,4.2,3
28/10/2023,00:00,181,1.1,44.3,0.7,17.0,62.7,0.0,1019,9.7,3.4,2
28/10/2023,01:00,185,0.8,53.6,0.6,16.6,64.8,0.0,1019,8.8,2.9,2
28/10/2023,02:00,181,0.8,55.2,0.6,16.3,66.4,0.0,1018,7.4,2.4,2
28/10/2023,03:00,172,0.6,65.5,0.5,16.2,66.8,0.0,1019,6.8,2.7,2
28/10/2023,04:00,179,0.9,47.4,0.7,16.1,66.5,0.0,1019,8.7,3.4,2
28/10/2023,05:00,177,0.9,51.3,0.6,16.2,65.1,0.0,1020,9.5,3.6,2
28/10/2023,06:00,173,0.7,55.2,0.6,17.5,58.9,0.0,1020,10.4,3.9,2
28/10/2023,07:00,172,1.2,49.7,0.9,18.9,51.6,0.0,1021,12.2,4.2,3
28/10/2023,08:00,152,1.4,38.1,0.8,20.3,45.9,0.0,1021,15.7,5.1,4
28/10/2023,09:00,153,2.0,38.3,1.1,21.4,39.6,0.0,1021,16.6,5.2,4
28/10/2023,10:00,140,1.8,39.7,1.1,22.4,33.2,0.0,1020,17.6,4.8,4
28/10/2023,11:00,153,1.7,38.6,1.0,22.6,33.9,0.0,1020,15.3,4.5,4
28/10/2023,12:00,133,2.5,33.7,1.3,21.7,40.1,0.0,1019,15.4,4.7,4
28/10/2023,13:00,131,2.0,37.5,1.1,22.8,37.1,0.0,1019,14.2,4.1,3
28/10/2023,14:00,116,2.1,35.1,1.2,21.7,42.0,0.0,1018,15.7,4.4,4
28/10/2023,15:00,97,1.2,43.1,0.8,22.1,40.5,0.0,1018,15.9,5.0,4
28/10/2023,16:00,86,1.3,40.7,0.8,21.8,43.7,0.0,1018,21.9,6.2,4
28/10/2023,17:00,91,1.5,36.5,0.8,20.6,50.1,0.0,1019,18.5,5.9,4
28/10/2023,18:00,84,1.5,38.8,0.8,19.4,57.1,0.0,1019,18.5,6.0,5
28/10/2023,19:00,95,1.6,36.4,0.9,18.7,60.5,0.0,1020,15.4,5.7,5
28/10/2023,20:00,106,1.6,39.5,0.9,18.4,58.9,0.0,1020,14.6,5.5,5
28/10/2023,21:00,96,1.2,46.1,0.7,18.0,59.9,0.0,1020,11.6,4.5,4
28/10/2023,22:00,157,0.5,57.9,0.3,17.5,62.6,0.0,1020,11.9,4.2,3
28/10/2023,23:00,161,0.4,64.3,0.3,17.4,62.2,0.0,1019,12.3,4.2,4
29/10/2023,00:00,173,0.4,77.1,0.4,17.1,62.2,0.0,1018,10.3,4.4,4
29/10/2023,01:00,169,0.3,76.6,0.3,17.1,61.1,0.0,1018,10.8,3.9,4
29/10/2023,02:00,174,0.4,69.9,0.4,16.7,62.3,0.0,1017,10.7,4.0,4
29/10/2023,03:00,169,0.3,82.7,0.4,16.6,63.5,0.0,1018,27.4,20.5,53
29/10/2023,04:00,180,0.3,70.6,0.4,16.2,64.1,0.0,1018,61.1,52.8,139
29/10/2023,05:00,156,0.3,78.8,0.4,16.2,64.3,0.0,1018,57.9,49.6,114
29/10/2023,06:00,170,0.6,61.7,0.5,17.1,61.4,0.0,1019,40.3,31.9,72
29/10/2023,07:00,158,0.3,83.2,0.4,19.1,55.1,0.0,1019,26.9,19.2,41
29/10/2023,08:00,87,0.2,62.8,0.4,20.7,49.7,0.0,1019,14.0,8.0,13
29/10/2023,09:00,54,0.3,53.3,0.4,21.6,45.9,0.0,1018,9.6,3.4,3
29/10/2023,10:00,340,1.2,38.9,0.6,22.2,46.6,0.0,1018,10.8,3.8,3
29/10/2023,11:00,333,1.8,27.8,0.8,22.1,48.5,0.0,1017,11.4,3.9,3
29/10/2023,12:00,345,1.7,37.3,0.9,22.6,45.5,0.0,1017,12.7,3.7,3
29/10/2023,13:00,347,1.6,43.2,0.9,22.8,43.5,0.0,1016,12.5,3.9,3
29/10/2023,14:00,350,1.6,37.0,0.9,22.9,44.1,0.0,1015,13.8,4.2,3
29/10/2023,15:00,346,1.5,39.8,0.8,22.4,46.4,0.0,1014,13.3,4.0,3
29/10/2023,16:00,351,1.5,40.7,0.9,21.5,48.8,0.0,1014,11.1,3.8,2
29/10/2023,17:00,5,1.0,45.3,0.7,20.9,49.4,0.0,1015,12.0,3.6,2
29/10/2023,18:00,14,0.9,42.5,0.6,20.3,51.2,0.0,1016,11.3,3.6,3
29/10/2023,19:00,19,0.7,50.7,0.4,19.9,55.3,0.0,1016,10.6,3.6,3
29/10/2023,20:00,41,0.5,48.4,0.3,19.6,56.8,0.0,1016,11.5,3.5,3
29/10/2023,21:00,89,0.7,20.3,0.2,19.0,58.9,0.0,1016,12.4,4.0,4
29/10/2023,22:00,97,0.5,25.2,0.2,18.7,58.7,0.0,1016,10.4,3.9,4
29/10/2023,23:00,141,0.4,32.8,0.2,18.8,58.6,0.0,1016,11.2,3.9,4
30/10/2023,00:00,158,0.3,58.7,0.2,18.9,62.1,0.0,1016,11.5,4.1,5
30/10/2023,01:00,149,0.2,63.7,0.3,18.6,61.7,0.0,1015,15.1,6.6,13
30/10/2023,02:00,154,0.3,65.8,0.3,18.3,62.0,0.0,1015,17.8,7.5,14
30/10/2023,03:00,159,0.3,80.8,0.3,17.8,63.0,0.0,1015,15.9,6.7,11
30/10/2023,04:00,163,0.3,70.0,0.3,17.6,64.2,0.0,1015,15.9,7.7,13
30/10/2023,05:00,159,0.5,54.1,0.4,17.4,66.4,0.0,1016,19.9,11.3,24
30/10/2023,06:00,156,0.3,70.0,0.3,18.9,58.7,0.0,1016,28.8,17.6,38
30/10/2023,07:00,148,0.6,55.1,0.4,20.2,54.1,0.0,1016,32.5,21.7,51
30/10/2023,08:00,139,0.3,68.0,0.3,23.0,45.7,0.0,1017,19.3,11.3,21
30/10/2023,09:00,334,0.3,62.4,0.5,24.3,41.8,0.0,1016,15.9,7.2,12
30/10/2023,10:00,360,0.3,69.1,0.5,25.4,39.2,0.0,1015,17.7,7.0,12
30/10/2023,11:00,333,1.4,47.1,0.9,26.0,39.3,0.0,1014,17.7,6.8,11
30/10/2023,12:00,345,2.0,31.4,0.9,25.6,43.1,0.0,1013,19.2,6.7,11
30/10/2023,13:00,353,1.5,40.2,0.9,25.4,44.3,0.0,1012,21.4,7.9,14
30/10/2023,14:00,339,2.3,25.0,1.0,25.2,45.4,0.0,1011,22.3,7.5,13
30/10/2023,15:00,340,2.3,27.4,1.0,24.4,48.7,0.0,1010,21.4,6.4,9
30/10/2023,16:00,332,2.9,21.8,1.0,23.3,53.3,0.0,1010,15.7,5.8,8
30/10/2023,17:00,333,2.6,22.5,1.0,22.5,58.5,0.0,1011,12.9,4.6,5
30/10/2023,18:00,335,2.1,26.9,0.8,22.1,58.8,0.0,1011,13.1,4.9,6
30/10/2023,19:00,332,1.7,25.0,0.8,21.7,60.9,0.0,1012,13.3,5.0,6
30/10/2023,20:00,328,1.3,33.0,0.6,21.5,62.8,0.0,1012,13.2,5.0,6
30/10/2023,21:00,323,1.5,25.4,0.6,21.2,62.6,0.0,1013,14.2,5.2,7
30/10/2023,22:00,316,1.4,36.7,0.7,21.0,61.2,0.0,1013,15.4,5.1,5
30/10/2023,23:00,325,0.7,47.5,0.4,20.6,62.3,0.0,1013,15.8,5.6,7
31/10/2023,00:00,323,0.7,48.9,0.4,20.3,63.4,0.0,1012,15.7,6.2,8
31/10/2023,01:00,320,0.9,29.1,0.4,20.0,64.0,0.0,1011,17.1,5.7,7
31/10/2023,02:00,298,0.2,60.9,0.2,19.7,65.8,0.0,1011,14.9,5.1,7
31/10/2023,03:00,159,0.2,58.1,0.2,19.1,69.8,0.0,1011,14.6,5.4,8
31/10/2023,04:00,111,0.4,36.1,0.2,18.6,72.7,0.0,1011,14.7,5.9,9
31/10/2023,05:00,109,0.4,38.1,0.2,18.5,72.2,0.0,1012,14.8,6.2,10
31/10/2023,06:00,135,0.5,39.8,0.3,19.9,65.4,0.0,1012,20.7,7.2,13
31/10/2023,07:00,139,0.3,61.7,0.3,22.4,54.3,0.0,1012,18.0,7.8,15
31/10/2023,08:00,99,0.1,69.3,0.3,24.8,44.7,0.0,1012,19.4,9.2,19
31/10/2023,09:00,125,0.4,66.0,0.4,26.5,39.8,0.0,1012,22.1,10.4,22
31/10/2023,10:00,17,0.9,53.9,0.7,28.6,37.1,0.0,1011,25.0,11.6,24
31/10/2023,11:00,18,1.1,46.4,0.7,29.0,38.9,0.0,1010,28.5,11.5,24
31/10/2023,12:00,359,1.4,35.1,0.7,29.0,42.9,0.0,1009,31.1,10.6,20
31/10/2023,13:00,357,1.6,31.0,0.8,28.7,45.0,0.0,1008,29.1,10.7,20
31/10/2023,14:00,346,2.3,27.8,1.0,28.0,49.2,0.0,1007,31.0,11.1,20
31/10/2023,15:00,336,2.6,22.5,1.0,27.2,53.3,0.0,1006,31.8,10.9,18
31/10/2023,16:00,329,2.6,23.4,1.0,26.6,55.8,0.0,1005,30.0,11.7,19
31/10/2023,17:00,340,1.6,29.6,0.8,26.2,57.8,0.0,1006,31.6,13.1,22
31/10/2023,18:00,16,0.7,36.9,0.9,25.3,59.8,0.0,1007,39.0,15.1,26
31/10/2023,19:00,339,2.3,25.0,0.9,24.6,62.5,0.0,1007,40.4,17.0,31
31/10/2023,20:00,344,1.2,33.0,0.6,24.2,65.4,0.0,1007,41.8,17.2,31
31/10/2023,21:00,347,0.3,36.6,0.4,24.0,65.7,0.0,1008,40.8,18.1,34
31/10/2023,22:00,149,0.3,64.7,0.5,23.5,67.6,0.0,1008,41.3,17.8,34
31/10/2023,23:00,18,0.1,59.4,0.2,22.9,68.6,0.0,1009,38.2,17.3,33
01/11/2023,00:00,180,0.4,58.5,0.3,22.8,67.6,0.0,1009,36.4,18.5,35
01/11/2023,01:00,173,0.6,61.5,0.5,22.9,65.8,0.0,1009,39.2,23.3,51
01/11/2023,02:00,172,0.8,49.5,0.5,22.8,64.2,0.0,1010,37.4,20.3,39
01/11/2023,03:00,175,1.1,45.8,0.8,22.3,64.9,0.0,1010,29.2,12.6,21
01/11/2023,04:00,160,0.6,59.9,0.6,21.4,65.1,0.0,1010,29.8,12.1,16
01/11/2023,05:00,167,0.4,74.2,0.4,21.0,64.0,0.0,1012,27.5,11.7,15
01/11/2023,06:00,175,0.7,58.6,0.6,21.8,58.9,0.0,1012,33.8,12.4,15
01/11/2023,07:00,149,1.0,42.2,0.6,22.8,54.6,0.0,1013,39.4,14.5,20
01/11/2023,08:00,143,1.4,35.7,0.8,23.7,50.0,0.0,1013,36.6,15.1,21
01/11/2023,09:00,132,1.3,40.0,0.9,25.0,42.6,0.0,1013,45.2,15.4,20
01/11/2023,10:00,126,1.7,35.6,0.9,25.4,40.4,0.0,1013,46.6,15.3,20
01/11/2023,11:00,127,1.2,44.4,0.7,26.0,39.2,0.0,1012,42.8,15.8,23
01/11/2023,12:00,101,1.8,42.9,1.0,25.6,42.1,0.0,1011,50.4,13.7,15
01/11/2023,13:00,113,2.1,36.9,1.1,25.1,42.8,0.0,1012,51.9,13.9,15
01/11/2023,14:00,101,1.9,42.7,1.1,24.9,43.5,0.0,1011,51.2,13.4,14
01/11/2023,15:00,103,2.0,38.6,1.2,23.8,46.0,0.0,1011,50.0,13.2,13
01/11/2023,16:00,92,1.8,41.4,1.0,22.5,49.5,0.0,1012,44.1,12.6,11
01/11/2023,17:00,96,1.9,38.5,1.1,21.4,52.1,0.0,1013,37.6,11.9,9
01/11/2023,18:00,103,1.8,38.3,1.0,20.9,53.5,0.0,1014,34.4,11.6,9
01/11/2023,19:00,89,1.4,36.6,0.7,20.5,54.1,0.0,1015,31.6,11.7,10
01/11/2023,20:00,86,0.8,38.4,0.4,20.3,53.6,0.0,1016,31.9,11.6,11
01/11/2023,21:00,94,0.6,40.2,0.4,19.9,53.5,0.0,1016,30.1,10.2,7
01/11/2023,22:00,81,0.6,38.9,0.3,19.4,54.9,0.0,1016,29.9,9.7,7
01/11/2023,23:00,79,0.4,47.5,0.2,19.1,56.8,0.0,1016,26.7,9.5,7
02/11/2023,00:00,127,0.7,37.0,0.4,18.9,58.6,0.0,1015,27.0,9.4,8
02/11/2023,01:00,161,0.6,50.9,0.4,18.5,60.3,0.0,1015,24.6,9.4,8
02/11/2023,02:00,171,0.3,71.2,0.3,18.0,62.1,0.0,1015,25.5,9.4,9
02/11/2023,03:00,179,0.4,66.5,0.3,17.9,61.1,0.0,1015,27.7,10.4,11
02/11/2023,04:00,159,0.3,69.6,0.3,18.2,60.0,0.0,1015,27.2,11.0,13
02/11/2023,05:00,164,0.3,65.5,0.3,18.3,59.6,0.0,1016,27.7,11.1,14
02/11/2023,06:00,157,0.4,71.2,0.4,18.6,59.4,0.0,1017,26.8,11.0,13
02/11/2023,07:00,136,0.2,71.8,0.4,19.8,54.9,0.0,1017,30.3,12.2,18
02/11/2023,08:00,117,0.5,54.5,0.5,21.8,49.5,0.0,1017,32.6,13.0,21
02/11/2023,09:00,77,0.6,51.5,0.5,22.7,46.8,0.0,1016,24.6,11.6,19
02/11/2023,10:00,4,0.7,56.5,0.6,23.8,42.8,0.0,1016,27.7,13.2,23
02/11/2023,11:00,345,1.2,40.8,0.8,24.2,41.6,0.0,1015,26.6,10.9,17
02/11/2023,12:00,339,2.0,33.0,0.9,24.8,38.8,0.0,1015,25.9,10.1,16
02/11/2023,13:00,347,1.8,36.3,1.0,24.5,39.3,0.0,1014,25.6,7.5,9
02/11/2023,14:00,346,2.1,32.4,1.0,24.0,42.3,0.0,1014,26.2,7.3,9
02/11/2023,15:00,347,1.9,36.5,1.0,23.5,44.2,0.0,1014,22.8,6.5,7
02/11/2023,16:00,359,1.5,40.9,0.9,22.7,48.0,0.0,1014,16.4,5.5,5
02/11/2023,17:00,342,2.1,25.6,0.9,21.6,52.8,0.0,1014,16.8,5.1,4
02/11/2023,18:00,349,1.3,38.3,0.7,21.1,54.6,0.0,1015,15.3,5.1,4
02/11/2023,19:00,31,0.7,42.8,0.5,20.9,55.7,0.0,1015,17.4,5.2,4
02/11/2023,20:00,63,0.6,39.1,0.3,20.4,57.8,0.0,1016,13.2,5.2,5
02/11/2023,21:00,55,0.6,39.7,0.3,20.1,60.1,0.0,1016,14.7,5.7,7
02/11/2023,22:00,35,0.5,38.0,0.3,19.9,61.8,0.0,1016,14.4,5.3,5
02/11/2023,23:00,62,0.5,42.4,0.3,19.5,62.8,0.0,1016,13.1,5.0,5
03/11/2023,00:00,48,0.4,48.1,0.2,19.2,65.0,0.0,1015,14.0,5.3,5
03/11/2023,01:00,103,0.4,38.8,0.2,19.0,66.5,0.0,1015,13.7,5.2,5
03/11/2023,02:00,162,0.6,32.5,0.3,18.5,69.3,0.0,1015,15.4,5.7,7
03/11/2023,03:00,150,0.2,73.2,0.2,18.1,70.0,0.0,1015,14.5,5.7,7
03/11/2023,04:00,173,0.3,71.6,0.3,17.7,69.4,0.0,1015,15.3,5.8,8
03/11/2023,05:00,157,0.4,65.6,0.3,17.4,69.3,0.0,1015,15.8,6.2,8
03/11/2023,06:00,148,0.2,83.8,0.3,19.4,61.5,0.0,1016,20.8,6.6,9
03/11/2023,07:00,99,0.2,58.7,0.4,21.1,56.6,0.0,1016,24.3,7.7,12
03/11/2023,08:00,29,1.0,42.8,0.6,22.3,57.8,0.0,1016,14.2,4.7,5
03/11/2023,09:00,346,1.0,41.1,0.6,21.8,62.3,0.0,1016,19.0,5.2,6
03/11/2023,10:00,335,1.3,37.7,0.8,22.3,58.9,0.0,1016,17.0,5.1,6
03/11/2023,11:00,356,1.0,40.5,0.7,22.2,61.7,0.0,1015,17.2,4.8,6
03/11/2023,12:00,348,1.4,38.4,0.8,23.1,56.5,0.0,1014,16.4,4.9,6
03/11/2023,13:00,2,1.5,38.3,0.9,23.2,56.0,0.0,1013,16.4,4.7,6
03/11/2023,14:00,353,1.4,40.4,0.8,24.0,50.7,0.0,1012,13.7,4.8,6
03/11/2023,15:00,29,0.9,39.9,0.6,23.2,55.3,0.0,1013,16.7,4.9,6
03/11/2023,16:00,55,0.9,31.9,0.5,20.8,72.5,2.2,1014,13.1,4.9,5
03/11/2023,17:00,338,1.1,36.8,0.6,19.7,80.4,0.1,1014,12.8,5.2,6
03/11/2023,18:00,330,1.1,28.5,0.5,20.1,76.0,0.0,1015,13.5,5.6,9
03/11/2023,19:00,328,1.3,28.0,0.6,20.2,75.8,0.0,1015,13.3,5.7,10
03/11/2023,20:00,316,1.5,21.8,0.6,20.5,72.6,0.0,1015,13.3,6.2,12
03/11/2023,21:00,316,0.8,42.6,0.4,20.1,77.0,0.0,1015,14.1,6.0,10
03/11/2023,22:00,313,0.2,71.5,0.2,20.1,75.9,0.0,1015,12.1,5.3,8
03/11/2023,23:00,132,0.5,45.4,0.2,20.0,78.4,0.0,1015,12.8,6.0,12
04/11/2023,00:00,133,0.6,32.3,0.3,19.7,79.6,0.0,1014,13.5,6.6,14
04/11/2023,01:00,144,0.4,34.5,0.2,19.6,79.3,0.0,1013,13.6,6.3,12
04/11/2023,02:00,151,0.2,68.5,0.2,19.7,79.1,0.0,1013,15.2,6.6,13
04/11/2023,03:00,155,0.3,55.1,0.3,19.4,80.6,0.0,1013,15.8,7.1,17
04/11/2023,04:00,135,0.1,81.3,0.2,19.5,80.0,0.0,1014,14.6,6.8,16
04/11/2023,05:00,165,0.4,53.3,0.3,19.2,79.7,0.0,1015,14.3,6.3,13
04/11/2023,06:00,153,0.7,34.4,0.3,19.9,76.1,0.0,1015,15.5,7.1,15
04/11/2023,07:00,109,0.3,51.2,0.4,22.2,65.5,0.0,1015,15.8,7.3,16
04/11/2023,08:00,329,1.4,41.4,0.8,23.8,58.0,0.0,1016,15.1,6.9,13
04/11/2023,09:00,336,1.7,34.6,0.8,23.9,55.5,0.0,1016,14.1,6.9,14
04/11/2023,10:00,336,1.7,32.5,0.9,24.1,54.6,0.0,1015,16.4,8.0,16
04/11/2023,11:00,333,2.2,29.7,0.9,24.1,54.0,0.0,1015,15.7,8.2,17
04/11/2023,12:00,342,2.2,30.8,1.0,24.5,53.2,0.0,1014,14.3,7.8,16
04/11/2023,13:00,334,2.4,24.5,1.0,24.1,54.4,0.0,1014,14.1,7.9,16
04/11/2023,14:00,327,2.6,25.7,1.0,24.0,55.6,0.0,1014,14.2,7.1,13
04/11/2023,15:00,341,2.3,28.5,1.0,23.9,55.3,0.0,1013,14.2,7.1,13
04/11/2023,16:00,333,2.5,23.6,1.0,23.5,54.8,0.0,1013,13.6,7.1,14
04/11/2023,17:00,337,2.2,26.1,0.9,22.9,59.2,0.0,1013,14.2,6.8,12
04/11/2023,18:00,341,1.8,31.1,0.9,22.4,63.0,0.0,1014,14.9,6.6,12
04/11/2023,19:00,339,1.4,33.5,0.7,22.4,63.0,0.0,1015,14.0,7.2,13
04/11/2023,20:00,343,1.3,31.1,0.6,22.4,63.1,0.0,1016,14.0,6.4,11
04/11/2023,21:00,346,1.3,31.7,0.7,22.4,64.3,0.0,1016,12.8,5.8,9
04/11/2023,22:00,349,1.0,38.8,0.6,22.5,65.2,0.0,1016,12.6,5.5,8
04/11/2023,23:00,343,1.0,37.4,0.5,22.4,66.4,0.0,1016,12.9,5.6,8
05/11/2023,00:00,320,1.0,35.3,0.6,21.3,73.0,0.7,1016,14.1,6.5,11
05/11/2023,01:00,19,0.5,40.8,0.3,20.0,82.6,0.0,1015,10.7,5.7,9
05/11/2023,02:00,132,0.2,35.9,0.2,20.0,83.4,0.0,1015,11.1,5.8,11
05/11/2023,03:00,76,0.5,29.2,0.2,20.0,83.4,0.0,1015,12.0,6.0,11
05/11/2023,04:00,131,0.2,55.5,0.2,20.0,83.3,0.0,1015,10.9,5.8,11
05/11/2023,05:00,142,0.4,57.2,0.3,20.0,83.7,0.0,1016,12.4,6.5,14
05/11/2023,06:00,119,0.6,38.1,0.3,20.2,80.5,0.0,1016,10.0,5.4,11
05/11/2023,07:00,141,0.8,29.2,0.3,21.2,73.7,0.0,1017,10.5,5.2,10
05/11/2023,08:00,163,0.4,50.0,0.3,22.2,70.7,0.0,1017,12.6,5.3,10
05/11/2023,09:00,166,0.2,64.4,0.3,21.9,73.6,0.0,1017,10.7,5.9,13
05/11/2023,10:00,154,1.3,29.5,0.6,21.4,75.5,0.0,1017,8.9,4.9,10
05/11/2023,11:00,153,1.1,32.9,0.6,20.7,80.2,0.1,1017,9.2,4.8,9
05/11/2023,12:00,54,0.8,36.2,0.4,20.9,80.6,0.4,1016,10.3,5.4,12
05/11/2023,13:00,83,1.1,34.1,0.5,20.8,81.8,0.0,1016,8.0,4.2,10
05/11/2023,14:00,88,1.3,37.3,0.7,21.5,75.3,0.0,1016,7.0,3.6,7
05/11/2023,15:00,98,1.3,37.1,0.7,21.9,70.3,0.0,1016,7.5,3.5,6
05/11/2023,16:00,66,1.2,34.6,0.7,21.5,70.9,0.0,1016,8.9,3.9,6
05/11/2023,17:00,92,1.4,36.6,0.7,20.9,72.1,0.0,1017,9.5,4.4,7
05/11/2023,18:00,112,1.5,36.3,0.8,19.4,74.9,0.0,1018,9.4,4.6,8
05/11/2023,19:00,94,1.1,39.6,0.6,18.8,75.8,0.0,1018,10.1,4.9,9
05/11/2023,20:00,91,1.1,33.3,0.6,18.9,76.1,0.0,1019,8.7,4.3,8
05/11/2023,21:00,103,1.2,38.5,0.7,19.0,77.0,0.0,1019,8.0,4.2,7
05/11/2023,22:00,99,1.4,37.8,0.7,18.4,79.8,0.0,1019,6.6,3.8,7
05/11/2023,23:00,111,0.9,41.0,0.5,18.3,78.9,0.0,1019,8.1,4.4,8
06/11/2023,00:00,147,1.1,32.4,0.5,18.0,82.3,0.0,1018,7.9,4.2,8
06/11/2023,01:00,139,0.5,57.1,0.3,18.1,84.2,0.0,1018,8.2,4.3,7
06/11/2023,02:00,156,0.8,35.3,0.5,17.8,84.9,0.0,1017,7.5,4.1,8
06/11/2023,03:00,154,1.3,30.5,0.6,17.7,84.7,0.0,1017,8.1,4.0,6
06/11/2023,04:00,154,0.9,35.3,0.4,17.9,82.4,0.0,1017,9.6,4.1,6
06/11/2023,05:00,167,0.6,42.3,0.3,18.2,82.3,0.0,1018,10.5,4.8,8
06/11/2023,06:00,158,0.5,53.7,0.4,18.8,79.7,0.0,1018,10.9,5.3,13
06/11/2023,07:00,138,1.3,30.7,0.6,19.2,78.2,0.0,1018,8.9,3.9,7
06/11/2023,08:00,133,1.2,42.9,0.7,20.8,70.1,0.0,1019,7.4,3.1,5
06/11/2023,09:00,91,0.8,43.7,0.6,21.1,69.6,0.1,1019,10.6,3.6,4
06/11/2023,10:00,5,1.0,33.1,0.6,19.9,79.4,0.0,1018,8.8,3.5,5
06/11/2023,11:00,337,1.1,32.1,0.5,21.1,72.3,0.0,1018,9.7,3.9,6
06/11/2023,12:00,329,2.0,24.9,0.9,21.0,70.9,0.0,1018,12.6,4.1,6
06/11/2023,13:00,336,1.0,40.6,0.5,21.6,67.9,0.0,1017,13.8,4.5,6
06/11/2023,14:00,88,1.3,31.5,0.6,22.3,57.1,0.0,1016,12.6,4.0,5
06/11/2023,15:00,92,1.6,36.1,0.8,22.5,53.2,0.0,1016,10.1,3.7,4
06/11/2023,16:00,83,1.5,32.5,0.8,21.9,59.5,0.0,1016,13.5,4.5,4
06/11/2023,17:00,86,1.3,39.8,0.7,21.4,62.1,0.0,1017,16.0,5.3,5
06/11/2023,18:00,87,1.0,35.3,0.5,20.8,64.3,0.0,1018,16.8,6.0,6
06/11/2023,19:00,62,0.6,42.1,0.3,20.2,67.7,0.0,1018,17.0,6.5,8
06/11/2023,20:00,113,0.7,30.3,0.3,19.5,71.6,0.0,1018,18.3,6.6,8
06/11/2023,21:00,148,0.8,33.9,0.4,19.0,75.8,0.0,1019,13.6,5.7,8
06/11/2023,22:00,152,0.7,43.1,0.4,18.6,76.1,0.0,1018,13.4,5.4,8
06/11/2023,23:00,151,0.8,30.7,0.4,18.2,74.3,0.0,1018,13.5,5.1,7
07/11/2023,00:00,157,0.7,40.7,0.3,17.9,73.3,0.0,1017,13.1,5.0,6
07/11/2023,01:00,175,0.4,64.1,0.3,17.5,75.7,0.0,1016,14.0,5.7,8
07/11/2023,02:00,155,0.3,58.6,0.2,17.1,77.2,0.0,1016,12.0,5.0,7
07/11/2023,03:00,171,0.5,64.2,0.4,16.7,77.2,0.0,1016,10.5,4.7,7
07/11/2023,04:00,177,0.3,87.7,0.4,16.4,76.8,0.0,1017,12.4,4.5,6
07/11/2023,05:00,161,0.3,72.3,0.4,17.0,75.1,0.0,1017,11.3,4.5,6
07/11/2023,06:00,160,0.4,72.5,0.4,18.7,65.6,0.0,1018,12.3,4.3,6
07/11/2023,07:00,157,0.7,61.2,0.6,20.1,60.0,0.0,1018,15.3,5.1,8
07/11/2023,08:00,137,1.1,45.2,0.7,21.8,54.8,0.0,1018,13.4,4.5,6
07/11/2023,09:00,134,1.0,47.0,0.5,22.6,53.5,0.0,1018,13.2,4.1,5
07/11/2023,10:00,111,1.4,39.7,0.8,22.1,60.9,0.0,1017,10.0,3.1,3
07/11/2023,11:00,101,1.6,37.1,0.8,20.8,68.4,0.0,1017,6.1,2.3,3
07/11/2023,12:00,90,1.4,44.3,0.8,20.8,67.9,0.0,1017,5.7,1.9,3
07/11/2023,13:00,52,1.2,41.3,0.7,21.6,62.7,0.0,1016,10.2,3.8,4
07/11/2023,14:00,359,1.3,41.0,0.8,21.8,59.1,0.0,1015,9.9,3.5,3
07/11/2023,15:00,2,1.3,37.8,0.9,22.3,60.5,0.0,1015,14.5,4.2,4
07/11/2023,16:00,345,1.3,32.6,0.7,21.5,64.9,0.0,1015,12.1,3.7,4
07/11/2023,17:00,9,1.0,41.0,0.6,21.8,61.1,0.0,1015,15.3,4.3,4
07/11/2023,18:00,34,0.6,46.3,0.4,21.6,63.5,0.0,1016,13.7,4.2,4
07/11/2023,19:00,54,0.6,37.1,0.3,21.3,65.3,0.0,1016,13.9,4.6,5
07/11/2023,20:00,59,0.6,34.5,0.2,21.0,63.8,0.0,1017,13.1,4.7,5
07/11/2023,21:00,52,0.5,40.1,0.3,21.1,65.4,0.0,1017,13.8,4.8,5
07/11/2023,22:00,60,0.5,53.4,0.3,20.9,67.5,0.0,1017,13.8,4.9,5
07/11/2023,23:00,71,0.5,43.1,0.3,20.3,70.2,0.0,1017,12.5,4.5,4
08/11/2023,00:00,70,0.4,51.4,0.3,19.5,75.1,0.3,1016,9.8,3.9,4
08/11/2023,01:00,38,0.4,35.7,0.2,19.1,78.5,0.0,1016,10.3,4.0,3
08/11/2023,02:00,133,0.4,32.1,0.2,18.9,78.4,0.0,1015,10.4,4.0,4
08/11/2023,03:00,143,0.5,21.5,0.2,18.8,77.5,0.0,1015,10.6,4.1,5
08/11/2023,04:00,143,0.3,51.5,0.1,18.6,78.4,0.0,1016,10.8,4.2,5
08/11/2023,05:00,154,0.5,32.4,0.2,18.8,79.9,0.0,1016,10.4,4.5,7
08/11/2023,06:00,153,0.7,28.2,0.3,19.6,75.1,0.0,1017,13.1,4.8,9
08/11/2023,07:00,32,0.3,47.6,0.3,22.1,60.0,0.0,1017,16.1,5.0,7
08/11/2023,08:00,339,0.8,51.4,0.6,22.6,55.4,0.0,1017,15.1,4.4,6
08/11/2023,09:00,349,1.1,40.6,0.7,24.0,47.9,0.0,1017,14.6,4.2,4
08/11/2023,10:00,343,1.3,43.9,0.8,24.1,48.1,0.0,1016,13.4,4.2,4
08/11/2023,11:00,341,1.5,38.8,0.8,24.7,45.1,0.0,1016,13.9,4.0,4
08/11/2023,12:00,348,1.7,41.3,0.9,24.7,44.0,0.0,1015,15.4,3.7,4
08/11/2023,13:00,19,1.5,38.5,0.8,24.8,43.2,0.0,1014,16.1,3.7,4
08/11/2023,14:00,7,1.6,35.3,0.8,24.6,42.6,0.0,1014,15.7,3.7,4
08/11/2023,15:00,344,1.8,37.2,0.9,24.3,43.5,0.0,1014,12.1,3.5,3
08/11/2023,16:00,359,1.5,39.5,0.9,23.5,46.7,0.0,1014,13.1,3.4,3
08/11/2023,17:00,19,1.2,43.6,0.7,22.5,53.3,0.0,1014,11.3,3.4,3
08/11/2023,18:00,345,1.6,29.4,0.8,21.7,57.8,0.0,1015,12.4,3.7,3
08/11/2023,19:00,344,1.3,29.5,0.6,21.5,56.0,0.0,1016,11.5,3.7,3
08/11/2023,20:00,348,1.2,32.3,0.6,21.5,56.7,0.0,1016,10.9,3.7,3
08/11/2023,21:00,348,0.7,43.5,0.4,21.1,57.9,0.0,1016,13.7,3.8,3
08/11/2023,22:00,88,0.6,31.4,0.2,20.7,59.7,0.0,1016,12.2,3.8,3
08/11/2023,23:00,68,0.6,32.1,0.2,20.1,62.3,0.0,1016,10.4,3.5,3
09/11/2023,00:00,55,0.4,54.5,0.3,20.0,62.3,0.0,1015,9.8,3.4,3
09/11/2023,01:00,57,0.6,35.6,0.3,19.4,62.1,0.0,1015,10.3,3.1,2
09/11/2023,02:00,155,0.4,49.2,0.2,19.1,63.5,0.0,1014,9.6,3.0,3
09/11/2023,03:00,167,0.4,48.6,0.3,18.5,70.2,0.0,1015,11.3,4.0,5
09/11/2023,04:00,166,0.5,34.0,0.3,18.0,71.7,0.0,1015,11.6,4.7,7
09/11/2023,05:00,152,0.7,18.5,0.2,18.2,71.5,0.0,1015,11.4,4.4,6
09/11/2023,06:00,159,0.4,57.8,0.2,20.5,61.0,0.0,1016,20.9,5.9,10
09/11/2023,07:00,40,0.1,37.3,0.4,22.2,52.0,0.0,1016,13.7,4.5,7
09/11/2023,08:00,42,0.5,43.6,0.6,23.8,45.2,0.0,1016,14.5,4.0,5
09/11/2023,09:00,7,0.9,50.3,0.8,24.7,43.3,0.0,1016,15.2,4.1,5
09/11/2023,10:00,336,1.3,43.3,0.8,24.9,42.6,0.0,1016,14.9,4.0,5
09/11/2023,11:00,324,1.8,44.0,0.9,25.1,41.6,0.0,1015,15.0,3.9,4
09/11/2023,12:00,324,2.4,25.2,1.0,25.3,40.8,0.0,1015,12.9,3.6,4
09/11/2023,13:00,9,1.3,36.2,0.7,25.8,39.3,0.0,1014,14.9,3.6,4
09/11/2023,14:00,10,1.1,46.6,0.7,26.0,38.2,0.0,1013,15.7,3.5,3
09/11/2023,15:00,6,1.2,41.7,0.7,25.6,39.4,0.0,1012,14.1,3.6,4
09/11/2023,16:00,346,1.5,36.1,0.8,24.5,44.9,0.0,1012,13.4,3.6,3
09/11/2023,17:00,344,1.6,33.2,0.7,23.3,49.9,0.0,1013,11.5,3.2,3
09/11/2023,18:00,347,2.0,25.5,0.9,22.3,56.4,0.0,1014,9.9,3.0,3
09/11/2023,19:00,343,1.6,31.5,0.7,22.0,61.3,0.0,1014,11.0,3.5,3
09/11/2023,20:00,345,1.4,31.0,0.7,21.9,62.6,0.0,1015,10.9,4.0,4
09/11/2023,21:00,340,1.1,38.1,0.6,21.8,65.4,0.0,1016,10.8,3.9,3
09/11/2023,22:00,350,0.9,35.8,0.5,21.8,67.1,0.0,1016,12.0,4.0,3
09/11/2023,23:00,343,0.9,35.6,0.5,21.7,66.5,0.0,1015,12.4,4.0,3
10/11/2023,00:00,343,1.0,33.7,0.6,21.7,67.0,0.0,1015,12.7,4.2,3
10/11/2023,01:00,337,1.1,30.2,0.5,21.5,66.9,0.0,1015,12.4,4.2,2
10/11/2023,02:00,331,0.6,42.6,0.3,21.3,67.4,0.0,1015,11.6,4.1,3
10/11/2023,03:00,169,0.4,48.7,0.2,20.4,72.8,0.0,1014,11.5,4.4,6
10/11/2023,04:00,165,0.2,64.6,0.2,20.2,73.8,0.0,1015,13.7,5.0,8
10/11/2023,05:00,192,0.2,79.6,0.2,20.1,74.2,0.0,1016,12.6,4.9,8
10/11/2023,06:00,64,0.4,49.5,0.3,19.9,75.4,0.0,1016,12.0,5.0,7
10/11/2023,07:00,348,0.6,50.7,0.4,20.5,78.8,0.0,1016,11.2,4.2,7
10/11/2023,08:00,337,1.5,31.9,0.8,22.0,69.6,0.0,1016,11.3,3.9,5
10/11/2023,09:00,353,1.1,43.3,0.7,23.2,62.6,0.0,1016,11.5,3.9,4
10/11/2023,10:00,347,1.0,38.1,0.6,23.4,61.6,0.1,1016,11.7,3.8,5
10/11/2023,11:00,346,1.2,35.8,0.7,23.3,60.8,0.0,1015,13.7,4.2,5
10/11/2023,12:00,337,1.7,35.2,0.9,25.2,50.8,0.0,1014,11.9,4.2,4
10/11/2023,13:00,336,1.9,33.8,1.0,25.7,47.3,0.0,1014,11.0,4.1,4
10/11/2023,14:00,341,2.1,31.2,1.0,25.3,50.3,0.0,1013,12.0,3.9,3
10/11/2023,15:00,343,2.0,32.0,1.1,24.9,53.8,0.0,1013,12.8,4.0,3
10/11/2023,16:00,349,1.6,33.6,0.9,23.9,58.6,0.0,1013,13.3,4.1,4
10/11/2023,17:00,26,1.1,43.1,0.7,22.9,63.6,0.3,1015,16.0,4.7,4
10/11/2023,18:00,97,1.1,30.3,0.6,20.1,77.6,8.0,1017,13.6,5.3,7
10/11/2023,19:00,344,0.9,29.9,0.4,18.4,82.5,1.0,1017,8.7,4.3,8
10/11/2023,20:00,331,1.3,25.9,0.5,19.3,81.0,0.0,1017,12.5,5.7,9
10/11/2023,21:00,9,0.1,79.5,0.2,19.5,81.8,0.0,1017,12.2,5.1,7
10/11/2023,22:00,161,0.3,72.4,0.3,19.0,82.9,0.0,1017,13.6,5.9,13
10/11/2023,23:00,154,0.7,42.0,0.4,18.3,84.1,0.0,1016,13.6,6.7,17
11/11/2023,00:00,188,0.2,66.3,0.3,18.2,84.0,0.0,1016,12.9,6.0,13
11/11/2023,01:00,187,0.1,91.5,0.2,18.0,83.0,0.0,1016,10.9,4.9,8
11/11/2023,02:00,166,0.4,60.1,0.4,17.8,83.2,0.0,1016,10.8,4.7,8
11/11/2023,03:00,179,0.2,71.0,0.3,17.6,83.3,0.0,1016,12.6,6.5,14
11/11/2023,04:00,174,0.2,84.0,0.3,17.4,84.1,0.0,1016,13.0,7.2,18
11/11/2023,05:00,169,0.2,85.3,0.3,17.6,83.5,0.0,1017,13.2,7.6,21
11/11/2023,06:00,164,0.3,72.7,0.3,18.4,80.7,0.0,1018,14.2,8.4,27
11/11/2023,07:00,154,0.4,66.3,0.4,20.7,69.6,0.0,1018,11.6,6.1,17
11/11/2023,08:00,66,0.5,39.4,0.4,21.3,69.6,0.0,1018,13.1,5.3,12
11/11/2023,09:00,9,1.1,42.9,0.6,22.0,67.4,0.0,1019,6.2,3.0,5
11/11/2023,10:00,360,0.9,44.1,0.6,23.5,56.3,0.0,1018,7.7,3.0,4
11/11/2023,11:00,356,1.1,39.3,0.6,24.2,54.8,0.0,1018,13.2,4.6,6
11/11/2023,12:00,39,1.1,41.2,0.7,24.1,56.9,0.0,1017,12.7,4.4,6
11/11/2023,13:00,33,1.2,42.9,0.8,24.7,50.2,0.0,1016,10.1,3.7,4
11/11/2023,14:00,347,1.9,31.8,0.9,25.1,50.4,0.0,1016,10.0,3.9,3
11/11/2023,15:00,347,1.8,36.4,1.0,24.3,51.1,0.0,1016,10.3,3.9,3
11/11/2023,16:00,345,2.0,33.6,1.0,23.6,53.9,0.0,1016,11.6,3.9,3
11/11/2023,17:00,353,1.3,35.6,0.7,23.1,55.6,0.0,1016,11.2,3.9,3
11/11/2023,18:00,20,0.7,48.7,0.5,22.5,57.5,0.0,1017,12.8,4.0,4
11/11/2023,19:00,34,0.6,45.0,0.4,22.2,59.5,0.0,1017,11.6,4.1,4
11/11/2023,20:00,29,0.5,57.2,0.3,21.7,61.4,0.0,1018,13.2,4.7,6
11/11/2023,21:00,30,0.4,60.9,0.4,21.4,64.2,0.0,1018,13.5,4.5,6
11/11/2023,22:00,9,0.3,56.6,0.3,21.3,64.2,0.0,1018,11.1,4.1,4
11/11/2023,23:00,54,0.1,50.2,0.2,21.0,66.6,0.0,1018,12.3,4.8,7
12/11/2023,00:00,134,0.6,28.1,0.3,20.5,70.3,0.0,1018,11.6,5.1,9
12/11/2023,01:00,167,0.4,40.6,0.2,20.0,74.1,0.0,1017,12.5,5.1,9
12/11/2023,02:00,163,0.2,65.8,0.2,19.5,75.1,0.0,1017,12.6,6.0,12
12/11/2023,03:00,172,0.4,49.1,0.2,19.2,75.4,0.0,1017,11.9,6.0,12
12/11/2023,04:00,163,0.3,59.6,0.2,18.9,77.5,0.0,1017,12.6,5.6,11
12/11/2023,05:00,164,0.3,78.2,0.2,18.9,78.3,0.0,1017,13.0,6.4,15
12/11/2023,06:00,134,0.2,75.9,0.3,20.7,69.6,0.0,1018,13.3,5.8,12
12/11/2023,07:00,147,0.4,61.4,0.3,22.9,60.4,0.0,1018,12.6,5.6,10
12/11/2023,08:00,331,0.6,50.4,0.4,24.3,55.6,0.0,1018,13.2,5.2,7
12/11/2023,09:00,339,0.8,50.1,0.5,25.0,52.1,0.0,1018,14.5,5.3,7
12/11/2023,10:00,0,0.9,49.4,0.6,25.9,47.5,0.0,1017,14.8,5.2,6
12/11/2023,11:00,341,1.7,38.2,0.8,26.5,44.4,0.0,1016,13.9,4.6,5
12/11/2023,12:00,349,1.6,40.5,0.9,26.8,42.9,0.0,1016,13.1,4.5,5
12/11/2023,13:00,347,1.9,35.6,1.0,26.6,44.9,0.0,1015,13.2,4.7,4
12/11/2023,14:00,337,2.1,31.6,1.0,26.1,46.5,0.0,1014,13.1,4.7,4
12/11/2023,15:00,340,2.0,31.2,0.9,25.7,44.9,0.0,1014,12.6,4.4,4
12/11/2023,16:00,329,2.6,26.5,1.0,24.8,48.9,0.0,1014,12.1,4.4,3
12/11/2023,17:00,330,2.5,21.6,0.9,23.8,55.3,0.0,1014,13.1,4.7,4
12/11/2023,18:00,335,2.5,25.4,0.9,23.1,61.7,0.0,1014,15.0,5.3,5
12/11/2023,19:00,335,1.8,23.6,0.7,22.9,63.5,0.0,1014,16.3,5.7,6
12/11/2023,20:00,332,1.4,27.5,0.6,22.6,65.7,0.0,1014,16.5,5.6,6
12/11/2023,21:00,319,1.2,31.8,0.6,22.3,66.5,0.0,1014,16.9,5.8,6
12/11/2023,22:00,323,1.3,36.3,0.7,21.8,67.3,0.0,1014,18.7,5.8,6
12/11/2023,23:00,332,0.6,67.4,0.5,21.3,68.1,0.0,1014,19.0,5.8,6
13/11/2023,00:00,357,0.3,82.3,0.3,21.1,67.4,0.0,1013,16.9,5.5,6
13/11/2023,01:00,342,0.3,72.7,0.4,21.0,66.7,0.0,1012,14.5,5.1,4
13/11/2023,02:00,314,0.4,60.3,0.3,20.8,65.7,0.0,1012,13.2,5.0,4
13/11/2023,03:00,344,0.5,61.5,0.4,20.6,66.4,0.0,1012,14.5,5.1,4
13/11/2023,04:00,327,0.7,43.5,0.5,20.4,66.0,0.0,1012,14.8,5.2,5
13/11/2023,05:00,339,0.1,76.2,0.2,20.7,66.9,0.0,1013,14.6,4.9,5
13/11/2023,06:00,37,0.0,86.8,0.2,22.8,58.2,0.0,1013,14.3,5.2,6
13/11/2023,07:00,90,0.1,82.0,0.3,24.4,51.1,0.0,1013,14.5,5.1,6
13/11/2023,08:00,135,0.1,88.6,0.2,26.5,43.8,0.0,1013,13.5,4.8,5
13/11/2023,09:00,68,0.0,85.6,0.4,28.0,40.1,0.0,1013,15.4,4.9,6
13/11/2023,10:00,34,0.4,59.3,0.5,28.2,40.1,0.0,1012,16.5,5.1,6
13/11/2023,11:00,350,1.3,40.2,0.7,28.6,41.5,0.0,1011,17.1,5.4,6
13/11/2023,12:00,340,2.1,30.8,0.9,27.5,46.5,0.0,1010,23.4,5.9,7
13/11/2023,13:00,340,2.2,27.6,0.9,27.8,46.5,0.0,1010,20.4,5.8,7
13/11/2023,14:00,343,1.9,32.6,1.0,27.0,48.6,0.0,1009,22.0,5.9,7
13/11/2023,15:00,350,1.7,35.8,1.0,26.9,50.0,0.0,1009,18.7,6.1,7
13/11/2023,16:00,347,1.8,36.2,0.9,25.6,56.4,0.0,1009,19.8,6.3,7
13/11/2023,17:00,11,1.2,39.5,0.8,25.0,61.4,0.0,1010,24.1,7.0,8
13/11/2023,18:00,27,1.0,40.6,0.6,24.4,64.7,0.0,1011,21.9,6.8,8
13/11/2023,19:00,58,1.2,32.9,0.7,23.9,65.9,0.0,1012,19.1,7.1,10
13/11/2023,20:00,109,1.2,37.6,0.7,22.9,70.7,0.0,1013,25.1,9.3,13
13/11/2023,21:00,107,1.6,35.9,0.9,21.9,73.7,0.0,1013,17.6,7.6,12
13/11/2023,22:00,94,1.3,43.5,0.8,21.1,76.9,0.0,1013,20.9,8.8,13
13/11/2023,23:00,79,1.3,38.8,0.8,20.8,76.9,0.0,1013,28.9,11.4,16
14/11/2023,00:00,55,0.8,42.3,0.5,21.1,73.7,0.0,1013,32.6,12.1,16
14/11/2023,01:00,88,0.9,36.7,0.5,21.2,73.0,0.0,1012,35.2,12.8,12
14/11/2023,02:00,96,0.9,38.8,0.5,20.9,73.3,0.0,1012,31.9,12.1,14
14/11/2023,03:00,60,0.6,37.0,0.3,20.9,73.2,0.0,1012,32.4,12.0,16
14/11/2023,04:00,55,0.5,47.3,0.3,21.1,71.1,0.0,1012,30.8,11.6,16
14/11/2023,05:00,71,0.5,34.9,0.2,21.2,70.3,0.0,1012,32.1,11.5,15
14/11/2023,06:00,36,0.4,50.9,0.3,21.8,68.6,0.0,1013,30.9,11.4,16
14/11/2023,07:00,25,0.4,46.5,0.3,22.5,66.2,0.0,1013,31.9,11.2,16
14/11/2023,08:00,344,0.7,41.4,0.4,22.9,66.3,0.0,1013,32.1,10.6,17
14/11/2023,09:00,335,0.9,32.4,0.5,23.3,65.4,0.0,1013,35.3,11.8,23
14/11/2023,10:00,3,1.0,42.9,0.6,25.2,59.0,0.0,1012,25.7,9.3,16
14/11/2023,11:00,358,1.2,42.7,0.7,26.1,55.9,0.0,1011,23.6,8.2,14
14/11/2023,12:00,335,1.6,35.9,0.9,26.6,54.6,0.0,1010,27.6,9.0,15
14/11/2023,13:00,349,1.4,37.1,0.8,27.1,52.1,0.0,1010,24.2,7.8,12
14/11/2023,14:00,338,2.2,28.1,1.0,27.0,52.6,0.0,1009,18.3,6.4,9
14/11/2023,15:00,335,2.4,28.4,1.0,26.4,52.5,0.0,1008,15.0,5.4,7
14/11/2023,16:00,334,2.6,23.7,1.1,25.6,55.7,0.0,1008,15.7,5.4,6
14/11/2023,17:00,333,2.5,22.1,1.0,24.7,64.6,0.0,1009,16.6,6.0,7
14/11/2023,18:00,331,2.4,21.2,0.9,24.0,71.3,0.0,1009,17.0,6.4,8
14/11/2023,19:00,331,2.2,22.1,0.8,23.9,72.2,0.0,1010,17.6,6.6,9
14/11/2023,20:00,330,1.8,22.4,0.7,24.0,73.6,0.0,1010,20.0,7.3,9
14/11/2023,21:00,337,1.5,28.3,0.7,24.0,75.2,0.0,1010,22.4,8.4,10
14/11/2023,22:00,345,0.8,39.7,0.5,23.9,75.9,0.0,1010,23.6,8.7,10
14/11/2023,23:00,339,0.7,44.4,0.4,23.7,76.1,0.0,1010,24.9,8.2,10
15/11/2023,00:00,326,1.1,29.4,0.6,23.3,71.9,0.0,1009,21.9,7.5,9
15/11/2023,01:00,328,0.8,53.1,0.5,22.9,68.4,0.0,1009,17.5,6.3,6
15/11/2023,02:00,325,0.5,62.8,0.4,22.2,70.6,0.0,1008,17.3,6.2,7
15/11/2023,03:00,348,0.4,68.1,0.4,21.8,72.6,0.0,1008,15.9,6.3,8
15/11/2023,04:00,332,0.8,46.7,0.5,21.6,74.1,0.0,1009,15.3,6.0,7
15/11/2023,05:00,320,0.9,39.8,0.5,21.6,74.2,0.0,1009,16.1,6.1,7
15/11/2023,06:00,324,0.6,47.2,0.4,23.4,66.4,0.0,1010,18.2,6.4,9
15/11/2023,07:00,350,0.2,76.3,0.3,26.1,55.4,0.0,1010,15.0,5.7,8
15/11/2023,08:00,92,0.2,52.1,0.4,27.2,51.2,0.0,1009,16.0,6.0,8
15/11/2023,09:00,147,0.9,43.5,0.5,27.6,49.7,0.0,1009,18.3,6.6,9
15/11/2023,10:00,46,0.4,48.6,0.4,29.5,45.3,0.0,1008,21.2,7.4,11
15/11/2023,11:00,330,1.7,31.3,0.8,30.1,48.4,0.0,1008,22.1,8.3,14
15/11/2023,12:00,345,1.8,34.5,0.9,29.5,52.2,0.0,1007,24.6,8.7,15
15/11/2023,13:00,341,2.1,29.4,1.0,28.6,55.4,0.0,1006,26.5,9.2,15
15/11/2023,14:00,339,2.4,26.4,1.0,27.9,57.6,0.0,1006,27.9,9.5,14
15/11/2023,15:00,335,2.5,23.3,0.9,27.6,60.7,0.0,1005,31.6,10.2,14
15/11/2023,16:00,331,2.7,20.8,1.0,26.5,66.5,0.0,1006,34.6,11.5,15
15/11/2023,17:00,332,2.2,24.2,0.9,25.9,69.6,0.0,1006,35.3,12.4,16
15/11/2023,18:00,338,1.7,28.4,0.8,25.7,69.6,0.0,1006,36.1,12.5,16
15/11/2023,19:00,337,1.2,33.7,0.7,25.4,72.5,0.0,1007,38.0,13.3,18
15/11/2023,20:00,331,1.4,28.5,0.6,25.2,73.8,0.0,1007,36.3,13.3,18
15/11/2023,21:00,329,0.9,48.9,0.6,25.1,74.4,0.0,1007,35.8,12.6,17
15/11/2023,22:00,327,0.7,45.7,0.4,25.1,73.9,0.0,1007,31.9,12.1,17
15/11/2023,23:00,358,0.5,41.2,0.4,24.9,75.1,0.0,1006,32.2,11.9,17
16/11/2023,00:00,331,0.6,40.9,0.3,24.7,76.2,0.0,1006,31.1,11.6,16
16/11/2023,01:00,55,0.3,37.9,0.2,24.6,76.9,0.0,1005,29.3,12.1,14
16/11/2023,02:00,13,0.4,39.2,0.3,24.3,78.4,0.0,1005,30.9,13.9,26
16/11/2023,03:00,2,0.4,36.4,0.3,24.2,78.7,0.0,1005,28.6,12.8,25
16/11/2023,04:00,348,0.0,62.9,0.2,24.2,78.5,0.0,1005,27.9,13.6,31
16/11/2023,05:00,66,0.3,43.4,0.2,24.3,78.3,0.0,1006,27.4,14.4,35
16/11/2023,06:00,337,0.6,36.5,0.3,24.4,77.0,0.0,1007,33.2,18.2,52
16/11/2023,07:00,328,0.5,57.2,0.4,25.1,74.3,0.0,1007,32.9,16.5,44
16/11/2023,08:00,23,0.5,48.7,0.4,26.6,68.5,0.0,1007,32.1,13.2,29
16/11/2023,09:00,66,0.6,38.1,0.4,27.6,63.0,0.0,1006,30.1,11.2,23
16/11/2023,10:00,49,0.4,51.3,0.4,30.1,50.8,0.0,1006,28.6,12.1,24
16/11/2023,11:00,346,1.4,37.4,0.8,30.9,50.2,0.0,1005,30.8,11.6,25
16/11/2023,12:00,339,1.4,31.2,0.7,30.2,53.3,0.0,1004,31.4,11.5,24
16/11/2023,13:00,342,1.5,34.4,0.7,31.4,49.1,0.0,1003,30.4,11.1,25
16/11/2023,14:00,347,1.8,29.6,0.8,30.5,50.8,0.0,1003,28.5,11.1,23
16/11/2023,15:00,348,1.8,29.9,0.8,30.3,53.1,0.0,1002,29.7,11.5,22
16/11/2023,16:00,346,1.7,30.1,0.8,29.0,60.5,0.0,1002,33.4,11.6,19
16/11/2023,17:00,350,1.8,26.9,0.8,27.5,67.9,0.0,1002,35.0,12.1,18
16/11/2023,18:00,351,1.2,34.8,0.6,26.6,73.1,0.0,1002,37.5,13.5,18
16/11/2023,19:00,339,1.3,28.3,0.6,26.2,74.8,0.0,1002,41.0,14.5,20
16/11/2023,20:00,4,0.4,48.3,0.6,26.4,73.3,0.0,1004,38.2,14.0,22
16/11/2023,21:00,38,0.3,44.8,0.3,26.3,73.7,0.0,1004,37.6,13.8,20
16/11/2023,22:00,169,0.3,73.9,0.4,26.4,74.1,0.0,1005,31.6,12.9,22
16/11/2023,23:00,145,0.3,55.4,0.3,25.9,75.3,0.0,1004,31.6,12.4,23
17/11/2023,00:00,30,0.2,39.7,0.2,25.7,74.9,0.0,1004,26.4,11.8,23
17/11/2023,01:00,335,0.8,27.0,0.3,25.5,75.2,0.0,1003,27.7,11.9,19
17/11/2023,02:00,66,0.3,48.7,0.2,25.5,76.1,0.0,1003,27.7,12.1,23
17/11/2023,03:00,96,0.5,24.6,0.2,25.1,78.9,0.0,1003,32.4,12.9,25
17/11/2023,04:00,115,0.6,33.9,0.3,24.7,81.2,0.0,1004,30.2,12.6,22
17/11/2023,05:00,123,0.8,36.2,0.4,24.3,76.6,0.0,1005,25.7,11.9,22
17/11/2023,06:00,156,1.3,34.6,0.7,24.7,71.8,0.0,1006,23.7,11.2,22
17/11/2023,07:00,128,0.7,55.7,0.5,26.8,60.9,0.0,1006,22.3,10.8,24
17/11/2023,08:00,14,0.3,51.7,0.4,28.4,52.3,0.0,1006,23.9,11.1,26
17/11/2023,09:00,34,0.4,58.5,0.5,29.9,48.2,0.0,1005,24.8,12.0,28
17/11/2023,10:00,332,1.5,36.1,0.7,30.4,48.9,0.0,1005,32.0,12.0,28
17/11/2023,11:00,342,1.4,33.8,0.8,30.9,48.0,0.0,1005,30.0,12.1,28
17/11/2023,12:00,351,1.5,31.1,0.8,30.1,50.0,0.0,1004,36.3,12.5,28
17/11/2023,13:00,30,1.2,39.2,0.7,28.8,55.2,0.0,1005,25.8,10.9,23
17/11/2023,14:00,76,1.8,39.6,1.0,26.8,58.6,0.0,1006,26.6,9.5,18
17/11/2023,15:00,97,2.3,34.2,1.2,24.5,57.8,0.0,1007,30.3,8.5,14
17/11/2023,16:00,101,2.1,35.0,1.1,22.8,62.7,0.0,1009,18.0,5.1,7
17/11/2023,17:00,119,2.5,37.5,1.2,22.6,60.2,0.0,1010,18.7,5.2,5
17/11/2023,18:00,114,2.5,35.3,1.3,21.7,58.7,0.0,1012,24.6,7.0,5
17/11/2023,19:00,115,2.2,38.4,1.1,21.4,58.3,0.0,1013,23.0,7.3,6
17/11/2023,20:00,115,2.1,37.4,1.0,21.1,58.6,0.0,1014,22.4,7.2,5
17/11/2023,21:00,111,1.7,37.4,0.9,21.0,58.7,0.0,1014,20.6,6.8,5
17/11/2023,22:00,119,1.5,42.2,0.9,20.8,58.4,0.0,1015,22.0,6.9,5
17/11/2023,23:00,144,1.5,36.5,0.9,20.8,59.3,0.0,1015,23.4,7.5,5
18/11/2023,00:00,140,1.3,37.1,0.7,20.7,60.0,0.0,1014,23.0,7.4,5
18/11/2023,01:00,135,1.8,30.5,0.9,20.6,60.0,0.0,1014,22.3,7.1,6
18/11/2023,02:00,141,1.4,35.6,0.8,20.3,61.6,0.0,1014,19.1,6.4,5
18/11/2023,03:00,134,1.0,36.1,0.6,20.0,63.1,0.0,1014,20.4,7.2,6
18/11/2023,04:00,143,0.8,34.9,0.5,19.7,63.9,0.0,1015,20.4,7.2,6
18/11/2023,05:00,140,0.9,30.8,0.4,20.0,62.8,0.0,1016,19.6,7.3,7
18/11/2023,06:00,152,1.7,31.7,0.8,20.7,58.2,0.0,1016,22.1,7.3,7
18/11/2023,07:00,123,1.6,38.1,1.0,22.0,51.1,0.0,1016,21.9,6.6,6
18/11/2023,08:00,133,1.6,37.9,0.9,22.9,43.8,0.0,1017,17.5,5.7,5
18/11/2023,09:00,115,1.5,37.6,0.8,23.3,43.7,0.0,1017,17.9,5.9,5
18/11/2023,10:00,85,0.8,62.1,0.9,24.9,38.3,0.0,1016,18.5,5.9,5
18/11/2023,11:00,65,1.1,47.6,0.8,25.0,38.2,0.0,1016,17.0,6.0,5
18/11/2023,12:00,40,1.1,49.1,0.8,25.4,38.6,0.0,1016,19.7,6.2,6
18/11/2023,13:00,31,1.6,40.1,0.9,25.3,39.6,0.0,1015,18.9,6.1,5
18/11/2023,14:00,25,1.4,43.6,0.9,25.1,35.4,0.0,1015,15.9,5.3,5
18/11/2023,15:00,6,1.7,35.9,0.9,24.3,40.6,0.0,1015,19.5,6.1,5
18/11/2023,16:00,357,1.5,42.0,0.9,23.6,43.7,0.0,1015,18.1,6.0,5
18/11/2023,17:00,14,1.1,43.1,0.7,22.9,47.0,0.0,1016,16.6,5.8,4
18/11/2023,18:00,49,1.0,41.3,0.6,22.0,53.1,0.0,1017,18.1,6.4,5
18/11/2023,19:00,66,0.9,34.9,0.5,21.5,56.1,0.0,1017,22.2,7.1,5
18/11/2023,20:00,54,0.8,39.5,0.4,21.0,58.8,0.0,1018,20.4,7.3,7
18/11/2023,21:00,49,0.8,38.6,0.4,20.7,62.0,0.0,1018,22.6,7.5,7
18/11/2023,22:00,58,0.6,30.2,0.2,20.4,64.5,0.0,1017,22.8,7.4,7
18/11/2023,23:00,75,0.5,30.8,0.2,20.2,66.8,0.0,1017,21.6,7.5,6
19/11/2023,00:00,125,0.5,28.8,0.3,19.9,68.3,0.0,1017,20.4,7.2,7
19/11/2023,01:00,161,0.5,50.7,0.3,19.9,68.1,0.0,1016,20.2,7.4,8
19/11/2023,02:00,175,0.4,62.3,0.4,19.1,68.9,0.0,1016,22.0,8.9,13
19/11/2023,03:00,179,0.5,61.1,0.4,18.5,68.0,0.0,1016,20.2,7.7,9
19/11/2023,04:00,174,0.4,63.9,0.4,18.1,67.8,0.0,1017,17.9,6.9,7
19/11/2023,05:00,175,0.3,71.3,0.3,18.8,65.6,0.0,1018,19.2,7.0,8
19/11/2023,06:00,163,0.2,85.0,0.3,20.5,57.9,0.0,1019,19.1,7.2,9
19/11/2023,07:00,132,0.3,67.9,0.3,22.1,54.0,0.0,1019,19.4,7.4,10
19/11/2023,08:00,25,0.8,47.9,0.5,24.2,51.3,0.0,1019,19.5,7.1,9
19/11/2023,09:00,351,1.3,43.0,0.9,25.4,46.7,0.0,1018,20.7,6.9,7
19/11/2023,10:00,1,1.4,38.6,0.8,25.8,47.6,0.0,1018,18.7,6.6,7
19/11/2023,11:00,335,2.0,29.9,0.9,25.9,47.9,0.0,1018,20.1,6.6,7
19/11/2023,12:00,349,1.6,37.0,0.9,25.8,50.8,0.0,1017,18.5,6.5,7
19/11/2023,13:00,337,2.2,31.2,1.0,25.8,49.9,0.0,1017,17.2,6.3,6
19/11/2023,14:00,351,1.7,40.5,0.9,25.4,50.9,0.0,1016,16.6,6.0,6
19/11/2023,15:00,340,1.9,32.5,0.9,24.9,52.4,0.0,1016,19.0,6.4,6
19/11/2023,16:00,336,2.0,29.2,0.9,24.4,53.7,0.0,1016,18.7,6.4,6
19/11/2023,17:00,336,2.5,23.9,0.9,23.7,56.7,0.0,1016,16.8,6.1,6
19/11/2023,18:00,337,2.0,25.3,0.8,23.3,59.4,0.0,1016,18.2,6.3,7
19/11/2023,19:00,340,1.5,33.0,0.8,23.1,62.8,0.0,1017,20.9,6.8,7
19/11/2023,20:00,334,1.6,28.6,0.7,23.0,65.1,0.0,1017,21.0,7.4,8
19/11/2023,21:00,341,1.5,32.8,0.7,22.9,65.7,0.0,1017,20.1,7.0,8
19/11/2023,22:00,357,1.1,41.3,0.7,23.1,66.5,0.0,1017,20.3,7.2,8
19/11/2023,23:00,346,1.5,33.0,0.7,22.9,67.4,0.0,1017,20.7,7.5,8
20/11/2023,00:00,347,1.4,34.5,0.8,22.8,67.5,0.0,1016,21.0,7.4,8
20/11/2023,01:00,11,0.8,47.1,0.5,23.0,67.0,0.0,1016,21.9,7.6,7
20/11/2023,02:00,345,1.3,31.6,0.6,22.5,69.3,0.1,1015,18.7,7.0,7
20/11/2023,03:00,332,1.1,37.1,0.5,21.2,80.8,0.5,1016,14.0,5.9,7
20/11/2023,04:00,312,1.1,34.2,0.5,20.6,83.2,0.5,1016,11.2,5.1,6
20/11/2023,05:00,315,1.0,31.1,0.5,20.6,84.0,0.0,1016,10.9,4.8,6
20/11/2023,06:00,349,0.8,40.1,0.5,21.0,81.2,0.0,1017,16.4,6.1,8
20/11/2023,07:00,340,1.5,30.1,0.7,22.3,69.9,0.0,1017,22.2,7.2,9
20/11/2023,08:00,333,2.4,24.4,1.0,22.6,66.5,0.0,1017,19.8,6.9,8
20/11/2023,09:00,337,2.0,27.6,0.9,22.2,69.9,0.1,1017,20.7,7.2,8
20/11/2023,10:00,341,1.5,31.4,0.7,21.4,76.4,0.2,1017,18.4,6.7,8
20/11/2023,11:00,343,1.9,29.8,0.9,21.9,73.8,0.0,1016,18.6,6.8,8
20/11/2023,12:00,335,2.5,24.2,1.0,22.0,69.5,0.0,1016,17.8,6.3,7
20/11/2023,13:00,329,2.2,20.7,0.9,21.5,69.4,0.0,1016,15.2,5.9,7
20/11/2023,14:00,334,1.8,31.8,0.9,22.1,63.2,0.0,1015,14.3,5.7,8
20/11/2023,15:00,341,1.4,33.8,0.7,20.6,79.8,0.0,1015,12.3,5.1,7
20/11/2023,16:00,354,0.6,53.8,0.5,20.4,84.0,0.0,1015,13.1,5.5,8
20/11/2023,17:00,357,0.8,46.8,0.5,20.9,80.2,0.2,1015,15.9,6.3,8
20/11/2023,18:00,5,0.6,47.5,0.4,20.8,79.0,0.1,1016,15.0,6.1,8
20/11/2023,19:00,346,0.7,42.8,0.4,20.3,81.8,1.1,1016,14.4,6.1,10
20/11/2023,20:00,43,0.5,55.2,0.3,20.2,84.8,4.1,1017,11.1,5.1,8
20/11/2023,21:00,52,0.8,34.0,0.4,19.9,85.5,1.0,1017,12.5,5.4,8
20/11/2023,22:00,343,0.6,35.2,0.3,19.5,84.0,0.1,1017,11.7,5.3,9
20/11/2023,23:00,12,0.5,27.9,0.3,19.8,86.1,0.5,1017,10.5,5.0,8
21/11/2023,00:00,334,1.0,41.2,0.5,19.8,85.8,2.0,1017,9.9,4.8,7
21/11/2023,01:00,36,0.6,43.1,0.3,19.6,85.9,4.1,1016,10.8,4.9,6
21/11/2023,02:00,5,0.6,45.8,0.4,19.5,86.4,0.4,1016,9.6,4.7,7
21/11/2023,03:00,355,0.7,31.8,0.4,19.8,86.9,0.0,1015,8.8,4.6,8
21/11/2023,04:00,7,0.5,54.9,0.4,20.3,87.0,0.0,1016,8.0,4.3,8
21/11/2023,05:00,64,0.6,27.8,0.2,20.6,86.5,0.0,1016,6.2,3.5,6
21/11/2023,06:00,59,0.7,27.7,0.2,20.9,86.0,0.0,1016,9.8,4.5,8
21/11/2023,07:00,80,0.6,31.5,0.2,21.3,85.5,0.0,1017,11.7,5.3,10
21/11/2023,08:00,22,0.4,54.1,0.3,22.4,79.7,0.0,1017,13.8,5.7,12
21/11/2023,09:00,53,0.6,41.3,0.4,23.3,76.3,0.0,1016,11.5,5.1,11
21/11/2023,10:00,52,0.8,41.8,0.5,24.4,71.1,0.0,1016,14.0,6.8,17
21/11/2023,11:00,28,1.0,40.3,0.6,25.0,68.8,0.0,1015,14.0,6.7,16
21/11/2023,12:00,28,1.6,38.9,0.9,25.0,69.3,0.0,1015,12.3,5.0,10
21/11/2023,13:00,40,1.5,42.0,0.9,23.4,75.0,0.0,1014,7.2,2.6,4
21/11/2023,14:00,42,1.1,45.2,0.7,22.8,78.3,0.0,1014,8.9,3.4,4
21/11/2023,15:00,359,1.0,42.8,0.6,22.7,82.0,0.0,1014,10.3,4.1,7
21/11/2023,16:00,338,1.5,32.8,0.7,22.9,79.2,0.0,1013,12.8,4.3,6
21/11/2023,17:00,343,1.4,31.0,0.7,22.6,78.3,0.0,1014,10.7,4.2,7
21/11/2023,18:00,340,1.2,28.8,0.6,22.6,77.3,0.0,1015,11.8,4.9,8
21/11/2023,19:00,8,0.6,41.0,0.4,22.7,77.6,0.0,1015,13.2,5.3,9
21/11/2023,20:00,350,1.0,42.4,0.6,23.2,76.2,0.0,1015,21.6,7.7,12
21/11/2023,21:00,353,1.0,41.1,0.7,23.4,74.7,0.0,1015,23.1,8.0,11
21/11/2023,22:00,339,1.2,29.4,0.6,23.1,75.8,0.0,1015,22.4,8.1,10
21/11/2023,23:00,322,1.4,15.8,0.5,22.9,77.5,0.0,1015,22.0,7.9,10
22/11/2023,00:00,344,0.7,41.5,0.4,23.3,74.4,0.0,1015,20.9,7.7,10
22/11/2023,01:00,327,0.7,36.5,0.3,23.0,77.7,0.0,1014,20.2,7.9,8
22/11/2023,02:00,331,0.8,30.9,0.3,23.0,77.9,0.0,1014,22.0,8.1,10
22/11/2023,03:00,338,0.9,25.3,0.4,23.0,78.9,0.0,1014,22.5,8.2,11
22/11/2023,04:00,350,0.5,51.6,0.4,22.8,81.2,0.0,1014,18.8,7.6,11
22/11/2023,05:00,321,0.7,47.9,0.4,22.5,82.2,0.2,1015,18.7,7.5,11
22/11/2023,06:00,318,0.5,56.0,0.3,23.3,78.2,0.0,1015,18.9,7.2,13
22/11/2023,07:00,332,0.9,53.7,0.6,24.0,73.3,0.0,1016,19.2,7.0,12
22/11/2023,08:00,326,1.1,33.8,0.6,23.6,74.5,0.1,1016,15.0,6.2,10
22/11/2023,09:00,325,1.2,43.6,0.7,24.9,67.1,0.0,1016,17.3,6.4,10
22/11/2023,10:00,340,1.9,28.8,0.8,25.8,60.4,0.0,1016,17.3,6.3,8
22/11/2023,11:00,345,1.9,30.1,0.9,25.6,61.2,0.0,1015,18.7,6.3,8
22/11/2023,12:00,8,1.3,39.6,0.8,25.8,60.6,0.0,1015,19.5,6.9,9
22/11/2023,13:00,353,1.7,34.3,0.9,25.7,59.5,0.0,1014,18.9,6.5,9
22/11/2023,14:00,346,1.8,34.1,0.9,24.5,66.1,0.0,1013,19.9,6.9,9
22/11/2023,15:00,334,1.9,28.1,0.8,24.5,63.8,0.0,1013,19.7,6.6,8
22/11/2023,16:00,338,1.5,28.6,0.7,23.7,70.3,0.0,1013,17.3,6.5,8
22/11/2023,17:00,349,0.8,42.2,0.5,23.1,75.1,0.0,1014,17.2,6.2,8
22/11/2023,18:00,352,0.9,45.1,0.5,23.6,70.7,0.0,1014,17.4,6.6,8
22/11/2023,19:00,2,0.7,47.5,0.5,23.6,72.3,0.0,1015,19.7,7.0,9
22/11/2023,20:00,350,1.0,34.9,0.5,23.4,72.5,0.0,1015,21.6,7.0,8
22/11/2023,21:00,353,0.8,40.8,0.5,23.2,72.2,0.0,1016,19.4,6.4,8
22/11/2023,22:00,356,0.6,48.3,0.5,23.1,72.2,0.0,1016,18.9,6.3,7
22/11/2023,23:00,35,0.5,54.7,0.4,23.0,71.6,0.0,1015,19.7,6.1,7
23/11/2023,00:00,62,0.6,35.8,0.3,22.6,72.1,0.0,1015,17.5,5.8,7
23/11/2023,01:00,63,0.6,35.1,0.3,22.3,74.4,0.0,1014,14.7,5.2,5
23/11/2023,02:00,73,0.6,30.1,0.2,22.1,75.0,0.0,1014,13.8,4.9,5
23/11/2023,03:00,69,0.6,30.8,0.2,21.5,76.7,0.0,1014,13.8,4.8,5
23/11/2023,04:00,61,0.6,24.4,0.2,21.1,78.0,0.0,1015,13.2,4.8,5
23/11/2023,05:00,56,0.6,27.8,0.2,22.0,73.8,0.0,1015,13.2,4.9,5
23/11/2023,06:00,13,0.6,51.6,0.4,23.8,64.6,0.0,1016,21.1,5.4,7
23/11/2023,07:00,35,1.0,44.6,0.7,23.4,65.9,0.0,1016,14.5,4.9,6
23/11/2023,08:00,44,0.7,41.2,0.4,22.1,76.8,0.0,1016,10.6,4.1,5
23/11/2023,09:00,341,1.4,37.8,0.8,24.2,61.8,0.0,1016,,,
23/11/2023,10:00,336,1.5,36.4,0.7,24.8,59.1,0.0,1016,12.3,4.0,5
23/11/2023,11:00,342,1.8,34.0,1.0,25.9,52.8,0.0,1016,14.2,4.9,6
23/11/2023,12:00,342,1.4,36.2,0.8,26.0,54.2,0.0,1015,17.7,5.5,7
23/11/2023,13:00,352,1.8,32.6,1.0,24.8,61.3,0.0,1015,16.8,5.4,8
23/11/2023,14:00,349,1.4,36.5,0.7,24.8,58.2,0.0,1014,15.3,5.1,7
23/11/2023,15:00,346,1.5,32.7,0.7,24.3,60.3,0.0,1014,16.5,5.3,7
23/11/2023,16:00,18,1.1,43.3,0.7,24.3,60.1,0.0,1014,16.9,5.3,6
23/11/2023,17:00,23,0.9,39.4,0.6,24.1,57.4,0.0,1015,15.4,5.2,6
23/11/2023,18:00,14,0.8,45.6,0.5,23.4,64.4,0.0,1015,14.3,5.2,6
23/11/2023,19:00,29,0.7,46.7,0.4,22.8,68.3,0.0,1016,15.8,5.6,7
23/11/2023,20:00,46,0.6,40.0,0.4,22.6,69.2,0.0,1016,14.6,5.5,7
23/11/2023,21:00,69,0.7,33.3,0.3,22.3,69.2,0.0,1016,14.9,5.7,7
23/11/2023,22:00,66,0.6,28.3,0.2,21.9,72.0,0.0,1016,15.2,5.9,8
23/11/2023,23:00,53,0.7,26.0,0.2,21.4,74.1,0.0,1015,14.9,5.9,8
24/11/2023,00:00,89,0.4,41.5,0.2,21.2,74.5,0.0,1014,16.3,5.8,7
24/11/2023,01:00,71,0.6,34.4,0.3,21.3,73.6,0.0,1014,16.6,6.6,9
24/11/2023,02:00,126,0.5,34.0,0.2,21.0,74.7,0.0,1014,16.5,6.4,9
24/11/2023,03:00,127,0.5,33.3,0.3,21.0,74.5,0.0,1014,18.0,7.0,11
24/11/2023,04:00,58,0.1,53.1,0.3,21.0,74.4,0.0,1014,16.6,6.6,10
24/11/2023,05:00,126,0.5,44.0,0.2,21.2,75.0,0.0,1015,17.3,7.0,12
24/11/2023,06:00,106,0.7,36.8,0.4,22.2,70.3,0.0,1015,18.2,7.0,11
24/11/2023,07:00,58,1.2,38.9,0.7,24.0,58.0,0.0,1016,17.2,5.8,8
24/11/2023,08:00,51,1.3,42.0,0.9,24.9,50.1,0.0,1016,13.8,5.0,6
24/11/2023,09:00,35,1.3,45.5,0.9,25.6,45.4,0.0,1015,12.9,4.9,5
24/11/2023,10:00,33,1.2,44.9,0.8,25.5,47.0,0.0,1015,14.4,5.0,5
24/11/2023,11:00,10,1.5,44.4,0.9,25.7,49.3,0.0,1015,17.8,5.6,6
24/11/2023,12:00,356,1.5,44.8,0.9,26.0,48.8,0.0,1014,17.5,5.8,6
24/11/2023,13:00,7,1.5,40.5,0.9,25.9,48.2,0.0,1014,16.2,5.5,6
24/11/2023,14:00,8,1.5,39.3,0.9,25.9,50.4,0.0,1013,17.6,5.7,6
24/11/2023,15:00,9,1.5,42.9,1.0,25.5,50.3,0.0,1013,15.9,5.4,6
24/11/2023,16:00,355,1.4,43.6,0.9,25.0,52.4,0.0,1013,14.7,5.2,5
24/11/2023,17:00,357,1.2,40.2,0.8,24.2,55.2,0.0,1014,16.4,5.2,5
24/11/2023,18:00,14,0.9,43.3,0.6,23.6,57.0,0.0,1014,14.2,5.2,5
24/11/2023,19:00,54,0.9,39.8,0.5,23.4,59.8,0.0,1015,15.9,5.8,7
24/11/2023,20:00,57,0.8,31.4,0.3,23.1,62.9,0.0,1015,18.5,6.6,9
24/11/2023,21:00,41,0.8,37.7,0.4,22.7,67.0,0.0,1015,16.8,6.2,8
24/11/2023,22:00,347,0.8,41.5,0.4,22.5,68.1,0.9,1015,13.0,5.1,7
24/11/2023,23:00,16,0.8,30.9,0.5,21.0,81.1,4.2,1014,13.0,5.5,7
25/11/2023,00:00,94,0.5,39.8,0.3,20.7,82.4,0.0,1014,12.9,5.2,7
25/11/2023,01:00,72,0.8,31.3,0.3,20.3,81.8,0.0,1013,10.1,4.4,5
25/11/2023,02:00,67,0.3,58.4,0.3,20.0,84.4,0.0,1013,9.5,4.0,5
25/11/2023,03:00,140,0.8,27.7,0.3,19.9,85.1,0.0,1013,9.1,4.0,5
25/11/2023,04:00,118,0.6,35.9,0.3,20.0,84.6,0.0,1013,9.5,4.3,6
25/11/2023,05:00,70,0.7,37.5,0.4,20.2,83.3,0.0,1013,10.2,4.3,5
25/11/2023,06:00,347,0.8,31.6,0.4,20.6,80.6,0.0,1013,9.8,4.1,5
25/11/2023,07:00,62,0.5,44.6,0.3,20.5,81.1,0.0,1013,9.7,4.3,6
25/11/2023,08:00,119,0.6,36.5,0.4,21.9,76.1,0.0,1013,12.1,5.2,8
25/11/2023,09:00,67,0.6,43.9,0.4,23.2,68.1,0.0,1013,15.8,5.4,8
25/11/2023,10:00,11,0.9,42.0,0.5,24.1,60.3,0.0,1013,15.1,5.3,7
25/11/2023,11:00,356,1.0,45.2,0.6,24.2,59.7,0.0,1012,15.8,5.4,6
25/11/2023,12:00,347,1.2,37.3,0.7,24.4,55.8,0.0,1011,12.8,4.9,6
25/11/2023,13:00,2,1.3,39.3,0.7,24.6,56.7,0.0,1011,12.9,5.1,6
25/11/2023,14:00,335,1.7,27.7,0.7,23.8,62.2,0.0,1010,14.7,5.2,6
25/11/2023,15:00,18,0.9,37.4,0.5,23.8,64.9,0.0,1010,14.7,5.4,7
25/11/2023,16:00,339,1.6,28.1,0.7,23.3,64.3,0.0,1010,14.9,5.0,6
25/11/2023,17:00,335,1.3,30.0,0.6,23.4,63.0,0.0,1010,13.1,4.7,6
25/11/2023,18:00,340,1.0,38.8,0.6,23.3,62.9,0.0,1011,13.7,5.1,7
25/11/2023,19:00,339,1.1,32.9,0.5,23.1,63.9,0.0,1011,15.0,5.7,9
25/11/2023,20:00,333,0.9,31.5,0.5,23.0,66.9,0.0,1011,15.0,5.6,9
25/11/2023,21:00,333,1.0,34.2,0.5,22.8,67.8,0.0,1011,12.6,5.2,8
25/11/2023,22:00,326,1.2,20.9,0.6,22.7,68.0,0.0,1011,13.6,4.8,7
25/11/2023,23:00,327,0.3,59.9,0.3,22.6,68.7,0.0,1011,12.0,4.9,7
26/11/2023,00:00,326,0.9,32.7,0.4,22.2,70.1,0.0,1010,13.9,5.3,7
26/11/2023,01:00,322,0.4,42.0,0.2,21.7,72.0,0.0,1010,13.0,5.6,8
26/11/2023,02:00,275,0.1,76.4,0.2,21.1,74.2,0.0,1010,13.2,5.7,9
26/11/2023,03:00,165,0.2,62.5,0.2,20.7,76.6,0.0,1010,14.9,5.6,8
26/11/2023,04:00,234,0.1,68.3,0.2,20.3,79.6,0.0,1010,14.7,6.1,11
26/11/2023,05:00,152,0.6,29.1,0.2,20.9,75.8,0.0,1010,14.4,6.1,11
26/11/2023,06:00,145,0.7,38.8,0.3,22.5,68.6,0.0,1010,15.3,6.2,11
26/11/2023,07:00,323,0.2,62.4,0.4,24.0,61.7,0.0,1010,13.2,5.0,7
26/11/2023,08:00,61,0.1,68.1,0.4,25.9,52.6,0.0,1011,11.6,4.3,5
26/11/2023,09:00,327,0.3,68.9,0.5,26.5,48.5,0.0,1010,10.4,4.2,5
26/11/2023,10:00,356,0.6,60.8,0.6,27.8,44.2,0.0,1010,9.7,4.4,5
26/11/2023,11:00,347,1.3,38.8,0.8,27.0,49.9,0.0,1009,11.1,4.8,6
26/11/2023,12:00,340,1.8,26.8,0.8,26.1,52.8,0.0,1009,10.7,4.5,6
26/11/2023,13:00,338,1.6,33.2,0.8,26.0,53.0,0.0,1009,11.3,4.4,6
26/11/2023,14:00,344,1.4,38.2,0.8,26.7,49.9,0.0,1008,12.0,4.5,5
26/11/2023,15:00,355,1.6,31.0,0.8,26.7,49.3,0.0,1008,10.9,4.0,5
26/11/2023,16:00,337,1.8,30.3,0.8,26.0,52.3,0.0,1007,9.2,3.8,4
26/11/2023,17:00,331,2.0,22.8,0.8,24.8,62.1,0.0,1008,10.6,4.1,5
26/11/2023,18:00,335,1.8,26.9,0.8,24.1,65.6,0.0,1008,11.5,4.4,6
26/11/2023,19:00,333,1.4,24.8,0.6,23.8,66.8,0.0,1009,11.5,4.7,7
26/11/2023,20:00,336,1.1,32.1,0.5,23.6,68.7,0.0,1009,10.5,4.4,6
26/11/2023,21:00,328,1.1,24.1,0.5,23.3,69.8,0.0,1010,11.9,4.5,6
26/11/2023,22:00,319,1.3,24.3,0.6,23.1,70.4,0.0,1010,11.9,4.4,6
26/11/2023,23:00,322,1.3,27.5,0.6,22.9,69.9,0.0,1009,11.8,4.5,6
27/11/2023,00:00,325,1.0,30.9,0.5,22.6,70.3,0.0,1009,11.9,4.5,6
27/11/2023,01:00,317,0.2,65.4,0.2,22.2,72.7,0.0,1008,12.1,4.9,7
27/11/2023,02:00,116,0.2,37.9,0.2,21.9,74.7,0.0,1008,12.5,5.1,8
27/11/2023,03:00,146,0.3,49.6,0.2,21.6,76.3,0.0,1008,12.7,5.5,9
27/11/2023,04:00,119,0.1,40.1,0.1,21.2,76.8,0.0,1008,11.6,5.2,8
27/11/2023,05:00,327,0.3,35.3,0.2,21.9,75.3,0.0,1009,12.6,5.3,10
27/11/2023,06:00,319,0.1,83.7,0.2,24.4,62.4,0.0,1009,14.2,5.5,10
27/11/2023,07:00,73,0.3,61.9,0.3,25.6,56.2,0.0,1010,14.9,5.4,9
27/11/2023,08:00,88,0.3,55.7,0.4,26.5,53.3,0.0,1009,13.5,5.5,9
27/11/2023,09:00,89,0.5,60.8,0.4,28.3,48.4,0.0,1009,15.4,6.1,10
27/11/2023,10:00,62,0.5,42.3,0.6,28.9,47.6,0.0,1008,15.5,6.6,12
27/11/2023,11:00,338,1.4,30.4,0.8,29.0,50.0,0.0,1008,17.2,6.6,12
27/11/2023,12:00,339,1.5,33.2,0.8,28.9,51.2,0.0,1007,17.6,6.6,12
27/11/2023,13:00,345,1.8,32.7,0.8,27.7,56.6,0.0,1007,17.7,6.4,11
27/11/2023,14:00,344,2.0,31.3,0.8,27.6,55.7,0.0,1006,16.8,6.0,10
27/11/2023,15:00,335,2.4,26.9,1.0,26.1,63.2,0.0,1006,14.7,5.4,8
27/11/2023,16:00,334,2.4,26.8,0.9,25.3,68.6,0.0,1006,14.3,5.5,8
27/11/2023,17:00,336,1.9,29.9,0.8,24.9,71.5,0.0,1007,14.3,5.6,8
27/11/2023,18:00,336,1.6,34.7,0.8,24.7,71.3,0.0,1008,13.5,5.6,9
27/11/2023,19:00,354,0.5,49.5,0.4,23.9,78.2,1.1,1010,12.0,5.5,10
27/11/2023,20:00,335,0.7,41.2,0.4,23.2,82.2,0.9,1010,12.3,6.0,12
27/11/2023,21:00,332,1.4,15.1,0.4,23.2,82.3,0.0,1009,11.9,5.3,10
27/11/2023,22:00,318,0.6,50.1,0.4,23.2,81.9,0.0,1010,11.7,5.2,10
27/11/2023,23:00,179,0.1,74.1,0.3,22.8,82.8,0.0,1010,11.5,5.3,11
28/11/2023,00:00,153,0.1,78.3,0.2,21.8,83.4,0.0,1009,12.4,6.0,14
28/11/2023,01:00,151,0.2,75.1,0.2,21.7,83.6,0.0,1009,14.1,7.0,17
28/11/2023,02:00,179,0.2,73.4,0.2,21.5,84.4,0.0,1008,13.7,6.9,19
28/11/2023,03:00,164,0.3,63.3,0.3,21.5,84.2,0.0,1008,15.0,7.0,19
28/11/2023,04:00,158,0.1,80.4,0.2,21.5,83.3,0.0,1009,14.9,6.5,16
28/11/2023,05:00,162,0.2,70.4,0.2,21.5,83.6,0.0,1009,14.1,6.0,14
28/11/2023,06:00,172,0.3,58.4,0.3,21.6,82.2,0.0,1010,12.7,5.9,15
28/11/2023,07:00,155,0.4,65.3,0.3,22.3,79.3,0.0,1010,14.8,6.5,18
28/11/2023,08:00,159,0.6,53.0,0.3,23.2,75.4,0.0,1010,15.3,7.1,21
28/11/2023,09:00,146,0.5,52.8,0.4,23.6,75.3,0.0,1010,21.4,8.7,32
28/11/2023,10:00,159,0.4,61.4,0.3,25.6,66.2,0.0,1010,19.4,8.5,29
28/11/2023,11:00,97,0.3,58.6,0.4,26.6,59.3,0.0,1008,15.1,6.8,18
28/11/2023,12:00,349,1.4,39.0,0.8,25.3,64.6,1.6,1008,11.9,5.6,12
28/11/2023,13:00,346,1.6,29.7,0.7,21.8,84.0,0.0,1008,8.3,2.8,4
28/11/2023,14:00,15,0.5,51.4,0.4,21.8,83.9,0.0,1007,7.8,3.2,6
28/11/2023,15:00,34,0.5,55.4,0.4,21.3,81.1,1.0,1008,8.5,3.6,6
28/11/2023,16:00,98,0.7,27.9,0.3,20.6,83.3,3.3,1008,7.9,3.5,5
28/11/2023,17:00,35,0.6,43.8,0.4,20.4,86.2,2.9,1007,7.9,3.1,4
28/11/2023,18:00,55,0.6,36.2,0.3,20.5,85.8,0.0,1008,6.9,2.4,3
28/11/2023,19:00,63,0.7,33.3,0.3,20.5,85.5,0.0,1008,5.8,2.6,4
28/11/2023,20:00,130,0.8,33.2,0.4,20.5,86.1,0.0,1008,6.7,2.5,4
28/11/2023,21:00,115,0.7,32.9,0.4,20.4,86.4,0.0,1008,7.3,2.7,4
28/11/2023,22:00,63,0.6,34.7,0.3,20.7,87.2,0.0,1008,6.5,1.9,3
28/11/2023,23:00,43,0.7,39.6,0.4,21.1,87.1,0.0,1007,7.3,2.0,2
29/11/2023,00:00,38,0.7,37.2,0.4,21.3,85.9,0.0,1006,9.0,2.6,2
29/11/2023,01:00,56,0.6,38.5,0.4,21.4,85.9,0.0,1006,7.7,2.5,2
29/11/2023,02:00,150,0.7,34.5,0.3,21.1,87.1,0.0,1005,3.8,1.4,2
29/11/2023,03:00,154,0.5,58.2,0.3,21.0,87.7,0.0,1005,4.8,1.7,2
29/11/2023,04:00,175,0.3,75.8,0.3,21.0,87.7,0.0,1005,7.8,2.5,4
29/11/2023,05:00,240,0.8,64.3,0.4,20.9,87.5,0.0,1006,6.8,2.5,4
29/11/2023,06:00,185,0.5,66.7,0.3,21.1,87.2,0.0,1006,7.4,3.3,6
29/11/2023,07:00,139,0.7,36.5,0.3,21.9,81.6,0.0,1005,6.5,3.2,9
29/11/2023,08:00,146,0.7,42.8,0.4,23.9,73.6,0.0,1004,10.6,4.4,12
29/11/2023,09:00,134,0.6,64.3,0.4,25.8,67.1,0.0,1004,9.9,4.9,15
29/11/2023,10:00,150,0.2,83.0,0.3,27.3,61.6,0.0,1004,11.2,4.9,15
29/11/2023,11:00,95,0.1,65.9,0.3,28.5,55.9,0.0,1004,9.7,3.5,9
29/11/2023,12:00,137,0.5,52.7,0.4,28.7,56.0,0.0,1003,8.8,3.9,9
29/11/2023,13:00,347,1.1,41.6,0.6,28.9,58.4,0.0,1002,9.8,4.5,13
29/11/2023,14:00,329,2.4,20.6,0.9,28.4,59.7,0.0,1001,9.4,4.2,11
29/11/2023,15:00,347,1.8,31.3,0.9,27.7,62.9,0.0,1000,9.8,4.3,11
29/11/2023,16:00,330,2.1,26.2,0.9,26.0,71.0,0.0,1000,14.4,5.9,15
29/11/2023,17:00,328,1.9,24.8,0.7,25.3,77.7,0.0,1001,15.0,5.8,10
29/11/2023,18:00,10,0.7,46.4,0.5,25.2,79.8,0.0,1002,14.1,5.7,10
29/11/2023,19:00,7,0.7,40.5,0.4,24.9,81.9,0.0,1002,15.0,6.2,11
29/11/2023,20:00,331,1.5,25.4,0.6,24.7,82.6,0.0,1002,20.9,8.3,16
29/11/2023,21:00,318,1.6,25.1,0.7,24.4,82.0,0.0,1003,20.6,8.7,17
29/11/2023,22:00,327,0.1,65.6,0.4,24.4,80.3,0.0,1002,16.8,7.4,20
29/11/2023,23:00,266,0.1,76.8,0.2,24.4,79.1,0.0,1002,17.3,8.0,25
30/11/2023,00:00,296,0.1,76.3,0.2,24.0,79.3,0.0,1002,12.8,5.8,15
30/11/2023,01:00,168,0.3,60.8,0.2,23.6,82.2,0.0,1001,13.8,6.6,15
30/11/2023,02:00,173,0.2,48.8,0.2,23.0,84.7,0.0,1001,14.0,6.6,15
30/11/2023,03:00,145,0.3,43.8,0.2,22.7,86.0,0.0,1002,15.5,6.6,15
30/11/2023,04:00,128,0.4,43.2,0.2,22.6,86.5,0.0,1002,16.7,7.6,23
30/11/2023,05:00,147,0.6,50.0,0.3,22.1,85.8,0.0,1003,19.1,10.0,37
30/11/2023,06:00,153,0.3,67.9,0.3,23.1,77.7,0.0,1004,16.2,6.8,20
30/11/2023,07:00,323,0.1,79.0,0.2,27.5,51.2,0.0,1004,18.3,6.6,16
30/11/2023,08:00,110,0.2,88.7,0.3,29.8,35.8,0.0,1004,16.1,4.1,7
30/11/2023,09:00,140,0.2,86.9,0.4,30.8,33.0,0.0,1003,15.9,3.9,6
30/11/2023,10:00,141,0.2,91.0,0.5,31.5,27.1,0.0,1003,10.2,2.7,4
30/11/2023,11:00,277,0.1,100.0,0.5,32.1,27.3,0.0,1002,10.7,3.0,4
30/11/2023,12:00,172,0.1,98.6,0.4,33.4,25.8,0.0,1001,10.8,3.3,5
30/11/2023,13:00,289,0.1,100.1,0.5,34.1,23.1,0.0,1001,9.7,2.8,4
30/11/2023,14:00,142,0.1,90.8,0.5,34.1,22.5,0.0,1000,9.5,2.5,4
30/11/2023,15:00,75,0.1,95.9,0.4,34.0,22.5,0.0,1000,7.2,2.7,4
30/11/2023,16:00,316,0.2,91.4,0.5,33.2,24.4,0.0,1000,8.8,2.9,5
30/11/2023,17:00,336,0.2,86.9,0.4,32.4,24.9,0.0,1000,9.1,2.5,5
30/11/2023,18:00,315,2.0,21.9,0.7,29.3,42.7,0.0,1001,22.7,9.3,22
30/11/2023,19:00,319,2.2,14.7,0.6,28.2,42.6,0.0,1002,21.9,9.8,22
30/11/2023,20:00,322,0.8,32.2,0.4,27.7,43.6,0.0,1002,23.6,10.6,25
30/11/2023,21:00,134,0.2,62.2,0.1,27.2,47.1,0.0,1003,22.4,10.6,25
30/11/2023,22:00,346,0.0,61.2,0.2,26.7,49.6,0.0,1003,21.0,10.2,24
30/11/2023,23:00,311,0.3,36.9,0.2,26.7,47.6,0.0,1003,19.5,8.8,20
01/12/2023,00:00,350,0.1,69.6,0.1,26.6,43.8,0.0,1003,13.7,6.1,11
01/12/2023,01:00,166,0.1,52.5,0.2,26.4,47.6,0.0,1002,18.0,7.9,16
01/12/2023,02:00,298,0.1,67.6,0.2,26.4,41.1,0.0,1002,15.3,7.6,18
01/12/2023,03:00,129,0.1,45.6,0.2,25.7,50.3,0.0,1002,19.0,9.1,21
01/12/2023,04:00,168,0.1,71.7,0.2,25.0,50.6,0.0,1003,17.1,7.4,15
01/12/2023,05:00,148,0.4,52.1,0.2,25.4,47.9,0.0,1004,15.2,5.0,9
01/12/2023,06:00,324,0.2,63.3,0.2,28.7,34.7,0.0,1004,13.6,5.1,10
01/12/2023,07:00,324,0.5,43.6,0.4,30.5,28.5,0.0,1005,14.9,5.9,11
01/12/2023,08:00,140,0.2,76.5,0.3,32.1,24.6,0.0,1005,10.3,3.6,6
01/12/2023,09:00,86,0.3,62.6,0.4,32.6,24.5,0.0,1004,9.7,3.5,5
01/12/2023,10:00,126,0.8,51.4,0.5,33.0,24.4,0.0,1004,9.9,3.4,5
01/12/2023,11:00,121,0.1,87.0,0.4,35.1,22.5,0.0,1003,11.7,4.7,8
01/12/2023,12:00,343,0.8,41.7,0.7,33.8,25.6,0.0,1002,16.1,4.8,9
01/12/2023,13:00,338,2.1,30.3,0.9,31.7,28.9,0.0,1002,19.6,5.1,9
01/12/2023,14:00,338,1.9,31.3,0.9,30.8,36.1,0.0,1001,18.3,7.7,15
01/12/2023,15:00,337,1.7,28.6,0.8,30.4,41.1,0.0,1001,22.2,11.4,26
01/12/2023,16:00,353,1.2,33.4,0.6,29.3,55.1,0.0,1000,30.4,18.2,46
01/12/2023,17:00,355,0.8,57.0,0.8,27.7,61.2,1.7,1001,40.2,26.1,63
01/12/2023,18:00,264,0.2,75.8,0.5,22.2,81.3,4.1,1004,19.9,8.6,18
01/12/2023,19:00,154,0.3,75.7,0.4,21.8,82.7,0.1,1005,15.2,7.1,15
01/12/2023,20:00,259,0.0,88.2,0.2,22.1,81.6,0.0,1005,13.0,6.8,18
01/12/2023,21:00,135,0.1,68.8,0.2,22.3,79.4,0.0,1005,15.0,6.6,16
01/12/2023,22:00,315,0.4,57.7,0.3,22.3,76.9,0.0,1004,13.1,6.0,13
01/12/2023,23:00,333,0.6,52.0,0.4,22.8,74.9,0.0,1004,13.7,6.1,14
02/12/2023,00:00,187,0.1,62.5,0.4,22.4,78.3,3.2,1005,15.8,7.3,17
02/12/2023,01:00,111,0.2,58.7,0.3,21.2,83.7,2.4,1005,11.9,5.7,11
02/12/2023,02:00,343,0.4,40.6,0.3,20.9,84.8,0.0,1003,10.6,5.1,10
02/12/2023,03:00,318,1.1,41.8,0.6,20.8,81.8,0.0,1003,9.4,4.2,7
02/12/2023,04:00,335,0.2,52.8,0.3,20.6,79.9,0.0,1004,9.8,4.0,6
02/12/2023,05:00,151,0.1,81.4,0.2,21.2,79.0,0.0,1005,10.7,4.1,6
02/12/2023,06:00,134,0.7,35.8,0.3,22.3,72.2,0.0,1006,10.8,4.1,8
02/12/2023,07:00,91,0.4,47.2,0.4,24.1,65.3,0.0,1006,10.7,4.2,8
02/12/2023,08:00,130,0.5,74.6,0.4,26.3,57.5,0.0,1006,12.2,5.1,10
02/12/2023,09:00,145,0.3,89.6,0.4,28.8,48.3,0.0,1006,10.3,4.4,8
02/12/2023,10:00,167,0.3,84.9,0.4,30.0,45.3,0.0,1006,10.1,3.8,6
02/12/2023,11:00,153,0.3,93.3,0.5,31.5,43.3,0.0,1005,11.6,4.2,8
02/12/2023,12:00,177,0.2,91.1,0.6,32.3,41.8,0.0,1004,12.4,5.8,12
02/12/2023,13:00,336,1.2,44.6,0.7,31.3,47.2,0.0,1004,17.1,7.1,17
02/12/2023,14:00,356,1.2,37.8,0.7,30.4,51.4,0.0,1004,16.0,7.9,20
02/12/2023,15:00,341,1.6,29.4,0.7,29.9,53.5,0.0,1004,19.2,10.1,28
02/12/2023,16:00,345,1.5,33.1,0.7,29.6,56.0,0.0,1003,19.1,10.4,29
02/12/2023,17:00,335,2.1,20.5,0.8,28.9,59.4,0.0,1004,19.9,11.0,30
02/12/2023,18:00,330,1.9,23.0,0.8,27.8,70.5,0.0,1005,22.7,12.5,37
02/12/2023,19:00,320,1.3,21.6,0.5,27.0,74.7,0.0,1006,26.1,13.2,39
02/12/2023,20:00,318,1.4,16.7,0.5,27.0,74.8,0.0,1006,26.0,14.0,41
02/12/2023,21:00,321,0.9,29.0,0.3,26.7,76.3,0.0,1007,25.4,13.6,41
02/12/2023,22:00,329,0.2,64.6,0.2,26.5,74.7,0.0,1007,21.9,12.5,40
02/12/2023,23:00,26,0.0,92.6,0.2,26.5,60.3,0.0,1007,16.7,9.1,24
03/12/2023,00:00,145,0.3,57.4,0.2,26.5,51.9,0.0,1007,12.0,5.6,11
03/12/2023,01:00,156,0.6,21.9,0.2,25.5,55.3,0.0,1006,11.5,5.5,11
03/12/2023,02:00,172,0.9,36.0,0.5,24.5,59.3,0.0,1006,11.6,5.7,13
03/12/2023,03:00,170,1.0,34.9,0.6,24.1,62.4,0.0,1007,13.5,5.8,13
03/12/2023,04:00,166,1.5,26.0,0.7,23.5,66.9,0.0,1008,16.1,6.2,11
03/12/2023,05:00,153,0.8,37.5,0.4,23.6,67.1,0.0,1008,13.4,6.1,12
03/12/2023,06:00,149,0.6,57.3,0.4,25.3,57.5,0.0,1009,12.6,5.6,11
03/12/2023,07:00,150,0.6,60.1,0.4,27.4,46.8,0.0,1009,10.7,4.4,8
03/12/2023,08:00,148,0.7,60.0,0.4,29.1,41.5,0.0,1009,10.2,4.1,8
03/12/2023,09:00,155,1.0,48.8,0.6,30.3,36.2,0.0,1009,7.6,3.0,5
03/12/2023,10:00,153,0.5,74.2,0.5,31.9,30.8,0.0,1009,5.7,2.4,4
03/12/2023,11:00,159,1.1,50.7,0.7,32.5,25.5,0.0,1008,4.6,1.9,3
03/12/2023,12:00,156,1.0,58.2,0.7,33.3,23.7,0.0,1007,5.9,2.4,4
03/12/2023,13:00,333,0.8,52.4,0.6,33.1,30.8,0.0,1007,11.1,3.9,7
03/12/2023,14:00,13,1.2,40.7,0.7,31.8,38.6,0.0,1006,15.0,5.2,9
03/12/2023,15:00,343,2.0,29.8,1.0,30.3,44.7,0.0,1006,12.3,5.1,9
03/12/2023,16:00,350,1.6,37.9,0.9,29.0,52.7,0.0,1007,15.0,5.9,11
03/12/2023,17:00,343,1.8,30.5,0.8,27.8,54.8,0.0,1008,14.0,5.5,10
03/12/2023,18:00,334,1.9,26.4,0.8,26.9,61.4,0.0,1008,14.2,5.8,10
03/12/2023,19:00,333,1.9,23.8,0.7,26.0,71.5,0.0,1009,16.7,7.3,14
03/12/2023,20:00,324,1.4,27.3,0.7,25.9,69.1,0.0,1009,15.7,7.0,15
03/12/2023,21:00,319,1.2,33.2,0.6,25.7,67.3,0.0,1010,15.3,7.3,15
03/12/2023,22:00,342,0.5,57.1,0.4,25.6,67.7,0.0,1010,15.5,7.7,17
03/12/2023,23:00,24,0.2,46.1,0.3,25.4,66.3,0.0,1010,15.1,7.5,17
04/12/2023,00:00,81,0.6,33.6,0.2,24.8,72.4,0.0,1009,15.6,8.0,19
04/12/2023,01:00,131,0.6,35.4,0.3,24.5,77.2,0.0,1009,16.5,8.5,17
04/12/2023,02:00,159,0.2,63.3,0.2,24.0,79.2,0.0,1009,17.6,8.4,19
04/12/2023,03:00,168,0.2,68.1,0.2,23.6,80.4,0.0,1010,16.5,8.2,20
04/12/2023,04:00,162,0.3,70.3,0.3,23.4,81.0,0.0,1010,17.5,8.5,22
04/12/2023,05:00,148,0.6,40.7,0.3,23.8,80.2,0.0,1010,18.8,8.7,24
04/12/2023,06:00,134,0.4,58.9,0.4,25.1,75.2,0.0,1011,17.7,8.4,23
04/12/2023,07:00,148,0.7,52.4,0.4,26.1,68.5,0.0,1011,18.7,8.0,21
04/12/2023,08:00,170,0.5,65.9,0.5,27.0,63.6,0.0,1012,18.5,7.6,19
04/12/2023,09:00,154,1.0,36.7,0.5,27.4,60.3,0.0,1012,16.5,7.7,20
04/12/2023,10:00,87,0.2,46.0,0.4,29.2,53.4,0.0,1011,19.5,10.0,30
04/12/2023,11:00,351,0.9,46.6,0.6,30.2,51.0,0.0,1010,18.1,9.0,25
04/12/2023,12:00,25,1.2,39.6,0.7,30.4,51.5,0.0,1010,15.6,6.9,17
04/12/2023,13:00,31,1.6,42.7,0.9,30.2,48.9,0.0,1009,15.1,6.1,13
04/12/2023,14:00,29,1.7,38.7,0.9,29.3,50.6,0.0,1009,14.8,5.3,10
04/12/2023,15:00,25,1.4,42.3,0.8,28.2,57.4,0.0,1009,15.4,5.8,11
04/12/2023,16:00,34,1.4,39.1,0.9,27.1,63.7,0.0,1010,14.3,5.6,11
04/12/2023,17:00,0,1.3,40.6,0.8,26.4,67.7,0.0,1010,14.0,5.6,11
04/12/2023,18:00,62,1.3,36.6,0.7,26.1,64.7,0.0,1011,12.3,5.0,9
04/12/2023,19:00,58,0.9,42.7,0.5,25.7,66.2,0.0,1012,11.5,4.7,9
04/12/2023,20:00,51,0.9,39.8,0.6,25.6,67.3,0.0,1013,10.7,4.5,8
04/12/2023,21:00,38,0.8,47.8,0.5,25.7,67.0,0.0,1013,10.8,4.3,7
04/12/2023,22:00,67,0.9,35.9,0.4,25.3,68.4,0.0,1014,10.2,4.4,7
04/12/2023,23:00,67,0.8,35.3,0.3,24.9,71.8,0.0,1013,10.6,4.4,8
05/12/2023,00:00,98,0.7,34.8,0.3,24.6,72.6,0.0,1013,10.3,4.6,8
05/12/2023,01:00,138,1.1,28.7,0.5,23.8,76.7,0.0,1013,13.3,5.5,8
05/12/2023,02:00,120,0.7,40.5,0.4,23.7,75.0,0.0,1013,12.3,5.0,9
05/12/2023,03:00,139,1.0,29.2,0.5,23.1,75.8,0.0,1013,11.5,4.7,8
05/12/2023,04:00,134,0.8,38.8,0.4,22.8,76.5,0.0,1013,11.3,4.5,8
05/12/2023,05:00,135,0.7,35.2,0.4,23.3,70.2,0.0,1014,10.2,4.3,8
05/12/2023,06:00,132,0.9,35.0,0.4,24.6,67.0,0.0,1014,10.2,4.1,8
05/12/2023,07:00,85,0.5,55.9,0.5,26.1,61.9,0.0,1015,13.1,4.7,8
05/12/2023,08:00,47,0.8,45.4,0.5,27.1,57.1,0.0,1015,12.9,4.8,8
05/12/2023,09:00,35,0.7,45.1,0.5,27.9,53.8,0.0,1015,12.5,5.0,9
05/12/2023,10:00,29,0.6,60.9,0.6,28.8,49.6,0.0,1014,15.9,5.9,12
05/12/2023,11:00,355,0.9,37.7,0.6,29.3,48.8,0.0,1013,19.3,6.2,12
05/12/2023,12:00,35,0.9,43.6,0.6,29.7,49.9,0.0,1012,18.9,5.8,12
05/12/2023,13:00,360,1.6,36.7,0.9,29.1,52.8,0.0,1012,24.8,6.0,11
05/12/2023,14:00,25,1.4,36.6,0.8,28.5,55.5,0.0,1012,19.6,5.6,10
05/12/2023,15:00,2,1.5,36.4,0.9,27.9,57.5,0.0,1011,16.0,5.3,9
05/12/2023,16:00,352,1.6,37.4,0.8,27.1,59.8,0.0,1012,15.7,4.7,8
05/12/2023,17:00,352,1.3,36.7,0.8,26.3,61.0,0.0,1012,12.6,4.4,7
05/12/2023,18:00,16,1.3,38.0,0.8,25.8,63.5,0.0,1013,12.6,4.5,7
05/12/2023,19:00,8,0.9,42.0,0.6,25.5,65.1,0.0,1013,12.1,4.4,7
05/12/2023,20:00,339,1.7,23.8,0.7,24.9,67.8,0.0,1014,12.8,4.4,7
05/12/2023,21:00,334,1.3,28.7,0.6,24.7,68.1,0.0,1014,11.3,4.4,7
05/12/2023,22:00,339,1.1,31.9,0.6,24.7,68.2,0.0,1014,11.3,4.2,6
05/12/2023,23:00,359,0.6,50.6,0.4,24.9,67.1,0.0,1014,10.6,4.1,6
06/12/2023,00:00,3,0.5,56.5,0.4,24.9,67.9,0.0,1014,10.4,4.0,6
06/12/2023,01:00,339,0.7,36.8,0.4,24.7,69.1,0.0,1013,10.8,4.3,6
06/12/2023,02:00,327,0.7,43.0,0.4,24.4,68.3,0.0,1013,11.5,4.4,6
06/12/2023,03:00,319,0.4,41.6,0.2,24.0,69.0,0.0,1013,11.4,4.4,6
06/12/2023,04:00,311,0.2,64.0,0.2,23.6,70.4,0.0,1013,11.7,4.4,7
06/12/2023,05:00,147,0.1,59.1,0.2,24.3,70.5,0.0,1014,13.3,5.4,11
06/12/2023,06:00,153,0.5,55.3,0.3,25.7,63.9,0.0,1014,17.7,6.5,17
06/12/2023,07:00,139,0.2,78.7,0.3,27.5,54.4,0.0,1014,15.1,5.8,12
06/12/2023,08:00,359,0.2,73.0,0.3,28.6,50.2,0.0,1014,15.5,6.3,13
06/12/2023,09:00,42,0.4,48.1,0.5,29.1,48.5,0.0,1013,14.8,6.1,13
06/12/2023,10:00,118,0.3,50.2,0.4,30.6,43.2,0.0,1013,17.1,6.8,15
06/12/2023,11:00,351,0.9,40.6,0.6,31.2,43.4,0.0,1012,18.3,6.9,16
06/12/2023,12:00,348,1.5,35.5,0.8,31.1,46.8,0.0,1012,21.0,7.8,18
06/12/2023,13:00,347,1.9,32.2,0.9,30.5,48.9,0.0,1011,19.0,7.4,17
06/12/2023,14:00,339,2.1,30.3,0.9,29.7,51.6,0.0,1011,18.6,6.4,14
06/12/2023,15:00,338,1.9,29.3,0.8,29.3,53.0,0.0,1010,16.6,5.9,12
06/12/2023,16:00,343,1.9,31.3,0.9,28.3,56.4,0.0,1010,14.9,4.9,9
06/12/2023,17:00,331,2.3,25.3,0.9,27.1,57.7,0.0,1011,11.9,4.4,7
06/12/2023,18:00,331,2.3,25.3,0.9,26.1,63.4,0.0,1011,11.9,4.5,8
06/12/2023,19:00,324,2.3,19.1,0.7,25.5,66.2,0.0,1012,12.3,5.0,9
06/12/2023,20:00,331,2.0,24.5,0.8,25.2,66.3,0.0,1012,10.1,4.4,8
06/12/2023,21:00,337,1.2,29.9,0.6,25.0,67.7,0.0,1013,10.6,4.3,7
06/12/2023,22:00,325,1.0,26.0,0.4,24.6,69.2,0.0,1013,11.2,4.2,7
06/12/2023,23:00,327,1.0,30.2,0.5,24.3,70.3,0.0,1013,11.1,4.3,7
07/12/2023,00:00,323,0.4,51.2,0.2,23.9,71.4,0.0,1013,12.5,4.5,8
07/12/2023,01:00,322,0.4,43.1,0.2,23.5,72.5,0.0,1013,11.1,4.4,7
07/12/2023,02:00,306,0.2,67.9,0.2,23.4,72.2,0.0,1012,10.8,4.2,7
07/12/2023,03:00,313,0.3,51.7,0.2,23.2,72.4,0.0,1012,11.4,4.3,7
07/12/2023,04:00,136,0.3,62.2,0.2,22.9,74.8,0.0,1013,10.8,4.6,9
07/12/2023,05:00,130,0.6,37.2,0.3,23.3,74.4,0.0,1014,13.3,5.3,12
07/12/2023,06:00,133,0.5,40.0,0.3,24.6,67.8,0.0,1014,15.5,5.9,13
07/12/2023,07:00,351,0.8,41.8,0.5,26.2,60.4,0.0,1014,14.1,5.5,13
07/12/2023,08:00,12,0.5,49.9,0.4,27.1,55.0,0.0,1015,12.2,5.2,11
07/12/2023,09:00,19,0.7,51.1,0.6,28.6,48.5,0.0,1014,19.8,5.9,12
07/12/2023,10:00,24,0.9,42.2,0.6,29.1,48.2,0.0,1014,18.4,4.7,9
07/12/2023,11:00,340,1.2,39.2,0.7,29.5,45.7,0.0,1014,15.6,4.4,8
07/12/2023,12:00,340,1.6,36.6,0.8,29.7,47.2,0.0,1013,15.4,4.6,8
07/12/2023,13:00,336,1.7,33.8,0.9,29.5,48.5,0.0,1012,15.6,4.4,7
07/12/2023,14:00,339,1.8,32.4,0.8,29.4,49.0,0.0,1012,16.3,4.6,8
07/12/2023,15:00,353,1.4,40.0,0.8,29.2,49.3,0.0,1012,17.8,4.3,7
07/12/2023,16:00,328,2.3,20.8,0.8,27.9,55.0,0.0,1012,12.4,3.7,5
07/12/2023,17:00,332,2.2,23.4,0.8,26.9,58.0,0.0,1012,7.9,3.1,4
07/12/2023,18:00,336,1.7,24.5,0.7,26.2,58.8,0.0,1013,8.8,3.2,4
07/12/2023,19:00,331,2.0,25.4,0.8,25.5,64.8,0.0,1014,10.6,3.6,6
07/12/2023,20:00,338,1.5,31.2,0.7,25.2,68.2,0.0,1014,8.2,3.2,5
07/12/2023,21:00,351,1.0,37.7,0.6,25.2,68.9,0.0,1015,8.7,2.9,4
07/12/2023,22:00,352,0.9,39.3,0.5,25.0,67.9,0.0,1015,8.2,3.1,4
07/12/2023,23:00,339,0.8,41.7,0.4,24.7,68.7,0.0,1015,8.0,3.0,4
08/12/2023,00:00,310,0.1,62.7,0.2,24.1,71.3,0.0,1014,9.1,3.2,4
08/12/2023,01:00,176,0.2,62.2,0.2,23.9,73.0,0.0,1014,9.5,3.6,5
08/12/2023,02:00,289,0.1,81.2,0.2,23.5,74.4,0.0,1014,10.2,3.6,6
08/12/2023,03:00,169,0.3,61.7,0.3,23.0,77.1,0.0,1014,10.9,4.5,11
08/12/2023,04:00,171,0.2,59.8,0.3,22.5,79.3,0.0,1014,11.2,5.0,11
08/12/2023,05:00,177,0.1,74.2,0.3,22.7,78.2,0.0,1015,13.9,6.2,19
08/12/2023,06:00,135,0.5,55.7,0.3,24.7,68.5,0.0,1016,14.6,6.3,18
08/12/2023,07:00,71,0.8,39.9,0.4,26.0,61.0,0.0,1016,9.3,3.4,6
08/12/2023,08:00,5,0.6,44.9,0.6,26.8,56.0,0.0,1016,10.0,3.4,5
08/12/2023,09:00,331,1.1,41.2,0.7,27.6,52.2,0.0,1016,13.1,3.7,6
08/12/2023,10:00,336,1.3,36.0,0.7,28.3,50.2,0.0,1016,12.8,4.0,7
08/12/2023,11:00,349,1.3,40.8,0.8,28.9,50.5,0.0,1015,17.2,4.8,10
08/12/2023,12:00,343,1.4,39.1,0.8,29.2,48.8,0.0,1014,18.1,4.6,8
08/12/2023,13:00,345,1.5,37.6,0.8,29.3,49.0,0.0,1013,13.7,4.1,7
08/12/2023,14:00,342,1.7,38.6,0.9,29.2,49.9,0.0,1013,15.8,3.7,6
08/12/2023,15:00,335,1.8,31.2,0.9,28.6,51.9,0.0,1012,11.5,3.4,5
08/12/2023,16:00,342,1.8,36.2,1.0,27.7,55.6,0.0,1013,15.5,3.7,6
08/12/2023,17:00,336,1.9,32.0,0.9,26.6,60.8,0.0,1013,12.9,3.7,6
08/12/2023,18:00,11,1.1,40.8,0.7,26.2,64.1,0.0,1014,10.8,3.4,5
08/12/2023,19:00,351,1.3,35.8,0.7,25.7,64.4,0.0,1014,9.8,3.3,5
08/12/2023,20:00,345,1.5,30.0,0.7,25.4,64.8,0.0,1015,8.6,3.3,6
08/12/2023,21:00,338,1.5,32.3,0.8,25.3,67.4,0.0,1015,9.1,3.4,6
08/12/2023,22:00,340,1.6,26.7,0.7,25.2,67.1,0.0,1015,11.5,3.9,6
08/12/2023,23:00,339,1.3,28.7,0.6,25.1,66.9,0.0,1014,11.0,3.9,6
09/12/2023,00:00,345,0.9,39.8,0.5,24.9,67.6,0.0,1014,10.4,3.8,6
09/12/2023,01:00,344,0.7,43.5,0.4,24.7,69.2,0.0,1013,11.6,3.9,5
09/12/2023,02:00,24,0.4,59.4,0.3,24.6,68.9,0.0,1012,13.8,4.3,6
09/12/2023,03:00,7,0.3,73.9,0.3,24.3,68.7,0.0,1012,12.9,4.3,6
09/12/2023,04:00,85,0.7,26.0,0.2,24.1,69.9,0.0,1012,13.3,4.1,6
09/12/2023,05:00,50,0.5,42.7,0.3,24.9,67.0,0.0,1013,10.9,4.0,6
09/12/2023,06:00,54,0.6,41.3,0.3,25.1,65.6,0.0,1014,13.8,4.2,6
09/12/2023,07:00,346,1.1,36.2,0.6,25.7,60.9,0.0,1014,18.4,4.7,7
09/12/2023,08:00,350,1.2,40.1,0.8,26.6,55.4,0.0,1014,14.0,4.6,7
09/12/2023,09:00,340,1.6,34.6,0.8,27.0,53.5,0.0,1014,15.2,4.9,6
09/12/2023,10:00,355,1.4,35.9,0.8,27.0,54.9,0.0,1014,16.3,5.3,7
09/12/2023,11:00,352,1.3,41.0,0.8,27.6,51.3,0.0,1013,17.1,5.6,8
09/12/2023,12:00,347,1.2,43.1,0.9,28.2,48.0,0.0,1013,17.2,5.8,8
09/12/2023,13:00,0,1.3,44.9,0.8,28.0,47.3,0.0,1012,20.1,5.9,9
09/12/2023,14:00,352,1.5,35.8,0.8,28.0,47.5,0.0,1012,17.6,5.7,8
09/12/2023,15:00,3,1.3,37.8,0.8,27.9,48.4,0.0,1011,16.0,5.3,7
09/12/2023,16:00,6,1.3,43.5,0.7,27.2,50.5,0.0,1011,16.6,5.2,6
09/12/2023,17:00,339,1.8,30.3,0.9,26.2,54.2,0.0,1012,16.2,5.5,6
09/12/2023,18:00,344,1.9,29.5,0.9,25.4,58.1,0.0,1012,17.8,5.9,6
09/12/2023,19:00,353,1.5,33.8,0.8,25.0,60.7,0.0,1013,19.7,6.3,7
09/12/2023,20:00,0,0.7,49.3,0.5,24.9,62.5,0.0,1014,18.0,6.2,8
09/12/2023,21:00,355,0.7,44.9,0.5,24.7,63.1,0.0,1014,17.7,6.3,8
09/12/2023,22:00,354,0.7,41.0,0.5,24.6,64.0,0.0,1014,18.1,6.8,9
09/12/2023,23:00,351,0.6,49.8,0.4,24.4,64.5,0.0,1014,19.6,6.9,9
10/12/2023,00:00,356,0.6,49.4,0.4,24.3,65.5,0.0,1013,20.8,7.1,9
10/12/2023,01:00,352,0.7,38.7,0.4,24.2,66.7,0.0,1012,22.7,7.5,8
10/12/2023,02:00,345,0.9,38.6,0.4,24.0,66.8,0.0,1012,21.7,7.7,9
10/12/2023,03:00,98,0.5,35.4,0.3,23.9,67.1,0.0,1012,20.3,7.5,10
10/12/2023,04:00,152,0.5,39.1,0.3,22.7,73.0,0.0,1012,18.2,7.4,13
10/12/2023,05:00,160,0.2,72.9,0.3,22.6,73.8,0.0,1012,19.8,7.6,16
10/12/2023,06:00,118,0.3,56.2,0.3,24.1,67.4,0.0,1013,21.7,8.2,16
10/12/2023,07:00,5,1.2,36.2,0.8,25.9,56.7,0.0,1013,20.3,7.7,12
10/12/2023,08:00,15,1.3,42.2,0.8,27.1,52.5,0.0,1014,21.6,7.7,11
10/12/2023,09:00,349,1.3,39.4,0.8,27.9,51.2,0.0,1014,22.1,8.0,11
10/12/2023,10:00,20,1.2,47.5,0.9,28.3,50.5,0.0,1014,24.0,8.3,11
10/12/2023,11:00,359,1.7,42.5,1.0,28.2,51.1,0.0,1013,24.2,8.0,10
10/12/2023,12:00,11,1.5,46.7,1.1,28.3,49.6,0.0,1013,22.1,7.5,9
10/12/2023,13:00,14,1.5,38.6,1.0,28.5,46.5,0.0,1012,19.8,6.9,8
10/12/2023,14:00,27,1.7,40.1,1.0,27.9,49.1,0.0,1012,20.0,6.9,8
10/12/2023,15:00,18,1.5,40.1,0.9,27.6,51.1,0.0,1011,19.3,6.7,7
10/12/2023,16:00,45,1.5,40.3,0.8,27.0,51.5,0.0,1011,17.5,6.3,7
10/12/2023,17:00,40,1.4,41.1,0.8,26.5,50.3,0.0,1012,16.0,5.9,6
10/12/2023,18:00,37,1.3,38.2,0.8,25.8,53.7,0.0,1013,17.1,6.6,7
10/12/2023,19:00,48,1.0,37.6,0.6,25.3,55.8,0.0,1013,17.8,6.7,8
10/12/2023,20:00,67,0.9,35.8,0.4,25.0,60.7,0.0,1013,22.1,7.3,9
10/12/2023,21:00,89,0.8,28.0,0.4,24.6,62.6,0.0,1014,23.1,7.5,9
10/12/2023,22:00,80,1.0,27.5,0.4,24.4,64.7,0.0,1013,23.8,7.8,10
10/12/2023,23:00,65,0.9,36.2,0.5,24.4,65.5,0.0,1013,25.4,8.8,11
11/12/2023,00:00,55,1.1,38.1,0.6,24.2,66.2,0.0,1012,27.0,9.4,11
11/12/2023,01:00,52,1.1,38.0,0.6,24.1,64.8,0.0,1012,28.0,9.4,8
11/12/2023,02:00,71,1.0,32.2,0.4,23.8,65.0,0.0,1012,27.8,9.0,9
11/12/2023,03:00,72,1.0,30.5,0.4,23.7,64.7,0.0,1012,27.1,9.1,10
11/12/2023,04:00,65,0.8,28.4,0.3,23.1,65.2,0.0,1012,24.2,8.7,10
11/12/2023,05:00,73,0.8,32.6,0.4,24.0,57.5,0.0,1013,21.8,8.0,9
11/12/2023,06:00,62,0.9,34.4,0.4,24.6,53.4,0.0,1013,22.9,7.5,8
11/12/2023,07:00,43,1.2,37.1,0.7,25.3,53.6,0.0,1013,26.6,7.8,8
11/12/2023,08:00,19,1.3,44.9,0.9,26.6,46.9,0.0,1014,21.2,7.1,7
11/12/2023,09:00,47,1.2,47.3,0.8,27.3,41.0,0.0,1014,19.4,6.5,6
11/12/2023,10:00,33,1.3,41.3,1.0,27.4,43.2,0.0,1014,21.9,6.6,6
11/12/2023,11:00,19,1.4,42.2,0.9,27.7,44.2,0.0,1013,22.4,6.9,7
11/12/2023,12:00,24,1.4,38.5,0.8,28.1,38.1,0.0,1013,21.6,6.8,7
11/12/2023,13:00,6,1.5,39.8,0.9,28.2,39.0,0.0,1012,19.0,6.7,6
11/12/2023,14:00,9,1.6,38.3,1.0,28.1,44.1,0.0,1012,25.0,7.5,8
11/12/2023,15:00,11,1.3,38.2,0.8,27.6,44.9,0.0,1011,22.7,7.5,8
11/12/2023,16:00,14,1.3,45.3,0.8,27.1,47.3,0.0,1011,23.2,7.6,7
11/12/2023,17:00,13,1.3,42.5,0.8,26.2,52.2,0.0,1012,24.1,7.5,7
11/12/2023,18:00,18,1.0,44.2,0.6,25.6,54.8,0.0,1012,22.6,7.5,7
11/12/2023,19:00,53,1.0,35.9,0.6,24.9,58.7,0.0,1013,23.9,7.9,8
11/12/2023,20:00,67,0.9,32.7,0.4,24.7,60.9,0.0,1013,24.3,8.2,9
11/12/2023,21:00,72,1.1,38.4,0.6,24.6,61.3,0.0,1014,27.3,8.2,8
11/12/2023,22:00,62,0.9,31.9,0.4,24.3,59.0,0.0,1014,21.1,7.6,8
11/12/2023,23:00,73,0.6,37.8,0.3,24.3,57.3,0.0,1013,20.6,7.0,7
12/12/2023,00:00,77,0.7,32.6,0.3,24.3,58.0,0.0,1013,20.8,7.1,7
12/12/2023,01:00,65,0.7,31.4,0.3,24.3,57.5,0.0,1012,19.5,7.0,6
12/12/2023,02:00,73,0.8,30.0,0.3,24.4,56.8,0.0,1012,21.1,7.0,6
12/12/2023,03:00,64,0.7,30.2,0.3,24.0,55.5,0.0,1012,18.9,6.6,6
12/12/2023,04:00,71,0.7,30.6,0.3,23.9,57.4,0.0,1012,19.4,6.7,6
12/12/2023,05:00,88,0.6,28.1,0.3,23.8,60.9,0.0,1013,21.0,7.1,7
12/12/2023,06:00,60,0.7,36.3,0.4,25.1,53.3,0.0,1014,21.9,6.9,7
12/12/2023,07:00,105,0.8,43.6,0.5,25.4,52.1,0.0,1014,22.0,6.6,7
12/12/2023,08:00,119,0.9,42.4,0.7,25.7,54.8,0.0,1014,23.3,7.3,8
12/12/2023,09:00,341,1.3,43.7,0.7,27.3,43.5,0.0,1014,17.6,6.2,6
12/12/2023,10:00,358,1.2,41.9,0.7,28.4,39.3,0.0,1014,17.2,5.9,6
12/12/2023,11:00,7,1.3,39.0,0.8,28.2,42.4,0.0,1013,20.1,6.4,6
12/12/2023,12:00,13,1.3,42.8,0.7,28.8,41.4,0.0,1013,19.1,6.5,7
12/12/2023,13:00,8,1.3,41.2,0.9,28.5,44.1,0.0,1012,19.8,6.7,7
12/12/2023,14:00,359,1.6,35.8,0.9,28.4,45.0,0.0,1012,22.9,6.8,7
12/12/2023,15:00,355,1.4,46.2,0.9,28.0,46.6,0.0,1011,22.6,6.8,7
12/12/2023,16:00,354,1.6,38.2,0.9,27.2,48.3,0.0,1011,19.0,6.5,7
12/12/2023,17:00,359,1.4,41.4,0.8,26.4,51.6,0.0,1012,17.8,6.2,6
12/12/2023,18:00,6,1.0,41.4,0.7,25.6,56.0,0.0,1012,18.7,6.2,7
12/12/2023,19:00,15,0.9,44.3,0.6,25.2,57.6,0.0,1013,16.4,6.3,7
12/12/2023,20:00,61,0.8,36.1,0.5,25.1,58.7,0.0,1013,18.6,6.3,7
12/12/2023,21:00,58,0.9,33.8,0.4,24.6,61.1,0.0,1014,18.2,6.5,7
12/12/2023,22:00,69,0.7,35.5,0.3,24.3,62.1,0.0,1014,17.9,6.6,8
12/12/2023,23:00,69,0.7,32.7,0.3,24.1,61.9,0.0,1013,19.3,6.6,8
13/12/2023,00:00,53,0.7,33.5,0.3,23.9,62.5,0.0,1013,16.0,6.3,8
13/12/2023,01:00,52,0.7,29.4,0.3,23.7,63.8,0.0,1012,17.5,6.4,7
13/12/2023,02:00,62,0.7,33.6,0.3,24.1,63.0,0.0,1012,16.1,6.2,7
13/12/2023,03:00,82,0.4,34.4,0.3,23.8,63.3,0.0,1012,18.0,6.4,7
13/12/2023,04:00,71,0.6,24.6,0.2,23.4,64.9,0.0,1012,16.8,6.3,7
13/12/2023,05:00,102,0.5,49.4,0.3,23.5,65.6,0.0,1013,18.3,6.6,9
13/12/2023,06:00,75,0.2,51.4,0.4,24.2,64.5,0.0,1013,21.1,7.4,12
13/12/2023,07:00,355,1.0,39.8,0.6,25.5,58.3,0.0,1014,19.3,6.2,8
13/12/2023,08:00,331,1.5,29.2,0.7,26.0,55.0,0.0,1014,19.8,6.2,8
13/12/2023,09:00,333,1.4,35.4,0.8,27.0,50.4,0.0,1014,22.4,6.8,9
13/12/2023,10:00,357,0.9,48.7,0.6,28.4,43.4,0.0,1013,19.4,6.1,8
13/12/2023,11:00,344,1.3,41.9,0.8,28.6,41.3,0.0,1013,21.8,6.1,7
13/12/2023,12:00,332,1.8,34.7,0.9,28.6,42.6,0.0,1012,20.1,6.4,8
13/12/2023,13:00,339,1.6,45.0,0.9,28.7,42.0,0.0,1011,14.2,5.6,7
13/12/2023,14:00,348,1.7,34.1,1.0,28.4,43.9,0.0,1011,15.3,5.7,6
13/12/2023,15:00,336,2.5,25.6,1.0,27.6,45.9,0.0,1010,15.6,5.4,6
13/12/2023,16:00,339,2.0,28.7,1.0,27.4,46.1,0.0,1010,13.4,5.1,5
13/12/2023,17:00,338,2.1,30.2,0.9,26.7,50.4,0.0,1010,14.5,5.3,6
13/12/2023,18:00,329,2.3,21.2,0.8,25.5,57.8,0.0,1011,16.7,6.2,8
13/12/2023,19:00,330,2.1,25.2,0.8,25.0,63.0,0.0,1011,16.7,6.3,9
13/12/2023,20:00,331,1.8,25.5,0.8,25.0,63.0,0.0,1011,16.3,6.5,9
13/12/2023,21:00,320,1.3,34.0,0.7,24.9,63.4,0.0,1012,18.0,6.7,9
13/12/2023,22:00,321,1.4,30.7,0.7,24.3,65.2,0.0,1012,18.2,6.5,8
13/12/2023,23:00,331,0.8,64.9,0.6,23.9,67.1,0.0,1011,19.7,7.0,9
14/12/2023,00:00,333,0.8,51.7,0.5,23.8,69.1,0.0,1011,20.0,7.3,10
14/12/2023,01:00,331,0.5,59.9,0.4,23.6,69.9,0.0,1010,19.3,7.0,8
14/12/2023,02:00,319,0.9,43.4,0.5,23.3,70.2,0.0,1010,19.4,7.1,8
14/12/2023,03:00,320,0.8,30.2,0.4,22.9,71.3,0.0,1010,18.3,7.1,10
14/12/2023,04:00,323,0.7,27.2,0.4,22.8,71.7,0.0,1009,18.8,7.1,10
14/12/2023,05:00,319,1.2,17.8,0.3,23.0,69.8,0.0,1010,20.0,7.2,10
14/12/2023,06:00,321,0.5,43.4,0.3,23.7,66.9,0.0,1010,20.2,7.2,11
14/12/2023,07:00,26,0.1,63.2,0.3,25.8,57.9,0.0,1010,19.8,8.4,18
14/12/2023,08:00,314,0.6,69.7,0.5,27.8,49.0,0.0,1010,26.1,12.2,22
14/12/2023,09:00,311,0.6,76.6,0.6,29.5,42.4,0.0,1010,22.0,9.1,16
14/12/2023,10:00,330,0.3,72.8,0.4,30.3,39.5,0.0,1009,22.1,8.9,15
14/12/2023,11:00,345,1.0,47.7,0.7,30.7,44.0,0.0,1009,24.3,9.3,17
14/12/2023,12:00,335,1.8,31.3,0.9,30.8,47.8,0.0,1008,28.4,9.5,15
14/12/2023,13:00,349,1.6,34.5,0.9,30.3,51.1,0.0,1007,30.1,9.8,16
14/12/2023,14:00,344,2.0,32.8,1.0,29.8,53.1,0.0,1006,32.6,9.8,15
14/12/2023,15:00,332,2.8,21.7,0.9,28.9,57.3,0.0,1005,28.6,9.8,15
14/12/2023,16:00,346,1.8,33.3,0.9,28.6,62.6,0.0,1004,29.5,9.8,16
14/12/2023,17:00,337,2.2,27.1,1.0,28.0,63.7,0.0,1005,26.1,10.1,17
14/12/2023,18:00,333,1.9,23.8,0.8,27.4,65.8,0.0,1005,29.8,11.2,19
14/12/2023,19:00,334,1.9,26.2,0.8,26.9,68.4,0.0,1005,30.8,12.4,22
14/12/2023,20:00,330,1.8,20.9,0.7,26.6,70.2,0.0,1005,30.8,12.2,22
14/12/2023,21:00,331,1.1,37.3,0.5,26.6,69.4,0.0,1006,29.0,11.7,21
14/12/2023,22:00,313,1.6,22.8,0.6,26.3,69.0,0.0,1006,29.4,11.2,19
14/12/2023,23:00,327,1.2,20.1,0.4,26.0,69.3,0.0,1005,29.6,11.4,20
15/12/2023,00:00,318,1.1,33.0,0.5,25.8,67.6,0.0,1005,28.7,12.1,22
15/12/2023,01:00,89,0.2,55.3,0.2,25.6,69.1,0.0,1005,28.7,12.0,21
15/12/2023,02:00,107,0.6,31.0,0.3,25.5,68.7,0.0,1005,29.8,12.6,24
15/12/2023,03:00,5,0.7,27.7,0.4,25.4,68.9,0.0,1005,26.4,12.7,25
15/12/2023,04:00,345,0.7,19.3,0.3,25.5,70.0,0.0,1005,28.0,12.7,27
15/12/2023,05:00,326,0.9,20.6,0.4,25.5,68.4,0.0,1006,31.2,14.2,29
15/12/2023,06:00,307,0.3,54.8,0.2,25.8,67.6,0.0,1006,31.5,14.3,31
15/12/2023,07:00,314,0.2,77.1,0.2,26.9,64.2,0.0,1006,31.4,16.3,40
15/12/2023,08:00,308,0.3,59.6,0.3,28.0,60.8,0.0,1006,41.6,21.9,57
15/12/2023,09:00,347,0.3,61.8,0.3,28.9,56.7,0.0,1006,50.4,33.5,88
15/12/2023,10:00,330,0.5,49.9,0.5,31.0,49.2,0.0,1006,61.2,40.7,101
15/12/2023,11:00,343,0.9,43.1,0.5,32.2,44.9,0.0,1005,63.0,42.6,107
15/12/2023,12:00,329,1.4,21.0,0.5,32.5,44.2,0.0,1004,61.8,42.1,105
15/12/2023,13:00,352,1.8,28.5,0.8,32.0,50.4,0.0,1004,72.3,47.7,116
15/12/2023,14:00,342,2.2,27.3,1.0,31.6,50.1,0.0,1002,61.4,40.3,98
15/12/2023,15:00,343,2.4,25.7,0.9,30.9,51.1,0.0,1002,57.1,38.4,91
15/12/2023,16:00,34,0.4,38.3,1.4,28.0,62.7,1.9,1002,52.9,31.1,78
15/12/2023,17:00,49,1.1,47.3,0.7,24.6,76.8,0.0,1003,31.4,23.2,76
15/12/2023,18:00,138,1.3,39.0,0.7,24.6,81.9,5.3,1005,44.5,33.1,117
15/12/2023,19:00,98,0.9,42.2,0.5,24.2,84.4,2.0,1006,37.0,28.2,97
15/12/2023,20:00,18,0.6,31.1,0.4,24.0,84.0,0.0,1007,32.1,22.6,81
15/12/2023,21:00,332,1.4,25.7,0.6,24.1,83.7,0.7,1007,39.7,28.9,101
15/12/2023,22:00,322,1.6,26.5,0.6,24.1,81.5,3.9,1007,30.5,21.8,72
15/12/2023,23:00,325,1.6,27.3,0.6,23.4,80.6,1.5,1006,21.9,14.4,47
16/12/2023,00:00,306,0.9,57.3,0.5,24.0,83.0,0.7,1005,32.2,23.8,81
16/12/2023,01:00,308,0.1,85.8,0.3,23.7,82.3,0.0,1005,34.3,26.2,85
16/12/2023,02:00,143,0.3,75.4,0.3,23.8,77.9,0.0,1004,33.3,26.2,87
16/12/2023,03:00,173,0.4,52.5,0.4,23.8,77.7,0.0,1004,30.8,23.0,76
16/12/2023,04:00,164,0.7,44.7,0.5,23.2,80.9,0.0,1004,29.0,20.7,72
16/12/2023,05:00,154,1.1,27.5,0.5,23.2,80.1,0.0,1004,25.9,18.5,62
16/12/2023,06:00,148,0.5,49.4,0.4,24.2,76.3,0.0,1005,24.8,16.5,54
16/12/2023,07:00,29,0.3,59.6,0.4,26.4,67.0,0.0,1005,22.4,15.0,50
16/12/2023,08:00,8,0.7,48.5,0.5,28.1,59.9,0.0,1005,23.1,15.9,52
16/12/2023,09:00,13,0.8,47.6,0.6,29.5,55.3,0.0,1005,26.2,17.5,58
16/12/2023,10:00,18,1.0,43.1,0.6,30.3,54.2,0.0,1005,28.6,18.5,63
16/12/2023,11:00,350,1.2,44.7,0.7,31.3,53.0,0.0,1004,30.1,20.3,67
16/12/2023,12:00,353,1.5,40.6,0.9,31.7,52.5,0.0,1003,26.4,17.9,58
16/12/2023,13:00,349,2.0,32.1,1.0,31.0,57.8,0.0,1002,28.4,17.5,60
16/12/2023,14:00,339,2.3,25.9,1.0,29.7,63.1,0.0,1002,31.5,17.7,64
16/12/2023,15:00,354,0.9,35.8,0.5,28.3,75.5,1.1,1002,34.1,16.3,60
16/12/2023,16:00,28,0.6,44.1,0.5,27.3,80.6,4.0,1002,32.3,15.7,60
16/12/2023,17:00,15,1.2,35.5,0.8,26.4,68.9,0.0,1003,22.7,10.6,33
16/12/2023,18:00,337,1.9,29.7,1.0,26.6,74.1,0.0,1003,31.1,12.2,43
16/12/2023,19:00,327,1.6,24.3,0.6,26.6,77.8,0.0,1003,37.8,15.4,55
16/12/2023,20:00,347,0.2,52.2,0.3,26.7,75.0,0.0,1004,33.8,14.3,52
16/12/2023,21:00,39,0.4,43.3,0.3,26.8,75.0,0.0,1005,30.8,13.7,51
16/12/2023,22:00,300,0.3,56.5,0.3,26.6,76.6,0.0,1004,30.8,14.1,54
16/12/2023,23:00,163,0.6,44.5,0.4,26.2,77.9,0.0,1005,29.7,13.5,50
17/12/2023,00:00,175,0.6,68.8,0.5,25.5,73.0,0.0,1004,23.2,10.9,40
17/12/2023,01:00,203,0.1,69.8,0.3,25.3,66.6,0.0,1004,15.1,7.2,18
17/12/2023,02:00,179,0.2,63.4,0.2,25.2,65.7,0.0,1004,13.0,6.9,19
17/12/2023,03:00,221,0.1,55.6,0.1,25.0,67.4,0.0,1004,13.3,7.4,21
17/12/2023,04:00,76,0.5,31.0,0.2,25.3,69.4,0.0,1005,14.2,7.7,23
17/12/2023,05:00,330,0.5,50.0,0.3,25.6,69.5,0.0,1006,16.5,8.4,26
17/12/2023,06:00,304,0.6,43.2,0.3,27.7,60.7,0.0,1006,18.2,9.3,28
17/12/2023,07:00,337,0.2,64.8,0.3,29.8,55.7,0.0,1007,19.3,10.1,30
17/12/2023,08:00,211,0.1,87.7,0.3,31.6,47.7,0.0,1007,17.5,10.0,30
17/12/2023,09:00,161,0.2,91.8,0.4,32.4,45.4,0.0,1007,15.2,9.4,27
17/12/2023,10:00,149,0.7,55.7,0.5,32.4,45.0,0.0,1007,16.7,9.7,27
17/12/2023,11:00,57,0.1,60.8,0.5,33.8,40.6,0.0,1006,17.3,9.9,27
17/12/2023,12:00,348,1.4,37.1,0.9,32.8,49.0,0.0,1006,18.4,10.0,31
17/12/2023,13:00,341,2.0,30.4,0.9,32.2,49.8,0.0,1006,18.3,10.2,31
17/12/2023,14:00,348,1.7,36.2,1.0,31.9,50.5,0.0,1006,21.8,10.9,35
17/12/2023,15:00,352,2.0,32.8,1.0,31.0,52.1,0.0,1005,19.0,10.1,31
17/12/2023,16:00,346,1.8,35.9,0.9,30.5,52.8,0.0,1006,18.2,9.7,29
17/12/2023,17:00,352,1.4,38.6,0.8,30.0,53.5,0.0,1006,17.2,9.2,29
17/12/2023,18:00,338,1.9,32.8,0.9,28.2,66.3,0.0,1007,19.4,10.1,35
17/12/2023,19:00,343,1.5,33.8,0.8,27.1,76.3,0.0,1008,21.9,10.9,39
17/12/2023,20:00,342,1.3,38.8,0.8,26.7,78.6,0.0,1008,23.3,10.9,40
17/12/2023,21:00,353,1.0,41.6,0.6,26.7,78.8,0.0,1009,22.4,10.4,38
17/12/2023,22:00,32,0.7,47.0,0.5,26.9,77.7,0.0,1010,23.9,10.2,37
17/12/2023,23:00,6,0.6,47.6,0.5,26.8,79.1,0.0,1009,25.8,11.1,40
18/12/2023,00:00,343,0.8,42.2,0.5,26.8,78.8,0.0,1009,24.9,11.0,41
18/12/2023,01:00,337,0.9,43.5,0.6,26.6,78.0,0.0,1008,22.4,10.4,31
18/12/2023,02:00,331,1.2,28.5,0.5,26.2,76.4,0.0,1009,20.9,10.0,34
18/12/2023,03:00,332,0.9,36.9,0.5,25.8,77.4,0.0,1009,20.2,9.5,33
18/12/2023,04:00,317,0.6,35.4,0.3,25.7,78.5,0.0,1010,21.2,9.5,32
18/12/2023,05:00,315,0.5,41.6,0.3,25.9,78.7,0.0,1010,21.5,9.6,33
18/12/2023,06:00,325,0.7,45.2,0.4,27.1,72.8,0.0,1011,20.6,9.3,32
18/12/2023,07:00,333,1.0,43.6,0.7,27.8,68.2,0.0,1011,20.8,9.6,31
18/12/2023,08:00,343,1.3,37.0,0.7,29.1,60.6,0.0,1012,19.8,8.6,27
18/12/2023,09:00,343,1.6,37.6,0.9,29.8,57.9,0.0,1012,16.9,7.7,23
18/12/2023,10:00,338,2.1,30.5,1.0,30.0,55.1,0.0,1012,17.2,7.3,20
18/12/2023,11:00,344,1.9,38.1,1.0,30.6,51.8,0.0,1011,17.4,7.0,18
18/12/2023,12:00,335,2.3,33.2,1.1,30.7,51.2,0.0,1011,15.0,6.8,17
18/12/2023,13:00,331,2.9,25.9,1.2,30.1,54.6,0.0,1010,14.9,6.8,18
18/12/2023,14:00,339,2.4,33.2,1.1,29.7,56.6,0.0,1010,15.6,6.2,16
18/12/2023,15:00,342,2.3,32.0,1.2,28.8,60.6,0.0,1009,15.9,5.9,16
18/12/2023,16:00,331,2.6,26.2,1.1,27.6,63.8,0.0,1009,14.9,5.7,15
18/12/2023,17:00,330,2.8,23.4,1.0,26.9,66.9,0.0,1010,14.1,5.5,15
18/12/2023,18:00,331,2.5,23.6,0.9,26.5,69.7,0.0,1011,14.7,5.6,16
18/12/2023,19:00,333,2.0,27.9,0.9,26.5,71.4,0.0,1012,15.9,6.0,17
18/12/2023,20:00,340,2.0,28.8,0.9,26.4,71.8,0.0,1012,16.5,6.1,17
18/12/2023,21:00,339,1.9,28.4,0.8,26.1,73.3,0.0,1012,15.3,6.1,18
18/12/2023,22:00,332,1.6,32.0,0.7,25.9,73.5,0.0,1012,17.0,6.4,18
18/12/2023,23:00,324,1.1,33.4,0.6,25.7,73.5,0.0,1012,15.9,6.1,18
19/12/2023,00:00,332,0.8,50.3,0.5,25.3,73.9,0.0,1011,15.6,5.7,16
19/12/2023,01:00,321,0.7,40.8,0.3,25.0,74.9,0.0,1011,15.1,5.7,13
19/12/2023,02:00,317,0.9,31.3,0.4,24.6,76.7,0.0,1010,14.5,5.6,15
19/12/2023,03:00,288,0.3,56.9,0.2,24.3,78.2,0.0,1011,14.4,5.7,16
19/12/2023,04:00,309,0.3,55.1,0.2,24.0,80.4,0.0,1011,14.4,5.7,17
19/12/2023,05:00,306,0.4,44.9,0.2,24.3,79.2,0.0,1012,16.0,5.8,17
19/12/2023,06:00,315,0.6,43.6,0.4,25.2,74.1,0.0,1012,15.3,5.6,16
19/12/2023,07:00,316,1.1,40.9,0.6,26.5,66.3,0.0,1012,13.6,5.5,15
19/12/2023,08:00,311,1.0,47.5,0.6,27.8,58.7,0.0,1012,15.0,5.7,14
19/12/2023,09:00,334,1.2,50.5,0.8,28.3,54.8,0.0,1012,14.4,5.8,14
19/12/2023,10:00,339,1.6,34.9,0.9,29.4,47.1,0.0,1012,14.0,5.4,11
19/12/2023,11:00,357,1.5,41.7,0.9,29.9,44.4,0.0,1011,13.8,5.2,10
19/12/2023,12:00,342,1.7,40.9,1.0,30.0,42.5,0.0,1010,12.7,5.0,9
19/12/2023,13:00,338,2.1,29.5,1.0,29.8,45.6,0.0,1010,13.2,5.1,10
19/12/2023,14:00,337,2.5,24.7,1.1,29.1,52.1,0.0,1009,13.4,5.5,12
19/12/2023,15:00,344,1.9,35.3,1.1,28.6,55.0,0.0,1008,14.1,5.3,12
19/12/2023,16:00,331,2.6,26.0,1.1,27.8,60.6,0.0,1008,14.4,5.4,13
19/12/2023,17:00,331,2.4,24.5,1.0,27.0,64.1,0.0,1008,17.3,5.9,15
19/12/2023,18:00,330,2.7,20.2,1.0,26.3,66.4,0.0,1008,17.7,6.1,16
19/12/2023,19:00,347,1.9,33.0,0.9,26.1,65.9,0.0,1009,16.0,5.7,14
19/12/2023,20:00,342,1.8,28.9,0.7,25.6,66.1,0.0,1010,14.6,5.3,13
19/12/2023,21:00,340,1.7,31.3,0.9,25.5,68.1,0.0,1010,15.8,5.7,14
19/12/2023,22:00,340,1.3,35.3,0.7,25.3,66.7,0.0,1010,15.5,5.5,13
19/12/2023,23:00,339,1.2,35.6,0.7,25.1,66.6,0.0,1010,14.9,5.1,12
20/12/2023,00:00,343,1.0,38.8,0.5,24.9,67.2,0.0,1009,14.3,5.1,12
20/12/2023,01:00,341,0.9,31.5,0.5,24.7,68.1,0.0,1009,14.8,5.0,9
20/12/2023,02:00,313,0.8,39.2,0.4,24.4,69.4,0.0,1009,13.7,5.1,12
20/12/2023,03:00,295,0.2,85.2,0.2,24.0,72.4,0.0,1009,15.6,5.5,13
20/12/2023,04:00,302,0.3,59.4,0.3,24.0,71.5,0.0,1009,14.7,5.4,13
20/12/2023,05:00,248,0.1,75.2,0.2,24.4,70.0,0.0,1010,16.2,5.5,15
20/12/2023,06:00,81,0.0,87.5,0.2,26.6,60.3,0.0,1010,15.2,5.2,14
20/12/2023,07:00,352,0.2,70.9,0.4,27.6,55.0,0.0,1010,14.8,5.2,12
20/12/2023,08:00,330,0.7,55.8,0.6,28.1,51.9,0.0,1009,14.9,5.4,11
20/12/2023,09:00,8,0.6,49.7,0.5,28.0,51.2,0.0,1009,15.1,5.5,12
20/12/2023,10:00,2,1.1,40.4,0.7,28.9,51.2,0.0,1008,17.8,5.8,13
20/12/2023,11:00,32,1.2,46.1,0.8,29.0,51.1,0.0,1008,18.1,6.0,14
20/12/2023,12:00,5,1.5,39.5,0.8,29.1,49.9,0.0,1007,21.4,6.1,14
20/12/2023,13:00,338,2.0,32.4,1.0,29.3,49.4,0.0,1007,16.2,5.7,13
20/12/2023,14:00,330,2.5,27.2,1.2,28.4,54.6,0.0,1006,13.9,5.2,12
20/12/2023,15:00,338,2.4,29.3,1.0,28.1,58.3,0.0,1005,14.3,5.4,13
20/12/2023,16:00,334,2.5,24.0,1.0,27.6,59.2,0.0,1006,14.9,5.4,13
20/12/2023,17:00,337,2.2,24.5,0.9,26.6,59.5,0.0,1006,13.0,4.9,11
20/12/2023,18:00,331,2.5,23.6,0.9,26.3,64.6,0.0,1007,14.1,5.3,13
20/12/2023,19:00,330,1.7,28.9,0.7,26.1,65.7,0.0,1008,14.8,5.9,16
20/12/2023,20:00,333,1.2,37.2,0.6,25.9,66.5,0.0,1008,15.1,5.9,16
20/12/2023,21:00,330,0.8,58.5,0.5,26.1,66.7,0.0,1008,15.8,5.8,16
20/12/2023,22:00,331,1.2,28.5,0.6,26.0,67.3,0.0,1008,15.7,5.8,15
20/12/2023,23:00,328,0.9,40.1,0.5,25.6,69.7,0.7,1008,15.2,5.5,15
21/12/2023,00:00,290,0.2,63.5,0.2,24.4,78.4,0.0,1007,15.0,5.6,15
21/12/2023,01:00,345,0.2,67.1,0.2,24.4,76.5,0.0,1007,12.7,5.1,11
21/12/2023,02:00,300,0.4,45.3,0.2,24.3,76.3,0.0,1006,14.0,5.2,14
21/12/2023,03:00,318,0.1,53.1,0.2,24.7,74.2,0.0,1007,15.4,5.7,16
21/12/2023,04:00,355,0.3,30.2,0.3,24.8,74.7,0.0,1007,14.2,5.4,15
21/12/2023,05:00,80,0.4,37.6,0.3,24.9,75.7,0.0,1007,13.9,5.5,15
21/12/2023,06:00,328,0.8,23.6,0.3,25.2,71.4,0.0,1008,15.6,5.5,15
21/12/2023,07:00,310,0.3,73.0,0.3,26.1,66.8,0.0,1008,14.5,5.8,16
21/12/2023,08:00,158,0.4,56.6,0.3,26.2,68.5,0.0,1008,15.6,7.0,22
21/12/2023,09:00,163,0.3,80.0,0.4,26.1,71.9,0.0,1008,15.5,6.8,21
21/12/2023,10:00,185,0.1,84.2,0.3,26.8,64.5,0.0,1008,,,
21/12/2023,11:00,146,0.5,58.0,0.4,27.2,59.6,0.0,1008,,,
21/12/2023,12:00,120,0.1,85.0,0.3,27.3,56.6,0.0,1007,12.6,5.8,16
21/12/2023,13:00,100,0.7,28.8,0.3,27.0,56.1,0.0,1006,11.7,6.0,16
21/12/2023,14:00,56,0.7,43.1,0.4,27.2,57.1,0.0,1006,14.1,6.5,18
21/12/2023,15:00,50,1.0,39.5,0.6,26.3,68.1,0.0,1006,13.5,6.6,21
21/12/2023,16:00,65,1.1,35.9,0.6,25.5,71.8,0.0,1006,13.5,6.1,19
21/12/2023,17:00,158,1.9,30.1,1.0,23.8,79.4,1.6,1008,14.8,7.0,22
21/12/2023,18:00,149,1.1,36.0,0.6,21.3,83.9,3.5,1008,9.2,3.8,9
21/12/2023,19:00,77,0.2,53.5,0.2,21.2,84.4,1.4,1009,9.0,4.1,10
21/12/2023,20:00,193,0.1,73.9,0.2,21.5,85.2,0.2,1009,10.6,5.4,16
21/12/2023,21:00,182,0.2,69.8,0.3,21.5,85.2,0.0,1009,10.9,5.1,16
21/12/2023,22:00,200,0.2,69.7,0.2,21.4,85.1,0.0,1009,11.4,5.0,15
21/12/2023,23:00,182,0.4,58.6,0.4,21.2,84.2,0.0,1009,12.3,4.6,12
22/12/2023,00:00,177,0.6,52.7,0.5,21.1,82.6,0.0,1009,11.2,4.4,13
22/12/2023,01:00,179,0.4,68.3,0.4,21.0,77.8,0.0,1008,9.8,3.2,6
22/12/2023,02:00,181,0.7,51.1,0.6,21.1,76.7,0.0,1007,9.1,3.0,7
22/12/2023,03:00,182,0.6,53.2,0.6,20.9,77.7,0.0,1007,9.6,3.7,8
22/12/2023,04:00,174,0.4,61.5,0.4,21.0,79.4,0.0,1007,10.6,4.3,11
22/12/2023,05:00,171,0.3,82.9,0.3,21.3,77.7,0.0,1008,11.1,4.1,10
22/12/2023,06:00,165,0.4,64.7,0.4,21.6,74.6,0.0,1009,11.0,3.9,9
22/12/2023,07:00,169,0.4,69.5,0.4,22.3,72.3,0.0,1009,10.8,3.8,9
22/12/2023,08:00,172,0.6,60.7,0.5,22.2,74.3,0.0,1009,10.3,3.6,8
22/12/2023,09:00,178,0.3,79.6,0.4,22.4,76.5,0.0,1009,11.2,3.7,6
22/12/2023,10:00,164,0.5,78.9,0.5,23.7,69.8,0.0,1009,9.5,3.6,6
22/12/2023,11:00,164,1.2,55.8,0.8,25.0,61.1,0.0,1009,9.1,2.8,5
22/12/2023,12:00,167,1.3,46.8,0.8,25.6,56.7,0.0,1008,7.4,2.0,3
22/12/2023,13:00,170,1.1,51.2,0.8,25.7,55.3,0.0,1008,8.0,2.3,3
22/12/2023,14:00,163,0.8,58.6,0.7,25.7,57.0,0.0,1007,8.3,2.7,5
22/12/2023,15:00,166,0.9,52.0,0.6,26.5,53.3,0.0,1007,8.1,2.5,4
22/12/2023,16:00,64,0.8,48.0,0.6,25.9,58.0,0.0,1007,8.6,3.1,5
22/12/2023,17:00,110,1.1,40.5,0.6,25.1,58.6,0.0,1008,8.5,3.1,5
22/12/2023,18:00,85,1.1,36.9,0.6,24.3,60.0,0.0,1008,9.2,3.3,4
22/12/2023,19:00,74,0.8,40.3,0.5,23.5,62.8,0.0,1009,10.8,3.8,5
22/12/2023,20:00,139,1.1,37.0,0.7,22.9,63.5,0.0,1009,9.7,3.7,5
22/12/2023,21:00,144,1.1,32.2,0.6,22.6,63.9,0.0,1010,8.9,3.9,6
22/12/2023,22:00,172,0.5,54.5,0.4,22.2,67.2,0.0,1010,10.3,4.1,6
22/12/2023,23:00,177,0.3,71.4,0.4,21.6,69.5,0.0,1009,10.7,4.1,7
23/12/2023,00:00,207,0.2,74.8,0.3,21.2,67.9,0.0,1009,10.4,4.0,5
23/12/2023,01:00,183,0.3,65.9,0.3,20.9,68.5,0.0,1008,11.1,4.2,5
23/12/2023,02:00,202,0.2,77.2,0.3,20.6,71.0,0.0,1008,12.0,4.4,7
23/12/2023,03:00,212,0.2,74.4,0.2,20.2,72.4,0.0,1007,11.8,4.1,5
23/12/2023,04:00,191,0.2,66.1,0.3,20.0,72.7,0.0,1007,11.1,4.2,5
23/12/2023,05:00,183,0.3,71.5,0.3,20.4,71.0,0.0,1008,12.2,4.5,5
23/12/2023,06:00,187,0.2,75.5,0.3,22.6,61.4,0.0,1009,13.2,5.0,6
23/12/2023,07:00,152,0.6,66.6,0.4,23.6,56.6,0.0,1010,15.4,5.8,8
23/12/2023,08:00,336,0.1,65.0,0.3,26.0,48.8,0.0,1010,15.0,6.3,9
23/12/2023,09:00,0,0.6,53.4,0.5,26.2,48.1,0.0,1009,15.3,6.3,9
23/12/2023,10:00,22,0.5,56.1,0.5,27.4,45.8,0.0,1009,16.1,6.1,9
23/12/2023,11:00,356,1.1,42.9,0.7,27.9,44.8,0.0,1008,18.5,6.4,9
23/12/2023,12:00,339,1.5,36.9,0.8,28.3,44.9,0.0,1008,16.9,6.1,9
23/12/2023,13:00,358,1.5,41.5,0.8,28.3,46.3,0.0,1007,16.4,5.8,8
23/12/2023,14:00,1,1.7,34.9,0.9,27.6,51.1,0.0,1006,19.9,6.9,10
23/12/2023,15:00,359,1.5,36.3,0.9,27.1,55.7,0.0,1005,20.4,7.1,10
23/12/2023,16:00,346,1.7,32.9,0.8,26.2,61.7,0.0,1005,22.4,7.3,10
23/12/2023,17:00,356,1.3,38.7,0.8,25.9,63.9,0.0,1005,24.0,7.6,10
23/12/2023,18:00,3,1.1,43.7,0.7,25.4,67.5,0.0,1006,23.6,7.8,10
23/12/2023,19:00,345,1.2,35.7,0.7,25.1,71.0,0.0,1007,24.1,7.9,11
23/12/2023,20:00,341,1.3,34.7,0.7,24.9,72.5,0.0,1007,21.7,7.4,10
23/12/2023,21:00,346,1.4,33.3,0.7,25.1,70.8,0.0,1007,22.5,7.2,9
23/12/2023,22:00,332,1.8,27.1,0.7,25.0,71.5,0.0,1007,20.2,6.8,8
23/12/2023,23:00,151,0.3,51.1,0.7,22.1,80.3,7.6,1007,11.5,4.1,4
24/12/2023,00:00,161,0.6,50.1,0.4,21.1,82.5,0.0,1007,7.1,2.3,3
24/12/2023,01:00,147,0.4,46.2,0.3,21.4,80.9,0.0,1006,8.1,2.5,2
24/12/2023,02:00,123,0.4,40.6,0.2,21.4,79.7,0.0,1005,6.0,2.1,3
24/12/2023,03:00,123,0.3,32.8,0.2,21.8,81.5,0.0,1005,8.1,3.0,3
24/12/2023,04:00,89,0.3,60.3,0.3,21.5,83.3,0.0,1005,9.1,3.4,3
24/12/2023,05:00,53,0.6,34.6,0.3,21.8,83.5,0.0,1005,10.3,3.6,4
24/12/2023,06:00,103,0.2,39.4,0.2,22.6,83.0,0.0,1006,11.2,4.2,5
24/12/2023,07:00,15,0.5,48.0,0.4,24.8,75.6,0.0,1006,13.4,4.6,7
24/12/2023,08:00,333,1.2,43.1,0.7,26.7,65.4,0.0,1005,10.8,3.9,6
24/12/2023,09:00,335,1.5,28.7,0.7,26.7,66.2,0.0,1005,9.8,3.7,5
24/12/2023,10:00,340,1.0,39.7,0.6,26.1,73.7,0.1,1005,11.5,4.1,5
24/12/2023,11:00,236,0.3,46.4,0.8,24.2,76.4,7.2,1005,12.7,4.6,5
24/12/2023,12:00,165,0.8,56.2,0.7,19.4,84.1,0.3,1006,9.8,2.9,3
24/12/2023,13:00,314,0.1,47.8,0.4,19.8,79.5,0.0,1004,8.9,3.1,4
24/12/2023,14:00,318,1.0,39.1,0.6,20.2,80.0,1.1,1003,9.3,3.8,6
24/12/2023,15:00,319,0.2,51.9,0.3,21.1,78.1,0.0,1002,10.4,3.8,7
24/12/2023,16:00,321,0.6,38.7,0.4,22.5,74.3,0.0,1002,11.6,3.8,6
24/12/2023,17:00,313,1.0,33.9,0.4,22.2,73.8,0.0,1003,10.4,3.9,6
24/12/2023,18:00,323,0.4,45.7,0.3,22.3,74.5,0.0,1004,11.7,4.5,7
24/12/2023,19:00,189,0.3,49.9,0.4,22.1,76.5,0.0,1005,13.3,5.4,11
24/12/2023,20:00,167,0.4,53.2,0.4,22.1,80.8,0.8,1006,14.8,5.9,11
24/12/2023,21:00,339,0.8,43.7,0.5,21.9,82.5,3.2,1006,14.1,5.5,9
24/12/2023,22:00,327,0.6,55.6,0.4,22.2,75.4,0.0,1005,8.5,3.7,5
24/12/2023,23:00,304,0.8,37.7,0.4,22.5,77.3,0.0,1005,9.6,4.1,7
25/12/2023,00:00,303,0.2,68.2,0.2,22.3,79.3,0.0,1004,9.6,4.0,6
25/12/2023,01:00,227,0.1,71.9,0.3,21.7,82.0,0.0,1003,11.3,4.5,8
25/12/2023,02:00,203,0.2,69.0,0.3,21.1,82.9,0.0,1003,12.4,4.9,9
25/12/2023,03:00,249,0.1,81.8,0.2,21.2,81.4,0.0,1003,10.7,4.4,7
25/12/2023,04:00,205,0.2,78.5,0.3,21.2,80.8,0.0,1003,11.6,4.3,7
25/12/2023,05:00,259,0.2,71.9,0.3,21.4,80.5,0.0,1004,11.5,4.4,7
25/12/2023,06:00,189,0.2,69.1,0.3,23.0,75.0,0.0,1004,12.6,4.7,8
25/12/2023,07:00,147,0.9,29.9,0.4,24.4,70.0,0.0,1005,12.5,4.8,8
25/12/2023,08:00,140,0.6,60.3,0.4,26.2,64.3,0.0,1005,11.7,4.9,9
25/12/2023,09:00,121,0.7,41.5,0.4,27.2,61.7,0.0,1005,12.0,5.4,11
25/12/2023,10:00,140,0.8,37.8,0.5,29.3,53.9,0.0,1004,11.3,4.7,9
25/12/2023,11:00,137,0.5,60.2,0.4,31.2,47.1,0.0,1003,10.1,4.2,8
25/12/2023,12:00,333,0.7,47.6,0.6,32.6,44.8,0.0,1002,11.3,4.4,9
25/12/2023,13:00,350,1.6,31.9,0.9,31.2,55.4,0.0,1002,16.0,5.5,10
25/12/2023,14:00,353,1.9,33.5,0.9,30.6,56.8,0.0,1001,15.6,5.7,10
25/12/2023,15:00,340,2.5,25.2,1.1,29.7,61.7,0.0,1001,19.1,6.5,11
25/12/2023,16:00,341,2.2,28.5,1.0,28.8,68.3,0.0,1001,23.2,7.7,12
25/12/2023,17:00,340,2.2,27.6,1.0,28.0,71.8,0.0,1001,26.6,8.7,13
25/12/2023,18:00,336,2.3,23.9,1.0,27.3,74.9,0.0,1002,25.6,9.2,13
25/12/2023,19:00,336,1.9,26.0,0.8,27.2,76.6,0.0,1002,28.5,9.8,13
25/12/2023,20:00,327,0.8,58.1,0.7,27.2,68.7,0.7,1003,23.3,8.1,11
25/12/2023,21:00,180,0.6,72.8,0.6,22.6,78.7,4.8,1005,14.0,5.0,7
25/12/2023,22:00,127,0.6,39.4,0.4,21.9,80.7,0.0,1005,8.3,3.5,6
25/12/2023,23:00,327,0.5,45.8,0.4,22.0,80.2,0.1,1006,8.7,3.2,6
26/12/2023,00:00,1,0.9,35.9,0.5,22.0,84.0,1.0,1004,10.3,4.1,7
26/12/2023,01:00,332,1.0,33.8,0.5,21.6,83.9,0.0,1004,12.0,4.3,6
26/12/2023,02:00,328,0.3,62.4,0.3,21.9,82.3,0.0,1004,11.8,4.7,6
26/12/2023,03:00,320,0.8,42.7,0.3,22.0,81.2,0.0,1004,11.1,4.5,6
26/12/2023,04:00,308,1.8,17.3,0.5,22.1,81.6,0.0,1005,13.6,5.1,8
26/12/2023,05:00,305,1.8,26.6,0.6,22.4,82.1,0.0,1006,13.0,4.8,8
26/12/2023,06:00,325,0.8,36.8,0.4,23.8,77.9,0.0,1006,16.0,5.1,7
26/12/2023,07:00,356,0.4,57.6,0.4,25.5,71.2,0.0,1006,14.0,5.3,9
26/12/2023,08:00,338,0.0,70.0,0.3,27.8,61.0,0.0,1006,12.6,5.3,9
26/12/2023,09:00,160,0.1,66.0,0.3,29.8,53.6,0.0,1006,14.9,5.5,11
26/12/2023,10:00,149,0.7,60.8,0.5,30.4,52.1,0.0,1006,14.3,6.2,13
26/12/2023,11:00,39,0.5,50.0,0.5,31.1,51.7,0.0,1005,13.5,6.1,15
26/12/2023,12:00,16,1.2,39.2,0.7,30.8,55.7,0.0,1005,14.0,6.5,18
26/12/2023,13:00,22,1.1,37.4,0.8,30.8,57.9,0.0,1004,15.9,7.1,19
26/12/2023,14:00,342,1.7,29.5,0.9,28.9,59.3,0.0,1004,17.5,7.2,13
26/12/2023,15:00,356,1.4,30.8,0.8,28.6,61.1,0.0,1003,17.1,7.3,14
26/12/2023,16:00,150,1.0,41.5,1.2,24.9,70.8,17.6,1004,15.7,6.4,10
26/12/2023,17:00,10,1.0,51.6,1.0,20.7,88.2,26.5,1006,11.1,5.2,7
26/12/2023,18:00,330,0.5,62.7,0.5,21.0,89.1,8.5,1007,13.0,5.6,8
26/12/2023,19:00,333,0.5,39.8,0.4,21.5,86.0,0.0,1006,10.2,4.7,9
26/12/2023,20:00,309,0.8,49.7,0.5,23.0,78.3,0.0,1007,12.6,5.4,11
26/12/2023,21:00,295,0.2,68.4,0.2,23.1,79.7,0.0,1008,13.7,6.0,15
26/12/2023,22:00,305,0.3,75.7,0.3,23.4,78.6,0.0,1008,13.5,5.6,10
26/12/2023,23:00,306,0.3,73.6,0.3,23.4,77.8,0.0,1007,14.3,5.1,8
27/12/2023,00:00,324,0.8,46.4,0.5,23.3,76.9,0.0,1007,11.8,4.6,7
27/12/2023,01:00,327,0.8,41.3,0.4,23.1,78.7,0.0,1007,13.6,4.6,7
27/12/2023,02:00,301,0.6,46.7,0.3,23.1,75.9,0.0,1006,12.3,4.4,7
27/12/2023,03:00,301,0.2,55.5,0.2,22.5,80.2,0.0,1007,13.5,4.8,8
27/12/2023,04:00,322,1.4,20.1,0.5,22.5,79.2,0.0,1007,14.8,4.9,8
27/12/2023,05:00,310,1.2,30.1,0.5,22.4,76.7,0.0,1008,13.6,4.6,7
27/12/2023,06:00,318,1.4,23.0,0.5,22.8,73.6,0.0,1009,12.0,4.4,6
27/12/2023,07:00,317,0.8,49.2,0.5,24.3,68.1,0.0,1009,11.1,4.2,6
27/12/2023,08:00,328,1.1,49.3,0.7,25.9,61.9,0.0,1009,10.7,4.3,6
27/12/2023,09:00,315,1.2,39.3,0.7,27.7,55.7,0.0,1009,10.4,4.2,6
27/12/2023,10:00,347,0.9,57.8,0.6,29.4,52.0,0.0,1008,10.1,4.3,7
27/12/2023,11:00,3,1.1,39.5,0.7,29.6,55.8,0.0,1007,11.1,4.3,8
27/12/2023,12:00,21,0.9,43.5,0.6,29.6,59.1,0.0,1006,12.9,4.8,9
27/12/2023,13:00,36,0.9,43.9,0.6,30.6,55.7,0.0,1005,14.4,5.2,10
27/12/2023,14:00,7,1.2,37.3,0.7,31.1,54.9,0.0,1005,15.2,5.6,11
27/12/2023,15:00,343,1.8,31.8,0.9,30.0,59.4,0.0,1004,15.5,5.9,11
27/12/2023,16:00,1,1.4,35.4,0.8,29.9,62.0,0.0,1004,16.1,6.1,11
27/12/2023,17:00,347,1.3,36.3,0.7,29.4,64.2,0.0,1004,17.6,6.4,11
27/12/2023,18:00,338,1.6,30.8,0.8,28.5,67.6,0.0,1005,20.2,7.2,12
27/12/2023,19:00,333,1.9,25.0,0.7,27.3,72.6,0.0,1006,23.1,8.3,13
27/12/2023,20:00,325,1.8,21.1,0.6,26.8,74.2,0.0,1006,21.9,8.2,13
27/12/2023,21:00,316,1.4,48.1,0.6,26.6,74.3,0.0,1007,19.8,7.4,12
27/12/2023,22:00,142,0.6,52.1,0.4,26.5,75.1,0.0,1007,19.9,7.3,12
27/12/2023,23:00,351,0.6,26.8,0.3,26.3,76.6,0.0,1007,18.7,7.1,11
28/12/2023,00:00,134,0.2,51.7,0.2,25.9,78.5,0.0,1007,17.0,6.8,11
28/12/2023,01:00,135,0.2,56.1,0.2,25.4,81.2,0.0,1006,17.3,7.1,11
28/12/2023,02:00,192,0.1,76.6,0.2,24.5,82.7,0.0,1006,18.6,8.1,15
28/12/2023,03:00,189,0.2,65.0,0.3,23.7,80.8,0.0,1006,19.8,8.8,20
28/12/2023,04:00,264,0.1,62.3,0.2,23.3,81.2,0.0,1007,17.6,8.6,23
28/12/2023,05:00,154,0.2,57.6,0.2,23.7,81.8,0.0,1008,17.2,8.9,28
28/12/2023,06:00,152,0.3,65.1,0.3,25.0,78.8,0.0,1008,14.3,8.2,35
28/12/2023,07:00,148,0.2,74.1,0.3,26.6,70.7,0.0,1008,17.3,9.3,32
28/12/2023,08:00,122,0.3,60.5,0.4,30.1,55.6,0.0,1008,22.3,10.8,31
28/12/2023,09:00,142,0.5,71.2,0.6,32.2,43.8,0.0,1008,22.7,10.9,28
28/12/2023,10:00,154,0.5,73.0,0.5,34.5,33.3,0.0,1008,17.7,9.2,20
28/12/2023,11:00,341,0.6,59.4,0.6,34.3,39.9,0.0,1007,21.2,10.1,26
28/12/2023,12:00,333,1.0,53.9,0.6,33.8,42.1,0.0,1006,20.9,10.8,29
28/12/2023,13:00,318,0.8,59.9,0.7,35.4,31.7,0.0,1006,18.4,8.5,20
28/12/2023,14:00,336,1.6,33.7,0.8,34.0,41.4,0.0,1005,19.8,9.8,25
28/12/2023,15:00,340,1.8,25.5,0.7,33.3,41.4,0.0,1005,19.7,9.3,22
28/12/2023,16:00,334,2.3,23.4,0.9,32.2,40.5,0.0,1005,18.8,10.3,24
28/12/2023,17:00,333,2.1,22.4,0.9,31.7,44.5,0.0,1005,17.5,9.1,21
28/12/2023,18:00,334,1.5,27.0,0.7,30.5,57.9,0.0,1006,18.2,9.1,26
28/12/2023,19:00,330,0.9,36.2,0.4,30.0,62.8,0.0,1007,18.9,9.4,29
28/12/2023,20:00,351,0.8,37.0,0.4,28.9,72.7,0.0,1007,20.9,9.2,25
28/12/2023,21:00,332,1.1,18.8,0.3,28.1,76.5,0.0,1008,22.4,9.5,24
28/12/2023,22:00,327,0.9,30.5,0.3,28.3,74.4,0.0,1007,21.0,9.2,26
28/12/2023,23:00,331,0.9,34.2,0.4,28.0,73.4,0.0,1007,20.0,8.9,24
29/12/2023,00:00,308,0.4,40.1,0.2,27.4,74.5,0.0,1007,17.5,8.1,23
29/12/2023,01:00,303,0.1,60.2,0.2,26.8,78.7,0.0,1006,18.7,8.9,24
29/12/2023,02:00,173,0.4,64.7,0.4,25.7,79.3,0.0,1006,20.4,9.5,29
29/12/2023,03:00,177,0.2,63.4,0.3,25.0,79.4,0.0,1006,21.0,10.7,35
29/12/2023,04:00,178,0.2,61.7,0.3,24.6,77.2,0.0,1007,20.6,11.7,39
29/12/2023,05:00,163,0.3,72.3,0.3,25.1,71.5,0.0,1007,23.7,13.8,41
29/12/2023,06:00,158,0.5,61.3,0.5,26.5,62.8,0.0,1008,29.2,18.3,49
29/12/2023,07:00,159,0.1,83.7,0.2,27.7,56.3,0.0,1008,27.1,17.9,49
29/12/2023,08:00,148,0.3,77.1,0.3,30.2,48.8,0.0,1008,29.9,21.1,56
29/12/2023,09:00,20,0.4,62.5,0.4,32.4,42.7,0.0,1008,30.8,22.6,61
29/12/2023,10:00,358,0.5,52.9,0.4,33.7,38.1,0.0,1007,29.2,21.6,56
29/12/2023,11:00,45,0.6,44.8,0.4,35.5,32.0,0.0,1007,29.9,20.5,51
29/12/2023,12:00,191,0.1,81.2,0.4,37.7,20.2,0.0,1006,34.4,28.0,70
29/12/2023,13:00,248,0.1,100.8,0.5,38.5,16.4,0.0,1005,30.1,25.8,59
29/12/2023,14:00,330,0.9,70.8,0.7,37.3,23.6,0.0,1004,28.6,21.2,51
29/12/2023,15:00,345,2.0,25.2,0.9,33.4,43.6,0.0,1004,23.1,14.5,36
29/12/2023,16:00,344,2.1,27.4,0.9,31.3,58.3,0.0,1004,22.0,11.6,33
29/12/2023,17:00,354,1.5,33.7,0.8,30.6,56.8,0.0,1005,21.0,12.7,35
29/12/2023,18:00,349,1.0,39.7,0.6,29.8,68.7,0.0,1006,20.4,10.7,31
29/12/2023,19:00,23,0.8,36.1,0.5,28.7,77.6,0.0,1006,21.7,9.5,23
29/12/2023,20:00,11,0.7,44.1,0.5,28.4,78.1,0.0,1006,22.7,9.8,24
29/12/2023,21:00,8,0.8,43.0,0.5,28.0,79.6,0.0,1007,23.0,9.5,21
29/12/2023,22:00,349,0.8,44.5,0.5,27.7,81.6,0.0,1006,24.0,9.9,19
29/12/2023,23:00,335,0.7,43.8,0.4,27.7,81.7,0.0,1006,23.2,9.5,19
30/12/2023,00:00,287,0.1,66.8,0.2,27.4,80.6,0.0,1005,20.5,8.8,20
30/12/2023,01:00,159,0.7,49.8,0.5,27.5,80.6,0.0,1005,22.6,10.0,23
30/12/2023,02:00,153,1.2,35.0,0.6,27.0,82.7,0.0,1005,26.1,11.5,29
30/12/2023,03:00,62,1.0,36.9,0.6,26.8,80.4,0.0,1005,18.1,9.5,26
30/12/2023,04:00,116,0.7,46.9,0.5,26.2,78.1,0.0,1006,21.4,12.0,37
30/12/2023,05:00,106,0.9,35.7,0.7,26.2,79.4,0.0,1006,21.6,11.6,36
30/12/2023,06:00,155,1.0,49.6,0.6,26.4,76.2,0.0,1007,21.2,11.4,34
30/12/2023,07:00,175,0.7,55.3,0.6,26.4,71.0,0.0,1008,21.0,10.9,32
30/12/2023,08:00,165,1.0,48.5,0.7,27.3,63.6,0.0,1007,19.2,9.0,25
30/12/2023,09:00,170,1.2,45.1,0.9,27.5,52.5,0.0,1008,15.8,6.8,15
30/12/2023,10:00,318,0.5,54.5,0.5,26.4,58.7,4.9,1008,12.7,6.0,13
30/12/2023,11:00,355,1.0,31.4,0.5,23.3,79.9,0.0,1006,13.3,6.4,16
30/12/2023,12:00,338,1.4,40.3,0.8,24.3,73.8,0.0,1007,18.5,8.5,18
30/12/2023,13:00,329,1.3,33.1,0.6,23.7,76.5,0.0,1007,21.9,11.0,25
30/12/2023,14:00,340,1.9,25.4,0.8,23.3,77.9,0.0,1006,18.1,7.7,12
30/12/2023,15:00,333,2.1,24.2,0.9,23.6,77.3,0.0,1006,20.6,7.6,10
30/12/2023,16:00,328,1.5,29.9,0.7,24.0,75.6,0.0,1005,25.9,9.1,11
30/12/2023,17:00,324,1.0,43.8,0.6,24.0,75.9,0.0,1006,29.6,10.3,13
30/12/2023,18:00,311,0.3,59.0,0.4,23.3,77.0,0.0,1006,25.6,10.1,15
30/12/2023,19:00,327,0.5,40.7,0.4,23.1,75.7,0.0,1006,20.8,8.7,14
30/12/2023,20:00,315,0.8,44.1,0.5,23.2,74.1,0.0,1007,21.4,8.7,15
30/12/2023,21:00,293,0.2,66.3,0.3,22.9,75.6,0.0,1007,20.2,8.3,15
30/12/2023,22:00,298,0.2,71.2,0.3,22.7,78.0,0.0,1007,18.6,8.0,14
30/12/2023,23:00,242,0.1,73.6,0.2,22.3,80.5,0.0,1007,20.1,8.5,16
31/12/2023,00:00,191,0.2,64.3,0.3,22.4,78.6,0.0,1007,18.9,8.3,15
31/12/2023,01:00,169,0.6,47.6,0.5,22.2,80.1,0.0,1007,19.7,8.2,13
31/12/2023,02:00,170,0.5,52.9,0.4,21.8,82.3,0.0,1007,19.6,8.6,16
31/12/2023,03:00,169,0.5,59.7,0.4,21.7,83.1,0.0,1008,19.5,9.0,18
31/12/2023,04:00,202,0.1,65.1,0.3,21.5,82.2,0.0,1009,18.7,8.8,17
31/12/2023,05:00,142,0.4,47.6,0.2,22.0,79.0,0.0,1010,17.7,8.3,16
31/12/2023,06:00,135,0.7,41.1,0.4,23.5,72.5,0.0,1011,19.9,8.8,18
31/12/2023,07:00,112,0.7,47.2,0.5,25.5,66.2,0.0,1011,20.6,8.3,15
31/12/2023,08:00,63,0.9,45.3,0.6,26.8,60.5,0.0,1011,15.7,6.4,11
31/12/2023,09:00,23,0.7,49.8,0.5,28.0,56.4,0.0,1011,13.8,6.0,9
31/12/2023,10:00,2,1.1,48.4,0.7,28.3,53.9,0.0,1011,13.8,5.9,8
31/12/2023,11:00,27,1.1,49.5,0.7,29.1,53.5,0.0,1011,16.8,6.6,9
31/12/2023,12:00,23,1.3,42.1,0.8,29.2,52.8,0.0,1011,17.5,6.7,10
31/12/2023,13:00,5,1.1,45.9,0.7,29.9,48.7,0.0,1010,15.7,6.4,9
31/12/2023,14:00,356,1.8,33.5,0.9,29.9,49.2,0.0,1010,14.5,6.2,9
31/12/2023,15:00,5,1.4,42.7,0.9,29.5,51.6,0.0,1010,14.1,6.3,9
31/12/2023,16:00,41,1.3,46.4,0.8,28.7,55.2,0.0,1011,17.5,6.9,10
31/12/2023,17:00,70,1.3,38.0,0.8,27.9,58.8,0.0,1012,18.2,7.2,11
31/12/2023,18:00,51,1.0,43.1,0.6,27.2,64.1,0.0,1012,19.0,7.6,13
31/12/2023,19:00,68,1.1,37.0,0.6,26.5,67.1,0.0,1013,16.5,7.9,15
31/12/2023,20:00,93,0.9,31.5,0.4,26.1,70.5,0.0,1014,17.3,8.6,17
31/12/2023,21:00,117,1.5,27.6,0.7,25.4,71.1,0.0,1014,16.2,7.9,15
31/12/2023,22:00,68,0.9,47.3,0.7,23.1,73.8,0.0,1014,6.8,2.9,4
31/12/2023,23:00,131,0.7,41.7,0.6,23.7,72.4,0.0,1014,10.3,4.6,8
