Date,Time,Wind Direction (degTN),Wind Speed (m/s),Wind Sigma Theta (deg),Wind Speed Std Dev (m/s),Air Temperature (degC),Relative Humidity (%),Rainfall (mm),Barometric Pressure (hPa),PM10 (ug/m^3),PM2.5 (ug/m^3),Visibility-reducing Particles (Mm^-1)
01/01/2024,00:00,158,0.4,61.0,0.4,23.7,75.2,0.0,1013,49.6,34.1,168
01/01/2024,01:00,174,0.4,69.3,0.4,23.2,78.5,0.0,1013,13.9,6.4,12
01/01/2024,02:00,160,0.2,77.5,0.3,23.3,80.7,0.0,1013,16.8,7.5,14
01/01/2024,03:00,265,0.1,62.4,0.3,23.5,78.9,0.0,1013,14.4,6.8,13
01/01/2024,04:00,178,0.4,69.7,0.4,23.2,80.9,0.0,1013,15.4,6.9,15
01/01/2024,05:00,168,0.6,59.4,0.5,22.9,80.8,0.0,1014,13.8,6.1,12
01/01/2024,06:00,157,0.2,65.7,0.4,22.6,82.4,1.1,1015,11.1,4.8,9
01/01/2024,07:00,158,0.9,50.7,0.6,22.2,84.9,5.2,1015,9.6,4.0,6
01/01/2024,08:00,142,1.1,40.4,0.7,22.1,83.0,0.0,1015,8.1,3.6,5
01/01/2024,09:00,166,0.3,67.1,0.4,22.8,80.1,0.1,1016,5.4,2.9,4
01/01/2024,10:00,151,0.9,41.4,0.5,22.9,80.6,0.7,1016,7.1,2.7,4
01/01/2024,11:00,157,1.6,31.3,0.8,21.8,82.7,1.7,1016,7.2,2.8,4
01/01/2024,12:00,134,0.8,54.8,0.6,21.9,80.7,0.0,1015,5.0,2.4,3
01/01/2024,13:00,145,1.0,39.5,0.6,23.2,78.3,0.0,1014,6.6,3.3,5
01/01/2024,14:00,132,1.3,33.6,0.7,23.7,77.5,0.0,1014,6.8,3.1,5
01/01/2024,15:00,148,1.2,32.8,0.6,22.9,81.5,0.0,1014,9.4,4.3,7
01/01/2024,16:00,157,1.5,30.6,0.7,22.6,82.7,0.0,1014,12.6,5.3,8
01/01/2024,17:00,121,1.0,39.7,0.7,22.3,82.6,1.0,1014,9.6,3.6,6
01/01/2024,18:00,107,1.0,36.2,0.6,22.0,85.0,2.3,1015,10.6,4.5,6
01/01/2024,19:00,115,0.7,33.9,0.4,20.8,84.2,1.2,1015,8.6,3.3,5
01/01/2024,20:00,148,0.6,37.3,0.3,21.0,84.0,0.0,1015,8.4,3.5,5
01/01/2024,21:00,169,0.3,69.5,0.3,21.0,84.6,0.0,1015,8.7,3.6,5
01/01/2024,22:00,146,0.5,51.3,0.3,21.0,85.4,4.3,1014,11.4,4.2,5
01/01/2024,23:00,147,0.4,64.4,0.3,21.1,86.1,0.0,1014,9.7,4.0,5
02/01/2024,00:00,177,0.2,69.1,0.3,21.3,86.8,1.0,1013,9.7,3.9,5
02/01/2024,01:00,168,0.3,72.6,0.3,21.5,87.0,0.0,1013,10.3,3.8,7
02/01/2024,02:00,178,0.3,73.5,0.4,21.7,86.8,0.0,1012,8.8,3.5,6
02/01/2024,03:00,129,0.7,46.4,0.5,21.6,86.3,0.3,1012,11.2,3.9,6
02/01/2024,04:00,134,0.8,41.1,0.4,21.5,85.2,0.0,1012,6.5,2.7,3
02/01/2024,05:00,165,0.6,54.6,0.4,21.4,85.5,0.0,1012,5.8,2.0,3
02/01/2024,06:00,147,1.2,33.5,0.6,21.4,85.9,0.3,1013,5.1,1.9,3
02/01/2024,07:00,145,1.3,32.8,0.7,21.8,84.8,0.2,1013,6.4,2.4,3
02/01/2024,08:00,102,1.0,43.6,0.6,22.5,83.7,1.0,1013,10.7,4.7,7
02/01/2024,09:00,146,1.0,43.6,0.6,22.9,84.0,2.9,1013,12.6,5.7,10
02/01/2024,10:00,124,1.2,32.9,0.6,23.3,82.8,3.8,1013,17.9,7.2,11
02/01/2024,11:00,111,1.4,36.3,0.8,22.9,82.2,1.6,1013,18.2,7.8,12
02/01/2024,12:00,121,1.3,38.5,0.7,22.6,81.6,0.8,1012,19.2,8.0,12
02/01/2024,13:00,139,1.4,35.9,0.8,22.7,82.3,0.1,1012,22.0,8.9,13
02/01/2024,14:00,154,1.3,26.8,0.6,23.2,82.3,0.0,1011,24.6,9.7,15
02/01/2024,15:00,124,1.7,33.5,0.9,24.5,73.3,0.0,1011,25.0,9.0,14
02/01/2024,16:00,126,1.8,37.1,1.0,24.8,67.6,0.0,1010,22.6,8.0,12
02/01/2024,17:00,129,1.7,38.7,1.0,24.6,67.0,0.0,1011,21.9,7.8,11
02/01/2024,18:00,138,1.9,36.4,1.0,24.4,67.2,0.0,1011,24.0,7.8,10
02/01/2024,19:00,132,1.7,36.6,0.9,24.1,67.8,0.0,1011,24.1,7.4,10
02/01/2024,20:00,148,1.7,32.2,0.9,23.7,69.0,0.0,1011,22.4,7.1,9
02/01/2024,21:00,156,1.2,37.7,0.6,23.4,70.1,0.0,1012,23.0,6.9,8
02/01/2024,22:00,161,0.8,45.1,0.5,23.1,70.8,0.0,1012,23.0,6.8,8
02/01/2024,23:00,175,0.6,57.5,0.5,23.0,71.7,0.0,1012,19.5,6.6,7
03/01/2024,00:00,170,0.3,77.1,0.3,22.1,75.9,0.0,1011,16.0,5.8,7
03/01/2024,01:00,184,0.5,65.6,0.5,22.2,71.0,0.0,1010,16.8,5.5,5
03/01/2024,02:00,171,0.4,65.4,0.4,22.0,70.6,0.0,1010,17.1,5.5,5
03/01/2024,03:00,180,0.4,64.8,0.4,21.7,72.3,0.0,1010,18.6,5.3,5
03/01/2024,04:00,171,0.4,73.1,0.4,21.6,73.0,0.0,1010,17.9,5.4,5
03/01/2024,05:00,173,0.2,84.3,0.4,21.9,71.6,0.0,1010,18.1,5.3,6
03/01/2024,06:00,175,0.4,78.1,0.5,23.4,65.2,0.0,1011,18.2,5.3,6
03/01/2024,07:00,166,0.8,52.0,0.6,25.2,58.1,0.0,1011,15.3,5.1,7
03/01/2024,08:00,154,0.8,58.7,0.7,26.6,54.2,0.0,1011,15.7,5.5,7
03/01/2024,09:00,154,1.2,40.0,0.7,27.0,53.7,0.0,1011,16.3,5.8,8
03/01/2024,10:00,162,0.6,58.7,0.5,28.1,51.9,0.0,1011,14.8,6.0,9
03/01/2024,11:00,153,0.5,67.0,0.4,28.5,51.4,0.0,1010,16.2,6.2,10
03/01/2024,12:00,168,0.7,57.1,0.5,29.0,50.4,0.0,1010,15.6,6.3,11
03/01/2024,13:00,145,1.2,37.2,0.6,28.7,53.4,0.0,1009,14.3,6.0,10
03/01/2024,14:00,148,1.4,33.8,0.7,29.8,47.4,0.0,1008,11.3,5.0,8
03/01/2024,15:00,115,1.5,38.4,0.8,29.5,53.0,0.0,1008,13.1,5.8,10
03/01/2024,16:00,123,1.5,37.1,0.8,28.7,55.3,0.0,1008,11.7,5.4,9
03/01/2024,17:00,109,1.4,39.2,0.7,28.4,58.0,0.0,1008,16.6,6.6,11
03/01/2024,18:00,102,1.1,36.8,0.6,27.1,63.6,0.0,1009,22.8,7.8,13
03/01/2024,19:00,94,0.9,43.4,0.5,26.2,66.3,0.0,1009,21.9,7.6,12
03/01/2024,20:00,97,0.6,37.7,0.4,25.6,68.4,0.0,1010,23.4,7.5,11
03/01/2024,21:00,81,0.6,43.8,0.3,25.1,71.2,0.0,1010,21.4,7.2,10
03/01/2024,22:00,145,0.7,45.8,0.4,25.0,68.9,0.0,1010,19.0,6.1,9
03/01/2024,23:00,154,0.4,58.8,0.3,24.7,68.3,0.0,1010,14.1,5.3,7
04/01/2024,00:00,166,0.3,62.0,0.3,24.6,69.6,0.0,1010,14.7,5.5,8
04/01/2024,01:00,176,0.6,57.6,0.5,24.2,70.8,0.0,1009,15.4,5.9,8
04/01/2024,02:00,185,0.4,59.0,0.4,23.7,72.1,0.0,1009,14.2,5.4,8
04/01/2024,03:00,160,0.5,56.3,0.4,23.6,72.3,0.0,1009,15.4,5.5,8
04/01/2024,04:00,172,0.6,55.9,0.4,23.3,73.6,0.0,1009,12.4,4.6,7
04/01/2024,05:00,180,0.4,72.1,0.3,23.4,74.3,0.0,1009,11.7,4.2,6
04/01/2024,06:00,163,0.5,61.7,0.4,25.0,68.4,0.0,1010,11.8,4.3,6
04/01/2024,07:00,169,0.3,85.3,0.4,26.8,61.5,0.0,1010,11.1,4.0,6
04/01/2024,08:00,162,0.4,75.8,0.4,27.0,61.8,0.0,1010,11.1,3.7,6
04/01/2024,09:00,148,0.6,53.8,0.4,27.6,60.1,0.0,1010,8.9,3.0,5
04/01/2024,10:00,6,0.8,38.8,0.5,28.7,58.4,0.0,1010,8.8,3.1,5
04/01/2024,11:00,87,0.6,54.1,0.6,29.8,54.5,0.0,1009,7.5,3.0,4
04/01/2024,12:00,32,0.7,41.6,0.5,29.9,55.6,0.0,1009,8.4,3.5,5
04/01/2024,13:00,36,1.0,39.0,0.6,30.5,52.4,0.0,1008,7.1,3.0,5
04/01/2024,14:00,35,0.9,41.5,0.6,30.4,53.3,0.0,1008,8.8,3.4,5
04/01/2024,15:00,6,1.2,38.9,0.6,29.8,57.0,0.0,1008,9.8,3.7,5
04/01/2024,16:00,15,1.1,38.9,0.6,29.1,60.1,0.0,1008,11.3,3.8,5
04/01/2024,17:00,47,1.0,32.6,0.5,28.3,62.7,0.0,1009,10.8,3.9,6
04/01/2024,18:00,54,0.9,35.2,0.5,27.5,66.0,0.0,1009,10.7,3.9,5
04/01/2024,19:00,56,0.9,33.7,0.4,26.7,71.1,0.0,1010,10.0,3.9,6
04/01/2024,20:00,62,0.7,32.9,0.4,26.3,74.2,0.0,1011,9.6,3.9,6
04/01/2024,21:00,92,0.6,43.3,0.3,25.9,77.0,0.0,1011,9.5,4.2,6
04/01/2024,22:00,101,0.5,35.8,0.3,25.4,79.5,0.0,1012,10.6,4.2,6
04/01/2024,23:00,61,0.6,38.5,0.3,25.1,80.4,0.0,1011,10.0,4.2,6
05/01/2024,00:00,130,0.5,44.0,0.3,24.7,79.8,0.0,1010,9.2,3.8,5
05/01/2024,01:00,158,0.2,59.4,0.2,24.6,79.5,0.0,1010,10.0,3.9,5
05/01/2024,02:00,162,0.3,56.5,0.2,24.3,80.7,0.0,1009,9.7,4.1,6
05/01/2024,03:00,163,0.3,63.5,0.3,24.2,81.1,0.0,1009,11.2,4.3,8
05/01/2024,04:00,176,0.2,74.6,0.3,23.9,82.2,0.0,1010,11.2,4.4,8
05/01/2024,05:00,177,0.2,83.8,0.2,24.0,81.4,0.0,1010,12.2,4.6,8
05/01/2024,06:00,162,0.3,68.4,0.3,25.9,71.1,0.0,1011,12.2,4.7,9
05/01/2024,07:00,152,0.5,64.9,0.4,27.4,62.8,0.0,1012,12.1,4.4,9
05/01/2024,08:00,141,1.2,39.2,0.6,27.9,59.1,0.0,1012,9.3,3.9,7
05/01/2024,09:00,141,1.3,34.5,0.6,27.9,59.1,0.0,1012,9.1,3.8,6
05/01/2024,10:00,127,1.1,44.3,0.7,27.9,60.7,0.0,1012,10.4,3.9,7
05/01/2024,11:00,138,1.2,45.9,0.8,29.0,56.3,0.0,1011,9.8,4.1,8
05/01/2024,12:00,134,1.5,35.4,0.8,28.5,58.8,0.1,1011,10.5,4.4,9
05/01/2024,13:00,127,1.4,40.1,0.8,29.9,50.8,0.0,1010,9.5,4.4,9
05/01/2024,14:00,110,1.7,34.6,0.9,28.9,57.2,0.0,1010,14.1,7.0,18
05/01/2024,15:00,117,1.6,38.2,0.9,28.2,57.6,0.0,1010,12.1,5.3,11
05/01/2024,16:00,94,1.6,32.6,0.8,28.4,56.2,0.0,1010,11.6,5.4,11
05/01/2024,17:00,103,1.5,33.3,0.7,27.7,60.8,0.0,1011,15.1,6.9,16
05/01/2024,18:00,106,1.4,35.0,0.7,27.0,62.4,0.0,1012,17.1,6.8,15
05/01/2024,19:00,89,1.3,36.1,0.7,26.2,64.3,0.0,1012,16.8,6.4,15
05/01/2024,20:00,116,1.0,39.3,0.6,25.8,64.3,0.0,1013,10.9,4.8,9
05/01/2024,21:00,142,1.4,32.8,0.7,25.5,64.3,0.0,1013,10.4,4.4,8
05/01/2024,22:00,134,1.6,32.8,0.8,25.4,63.7,0.0,1013,9.9,4.2,6
05/01/2024,23:00,135,1.8,36.1,1.0,24.3,70.7,0.0,1013,8.4,3.8,5
06/01/2024,00:00,144,1.2,37.6,0.7,23.8,73.6,0.0,1012,9.3,3.8,5
06/01/2024,01:00,150,1.6,31.3,0.7,24.3,67.7,0.0,1012,14.3,5.3,5
06/01/2024,02:00,160,1.0,41.7,0.6,24.4,66.4,0.0,1012,13.6,5.1,7
06/01/2024,03:00,168,0.6,58.8,0.5,23.8,69.9,0.0,1012,10.5,4.1,5
06/01/2024,04:00,172,0.6,58.7,0.5,23.1,71.1,0.0,1012,8.8,3.0,3
06/01/2024,05:00,171,0.7,53.9,0.5,23.2,69.1,0.0,1013,10.6,3.9,4
06/01/2024,06:00,169,0.7,55.7,0.6,23.9,63.3,0.0,1013,17.6,5.8,7
06/01/2024,07:00,162,1.4,43.9,0.9,24.7,58.5,0.0,1014,21.6,7.0,9
06/01/2024,08:00,157,2.0,33.0,0.9,25.5,57.0,0.0,1014,17.1,6.0,8
06/01/2024,09:00,149,2.6,28.5,1.1,26.0,57.7,0.0,1014,9.9,3.2,4
06/01/2024,10:00,121,2.4,33.4,1.2,26.1,58.3,0.0,1014,7.3,2.4,3
06/01/2024,11:00,113,2.3,33.2,1.2,26.1,59.6,0.0,1014,5.7,1.9,3
06/01/2024,12:00,126,2.4,39.9,1.2,24.7,68.2,0.0,1014,5.8,1.8,3
06/01/2024,13:00,100,1.9,39.2,1.0,24.1,72.5,0.0,1014,6.3,3.0,4
06/01/2024,14:00,113,2.0,34.1,1.0,24.9,65.9,0.0,1013,15.2,5.2,7
06/01/2024,15:00,103,1.8,37.1,1.0,24.7,66.9,0.0,1013,15.1,5.2,6
06/01/2024,16:00,120,2.1,34.8,1.0,25.0,62.0,0.0,1013,22.2,7.3,8
06/01/2024,17:00,99,1.6,40.6,0.9,24.6,62.7,0.0,1014,26.9,8.2,9
06/01/2024,18:00,100,1.5,36.4,0.8,24.4,62.2,0.0,1014,27.9,8.3,9
06/01/2024,19:00,120,1.3,38.1,0.7,23.8,64.1,0.0,1014,21.1,7.6,9
06/01/2024,20:00,124,1.0,38.5,0.5,23.5,63.2,0.0,1014,21.6,7.2,9
06/01/2024,21:00,131,1.1,37.2,0.6,23.2,64.7,0.0,1014,22.6,7.5,9
06/01/2024,22:00,132,0.8,37.0,0.5,23.1,65.3,0.0,1014,21.9,7.4,9
06/01/2024,23:00,153,0.3,64.0,0.3,23.0,65.8,0.0,1013,21.7,7.5,9
07/01/2024,00:00,170,0.4,70.2,0.4,22.9,65.7,0.0,1013,24.0,7.8,10
07/01/2024,01:00,172,0.7,51.9,0.5,22.4,66.9,0.0,1012,22.6,7.9,8
07/01/2024,02:00,172,0.5,63.1,0.4,22.2,67.9,0.0,1012,22.0,7.6,10
07/01/2024,03:00,161,0.5,60.9,0.4,21.9,69.6,0.0,1012,18.8,7.0,8
07/01/2024,04:00,173,0.5,61.9,0.5,21.8,69.5,0.0,1013,19.5,6.8,8
07/01/2024,05:00,175,0.7,53.9,0.6,21.9,68.4,0.0,1014,21.1,7.2,9
07/01/2024,06:00,165,0.4,76.4,0.4,23.5,61.8,0.0,1014,19.1,6.7,8
07/01/2024,07:00,140,0.9,49.2,0.6,24.9,57.0,0.0,1015,19.9,7.0,8
07/01/2024,08:00,148,1.9,27.6,0.9,25.2,58.9,0.0,1015,25.1,7.8,9
07/01/2024,09:00,131,1.5,37.9,0.9,26.4,55.3,0.0,1015,21.5,6.9,8
07/01/2024,10:00,113,1.4,43.1,0.9,26.9,53.4,0.0,1014,22.7,7.1,7
07/01/2024,11:00,100,1.4,44.3,0.9,27.5,52.2,0.0,1014,21.1,7.3,8
07/01/2024,12:00,110,1.6,39.6,0.8,27.5,53.1,0.0,1013,19.6,7.0,7
07/01/2024,13:00,107,1.5,44.2,0.9,27.6,54.2,0.0,1013,17.7,6.0,7
07/01/2024,14:00,100,1.8,38.8,1.0,27.1,55.6,0.0,1012,13.9,5.4,5
07/01/2024,15:00,84,1.7,36.0,0.9,26.3,59.4,0.0,1012,16.9,5.7,7
07/01/2024,16:00,94,1.4,38.8,0.7,25.8,62.8,0.0,1012,16.8,5.9,7
07/01/2024,17:00,74,1.3,39.7,0.7,25.0,66.9,0.0,1013,14.0,4.6,5
07/01/2024,18:00,85,1.5,35.2,0.8,23.8,72.0,0.0,1013,10.7,4.3,5
07/01/2024,19:00,82,0.9,42.6,0.5,23.5,72.9,0.0,1013,11.3,4.8,6
07/01/2024,20:00,110,0.8,36.3,0.4,23.3,77.0,0.0,1013,15.6,8.1,22
07/01/2024,21:00,160,0.4,61.2,0.4,23.2,79.1,0.0,1014,11.8,5.3,9
07/01/2024,22:00,142,0.6,48.1,0.3,22.9,80.8,0.0,1014,15.4,7.2,15
07/01/2024,23:00,168,0.2,70.2,0.3,22.9,81.4,0.0,1013,11.8,5.2,9
08/01/2024,00:00,161,0.3,77.5,0.4,22.6,81.8,0.0,1013,10.3,4.8,9
08/01/2024,01:00,166,0.4,68.6,0.4,22.6,81.4,0.0,1012,10.9,4.8,6
08/01/2024,02:00,162,0.4,69.7,0.4,22.4,83.4,0.0,1011,11.5,4.9,6
08/01/2024,03:00,164,0.5,62.5,0.4,22.1,84.5,0.0,1011,12.0,5.1,6
08/01/2024,04:00,161,0.4,62.7,0.3,22.1,84.6,0.0,1011,13.0,5.3,7
08/01/2024,05:00,156,0.2,86.7,0.3,22.2,85.0,0.0,1012,12.4,4.9,8
08/01/2024,06:00,168,0.2,69.9,0.3,22.4,85.8,0.0,1012,11.0,4.5,8
08/01/2024,07:00,157,0.3,61.8,0.2,23.2,84.9,0.0,1012,11.1,4.8,10
08/01/2024,08:00,126,0.4,43.7,0.2,24.2,83.4,0.0,1012,10.7,4.4,10
08/01/2024,09:00,337,0.6,42.9,0.4,25.6,78.0,0.0,1012,8.3,3.3,5
08/01/2024,10:00,26,1.0,40.6,0.6,27.5,69.9,0.0,1011,18.8,6.2,10
08/01/2024,11:00,354,1.4,40.0,0.8,27.0,72.7,1.7,1011,18.7,6.3,9
08/01/2024,12:00,341,1.2,38.0,0.6,25.9,77.3,0.0,1011,10.8,4.3,6
08/01/2024,13:00,338,1.4,39.8,0.8,27.5,70.6,0.0,1010,15.5,5.8,8
08/01/2024,14:00,1,1.0,35.5,0.7,27.3,72.5,0.0,1009,17.4,6.2,8
08/01/2024,15:00,56,1.0,38.6,0.6,27.7,71.5,0.0,1009,18.3,6.2,9
08/01/2024,16:00,21,1.0,40.4,0.6,27.3,73.7,0.0,1009,18.7,6.4,9
08/01/2024,17:00,1,1.0,41.1,0.6,27.0,74.9,0.0,1009,18.8,6.5,8
08/01/2024,18:00,333,1.0,39.7,0.5,25.5,82.1,0.1,1010,13.3,5.5,8
08/01/2024,19:00,331,1.0,32.4,0.4,25.4,83.0,0.0,1010,14.8,5.8,8
08/01/2024,20:00,330,1.1,26.9,0.4,25.5,83.2,0.0,1010,17.8,6.9,10
08/01/2024,21:00,329,1.1,26.2,0.4,25.6,81.8,0.0,1011,20.5,7.2,10
08/01/2024,22:00,332,1.3,18.0,0.4,25.7,81.5,0.0,1011,19.9,7.1,9
08/01/2024,23:00,336,0.6,37.6,0.3,25.6,83.1,0.0,1010,17.1,6.3,8
09/01/2024,00:00,331,0.8,35.3,0.4,25.3,84.7,2.0,1009,13.1,5.6,8
09/01/2024,01:00,319,0.5,54.9,0.3,25.0,83.9,0.0,1008,13.4,5.3,6
09/01/2024,02:00,310,0.8,30.0,0.4,24.8,84.0,0.0,1008,14.7,5.4,7
09/01/2024,03:00,88,0.1,47.5,0.2,24.7,84.3,0.0,1008,14.0,5.4,7
09/01/2024,04:00,3,0.4,52.3,0.3,24.8,84.9,0.0,1009,14.1,5.1,7
09/01/2024,05:00,297,0.4,44.8,0.2,25.0,84.3,0.0,1009,14.9,5.6,8
09/01/2024,06:00,256,0.1,69.2,0.2,25.6,81.7,0.0,1010,15.6,5.9,10
09/01/2024,07:00,276,0.1,84.2,0.2,26.1,78.3,0.0,1011,12.4,4.5,8
09/01/2024,08:00,111,0.3,54.2,0.2,26.8,74.8,0.0,1011,12.0,4.4,9
09/01/2024,09:00,150,0.7,44.8,0.4,27.2,72.6,0.0,1010,15.8,5.3,11
09/01/2024,10:00,162,0.5,57.8,0.4,27.2,72.5,0.0,1010,15.8,5.6,12
09/01/2024,11:00,153,0.8,52.5,0.4,27.8,70.1,0.0,1009,15.2,5.4,12
09/01/2024,12:00,91,0.5,43.0,0.4,28.8,64.9,0.0,1008,14.6,5.9,12
09/01/2024,13:00,17,0.8,47.8,0.6,29.7,61.7,0.0,1008,15.2,6.2,13
09/01/2024,14:00,31,1.4,39.1,0.8,29.7,58.8,0.0,1007,17.9,6.5,11
09/01/2024,15:00,353,1.8,33.5,0.9,29.4,60.4,0.0,1007,17.6,6.5,10
09/01/2024,16:00,342,1.7,31.9,0.8,28.2,66.7,0.0,1007,17.9,6.6,9
09/01/2024,17:00,344,1.8,31.4,0.8,27.7,68.0,0.0,1008,17.0,6.2,8
09/01/2024,18:00,333,1.7,24.9,0.7,27.0,74.1,0.0,1008,17.3,6.8,10
09/01/2024,19:00,331,1.5,23.8,0.6,26.6,77.7,0.0,1009,17.4,7.0,10
09/01/2024,20:00,341,0.9,44.6,0.5,26.6,78.3,0.0,1009,18.3,7.1,11
09/01/2024,21:00,334,0.8,47.6,0.5,26.5,77.7,0.0,1010,16.8,6.6,10
09/01/2024,22:00,326,1.0,26.4,0.5,26.2,77.2,0.0,1009,15.7,6.3,9
09/01/2024,23:00,328,0.9,33.2,0.4,25.9,80.6,0.0,1009,16.1,6.3,8
10/01/2024,00:00,312,0.4,41.9,0.2,25.7,82.1,0.0,1008,17.8,6.5,9
10/01/2024,01:00,302,0.3,53.2,0.2,25.3,82.9,0.0,1008,17.0,6.5,6
10/01/2024,02:00,279,0.2,47.1,0.2,24.9,83.6,0.0,1008,16.6,6.5,9
10/01/2024,03:00,144,0.4,43.6,0.2,24.6,84.8,0.0,1008,15.4,6.4,9
10/01/2024,04:00,183,0.2,65.1,0.3,24.4,85.3,0.0,1009,17.5,7.0,12
10/01/2024,05:00,157,0.2,60.2,0.2,24.2,86.0,0.0,1010,12.6,6.2,15
10/01/2024,06:00,169,0.2,62.1,0.3,24.2,86.0,0.0,1010,13.3,6.5,19
10/01/2024,07:00,176,0.2,66.5,0.3,24.8,83.1,0.0,1011,16.5,7.4,21
10/01/2024,08:00,177,0.1,74.5,0.3,27.6,68.1,0.0,1011,17.1,8.0,23
10/01/2024,09:00,156,0.2,69.6,0.3,29.3,58.9,0.0,1010,15.8,7.2,17
10/01/2024,10:00,155,0.4,59.1,0.4,30.9,50.5,0.0,1010,12.7,6.0,12
10/01/2024,11:00,17,0.7,53.5,0.6,31.8,47.4,0.0,1009,14.2,5.8,11
10/01/2024,12:00,359,1.3,42.6,0.8,31.3,54.9,0.0,1009,22.5,8.0,20
10/01/2024,13:00,10,1.1,36.8,0.8,31.5,52.2,0.0,1008,19.5,6.4,14
10/01/2024,14:00,36,1.3,35.9,0.7,29.5,58.3,0.0,1008,13.4,4.9,9
10/01/2024,15:00,359,1.6,35.0,0.9,29.3,59.7,0.0,1008,15.1,4.5,7
10/01/2024,16:00,354,1.6,35.5,0.9,28.7,64.3,0.0,1008,16.8,5.1,7
10/01/2024,17:00,11,1.0,45.1,0.7,27.9,68.5,0.0,1008,15.4,4.9,6
10/01/2024,18:00,49,0.9,39.0,0.5,27.5,68.8,0.0,1010,12.8,4.9,7
10/01/2024,19:00,59,0.9,36.0,0.5,27.1,69.9,0.0,1010,13.0,5.0,6
10/01/2024,20:00,56,0.9,34.8,0.4,26.6,73.8,0.0,1011,17.5,5.8,7
10/01/2024,21:00,63,0.8,36.1,0.4,26.3,74.3,0.0,1011,17.9,5.8,7
10/01/2024,22:00,71,0.8,33.8,0.4,26.0,74.7,0.0,1011,17.0,5.7,6
10/01/2024,23:00,92,0.8,33.3,0.4,25.6,77.0,0.0,1011,16.9,5.8,6
11/01/2024,00:00,87,0.8,31.9,0.3,25.0,78.0,0.0,1010,16.0,5.7,6
11/01/2024,01:00,75,0.7,35.4,0.3,24.8,75.7,0.0,1010,15.9,5.3,4
11/01/2024,02:00,79,0.7,36.8,0.3,24.5,74.6,0.0,1010,15.5,5.1,5
11/01/2024,03:00,109,0.5,57.3,0.3,24.2,74.0,0.0,1009,14.8,5.2,7
11/01/2024,04:00,147,0.4,50.6,0.3,23.8,76.3,0.0,1009,15.3,5.0,5
11/01/2024,05:00,146,0.5,49.0,0.3,24.0,75.2,0.0,1010,15.3,4.9,6
11/01/2024,06:00,162,0.3,77.9,0.4,25.2,70.5,0.0,1011,17.5,5.8,10
11/01/2024,07:00,156,0.4,67.2,0.4,25.3,70.7,0.0,1012,18.8,5.6,9
11/01/2024,08:00,338,0.5,56.5,0.3,24.9,76.0,0.0,1012,14.0,4.7,8
11/01/2024,09:00,84,0.2,53.4,0.2,25.7,76.0,0.3,1012,10.0,4.0,9
11/01/2024,10:00,68,0.4,56.3,0.5,26.3,74.5,0.3,1012,11.9,4.3,7
11/01/2024,11:00,8,0.3,26.3,0.5,25.7,78.3,1.0,1012,11.3,4.7,7
11/01/2024,12:00,51,0.6,47.8,0.6,26.9,72.3,0.0,1012,20.7,7.4,10
11/01/2024,13:00,54,1.3,42.3,0.8,28.1,60.0,0.0,1012,24.9,8.1,11
11/01/2024,14:00,68,1.3,43.4,0.9,28.8,54.0,0.0,1012,22.0,7.5,9
11/01/2024,15:00,92,1.5,39.6,0.9,28.8,51.9,0.0,1011,19.5,6.9,7
11/01/2024,16:00,81,1.7,38.7,0.9,28.1,55.6,0.0,1011,19.4,7.1,8
11/01/2024,17:00,98,1.5,39.2,0.8,27.4,57.5,0.0,1012,19.1,7.4,8
11/01/2024,18:00,104,1.5,33.9,0.8,26.5,61.9,0.0,1012,22.7,7.9,10
11/01/2024,19:00,92,1.3,35.6,0.6,25.8,65.0,0.0,1013,24.1,8.2,10
11/01/2024,20:00,97,0.9,38.9,0.5,25.5,66.1,0.0,1013,23.4,7.8,10
11/01/2024,21:00,84,0.9,33.2,0.4,24.8,70.4,0.2,1014,22.4,7.6,9
11/01/2024,22:00,108,0.7,35.7,0.4,24.5,71.1,0.0,1014,20.9,7.6,9
11/01/2024,23:00,127,0.8,35.7,0.4,24.3,68.6,0.0,1013,19.9,7.0,8
12/01/2024,00:00,138,0.9,35.0,0.5,24.0,68.4,0.0,1013,21.3,7.3,7
12/01/2024,01:00,150,0.6,49.4,0.3,23.7,69.8,0.0,1012,21.2,7.4,6
12/01/2024,02:00,172,0.5,59.8,0.4,23.0,73.2,0.0,1012,21.2,7.5,8
12/01/2024,03:00,172,0.4,60.0,0.4,22.7,73.1,0.0,1011,23.4,7.9,9
12/01/2024,04:00,174,0.5,57.9,0.4,22.3,72.3,0.0,1011,20.5,7.0,7
12/01/2024,05:00,175,0.7,52.7,0.6,22.1,71.7,0.0,1012,20.0,7.0,9
12/01/2024,06:00,171,0.6,65.2,0.5,23.1,67.2,0.0,1012,22.6,7.1,9
12/01/2024,07:00,146,1.2,46.6,0.7,23.9,67.5,0.0,1012,25.3,8.2,10
12/01/2024,08:00,154,1.9,32.6,1.0,23.7,76.1,0.0,1013,20.3,7.4,10
12/01/2024,09:00,151,2.0,30.9,0.9,23.9,77.8,0.0,1013,15.6,6.1,9
12/01/2024,10:00,153,1.7,28.9,0.8,23.4,83.9,0.1,1013,11.9,5.2,8
12/01/2024,11:00,152,0.9,42.6,0.5,24.0,84.2,0.2,1012,11.9,5.3,9
12/01/2024,12:00,125,1.6,57.5,0.9,26.8,68.9,0.0,1011,20.9,7.3,12
12/01/2024,13:00,122,2.4,35.0,1.2,28.5,55.2,0.0,1011,20.6,7.0,9
12/01/2024,14:00,110,2.5,36.7,1.2,28.6,54.4,0.0,1011,17.7,6.4,8
12/01/2024,15:00,115,1.9,39.0,1.1,26.8,64.1,0.0,1010,15.6,5.9,8
12/01/2024,16:00,113,2.2,33.3,1.1,27.6,61.4,0.0,1010,21.0,7.1,10
12/01/2024,17:00,90,1.4,39.0,0.8,26.2,70.2,0.0,1011,18.3,7.0,9
12/01/2024,18:00,102,0.9,37.6,0.6,24.6,80.8,2.3,1011,22.1,10.2,24
12/01/2024,19:00,133,1.2,32.8,0.6,24.6,81.3,1.4,1011,30.3,11.8,18
12/01/2024,20:00,125,1.1,34.9,0.6,24.2,84.0,0.3,1011,21.6,9.2,13
12/01/2024,21:00,145,1.2,32.5,0.6,24.2,84.4,0.8,1012,21.9,9.0,11
12/01/2024,22:00,155,1.3,28.1,0.6,23.6,86.3,0.3,1012,13.3,5.6,8
12/01/2024,23:00,158,0.6,61.3,0.4,23.5,86.4,1.0,1011,8.1,3.7,6
13/01/2024,00:00,158,0.5,64.4,0.4,23.0,86.8,0.2,1010,8.2,3.4,5
13/01/2024,01:00,164,0.6,57.4,0.4,22.7,86.4,0.0,1010,10.6,4.0,4
13/01/2024,02:00,160,0.5,64.2,0.4,22.7,86.5,0.0,1009,10.3,3.9,5
13/01/2024,03:00,175,0.5,61.3,0.4,22.8,86.6,0.0,1009,13.9,4.9,7
13/01/2024,04:00,161,0.4,66.6,0.4,22.6,86.5,0.2,1010,15.8,5.6,8
13/01/2024,05:00,157,0.2,76.1,0.3,22.5,86.2,0.0,1010,15.7,5.3,7
13/01/2024,06:00,161,0.3,67.1,0.3,22.9,84.6,0.0,1010,17.1,5.3,7
13/01/2024,07:00,144,0.4,64.1,0.3,23.9,80.6,0.0,1010,20.6,6.5,9
13/01/2024,08:00,133,1.5,35.1,0.8,25.5,72.8,0.0,1010,32.2,10.8,16
13/01/2024,09:00,122,1.8,36.0,0.9,26.9,63.5,0.0,1010,29.9,10.2,15
13/01/2024,10:00,146,1.9,35.4,1.0,27.5,60.5,0.0,1010,27.0,9.4,15
13/01/2024,11:00,137,1.4,41.7,0.8,28.0,57.7,0.0,1009,25.1,9.1,14
13/01/2024,12:00,111,1.6,38.3,0.9,29.4,50.4,0.0,1009,20.6,8.1,11
13/01/2024,13:00,106,1.5,41.1,0.8,29.8,50.9,0.0,1008,23.6,8.6,12
13/01/2024,14:00,108,1.5,43.8,0.9,29.9,50.7,0.0,1008,26.0,9.4,12
13/01/2024,15:00,110,1.8,37.4,1.0,29.6,51.5,0.0,1007,23.6,9.1,11
13/01/2024,16:00,99,1.4,40.8,0.8,28.8,55.0,0.0,1007,25.5,9.2,13
13/01/2024,17:00,79,1.6,37.5,0.8,27.6,59.1,0.0,1007,27.5,9.6,13
13/01/2024,18:00,82,1.3,36.0,0.7,26.4,62.5,0.0,1008,26.5,9.4,12
13/01/2024,19:00,59,1.1,39.0,0.6,25.6,64.9,0.0,1008,24.3,8.9,11
13/01/2024,20:00,64,0.9,40.1,0.5,25.1,68.7,0.0,1009,22.9,8.8,11
13/01/2024,21:00,62,0.8,34.6,0.3,24.9,70.5,0.0,1009,23.1,8.5,11
13/01/2024,22:00,57,0.7,34.9,0.3,24.7,71.5,0.0,1010,22.5,8.2,11
13/01/2024,23:00,107,0.7,32.3,0.3,24.3,74.1,0.0,1009,21.3,8.1,10
14/01/2024,00:00,143,0.9,30.1,0.4,23.9,75.4,0.0,1009,24.4,8.4,11
14/01/2024,01:00,170,0.3,61.9,0.3,23.5,76.3,0.0,1008,20.5,7.7,8
14/01/2024,02:00,182,0.2,75.5,0.3,23.3,76.7,0.0,1008,19.9,7.5,10
14/01/2024,03:00,171,0.4,66.5,0.4,23.1,74.3,0.0,1007,19.4,7.6,10
14/01/2024,04:00,170,0.2,76.8,0.3,22.7,75.0,0.0,1008,18.5,7.4,10
14/01/2024,05:00,160,0.3,76.6,0.3,22.7,74.7,0.0,1008,19.1,7.3,10
14/01/2024,06:00,160,0.5,71.9,0.5,24.1,67.8,0.0,1009,17.6,7.3,11
14/01/2024,07:00,150,0.7,62.3,0.5,25.7,61.6,0.0,1009,17.4,6.9,11
14/01/2024,08:00,144,1.5,33.3,0.8,26.6,55.9,0.0,1009,15.5,6.4,9
14/01/2024,09:00,150,1.8,31.5,0.9,27.8,50.7,0.0,1009,14.7,6.0,7
14/01/2024,10:00,151,1.3,43.5,0.8,29.1,46.8,0.0,1009,14.5,5.9,8
14/01/2024,11:00,136,1.0,50.3,0.7,30.2,43.3,0.0,1008,13.3,5.8,7
14/01/2024,12:00,154,1.1,50.8,0.8,31.1,40.7,0.0,1008,12.8,5.6,8
14/01/2024,13:00,123,0.8,53.0,0.7,31.4,39.9,0.0,1007,13.6,5.8,8
14/01/2024,14:00,109,0.9,37.3,0.6,31.6,41.6,0.0,1007,14.3,5.9,8
14/01/2024,15:00,70,1.4,39.2,0.8,31.0,50.4,0.0,1006,18.4,6.8,9
14/01/2024,16:00,84,1.4,38.9,0.9,30.2,55.4,0.0,1006,20.1,6.4,10
14/01/2024,17:00,102,2.0,35.8,1.1,28.8,58.4,0.0,1006,12.3,4.4,6
14/01/2024,18:00,109,1.9,36.5,1.0,27.5,59.1,0.0,1007,13.9,4.5,6
14/01/2024,19:00,106,1.4,42.2,0.8,26.7,60.6,0.0,1008,12.5,4.8,6
14/01/2024,20:00,133,1.2,36.0,0.7,26.4,61.2,0.0,1009,13.7,5.4,7
14/01/2024,21:00,143,1.3,37.4,0.7,26.2,62.9,0.0,1009,12.9,4.7,6
14/01/2024,22:00,138,1.1,31.5,0.5,25.9,64.7,0.0,1009,10.3,3.9,4
14/01/2024,23:00,147,0.6,52.0,0.4,25.6,66.1,0.0,1008,9.4,3.7,4
15/01/2024,00:00,162,0.4,60.2,0.3,25.2,67.3,0.0,1008,10.2,4.1,5
15/01/2024,01:00,171,0.5,64.0,0.4,25.1,67.2,0.0,1007,10.9,4.4,5
15/01/2024,02:00,167,0.6,58.5,0.5,24.9,69.9,0.0,1007,10.1,3.5,4
15/01/2024,03:00,168,0.6,55.5,0.4,24.7,71.3,0.0,1007,7.6,2.5,3
15/01/2024,04:00,168,0.6,59.2,0.5,24.6,72.3,0.0,1007,6.2,1.8,2
15/01/2024,05:00,169,0.6,60.3,0.5,24.5,72.5,0.0,1007,4.7,1.5,2
15/01/2024,06:00,164,0.7,61.4,0.5,25.3,69.1,0.0,1008,7.0,1.5,2
15/01/2024,07:00,149,0.7,61.2,0.5,26.1,66.9,0.0,1009,7.7,1.9,3
15/01/2024,08:00,149,1.2,31.9,0.5,25.1,78.3,0.0,1009,6.5,2.3,4
15/01/2024,09:00,140,1.5,27.9,0.7,27.4,68.7,0.0,1008,9.1,3.1,5
15/01/2024,10:00,117,0.9,43.6,0.7,27.2,72.0,1.8,1008,8.5,3.7,7
15/01/2024,11:00,16,0.9,34.3,0.6,24.7,81.9,2.6,1008,9.8,4.0,6
15/01/2024,12:00,352,0.8,40.1,0.5,25.5,78.6,0.0,1008,14.2,4.7,7
15/01/2024,13:00,48,1.2,39.4,0.7,27.7,71.9,0.1,1007,14.3,5.3,11
15/01/2024,14:00,75,1.4,35.5,0.7,27.8,68.6,0.0,1007,12.4,5.2,10
15/01/2024,15:00,87,1.6,30.7,0.8,25.2,78.4,1.8,1007,8.7,4.0,7
15/01/2024,16:00,56,0.8,31.1,0.4,24.2,83.9,0.0,1007,10.2,4.3,8
15/01/2024,17:00,74,0.8,37.8,0.4,24.8,82.3,0.0,1007,10.5,4.3,7
15/01/2024,18:00,87,0.9,30.1,0.4,24.8,81.2,0.0,1008,11.4,4.5,7
15/01/2024,19:00,104,0.7,41.9,0.4,24.8,81.4,0.0,1009,12.6,4.8,8
15/01/2024,20:00,140,1.0,35.3,0.5,24.7,81.5,0.0,1009,12.1,4.7,7
15/01/2024,21:00,135,1.6,31.5,0.8,24.4,80.7,0.0,1010,9.8,4.2,7
15/01/2024,22:00,137,1.1,36.1,0.6,23.6,82.2,0.0,1010,9.4,3.4,4
15/01/2024,23:00,138,1.1,32.4,0.5,23.4,82.5,0.0,1009,7.2,2.8,3
16/01/2024,00:00,110,0.7,40.3,0.4,23.4,81.9,0.0,1009,6.3,1.7,2
16/01/2024,01:00,125,0.9,35.8,0.5,23.1,84.1,0.0,1008,5.1,1.5,1
16/01/2024,02:00,83,0.7,34.5,0.3,23.3,84.7,0.0,1008,8.8,2.2,2
16/01/2024,03:00,147,1.1,29.1,0.5,23.3,83.5,0.0,1007,14.3,5.4,4
16/01/2024,04:00,149,0.9,33.1,0.4,23.0,83.0,0.0,1007,13.8,5.0,4
16/01/2024,05:00,162,0.5,52.0,0.4,23.0,83.7,0.0,1008,12.9,4.8,5
16/01/2024,06:00,153,0.6,48.3,0.4,23.7,81.7,0.0,1008,14.9,5.0,7
16/01/2024,07:00,151,1.3,32.3,0.6,25.1,77.4,0.0,1008,18.4,5.5,8
16/01/2024,08:00,139,1.2,37.3,0.7,26.8,71.1,0.0,1008,19.5,6.3,8
16/01/2024,09:00,100,1.3,34.3,0.6,25.9,73.6,2.8,1008,14.7,5.0,6
16/01/2024,10:00,110,0.6,36.1,0.5,25.1,80.6,0.0,1008,9.5,3.8,5
16/01/2024,11:00,116,0.6,45.1,0.4,24.4,83.1,0.1,1008,9.3,3.5,4
16/01/2024,12:00,77,0.9,30.6,0.4,25.2,83.6,0.0,1007,9.2,3.3,5
16/01/2024,13:00,84,0.9,38.0,0.6,26.0,77.8,0.0,1007,7.7,2.8,4
16/01/2024,14:00,127,1.4,43.6,0.7,24.5,82.7,0.1,1007,5.1,2.0,3
16/01/2024,15:00,117,1.3,41.1,0.7,24.2,79.9,0.0,1006,12.0,3.7,3
16/01/2024,16:00,75,1.0,35.3,0.5,24.7,77.1,0.0,1007,15.9,5.3,5
16/01/2024,17:00,130,1.0,37.4,0.5,25.2,74.7,0.0,1007,14.9,4.7,4
16/01/2024,18:00,86,0.9,34.5,0.4,25.2,72.8,0.0,1007,10.6,3.7,4
16/01/2024,19:00,118,0.6,35.5,0.3,24.7,72.8,0.0,1008,11.8,3.9,5
16/01/2024,20:00,143,0.7,42.0,0.4,24.2,77.6,0.0,1008,12.6,4.5,5
16/01/2024,21:00,150,0.6,58.1,0.4,24.2,79.3,0.0,1008,14.0,4.8,6
16/01/2024,22:00,159,0.5,39.9,0.3,23.9,80.7,0.0,1008,18.3,5.7,8
16/01/2024,23:00,149,0.4,58.5,0.3,23.9,82.5,0.1,1008,15.7,4.9,7
17/01/2024,00:00,148,0.5,52.4,0.3,23.6,85.0,0.0,1007,13.3,4.4,5
17/01/2024,01:00,155,0.4,67.5,0.3,23.3,84.6,0.0,1006,10.8,3.8,3
17/01/2024,02:00,162,0.2,78.5,0.3,23.3,84.8,0.0,1006,12.1,3.9,5
17/01/2024,03:00,156,0.3,68.6,0.3,23.3,84.9,0.0,1006,14.0,3.9,6
17/01/2024,04:00,164,0.3,77.2,0.3,23.0,84.6,0.0,1006,16.2,4.3,7
17/01/2024,05:00,158,0.3,86.2,0.3,23.1,83.4,0.0,1006,17.3,4.2,5
17/01/2024,06:00,150,0.4,72.8,0.4,24.7,76.0,0.0,1007,16.3,4.8,8
17/01/2024,07:00,153,0.5,65.0,0.4,25.6,74.4,0.0,1007,18.1,5.6,12
17/01/2024,08:00,91,0.3,64.1,0.3,27.1,70.3,0.0,1007,17.2,5.3,9
17/01/2024,09:00,86,0.6,31.3,0.3,26.7,72.9,0.0,1007,12.4,4.3,7
17/01/2024,10:00,49,0.3,49.9,0.5,28.4,64.4,0.0,1006,11.3,4.3,7
17/01/2024,11:00,70,1.1,33.3,0.5,28.9,63.8,0.0,1006,13.4,4.4,7
17/01/2024,12:00,84,1.2,41.6,0.7,29.4,62.5,0.0,1005,10.5,4.0,7
17/01/2024,13:00,35,1.1,41.2,0.7,29.6,60.5,0.0,1004,13.7,4.6,7
17/01/2024,14:00,355,1.5,32.3,0.7,29.3,60.0,0.0,1004,15.3,4.6,8
17/01/2024,15:00,355,1.4,36.8,0.7,29.3,59.9,0.0,1003,16.3,4.9,8
17/01/2024,16:00,16,1.2,42.6,0.8,28.8,64.6,0.0,1003,19.1,5.6,10
17/01/2024,17:00,359,1.2,40.1,0.7,28.1,70.1,0.0,1003,18.7,6.0,9
17/01/2024,18:00,17,0.8,45.9,0.6,27.8,69.8,0.0,1004,15.7,5.3,8
17/01/2024,19:00,3,0.9,42.4,0.6,27.4,72.3,0.0,1004,16.5,5.5,8
17/01/2024,20:00,350,1.0,36.9,0.6,27.2,75.0,0.0,1005,16.4,5.7,8
17/01/2024,21:00,345,1.0,32.5,0.6,26.9,76.8,0.0,1005,15.9,5.2,7
17/01/2024,22:00,336,1.3,22.7,0.6,26.6,79.5,0.0,1004,15.2,5.6,7
17/01/2024,23:00,339,1.2,28.1,0.5,26.7,77.9,0.0,1004,13.0,4.7,6
18/01/2024,00:00,336,0.6,52.1,0.4,26.6,79.5,0.2,1004,11.7,4.6,6
18/01/2024,01:00,330,0.6,25.8,0.3,26.1,81.7,0.0,1003,13.2,4.7,5
18/01/2024,02:00,324,0.3,57.9,0.2,25.9,82.6,0.0,1003,13.8,4.9,7
18/01/2024,03:00,321,0.3,60.6,0.2,25.8,82.5,0.0,1002,13.1,5.0,7
18/01/2024,04:00,315,0.2,47.2,0.2,25.5,83.4,0.0,1003,14.7,5.2,7
18/01/2024,05:00,329,0.4,37.0,0.2,25.8,81.9,0.0,1003,14.1,4.9,7
18/01/2024,06:00,336,0.8,33.1,0.3,26.2,80.4,0.0,1003,14.5,5.4,10
18/01/2024,07:00,335,0.4,63.2,0.3,27.5,73.4,0.0,1004,13.7,5.2,10
18/01/2024,08:00,131,0.2,55.2,0.3,29.1,64.1,0.0,1004,13.0,5.2,12
18/01/2024,09:00,152,0.5,61.8,0.4,29.3,63.8,0.0,1004,14.3,5.0,10
18/01/2024,10:00,139,0.3,88.2,0.3,30.2,61.0,0.0,1003,12.4,4.9,10
18/01/2024,11:00,321,0.2,77.2,0.3,31.6,55.6,0.0,1003,12.2,5.0,11
18/01/2024,12:00,330,0.2,67.9,0.3,32.7,51.3,0.0,1001,11.5,4.6,9
18/01/2024,13:00,352,1.2,40.8,0.8,31.8,59.0,0.0,1001,16.0,4.9,9
18/01/2024,14:00,2,1.3,35.7,0.8,31.6,59.8,0.0,1000,17.5,5.7,10
18/01/2024,15:00,356,1.4,38.6,0.7,30.6,62.6,0.0,999,16.9,5.7,9
18/01/2024,16:00,348,1.4,31.4,0.8,29.2,69.0,0.0,1000,17.9,5.8,9
18/01/2024,17:00,336,1.9,22.0,0.8,27.8,78.1,0.3,1000,17.3,6.3,8
18/01/2024,18:00,333,1.4,26.0,0.5,27.3,81.1,0.3,1001,17.8,6.9,11
18/01/2024,19:00,336,1.2,25.7,0.5,27.0,83.6,4.0,1003,16.3,7.3,14
18/01/2024,20:00,132,0.2,75.4,0.3,26.4,85.2,7.8,1004,14.8,6.8,12
18/01/2024,21:00,81,0.4,48.4,0.5,24.4,84.7,4.6,1003,10.9,3.4,6
18/01/2024,22:00,159,0.2,71.8,0.3,24.0,83.5,0.0,1003,9.7,2.2,3
18/01/2024,23:00,304,0.1,73.4,0.3,23.9,83.7,0.0,1002,12.7,2.6,4
19/01/2024,00:00,163,0.3,67.3,0.3,23.9,84.1,0.0,1001,12.1,3.3,6
19/01/2024,01:00,176,0.4,68.1,0.4,23.7,84.5,0.0,1001,15.2,3.2,4
19/01/2024,02:00,164,0.5,63.4,0.4,23.8,85.4,0.0,1001,14.1,4.3,9
19/01/2024,03:00,160,0.6,48.2,0.4,23.9,85.0,0.0,1001,13.9,4.3,9
19/01/2024,04:00,127,0.1,78.9,0.2,24.0,84.4,0.0,1002,14.5,4.1,8
19/01/2024,05:00,154,0.3,85.4,0.3,24.1,84.0,0.0,1003,14.8,4.3,8
19/01/2024,06:00,147,0.1,72.2,0.2,26.0,74.9,0.0,1003,14.2,4.3,8
19/01/2024,07:00,146,0.6,45.1,0.3,26.9,70.6,0.0,1004,15.4,4.3,9
19/01/2024,08:00,134,0.5,64.9,0.4,28.6,63.8,0.0,1003,12.9,4.2,9
19/01/2024,09:00,128,0.4,69.3,0.4,30.2,59.3,0.0,1003,16.4,5.6,13
19/01/2024,10:00,324,0.2,71.4,0.4,31.6,55.1,0.0,1003,19.0,6.3,17
19/01/2024,11:00,35,0.3,59.2,0.4,32.7,50.6,0.0,1003,14.4,5.5,15
19/01/2024,12:00,14,0.4,51.9,0.4,32.2,54.7,0.0,1002,16.0,6.5,20
19/01/2024,13:00,349,0.9,35.3,0.5,32.8,53.6,0.0,1002,15.3,6.3,22
19/01/2024,14:00,359,1.0,43.2,0.6,33.0,55.4,0.0,1001,17.3,6.4,20
19/01/2024,15:00,349,1.5,30.3,0.7,32.1,57.4,0.0,1001,17.1,6.2,16
19/01/2024,16:00,338,1.9,28.4,0.8,31.3,58.1,0.0,1000,16.9,6.2,15
19/01/2024,17:00,359,1.2,39.5,0.7,30.8,59.0,0.0,1001,14.7,5.8,13
19/01/2024,18:00,355,1.2,38.8,0.7,29.4,68.4,0.0,1002,15.5,6.0,10
19/01/2024,19:00,349,1.2,32.2,0.7,28.6,71.1,0.0,1004,13.3,5.5,9
19/01/2024,20:00,354,1.0,41.5,0.6,28.3,75.2,0.0,1004,14.2,5.8,9
19/01/2024,21:00,348,1.0,38.2,0.6,28.2,76.5,0.0,1005,14.1,5.9,9
19/01/2024,22:00,22,0.7,37.9,0.4,28.3,75.7,0.0,1005,16.1,5.9,9
19/01/2024,23:00,67,0.5,43.1,0.3,28.2,75.5,0.0,1005,15.1,6.0,10
20/01/2024,00:00,73,0.7,37.8,0.3,27.6,77.7,0.1,1004,14.1,5.5,9
20/01/2024,01:00,39,0.6,41.1,0.4,26.0,82.4,0.2,1004,10.7,4.3,5
20/01/2024,02:00,56,0.4,40.9,0.3,24.9,84.0,0.0,1004,7.0,2.4,4
20/01/2024,03:00,68,0.5,41.3,0.3,25.2,84.7,0.0,1004,8.9,3.3,4
20/01/2024,04:00,135,0.7,36.8,0.3,25.2,84.2,0.0,1004,7.9,3.3,4
20/01/2024,05:00,135,0.6,38.8,0.2,25.1,80.5,0.0,1005,8.5,3.3,6
20/01/2024,06:00,157,0.3,76.0,0.3,25.3,80.2,0.0,1006,8.7,3.1,5
20/01/2024,07:00,158,0.1,75.6,0.3,25.5,82.4,0.0,1006,10.1,3.8,8
20/01/2024,08:00,142,0.6,61.2,0.4,26.2,79.9,0.0,1006,12.6,4.5,13
20/01/2024,09:00,92,0.3,55.1,0.4,28.0,71.1,0.0,1006,10.6,4.3,11
20/01/2024,10:00,360,0.5,54.8,0.4,29.7,63.6,0.0,1006,10.6,4.3,9
20/01/2024,11:00,339,1.6,33.0,0.8,30.6,60.3,0.0,1006,11.8,4.7,9
20/01/2024,12:00,11,1.0,45.2,0.6,29.9,63.0,0.0,1005,12.2,4.7,9
20/01/2024,13:00,46,1.1,40.7,0.6,30.3,59.5,0.0,1005,12.0,4.6,8
20/01/2024,14:00,49,1.0,39.8,0.6,30.3,60.1,0.0,1004,12.8,4.7,8
20/01/2024,15:00,64,1.1,37.1,0.6,30.5,58.5,0.0,1004,12.1,4.6,7
20/01/2024,16:00,76,1.1,37.8,0.6,29.5,62.6,0.0,1004,9.6,3.9,6
20/01/2024,17:00,54,1.2,40.6,0.7,28.5,67.1,0.0,1005,8.9,3.4,5
20/01/2024,18:00,40,0.9,39.2,0.5,28.0,70.7,0.0,1005,10.9,4.1,6
20/01/2024,19:00,67,0.9,35.0,0.5,27.5,73.9,0.0,1006,11.9,4.7,8
20/01/2024,20:00,91,0.7,36.0,0.3,27.3,76.3,0.0,1007,14.7,5.8,11
20/01/2024,21:00,86,0.7,27.6,0.3,26.9,78.4,0.0,1007,16.3,5.8,10
20/01/2024,22:00,87,0.6,35.5,0.3,26.9,78.9,0.0,1007,13.9,5.3,10
20/01/2024,23:00,63,0.4,46.6,0.3,26.6,80.7,0.0,1006,12.5,4.8,8
21/01/2024,00:00,99,0.5,30.2,0.2,26.5,80.8,0.0,1006,11.4,4.5,7
21/01/2024,01:00,130,0.5,45.9,0.2,26.2,82.5,0.0,1005,13.2,4.7,7
21/01/2024,02:00,132,0.5,47.0,0.3,25.8,84.5,0.0,1005,13.5,4.9,8
21/01/2024,03:00,141,0.5,34.3,0.2,25.6,85.4,0.0,1005,14.6,5.5,9
21/01/2024,04:00,146,0.4,48.9,0.2,25.3,85.6,0.0,1005,16.7,6.1,12
21/01/2024,05:00,147,0.3,64.5,0.3,25.2,84.7,0.0,1006,17.4,6.6,17
21/01/2024,06:00,150,0.3,72.9,0.3,25.5,82.2,0.0,1006,18.0,7.4,25
21/01/2024,07:00,142,0.3,74.8,0.3,26.7,77.1,0.0,1007,18.1,7.2,21
21/01/2024,08:00,135,0.6,47.9,0.3,28.3,69.5,0.0,1006,15.0,6.1,14
21/01/2024,09:00,32,0.2,55.1,0.3,30.1,60.9,0.0,1006,14.5,6.9,19
21/01/2024,10:00,358,0.6,40.5,0.4,30.9,56.6,0.0,1006,15.8,7.5,20
21/01/2024,11:00,3,0.6,48.3,0.5,31.8,53.0,0.0,1005,14.4,6.4,14
21/01/2024,12:00,346,1.3,36.9,0.7,32.4,47.2,0.0,1005,11.5,5.2,9
21/01/2024,13:00,350,1.3,35.0,0.7,32.8,44.2,0.0,1004,10.6,4.8,8
21/01/2024,14:00,343,1.7,30.2,0.8,32.5,46.4,0.0,1004,11.4,4.9,8
21/01/2024,15:00,345,1.9,27.1,0.8,31.9,48.3,0.0,1003,11.3,4.6,7
21/01/2024,16:00,344,1.9,24.3,0.8,31.1,50.8,0.0,1003,10.1,4.2,6
21/01/2024,17:00,336,1.9,25.3,0.8,30.2,53.3,0.0,1003,10.4,4.1,6
21/01/2024,18:00,336,2.0,25.2,0.8,29.2,65.7,0.0,1004,11.4,4.5,7
21/01/2024,19:00,334,1.7,25.4,0.7,28.7,68.5,0.0,1004,10.8,4.5,8
21/01/2024,20:00,334,1.5,25.6,0.6,28.2,71.3,0.0,1004,10.3,4.3,7
21/01/2024,21:00,322,1.4,22.4,0.7,27.8,75.3,0.0,1005,9.6,4.2,7
21/01/2024,22:00,319,1.7,22.6,0.7,27.5,76.8,0.0,1005,12.4,4.4,7
21/01/2024,23:00,323,1.5,32.6,0.6,27.2,77.5,0.0,1004,12.8,4.5,7
22/01/2024,00:00,318,0.9,51.5,0.5,27.0,78.0,0.0,1004,12.7,4.5,7
22/01/2024,01:00,334,0.6,40.5,0.3,26.7,79.2,0.0,1003,11.1,4.5,6
22/01/2024,02:00,335,0.4,40.8,0.2,26.6,79.4,0.0,1003,11.1,4.5,7
22/01/2024,03:00,355,0.1,55.4,0.2,26.4,79.5,0.0,1003,11.9,4.6,7
22/01/2024,04:00,,0.0,69.7,0.2,26.1,80.9,0.0,1004,11.3,4.4,7
22/01/2024,05:00,299,0.2,39.6,0.1,26.1,81.0,0.0,1004,13.2,5.0,10
22/01/2024,06:00,,0.0,71.7,0.2,28.1,72.2,0.0,1004,14.2,5.2,11
22/01/2024,07:00,23,0.2,70.4,0.3,30.2,62.5,0.0,1004,16.4,6.0,15
22/01/2024,08:00,129,0.2,65.7,0.3,31.5,57.7,0.0,1004,18.9,6.3,15
22/01/2024,09:00,63,0.4,61.6,0.3,33.2,52.6,0.0,1004,18.7,6.8,16
22/01/2024,10:00,359,0.5,46.8,0.4,34.1,49.1,0.0,1003,18.5,7.1,18
22/01/2024,11:00,343,1.0,43.7,0.6,35.3,48.4,0.0,1003,19.2,7.3,19
22/01/2024,12:00,345,1.4,34.5,0.7,35.3,50.0,0.0,1002,21.3,6.7,17
22/01/2024,13:00,344,1.6,33.3,0.8,35.2,50.8,0.0,1002,22.1,6.6,15
22/01/2024,14:00,335,2.1,29.0,0.9,34.3,52.4,0.0,1002,23.0,6.2,13
22/01/2024,15:00,343,1.9,26.5,0.9,33.8,52.6,0.0,1001,17.6,5.8,11
22/01/2024,16:00,72,1.8,33.3,1.1,31.1,62.1,0.0,1002,30.1,10.2,22
22/01/2024,17:00,91,2.0,36.2,1.0,28.1,71.7,0.0,1004,42.3,17.5,38
22/01/2024,18:00,97,1.7,37.3,0.9,27.2,70.1,0.0,1005,38.9,16.3,37
22/01/2024,19:00,105,1.9,35.4,1.0,26.8,70.0,0.0,1006,42.8,16.1,33
22/01/2024,20:00,111,1.9,39.7,1.1,26.2,69.3,0.0,1007,31.5,12.3,24
22/01/2024,21:00,106,1.6,44.7,1.0,25.8,68.8,0.0,1007,25.8,9.8,19
22/01/2024,22:00,128,1.5,42.8,0.9,25.5,68.4,0.0,1007,28.6,10.4,19
22/01/2024,23:00,129,1.6,37.4,0.8,25.3,68.8,0.0,1007,26.6,10.3,18
23/01/2024,00:00,134,1.9,33.1,0.9,25.3,67.5,0.0,1007,30.2,10.9,18
23/01/2024,01:00,142,1.4,32.6,0.7,25.2,66.8,0.0,1007,28.2,10.0,13
23/01/2024,02:00,143,1.6,34.5,0.8,25.3,64.9,0.0,1006,29.2,9.9,14
23/01/2024,03:00,142,1.7,33.4,0.9,25.2,65.1,0.0,1006,27.1,9.2,14
23/01/2024,04:00,138,1.6,35.7,0.8,25.0,66.6,0.0,1007,20.7,7.7,12
23/01/2024,05:00,136,1.6,35.8,0.8,24.7,67.1,0.0,1007,14.2,5.5,9
23/01/2024,06:00,132,1.5,40.0,0.9,24.8,66.0,0.0,1008,20.6,7.8,12
23/01/2024,07:00,130,1.6,40.6,0.9,25.3,65.3,0.0,1008,24.1,8.2,14
23/01/2024,08:00,139,1.9,34.7,0.9,25.5,64.4,0.0,1008,18.1,6.8,12
23/01/2024,09:00,126,1.6,39.3,0.9,25.9,62.2,0.0,1009,23.2,7.7,12
23/01/2024,10:00,115,1.5,38.5,0.8,26.4,59.7,0.0,1009,30.1,9.8,15
23/01/2024,11:00,120,1.5,37.0,0.8,26.6,59.5,0.0,1008,29.1,10.6,17
23/01/2024,12:00,107,1.5,35.9,0.8,26.6,60.2,0.0,1008,34.3,11.3,19
23/01/2024,13:00,128,1.6,35.9,0.8,26.4,60.3,0.0,1008,38.7,10.7,15
23/01/2024,14:00,112,1.6,33.6,0.9,26.4,59.8,0.0,1008,35.7,10.2,14
23/01/2024,15:00,121,1.5,38.5,0.9,26.1,59.9,0.0,1008,32.8,9.6,12
23/01/2024,16:00,117,1.4,38.3,0.8,25.8,60.6,0.0,1008,31.5,9.6,11
23/01/2024,17:00,121,1.7,37.8,0.8,25.4,61.4,0.0,1009,31.7,9.6,11
23/01/2024,18:00,120,1.4,39.6,0.8,24.9,62.4,0.0,1009,32.1,9.5,10
23/01/2024,19:00,102,1.3,37.0,0.7,24.8,60.6,0.0,1010,28.9,9.0,9
23/01/2024,20:00,95,1.1,36.1,0.6,24.6,60.1,0.0,1010,26.8,8.4,8
23/01/2024,21:00,111,1.0,40.6,0.6,24.7,58.2,0.0,1011,24.2,7.6,8
23/01/2024,22:00,127,1.1,37.3,0.5,24.5,58.0,0.0,1010,24.1,8.3,11
23/01/2024,23:00,116,0.9,36.9,0.5,24.4,57.6,0.0,1010,26.8,9.7,15
24/01/2024,00:00,138,1.0,34.0,0.5,24.2,58.3,0.0,1009,23.8,7.4,8
24/01/2024,01:00,144,0.9,35.5,0.5,24.1,59.6,0.0,1009,22.3,7.4,7
24/01/2024,02:00,155,0.3,71.1,0.3,23.8,61.1,0.0,1009,21.4,7.1,7
24/01/2024,03:00,166,0.5,59.1,0.5,23.2,64.8,0.0,1009,19.4,6.8,7
24/01/2024,04:00,171,0.3,75.3,0.4,22.8,67.2,0.0,1009,20.5,6.7,7
24/01/2024,05:00,177,0.1,83.7,0.3,22.8,68.0,0.0,1010,21.1,6.9,8
24/01/2024,06:00,154,0.3,80.1,0.4,23.7,64.4,0.0,1011,22.6,7.1,9
24/01/2024,07:00,149,0.8,49.8,0.5,24.9,60.7,0.0,1011,28.3,7.7,11
24/01/2024,08:00,135,1.6,33.2,0.9,26.3,56.7,0.0,1011,24.7,7.4,9
24/01/2024,09:00,118,1.1,38.4,0.7,27.4,53.7,0.0,1011,24.0,7.4,9
24/01/2024,10:00,90,1.0,51.9,0.8,28.1,50.6,0.0,1011,20.0,6.8,8
24/01/2024,11:00,60,1.0,46.7,0.7,28.3,49.8,0.0,1010,19.5,6.5,8
24/01/2024,12:00,26,1.2,37.5,0.7,28.1,49.4,0.0,1010,18.4,6.3,8
24/01/2024,13:00,29,1.2,40.3,0.8,28.8,45.8,0.0,1010,15.7,5.8,7
24/01/2024,14:00,58,1.3,39.9,0.9,28.7,44.6,0.0,1009,15.1,5.4,6
24/01/2024,15:00,36,1.1,43.1,0.7,28.6,45.1,0.0,1009,14.4,5.1,6
24/01/2024,16:00,60,1.2,35.4,0.6,28.1,47.0,0.0,1009,13.9,4.9,6
24/01/2024,17:00,65,1.2,37.7,0.6,27.6,48.6,0.0,1010,14.3,4.8,5
24/01/2024,18:00,50,1.0,38.7,0.6,26.7,54.7,0.0,1010,16.8,5.2,6
24/01/2024,19:00,68,0.8,38.6,0.5,26.0,58.2,0.0,1011,17.0,5.6,6
24/01/2024,20:00,78,0.8,33.3,0.3,25.3,61.5,0.0,1011,15.9,5.8,7
24/01/2024,21:00,70,0.6,38.7,0.3,24.8,63.8,0.0,1012,16.6,6.0,8
24/01/2024,22:00,75,0.6,35.0,0.2,24.5,65.5,0.0,1012,16.8,5.6,7
24/01/2024,23:00,78,0.5,39.5,0.2,24.3,66.7,0.0,1011,17.3,5.5,6
25/01/2024,00:00,155,0.5,47.3,0.3,23.8,68.3,0.0,1011,18.3,5.7,7
25/01/2024,01:00,170,0.2,74.6,0.3,23.2,69.5,0.0,1010,14.9,5.5,9
25/01/2024,02:00,176,0.3,65.9,0.3,22.8,71.1,0.0,1010,14.8,5.9,10
25/01/2024,03:00,179,0.2,74.3,0.3,22.4,68.2,0.0,1010,14.2,5.9,10
25/01/2024,04:00,167,0.4,63.8,0.3,21.8,73.7,0.0,1010,13.8,5.5,9
25/01/2024,05:00,169,0.4,58.6,0.4,21.8,72.5,0.0,1010,17.2,6.0,11
25/01/2024,06:00,171,0.5,67.1,0.5,23.2,66.6,0.0,1011,16.4,5.8,10
25/01/2024,07:00,147,0.4,56.8,0.4,25.1,60.7,0.0,1011,23.5,6.6,12
25/01/2024,08:00,338,0.2,68.4,0.4,27.6,55.0,0.0,1011,24.7,7.2,12
25/01/2024,09:00,28,0.8,44.7,0.5,28.8,52.3,0.0,1011,22.8,7.0,11
25/01/2024,10:00,1,0.9,43.1,0.6,29.4,50.2,0.0,1010,23.3,7.2,11
25/01/2024,11:00,356,0.7,56.5,0.6,30.5,46.5,0.0,1009,18.7,6.4,9
25/01/2024,12:00,0,1.1,50.6,0.8,31.1,46.1,0.0,1009,18.7,6.7,9
25/01/2024,13:00,360,1.3,38.7,0.8,31.1,47.8,0.0,1008,20.3,6.9,10
25/01/2024,14:00,348,1.7,34.6,0.9,30.7,48.9,0.0,1007,20.2,6.6,9
25/01/2024,15:00,342,1.9,29.6,0.9,30.0,52.1,0.0,1007,18.0,6.4,8
25/01/2024,16:00,337,2.2,26.5,1.0,28.9,58.5,0.0,1007,18.5,6.3,8
25/01/2024,17:00,333,2.1,26.1,0.9,28.0,61.3,0.0,1008,21.0,6.5,8
25/01/2024,18:00,330,2.4,22.8,0.9,27.3,62.3,0.0,1008,21.4,6.9,9
25/01/2024,19:00,332,1.8,22.3,0.7,27.0,62.8,0.0,1009,20.6,6.8,9
25/01/2024,20:00,337,1.4,25.6,0.6,26.8,64.7,0.0,1009,20.4,7.0,10
25/01/2024,21:00,342,1.4,28.8,0.7,26.8,65.9,0.0,1010,19.8,6.7,8
25/01/2024,22:00,346,1.3,31.4,0.7,26.7,65.1,0.0,1010,19.3,6.7,8
25/01/2024,23:00,345,1.0,35.7,0.5,26.4,65.5,0.0,1009,18.6,6.4,7
26/01/2024,00:00,336,1.1,30.9,0.4,26.1,65.2,0.0,1009,18.6,6.4,7
26/01/2024,01:00,317,0.2,52.9,0.2,25.3,68.3,0.0,1008,16.5,6.1,7
26/01/2024,02:00,151,0.1,78.5,0.2,25.1,70.0,0.0,1007,17.8,6.2,8
26/01/2024,03:00,156,0.3,66.5,0.3,24.8,73.0,0.0,1007,16.4,6.2,8
26/01/2024,04:00,230,0.1,67.7,0.2,24.4,74.8,0.0,1007,16.1,6.4,10
26/01/2024,05:00,167,0.4,57.3,0.3,24.0,76.3,0.0,1007,18.4,6.7,11
26/01/2024,06:00,152,0.5,57.2,0.4,24.8,73.4,0.0,1007,17.8,7.0,13
26/01/2024,07:00,138,0.2,72.3,0.3,26.4,66.3,0.0,1007,17.3,6.9,12
26/01/2024,08:00,135,0.3,52.2,0.3,27.6,62.5,0.0,1007,18.8,7.2,13
26/01/2024,09:00,339,0.4,57.8,0.4,28.7,63.3,0.0,1007,18.3,6.4,11
26/01/2024,10:00,344,0.9,54.5,0.6,29.2,65.2,0.0,1006,17.1,6.1,10
26/01/2024,11:00,339,1.1,41.8,0.6,29.0,69.4,0.0,1005,15.1,5.7,10
26/01/2024,12:00,333,1.1,49.3,0.6,28.5,75.1,0.0,1004,18.3,6.8,11
26/01/2024,13:00,338,1.8,29.7,0.8,28.3,77.3,0.0,1004,17.3,6.5,10
26/01/2024,14:00,340,1.6,33.2,0.8,28.7,75.8,0.0,1003,16.5,6.2,10
26/01/2024,15:00,330,1.9,22.3,0.8,28.8,75.7,0.0,1002,16.2,5.9,9
26/01/2024,16:00,341,1.5,33.3,0.8,28.4,80.1,0.0,1002,18.9,7.0,9
26/01/2024,17:00,344,1.4,34.1,0.7,28.9,77.6,0.0,1002,19.1,6.9,10
26/01/2024,18:00,336,2.0,23.1,0.8,28.6,79.4,0.0,1002,19.9,7.5,10
26/01/2024,19:00,335,1.7,24.7,0.8,28.3,81.5,0.0,1002,20.9,8.0,12
26/01/2024,20:00,335,1.3,28.2,0.6,28.3,81.3,0.0,1002,18.6,7.4,12
26/01/2024,21:00,334,0.8,41.6,0.4,28.3,81.8,0.0,1003,18.5,7.4,11
26/01/2024,22:00,335,1.0,21.7,0.4,28.3,81.2,0.0,1003,16.4,6.3,10
26/01/2024,23:00,329,1.3,12.7,0.4,28.1,80.7,0.0,1002,16.8,6.7,10
27/01/2024,00:00,329,0.8,30.8,0.4,27.9,80.3,0.0,1002,15.6,6.8,11
27/01/2024,01:00,329,1.3,16.6,0.4,27.6,80.8,0.0,1001,17.8,7.1,11
27/01/2024,02:00,327,1.1,13.4,0.4,27.5,81.5,0.0,1001,17.0,7.2,12
27/01/2024,03:00,322,0.6,32.9,0.2,27.3,82.1,0.0,1001,16.9,7.1,12
27/01/2024,04:00,331,0.8,18.6,0.3,27.3,82.4,0.0,1001,17.3,7.2,13
27/01/2024,05:00,336,0.9,25.2,0.3,27.4,82.0,0.0,1002,18.7,7.4,14
27/01/2024,06:00,334,1.0,15.4,0.3,27.8,78.1,0.0,1003,18.0,7.6,16
27/01/2024,07:00,322,1.3,16.9,0.5,29.1,69.1,0.0,1003,18.7,7.8,18
27/01/2024,08:00,334,0.4,64.7,0.4,31.9,57.3,0.0,1003,19.8,8.5,23
27/01/2024,09:00,333,0.1,98.9,0.3,33.9,50.6,0.0,1002,19.3,8.9,26
27/01/2024,10:00,354,0.2,80.8,0.4,34.6,48.5,0.0,1002,18.7,9.1,28
27/01/2024,11:00,13,0.5,57.4,0.5,34.6,49.4,0.0,1001,20.1,9.5,27
27/01/2024,12:00,2,1.4,38.9,0.8,34.0,54.6,0.0,1000,22.6,9.1,22
27/01/2024,13:00,343,2.0,31.4,0.9,33.6,55.2,0.0,999,22.2,8.7,19
27/01/2024,14:00,341,2.2,26.7,1.0,32.5,60.9,0.0,999,25.0,9.3,18
27/01/2024,15:00,347,1.9,30.8,0.9,31.8,64.2,0.0,998,22.3,9.0,17
27/01/2024,16:00,339,2.2,26.6,0.9,31.3,66.1,0.0,998,23.5,8.9,16
27/01/2024,17:00,338,1.8,30.3,0.9,31.0,68.3,0.0,999,24.7,9.5,16
27/01/2024,18:00,350,1.5,32.4,0.8,30.2,72.6,0.0,999,27.9,10.0,16
27/01/2024,19:00,332,1.9,23.0,0.7,29.5,74.5,0.0,1000,28.7,10.8,17
27/01/2024,20:00,335,1.5,30.5,0.7,29.3,75.8,0.0,1000,27.0,10.8,18
27/01/2024,21:00,336,1.5,30.2,0.7,29.1,77.6,0.0,1001,28.7,11.0,17
27/01/2024,22:00,341,1.1,38.6,0.6,29.1,78.4,0.0,1001,28.8,10.7,15
27/01/2024,23:00,350,0.5,53.1,0.4,29.2,77.7,0.0,1001,25.5,9.7,14
28/01/2024,00:00,4,0.5,47.5,0.4,29.2,75.8,0.0,1000,21.1,8.3,13
28/01/2024,01:00,10,0.6,47.7,0.4,29.1,74.6,0.0,1000,17.1,6.8,10
28/01/2024,02:00,152,0.2,71.1,0.4,28.7,75.3,0.3,1000,15.3,6.2,10
28/01/2024,03:00,170,1.0,49.8,0.7,25.6,84.6,1.8,1001,6.5,2.5,3
28/01/2024,04:00,171,0.8,55.0,0.5,25.1,85.8,0.0,1001,4.2,1.3,2
28/01/2024,05:00,176,0.5,58.8,0.5,24.8,87.2,19.2,1002,5.8,2.5,3
28/01/2024,06:00,166,0.4,56.1,0.3,24.8,88.0,0.8,1003,5.7,1.6,3
28/01/2024,07:00,157,0.2,78.0,0.3,24.9,88.1,13.5,1003,6.5,2.6,4
28/01/2024,08:00,163,0.2,78.3,0.4,25.0,87.9,3.8,1004,4.2,1.7,3
28/01/2024,09:00,175,0.1,86.5,0.3,24.8,87.5,1.8,1004,4.3,1.6,3
28/01/2024,10:00,126,0.2,68.3,0.2,24.9,87.1,0.8,1004,3.8,1.7,3
28/01/2024,11:00,159,0.9,40.7,0.5,25.6,85.4,0.0,1002,4.8,2.0,6
28/01/2024,12:00,169,0.1,61.4,0.2,27.0,78.2,0.0,1003,7.0,2.8,9
28/01/2024,13:00,59,0.3,49.0,0.2,27.3,76.6,0.0,1003,7.7,3.8,13
28/01/2024,14:00,120,0.6,23.4,0.3,27.7,74.5,0.0,1003,8.4,4.2,15
28/01/2024,15:00,138,0.9,32.6,0.4,28.0,73.4,0.0,1002,8.1,4.4,16
28/01/2024,16:00,134,0.5,52.8,0.3,29.0,68.3,0.0,1002,7.9,4.0,14
28/01/2024,17:00,59,0.5,36.0,0.3,29.4,68.6,0.0,1003,6.8,3.4,9
28/01/2024,18:00,58,0.7,42.1,0.4,28.6,75.3,0.0,1004,8.8,3.8,8
28/01/2024,19:00,57,0.7,40.7,0.3,27.9,76.8,0.0,1005,9.1,3.9,8
28/01/2024,20:00,58,0.8,32.6,0.4,27.6,78.4,0.0,1005,10.5,4.3,8
28/01/2024,21:00,70,0.6,39.5,0.3,27.3,79.6,0.0,1006,11.5,4.5,7
28/01/2024,22:00,78,0.6,36.0,0.3,27.1,79.0,0.0,1006,11.2,4.3,7
28/01/2024,23:00,113,0.7,30.8,0.3,27.1,78.2,0.0,1006,10.5,3.8,7
29/01/2024,00:00,125,0.4,65.4,0.3,26.9,77.7,0.0,1006,10.5,3.7,6
29/01/2024,01:00,130,0.3,65.4,0.2,26.9,77.0,0.0,1005,10.6,3.6,6
29/01/2024,02:00,141,0.8,31.1,0.4,26.7,78.2,0.0,1005,10.4,3.9,6
29/01/2024,03:00,154,1.0,28.5,0.4,26.6,79.5,0.0,1005,11.4,3.9,6
29/01/2024,04:00,149,1.2,31.9,0.6,26.4,82.1,0.0,1005,10.3,3.6,5
29/01/2024,05:00,155,1.3,26.5,0.5,26.4,82.6,0.0,1006,10.5,3.7,6
29/01/2024,06:00,144,1.3,26.0,0.6,27.2,79.0,0.0,1007,9.9,4.0,7
29/01/2024,07:00,129,1.1,39.3,0.5,28.2,74.8,0.0,1007,9.6,3.5,6
29/01/2024,08:00,131,1.1,33.8,0.6,28.5,73.8,0.0,1007,10.2,3.4,6
29/01/2024,09:00,125,0.9,45.8,0.6,29.2,69.9,0.0,1007,8.4,2.7,5
29/01/2024,10:00,118,1.0,42.2,0.6,29.6,69.5,0.0,1007,8.4,3.2,5
29/01/2024,11:00,90,1.3,39.6,0.6,30.3,64.7,0.0,1006,8.8,2.8,5
29/01/2024,12:00,82,1.1,40.4,0.8,30.4,65.4,0.0,1005,,,
29/01/2024,13:00,58,1.0,41.9,0.6,30.2,66.3,0.0,1005,,,
29/01/2024,14:00,84,1.4,33.7,0.7,30.3,65.1,0.0,1004,7.9,2.8,4
29/01/2024,15:00,55,1.2,41.9,0.8,29.7,67.1,0.0,1004,7.7,2.5,4
29/01/2024,16:00,58,1.1,38.3,0.7,29.0,70.4,0.0,1004,7.9,3.0,4
29/01/2024,17:00,74,1.4,31.6,0.7,28.5,73.1,0.0,1004,8.7,3.3,4
29/01/2024,18:00,81,1.0,37.1,0.6,27.8,77.3,0.0,1005,8.0,3.4,5
29/01/2024,19:00,100,0.6,39.7,0.3,27.1,83.2,0.0,1006,9.8,3.5,5
29/01/2024,20:00,84,0.9,33.1,0.4,26.8,83.8,0.0,1006,10.8,3.7,5
29/01/2024,21:00,76,0.8,33.8,0.4,26.9,84.5,0.0,1006,10.8,4.0,5
29/01/2024,22:00,58,0.9,31.9,0.4,26.9,85.0,0.0,1006,12.3,4.4,6
29/01/2024,23:00,68,0.9,33.1,0.4,26.8,85.6,0.0,1005,17.0,5.8,7
30/01/2024,00:00,101,0.8,30.3,0.4,26.7,85.8,1.3,1005,23.0,8.0,9
30/01/2024,01:00,111,1.0,32.6,0.5,26.3,86.8,4.3,1005,17.9,6.7,7
30/01/2024,02:00,138,1.1,35.0,0.5,25.9,87.1,3.2,1005,14.1,5.9,7
30/01/2024,03:00,121,1.1,35.0,0.6,25.8,86.9,1.1,1004,11.6,4.7,7
30/01/2024,04:00,135,0.9,38.5,0.5,25.7,86.4,0.4,1004,9.2,4.1,6
30/01/2024,05:00,148,1.1,28.5,0.5,25.7,86.8,0.1,1005,11.5,4.8,7
30/01/2024,06:00,120,0.8,38.5,0.4,25.9,87.1,0.4,1005,14.0,4.9,7
30/01/2024,07:00,118,1.0,36.8,0.5,26.2,86.6,0.6,1005,16.0,5.2,7
30/01/2024,08:00,102,1.2,35.1,0.6,26.6,85.5,0.0,1005,16.2,5.5,6
30/01/2024,09:00,80,1.5,29.9,0.7,27.4,81.8,0.0,1006,16.9,5.5,7
30/01/2024,10:00,82,1.7,32.7,0.8,28.0,76.7,0.0,1006,16.0,5.4,8
30/01/2024,11:00,106,1.6,40.8,0.8,28.4,73.2,0.0,1006,15.1,5.5,8
30/01/2024,12:00,102,1.8,38.0,0.9,29.1,65.6,0.0,1005,18.3,6.0,9
30/01/2024,13:00,88,1.6,37.6,0.9,27.6,73.8,0.3,1005,16.3,5.8,8
30/01/2024,14:00,93,1.2,42.0,0.7,27.2,75.2,0.0,1005,16.6,5.7,9
30/01/2024,15:00,101,1.0,38.9,0.5,27.1,75.6,0.2,1005,16.8,5.8,9
30/01/2024,16:00,88,1.2,33.6,0.6,27.0,76.2,0.0,1005,18.1,6.1,10
30/01/2024,17:00,102,1.1,39.5,0.7,27.2,71.8,0.0,1005,19.6,6.2,10
30/01/2024,18:00,104,1.1,37.1,0.6,26.9,72.7,0.0,1005,20.8,6.7,10
30/01/2024,19:00,106,0.9,39.0,0.6,26.6,74.6,0.0,1006,22.1,7.9,13
30/01/2024,20:00,90,1.0,33.8,0.6,26.4,74.7,0.0,1006,28.8,9.3,13
30/01/2024,21:00,103,1.0,36.1,0.5,26.3,72.7,0.0,1007,30.4,9.6,13
30/01/2024,22:00,109,1.0,34.4,0.5,26.2,71.8,0.0,1007,28.7,9.0,12
30/01/2024,23:00,121,0.9,34.9,0.4,26.0,70.5,0.0,1006,28.3,8.6,12
31/01/2024,00:00,133,0.9,34.1,0.5,25.8,69.8,0.0,1006,27.3,8.4,11
31/01/2024,01:00,139,0.9,32.4,0.4,25.7,67.7,0.0,1005,24.8,8.0,7
31/01/2024,02:00,141,0.8,31.9,0.4,25.4,68.5,0.0,1004,22.6,7.7,9
31/01/2024,03:00,146,0.8,36.5,0.4,25.0,70.5,0.0,1004,24.1,7.7,10
31/01/2024,04:00,153,0.5,50.2,0.4,24.5,73.4,0.0,1004,24.3,7.8,10
31/01/2024,05:00,163,0.4,73.2,0.4,24.2,74.5,0.0,1005,22.8,7.6,11
31/01/2024,06:00,165,0.5,59.5,0.5,24.8,71.5,0.0,1005,24.5,7.9,13
31/01/2024,07:00,153,1.4,34.8,0.7,25.9,65.4,0.0,1006,24.7,7.7,12
31/01/2024,08:00,139,2.1,32.4,1.0,26.9,57.7,0.0,1006,20.0,6.8,9
31/01/2024,09:00,150,2.5,29.4,1.0,26.8,53.0,0.0,1006,20.8,6.0,8
31/01/2024,10:00,145,2.0,33.6,1.1,28.1,50.8,0.0,1006,21.4,6.4,8
31/01/2024,11:00,149,2.3,29.5,1.1,28.4,52.2,0.0,1005,19.3,6.3,8
31/01/2024,12:00,133,1.9,38.3,1.0,28.8,52.3,0.0,1005,19.0,6.0,9
31/01/2024,13:00,117,1.9,40.8,1.0,29.5,50.5,0.0,1004,20.1,6.1,8
31/01/2024,14:00,101,2.1,37.1,1.0,29.7,48.5,0.0,1004,20.5,6.1,8
31/01/2024,15:00,113,2.1,38.0,1.1,29.5,46.8,0.0,1004,19.0,5.7,6
31/01/2024,16:00,105,2.4,31.0,1.2,28.9,46.4,0.0,1004,19.3,5.2,6
31/01/2024,17:00,96,2.3,32.3,1.2,27.9,48.3,0.0,1004,16.3,5.0,6
31/01/2024,18:00,91,2.0,33.6,1.0,26.9,53.2,0.0,1005,15.8,5.3,6
31/01/2024,19:00,90,1.6,32.1,0.8,26.2,58.1,0.0,1006,17.7,5.9,7
31/01/2024,20:00,121,1.5,35.8,0.8,25.7,62.3,0.0,1006,18.4,6.1,7
31/01/2024,21:00,135,1.0,37.3,0.5,25.4,65.2,0.0,1007,20.1,6.1,7
31/01/2024,22:00,159,1.0,39.6,0.6,25.2,66.0,0.0,1006,19.3,6.2,7
31/01/2024,23:00,160,0.9,45.5,0.5,24.9,67.0,0.0,1006,18.0,5.9,7
01/02/2024,00:00,152,1.0,38.9,0.6,24.8,67.0,0.0,1005,15.4,5.6,7
01/02/2024,01:00,168,0.7,49.0,0.5,24.6,66.6,0.0,1005,15.4,5.6,5
01/02/2024,02:00,170,0.7,50.0,0.5,24.0,66.7,0.0,1005,14.2,5.3,6
01/02/2024,03:00,170,0.6,55.1,0.5,23.7,68.6,0.0,1005,14.9,5.2,7
01/02/2024,04:00,171,0.7,54.1,0.5,23.5,69.8,0.0,1005,14.0,4.9,7
01/02/2024,05:00,168,0.6,61.6,0.5,23.3,72.6,0.0,1006,13.1,4.8,7
01/02/2024,06:00,159,0.5,73.3,0.4,24.3,68.2,0.0,1006,14.4,5.1,8
01/02/2024,07:00,155,1.4,35.5,0.8,25.4,62.5,0.0,1007,14.8,4.8,7
01/02/2024,08:00,143,1.7,33.6,0.9,27.0,58.1,0.0,1007,13.9,4.7,6
01/02/2024,09:00,121,1.8,36.7,1.0,28.1,52.6,0.0,1007,15.3,4.8,5
01/02/2024,10:00,133,1.9,38.3,1.0,28.9,48.8,0.0,1007,15.1,4.8,5
01/02/2024,11:00,122,1.7,40.6,1.0,29.5,47.6,0.0,1006,15.5,5.3,7
01/02/2024,12:00,114,1.5,42.0,0.9,29.9,46.7,0.0,1006,15.4,4.9,7
01/02/2024,13:00,92,1.6,40.6,0.9,30.0,48.0,0.0,1005,16.0,4.9,6
01/02/2024,14:00,95,1.5,38.9,0.8,29.6,50.0,0.0,1005,18.1,5.2,6
01/02/2024,15:00,94,1.1,49.4,0.9,29.5,50.3,0.0,1004,18.0,5.1,6
01/02/2024,16:00,94,1.4,42.3,0.9,28.4,52.8,0.0,1004,17.5,4.5,6
01/02/2024,17:00,79,1.4,38.0,0.7,27.7,54.7,0.0,1005,13.4,4.2,4
01/02/2024,18:00,79,1.2,47.3,0.7,26.8,57.3,0.0,1006,14.1,4.7,6
01/02/2024,19:00,87,1.2,37.8,0.6,26.2,61.5,0.0,1006,13.3,4.7,6
01/02/2024,20:00,80,0.9,38.0,0.5,25.6,65.9,0.0,1006,14.6,5.0,6
01/02/2024,21:00,79,0.5,51.7,0.3,25.2,68.8,0.0,1007,15.7,5.0,5
01/02/2024,22:00,76,0.6,34.2,0.3,24.9,71.5,0.0,1007,14.8,5.0,5
01/02/2024,23:00,127,0.3,59.7,0.2,24.6,73.1,0.0,1006,14.8,5.1,6
02/02/2024,00:00,163,0.3,76.9,0.3,24.5,73.5,0.0,1005,16.0,5.3,7
02/02/2024,01:00,163,0.3,65.7,0.3,24.0,74.7,0.0,1005,16.5,5.3,6
02/02/2024,02:00,169,0.1,82.7,0.3,23.5,76.2,0.0,1004,15.5,5.3,7
02/02/2024,03:00,223,0.1,80.1,0.2,23.2,77.0,0.0,1004,14.7,5.1,7
02/02/2024,04:00,170,0.2,79.7,0.2,23.0,77.5,0.0,1004,14.5,5.1,7
02/02/2024,05:00,189,0.1,91.8,0.3,22.6,79.0,0.0,1005,14.4,5.2,7
02/02/2024,06:00,162,0.1,94.8,0.3,24.4,71.5,0.0,1005,14.4,5.2,8
02/02/2024,07:00,144,0.2,93.6,0.3,26.2,63.8,0.0,1005,14.6,5.3,8
02/02/2024,08:00,142,0.5,55.8,0.4,27.3,58.9,0.0,1005,14.5,5.3,8
02/02/2024,09:00,125,0.8,41.3,0.4,28.1,52.8,0.0,1005,12.9,4.9,7
02/02/2024,10:00,78,0.1,76.6,0.4,30.4,45.6,0.0,1004,13.8,5.5,9
02/02/2024,11:00,19,0.3,66.9,0.4,31.8,41.4,0.0,1003,15.4,5.9,10
02/02/2024,12:00,353,0.9,44.7,0.6,32.0,43.0,0.0,1002,18.2,6.1,11
02/02/2024,13:00,331,1.8,23.2,0.8,31.8,46.3,0.0,1002,18.3,5.7,11
02/02/2024,14:00,359,1.4,31.2,0.7,32.0,45.9,0.0,1001,17.6,5.6,9
02/02/2024,15:00,353,1.5,34.5,0.7,31.7,45.4,0.0,1001,16.3,5.2,8
02/02/2024,16:00,344,1.8,31.5,0.9,30.4,50.2,0.0,1001,15.2,5.0,7
02/02/2024,17:00,344,1.7,29.1,0.8,29.4,52.9,0.0,1001,14.4,5.2,8
02/02/2024,18:00,337,1.8,28.3,0.8,28.1,63.6,0.0,1002,14.3,5.1,8
02/02/2024,19:00,336,1.8,25.2,0.8,27.5,66.3,0.0,1003,14.1,5.2,8
02/02/2024,20:00,337,1.5,27.5,0.7,27.2,66.5,0.0,1003,14.1,5.2,9
02/02/2024,21:00,339,1.3,29.6,0.6,26.9,67.6,0.0,1004,13.8,4.9,7
02/02/2024,22:00,337,1.1,35.8,0.5,26.6,67.6,0.0,1005,14.4,4.9,7
02/02/2024,23:00,340,1.2,32.7,0.5,26.5,68.1,0.0,1005,15.1,4.8,7
03/02/2024,00:00,338,1.0,26.8,0.5,26.3,70.5,0.0,1005,16.7,5.1,7
03/02/2024,01:00,339,0.5,51.6,0.3,26.1,71.8,0.0,1005,15.3,4.9,6
03/02/2024,02:00,330,0.4,49.6,0.2,26.1,72.1,0.0,1005,16.5,5.1,7
03/02/2024,03:00,159,0.3,70.3,0.3,25.4,75.3,0.0,1005,14.1,5.1,10
03/02/2024,04:00,149,0.4,51.9,0.2,25.0,78.4,0.0,1005,14.9,5.3,11
03/02/2024,05:00,142,0.7,35.3,0.3,25.0,78.4,0.0,1006,14.6,5.1,10
03/02/2024,06:00,112,0.6,36.2,0.3,26.0,74.7,0.0,1007,13.8,5.1,10
03/02/2024,07:00,73,1.0,40.9,0.6,27.4,69.6,0.0,1008,14.4,5.1,8
03/02/2024,08:00,104,1.3,42.5,0.8,28.2,63.3,0.0,1008,15.9,5.9,11
03/02/2024,09:00,129,1.2,39.8,0.7,28.7,61.2,0.0,1008,17.3,6.4,14
03/02/2024,10:00,88,0.9,41.6,0.6,29.8,57.1,0.0,1008,16.6,6.8,16
03/02/2024,11:00,57,1.0,39.3,0.6,30.6,54.4,0.0,1008,19.8,7.1,16
03/02/2024,12:00,39,1.0,42.0,0.6,30.7,53.9,0.0,1007,16.9,6.4,14
03/02/2024,13:00,351,1.4,41.8,0.8,30.6,58.0,0.0,1007,15.4,5.7,13
03/02/2024,14:00,352,1.5,36.1,0.8,31.0,55.7,0.0,1007,13.6,5.6,12
03/02/2024,15:00,343,1.6,38.0,0.9,30.4,56.4,0.0,1007,12.9,5.0,11
03/02/2024,16:00,358,1.4,37.1,0.8,29.8,54.0,0.0,1007,14.6,5.3,12
03/02/2024,17:00,351,1.4,40.5,0.8,29.0,59.3,0.0,1007,13.4,5.0,11
03/02/2024,18:00,355,1.2,34.9,0.7,28.1,64.3,0.0,1008,12.3,4.6,9
03/02/2024,19:00,2,0.8,43.3,0.5,27.7,65.2,0.0,1009,12.1,4.5,9
03/02/2024,20:00,351,1.0,38.4,0.6,27.5,66.8,0.0,1009,11.6,4.5,9
03/02/2024,21:00,337,1.3,21.6,0.5,27.1,68.0,0.0,1009,11.5,4.6,9
03/02/2024,22:00,336,1.3,22.6,0.5,26.9,69.7,0.0,1009,11.4,4.3,9
03/02/2024,23:00,329,1.5,22.9,0.5,26.7,70.1,0.0,1009,12.4,4.4,8
04/02/2024,00:00,323,0.5,30.0,0.3,26.2,71.9,0.0,1009,11.3,4.5,9
04/02/2024,01:00,305,0.3,46.2,0.2,25.9,73.0,0.0,1008,11.2,4.5,8
04/02/2024,02:00,320,0.2,52.3,0.1,25.4,75.0,0.0,1008,10.7,4.5,9
04/02/2024,03:00,271,0.1,57.5,0.1,25.2,75.9,0.0,1008,10.2,4.4,9
04/02/2024,04:00,153,0.2,68.6,0.2,25.3,76.7,0.0,1008,9.9,4.3,9
04/02/2024,05:00,161,0.2,60.8,0.2,25.4,75.7,0.0,1009,10.2,4.4,10
04/02/2024,06:00,151,0.5,53.3,0.3,25.4,75.9,0.0,1009,12.7,4.9,10
04/02/2024,07:00,149,0.6,51.9,0.4,25.8,74.3,0.0,1010,14.3,5.8,19
04/02/2024,08:00,151,0.6,60.1,0.4,27.9,64.5,0.0,1010,11.8,5.0,12
04/02/2024,09:00,125,0.6,46.5,0.3,28.9,60.1,0.0,1010,12.6,5.2,12
04/02/2024,10:00,67,0.8,34.8,0.4,29.2,59.6,0.0,1009,13.9,6.2,17
04/02/2024,11:00,20,0.7,41.3,0.5,30.1,58.2,0.0,1009,17.2,8.1,25
04/02/2024,12:00,20,1.1,38.5,0.6,30.3,59.7,0.0,1008,17.4,7.9,25
04/02/2024,13:00,29,1.2,41.7,0.7,29.9,60.8,0.0,1008,19.4,8.5,25
04/02/2024,14:00,6,1.4,35.6,0.8,29.4,63.1,0.0,1008,23.5,9.0,19
04/02/2024,15:00,19,1.2,38.6,0.7,28.7,65.8,0.0,1008,31.4,10.3,18
04/02/2024,16:00,11,1.3,35.5,0.7,28.7,64.9,0.0,1007,32.7,10.8,18
04/02/2024,17:00,24,1.0,42.8,0.6,28.3,65.8,0.0,1008,31.0,10.6,17
04/02/2024,18:00,12,1.0,42.5,0.6,27.8,67.1,0.0,1008,30.1,10.1,16
04/02/2024,19:00,6,1.0,38.9,0.5,27.4,67.2,0.0,1009,27.6,9.8,15
04/02/2024,20:00,350,1.0,32.4,0.5,27.0,68.3,0.0,1009,28.4,10.2,15
04/02/2024,21:00,353,0.9,36.2,0.5,27.0,68.0,0.0,1010,30.0,10.3,15
04/02/2024,22:00,347,0.9,30.9,0.5,26.8,67.0,0.0,1010,29.0,9.7,14
04/02/2024,23:00,349,0.9,39.0,0.5,26.7,68.5,0.0,1009,29.3,9.9,14
05/02/2024,00:00,349,0.7,41.6,0.4,26.7,68.1,0.0,1009,29.0,9.7,14
05/02/2024,01:00,347,1.0,34.1,0.6,26.4,68.0,0.0,1008,28.2,9.8,10
05/02/2024,02:00,345,0.8,40.2,0.5,26.2,67.4,0.0,1007,28.2,9.6,12
05/02/2024,03:00,339,1.1,24.3,0.4,26.1,67.1,0.0,1007,28.5,9.3,13
05/02/2024,04:00,345,0.8,32.9,0.4,26.0,65.8,0.0,1008,26.7,9.1,12
05/02/2024,05:00,352,0.4,53.1,0.3,25.8,66.1,0.0,1008,27.4,9.0,12
05/02/2024,06:00,5,0.5,55.1,0.4,27.0,61.5,0.0,1009,26.0,8.6,13
05/02/2024,07:00,35,0.6,50.8,0.4,28.2,54.9,0.0,1009,25.4,8.6,13
05/02/2024,08:00,357,0.9,45.9,0.6,28.8,49.7,0.0,1009,26.4,8.3,12
05/02/2024,09:00,351,0.8,46.8,0.6,29.2,44.9,0.0,1009,22.6,7.6,11
05/02/2024,10:00,9,0.7,49.1,0.6,30.3,40.6,0.0,1008,22.8,7.4,10
05/02/2024,11:00,2,1.1,43.2,0.7,30.9,41.9,0.0,1007,23.4,7.4,10
05/02/2024,12:00,340,1.6,39.6,0.8,31.1,42.0,0.0,1007,19.7,7.2,9
05/02/2024,13:00,346,1.5,36.0,0.9,31.3,43.2,0.0,1006,19.0,7.2,10
05/02/2024,14:00,347,1.7,38.2,1.0,30.6,48.4,0.0,1006,23.3,8.0,11
05/02/2024,15:00,348,1.7,33.7,0.8,29.6,55.6,0.0,1005,29.9,9.0,12
05/02/2024,16:00,357,1.5,35.5,0.8,29.0,59.5,0.0,1005,27.0,8.5,12
05/02/2024,17:00,349,1.8,32.5,0.9,28.6,61.9,0.0,1006,23.7,8.3,12
05/02/2024,18:00,346,1.8,26.4,0.8,27.9,65.3,0.0,1006,23.3,8.2,12
05/02/2024,19:00,338,1.6,30.4,0.8,27.6,66.9,0.0,1006,23.0,8.1,12
05/02/2024,20:00,340,1.7,28.6,0.8,27.5,68.0,0.0,1007,22.8,7.9,11
05/02/2024,21:00,324,1.7,20.2,0.7,27.0,69.2,0.0,1007,21.6,7.8,10
05/02/2024,22:00,336,1.6,27.2,0.7,27.1,68.3,0.0,1008,21.3,7.5,9
05/02/2024,23:00,339,1.4,24.8,0.7,27.2,68.8,0.0,1007,21.2,7.7,9
06/02/2024,00:00,330,1.0,35.7,0.5,27.0,69.6,0.0,1007,22.3,7.6,9
06/02/2024,01:00,311,0.2,51.6,0.1,26.1,74.3,0.0,1007,18.8,7.3,7
06/02/2024,02:00,309,0.1,70.2,0.1,25.9,74.9,0.0,1006,20.3,7.6,10
06/02/2024,03:00,315,0.2,60.8,0.2,26.2,73.1,0.0,1006,20.7,7.6,10
06/02/2024,04:00,329,0.8,41.1,0.5,26.0,73.3,0.0,1006,18.3,6.9,10
06/02/2024,05:00,318,1.2,25.7,0.6,25.5,73.8,0.0,1006,13.9,5.3,7
06/02/2024,06:00,320,1.4,23.5,0.6,25.8,72.1,0.0,1007,11.7,4.5,7
06/02/2024,07:00,337,0.1,91.1,0.3,27.9,62.6,0.0,1007,11.1,4.1,7
06/02/2024,08:00,40,0.1,73.4,0.4,29.1,58.0,0.0,1008,13.2,4.6,9
06/02/2024,09:00,358,0.8,45.2,0.6,29.9,54.8,0.0,1008,14.9,4.9,8
06/02/2024,10:00,21,0.7,50.3,0.5,30.5,51.7,0.0,1007,13.9,4.9,7
06/02/2024,11:00,39,0.8,42.3,0.6,30.6,52.3,0.0,1007,14.5,4.7,7
06/02/2024,12:00,356,1.1,43.0,0.7,31.2,52.1,0.0,1006,17.3,5.3,8
06/02/2024,13:00,335,1.6,29.5,0.8,31.7,49.5,0.0,1005,16.0,5.5,8
06/02/2024,14:00,332,2.0,23.9,0.8,31.2,52.8,0.0,1005,16.9,6.3,9
06/02/2024,15:00,338,1.8,34.1,0.9,31.0,55.1,0.0,1004,18.1,6.4,10
06/02/2024,16:00,336,1.9,29.9,1.0,30.3,59.3,0.0,1004,20.0,6.6,10
06/02/2024,17:00,344,1.8,31.2,0.9,29.3,62.7,0.0,1005,20.9,7.3,10
06/02/2024,18:00,342,1.5,30.2,0.7,28.7,65.2,0.0,1006,20.0,7.0,10
06/02/2024,19:00,335,1.7,24.1,0.8,28.2,67.5,0.0,1006,20.1,6.9,10
06/02/2024,20:00,336,1.4,23.3,0.6,27.9,69.1,0.0,1007,18.9,6.9,11
06/02/2024,21:00,338,1.4,28.5,0.7,27.8,69.9,0.0,1007,19.3,6.9,11
06/02/2024,22:00,345,1.1,32.5,0.6,27.9,69.4,0.0,1008,18.9,6.3,10
06/02/2024,23:00,340,0.9,34.3,0.5,27.7,69.5,0.0,1007,16.7,6.2,10
07/02/2024,00:00,9,0.5,39.8,0.4,27.5,70.2,0.0,1007,18.9,6.5,10
07/02/2024,01:00,76,0.6,38.1,0.3,27.5,71.2,0.0,1007,20.6,7.1,9
07/02/2024,02:00,75,0.6,31.2,0.2,26.9,75.1,0.0,1006,17.6,6.5,10
07/02/2024,03:00,133,0.8,39.4,0.4,26.3,77.8,0.0,1007,17.1,6.6,12
07/02/2024,04:00,143,1.0,28.2,0.4,25.8,79.5,0.0,1007,18.6,6.9,11
07/02/2024,05:00,150,1.2,31.5,0.5,25.7,79.1,0.0,1008,18.2,7.0,12
07/02/2024,06:00,146,1.1,34.0,0.5,26.3,73.9,0.0,1008,15.6,6.0,11
07/02/2024,07:00,138,1.9,34.4,0.9,27.5,66.2,0.0,1009,11.3,4.0,7
07/02/2024,08:00,125,1.7,36.7,0.9,27.6,66.4,0.0,1010,13.2,4.6,8
07/02/2024,09:00,133,1.8,36.3,0.9,28.5,60.8,0.0,1010,12.7,4.4,8
07/02/2024,10:00,128,1.6,38.3,0.9,28.8,59.1,0.0,1010,12.4,4.1,8
07/02/2024,11:00,104,1.5,37.4,0.8,29.1,58.6,0.0,1010,13.6,5.2,9
07/02/2024,12:00,63,1.8,35.3,0.9,28.7,59.8,0.0,1009,18.4,6.0,10
07/02/2024,13:00,31,1.4,41.5,0.8,27.5,65.8,0.0,1009,13.5,5.0,8
07/02/2024,14:00,40,1.2,41.0,0.9,26.9,71.9,0.0,1009,16.5,6.5,11
07/02/2024,15:00,78,2.1,36.4,1.1,27.9,62.1,0.0,1009,18.5,6.1,9
07/02/2024,16:00,98,1.9,35.3,1.0,27.7,60.9,0.0,1009,20.0,6.2,9
07/02/2024,17:00,86,1.5,42.1,0.9,27.0,65.0,0.0,1009,18.5,6.6,10
07/02/2024,18:00,135,1.9,34.4,1.0,26.6,66.6,0.0,1010,18.6,6.2,10
07/02/2024,19:00,112,2.1,33.7,1.0,26.3,66.8,0.0,1011,14.4,5.0,8
07/02/2024,20:00,139,1.6,31.9,0.8,25.1,73.4,0.0,1012,10.0,4.4,6
07/02/2024,21:00,153,1.4,31.1,0.7,25.3,71.4,0.0,1012,11.0,4.3,6
07/02/2024,22:00,157,1.1,32.5,0.6,25.5,68.9,0.0,1012,10.5,3.9,5
07/02/2024,23:00,166,0.8,50.5,0.5,25.4,67.9,0.0,1011,8.6,2.9,4
08/02/2024,00:00,165,0.7,49.5,0.5,24.8,70.3,0.0,1011,7.9,2.2,3
08/02/2024,01:00,154,0.3,59.2,0.3,23.1,82.4,0.2,1011,6.8,2.4,2
08/02/2024,02:00,174,0.3,82.3,0.4,23.1,82.4,0.0,1010,6.8,2.3,4
08/02/2024,03:00,174,0.5,69.8,0.5,22.8,80.4,0.0,1010,5.1,1.1,2
08/02/2024,04:00,172,0.7,57.1,0.6,22.6,78.9,0.0,1011,5.5,0.9,1
08/02/2024,05:00,169,0.4,75.9,0.4,22.4,79.5,0.0,1011,4.9,1.1,2
08/02/2024,06:00,163,0.5,66.9,0.5,23.4,74.3,0.0,1012,6.3,1.3,2
08/02/2024,07:00,169,0.8,60.6,0.7,25.0,66.7,0.0,1012,8.7,1.8,3
08/02/2024,08:00,157,0.9,56.6,0.7,26.7,61.7,0.0,1013,10.4,2.4,4
08/02/2024,09:00,157,0.9,66.2,0.7,28.0,58.7,0.0,1013,11.3,3.4,5
08/02/2024,10:00,144,0.9,67.1,0.7,28.5,58.1,0.0,1013,12.6,3.9,5
08/02/2024,11:00,135,2.1,34.5,1.1,28.3,57.8,0.0,1012,15.7,4.4,5
08/02/2024,12:00,100,1.6,38.0,0.9,28.9,54.8,0.1,1012,15.1,4.4,5
08/02/2024,13:00,101,1.9,35.2,1.0,28.9,55.2,0.0,1012,16.6,4.5,5
08/02/2024,14:00,123,1.8,40.6,0.9,29.2,52.4,0.0,1011,14.9,4.4,5
08/02/2024,15:00,116,1.9,37.7,0.9,29.1,52.2,0.0,1011,17.2,4.5,5
08/02/2024,16:00,107,1.7,35.8,1.0,29.0,51.7,0.0,1011,16.2,4.9,5
08/02/2024,17:00,115,1.8,38.0,0.9,28.3,55.9,0.0,1012,16.7,5.1,5
08/02/2024,18:00,102,1.3,39.4,0.8,26.7,62.0,0.0,1013,14.0,4.7,6
08/02/2024,19:00,144,1.8,32.6,0.9,26.4,63.5,0.0,1013,12.1,4.1,5
08/02/2024,20:00,155,1.0,53.3,0.6,26.1,67.2,0.0,1014,10.2,3.7,5
08/02/2024,21:00,169,0.6,60.6,0.5,25.4,73.3,0.0,1014,7.3,2.3,3
08/02/2024,22:00,166,0.6,66.1,0.5,25.1,72.5,0.0,1014,6.9,2.2,3
08/02/2024,23:00,167,1.2,39.8,0.8,24.7,70.9,0.0,1013,6.4,2.3,3
09/02/2024,00:00,168,0.8,45.1,0.5,23.7,76.7,0.0,1013,4.2,1.0,2
09/02/2024,01:00,170,0.9,47.6,0.6,23.6,74.7,0.0,1013,7.3,1.0,1
09/02/2024,02:00,172,1.0,48.9,0.7,23.5,73.8,0.0,1012,4.2,0.8,1
09/02/2024,03:00,171,0.9,54.5,0.6,22.9,76.6,0.0,1013,4.8,0.8,1
09/02/2024,04:00,167,0.3,78.2,0.4,21.9,83.5,0.0,1013,4.7,1.3,1
09/02/2024,05:00,164,0.4,75.5,0.4,21.8,85.7,0.0,1013,4.1,1.3,2
09/02/2024,06:00,159,0.4,75.2,0.5,21.7,85.5,0.0,1014,4.8,1.6,2
09/02/2024,07:00,172,0.5,69.7,0.5,21.7,84.6,0.0,1014,6.7,1.9,3
09/02/2024,08:00,174,0.6,60.1,0.6,23.2,76.7,0.0,1014,8.9,2.3,4
09/02/2024,09:00,169,0.8,56.3,0.6,25.1,66.6,0.0,1014,9.2,2.3,3
09/02/2024,10:00,158,1.3,44.4,0.7,24.8,71.6,0.0,1014,11.4,3.1,4
09/02/2024,11:00,165,0.9,52.5,0.6,23.7,81.8,0.0,1014,6.8,2.9,5
09/02/2024,12:00,159,1.2,42.6,0.7,25.5,69.9,0.0,1013,8.4,2.6,5
09/02/2024,13:00,149,1.4,38.0,0.7,26.7,63.5,0.0,1013,11.9,3.6,5
09/02/2024,14:00,148,1.6,30.3,0.8,26.7,64.5,0.0,1012,12.6,3.9,6
09/02/2024,15:00,160,2.2,22.5,1.0,25.8,68.8,0.0,1012,11.2,3.9,6
09/02/2024,16:00,150,1.4,32.5,0.7,26.0,66.8,0.0,1012,8.7,3.2,5
09/02/2024,17:00,144,1.1,32.5,0.6,26.4,64.5,0.0,1012,10.2,3.4,5
09/02/2024,18:00,152,1.2,35.5,0.5,26.2,65.3,0.0,1012,8.2,2.9,5
09/02/2024,19:00,92,1.1,32.1,0.6,25.7,68.2,0.0,1013,10.9,3.8,5
09/02/2024,20:00,100,0.8,39.2,0.5,24.5,77.2,0.0,1013,12.5,4.2,5
09/02/2024,21:00,137,1.3,34.3,0.7,24.2,75.7,0.0,1013,11.0,4.1,5
09/02/2024,22:00,154,1.3,42.0,0.7,24.2,76.0,0.0,1013,7.3,3.1,4
09/02/2024,23:00,169,0.5,54.8,0.4,23.7,80.9,0.0,1013,7.0,2.9,5
10/02/2024,00:00,159,1.0,38.4,0.6,23.6,80.5,0.0,1012,9.2,3.7,5
10/02/2024,01:00,165,0.6,56.8,0.5,23.5,80.7,0.0,1012,8.4,3.2,4
10/02/2024,02:00,165,0.5,66.1,0.4,23.4,81.8,0.0,1012,6.4,2.4,4
10/02/2024,03:00,161,0.8,46.3,0.5,22.9,84.4,0.0,1012,5.8,1.9,3
10/02/2024,04:00,143,0.5,62.5,0.4,22.8,85.8,0.0,1012,5.9,1.8,3
10/02/2024,05:00,161,0.4,67.9,0.4,22.9,85.7,0.0,1012,7.5,2.6,4
10/02/2024,06:00,173,0.7,53.4,0.5,23.1,84.2,0.0,1013,9.1,3.3,6
10/02/2024,07:00,169,0.6,61.3,0.5,23.7,79.3,0.0,1013,12.2,4.1,6
10/02/2024,08:00,166,1.0,40.2,0.6,24.8,70.5,0.0,1013,11.8,4.7,7
10/02/2024,09:00,145,1.4,30.9,0.7,25.2,68.8,0.0,1013,11.6,4.1,7
10/02/2024,10:00,118,1.0,39.0,0.8,24.2,78.0,0.0,1013,7.4,2.9,5
10/02/2024,11:00,113,1.1,35.5,0.6,24.2,79.5,0.0,1013,5.5,2.3,5
10/02/2024,12:00,108,0.9,39.7,0.5,24.7,78.0,1.5,1012,5.6,2.6,5
10/02/2024,13:00,96,0.7,37.1,0.4,24.7,78.7,0.0,1012,7.1,3.0,6
10/02/2024,14:00,49,0.8,37.4,0.4,25.5,73.0,0.0,1012,7.3,3.2,6
10/02/2024,15:00,73,0.9,37.6,0.5,24.6,78.8,0.0,1012,6.9,3.4,8
10/02/2024,16:00,109,1.0,36.7,0.6,23.8,83.5,0.2,1012,6.7,2.2,4
10/02/2024,17:00,134,1.4,31.5,0.7,23.5,83.7,0.0,1012,4.6,1.8,3
10/02/2024,18:00,121,1.0,41.8,0.5,23.1,82.5,0.0,1013,6.5,2.0,3
10/02/2024,19:00,134,1.2,33.8,0.6,22.8,83.0,0.0,1013,5.9,2.4,4
10/02/2024,20:00,151,1.1,35.1,0.6,22.9,82.7,0.0,1013,7.3,2.7,4
10/02/2024,21:00,163,0.6,42.4,0.4,22.9,82.7,0.0,1014,10.5,3.5,5
10/02/2024,22:00,169,0.6,48.3,0.4,23.1,81.3,0.0,1013,9.3,3.5,5
10/02/2024,23:00,166,0.7,42.5,0.4,23.2,80.1,0.0,1013,9.2,3.7,8
11/02/2024,00:00,168,0.5,49.6,0.3,23.0,80.9,0.0,1012,10.5,3.7,10
11/02/2024,01:00,175,0.4,62.7,0.3,22.8,81.5,0.0,1012,8.9,3.4,5
11/02/2024,02:00,163,0.5,59.1,0.4,22.5,83.2,0.1,1012,9.6,3.3,5
11/02/2024,03:00,172,0.5,66.4,0.4,22.3,84.6,0.0,1012,10.0,3.6,5
11/02/2024,04:00,166,0.3,68.1,0.3,22.2,84.4,0.0,1012,11.6,3.7,4
11/02/2024,05:00,166,0.5,61.0,0.4,22.2,84.3,0.0,1012,12.5,4.0,4
11/02/2024,06:00,168,0.2,88.1,0.3,22.7,83.5,0.0,1013,12.1,4.3,6
11/02/2024,07:00,171,0.4,65.5,0.4,23.6,80.0,0.0,1014,12.8,4.7,8
11/02/2024,08:00,165,1.0,54.7,0.7,25.3,69.8,0.0,1014,15.9,5.3,8
11/02/2024,09:00,141,1.2,42.5,0.7,27.1,61.7,0.0,1014,18.4,6.2,9
11/02/2024,10:00,125,1.4,37.4,0.8,27.8,56.4,0.0,1013,18.8,6.4,8
11/02/2024,11:00,109,1.7,37.2,0.9,28.8,49.9,0.0,1013,16.7,5.9,7
11/02/2024,12:00,126,2.2,37.2,1.1,28.9,48.3,0.0,1012,16.2,5.5,5
11/02/2024,13:00,121,2.0,36.9,1.0,28.9,50.3,0.0,1012,18.1,6.2,6
11/02/2024,14:00,110,1.7,38.2,0.9,28.9,49.2,0.0,1012,17.7,6.2,6
11/02/2024,15:00,111,1.9,35.8,1.0,28.6,44.1,0.0,1012,17.3,5.4,4
11/02/2024,16:00,101,1.7,39.2,0.9,28.2,52.0,0.0,1012,21.3,6.8,6
11/02/2024,17:00,102,1.9,39.1,1.0,27.2,58.0,0.0,1012,22.7,7.4,8
11/02/2024,18:00,112,1.5,36.2,0.8,26.6,58.8,0.0,1013,22.7,7.5,8
11/02/2024,19:00,118,1.2,37.0,0.7,26.1,61.4,0.0,1014,27.8,8.2,9
11/02/2024,20:00,121,1.0,36.8,0.5,25.7,63.3,0.0,1014,26.5,8.5,9
11/02/2024,21:00,89,1.1,35.3,0.6,24.7,68.3,0.1,1014,21.1,7.3,8
11/02/2024,22:00,133,0.8,34.4,0.4,23.2,79.0,0.1,1014,13.7,5.6,6
11/02/2024,23:00,151,0.7,36.5,0.3,23.0,82.1,0.0,1014,17.0,6.5,7
12/02/2024,00:00,173,0.4,73.3,0.3,22.8,83.1,0.0,1014,16.1,6.1,7
12/02/2024,01:00,183,0.3,81.5,0.3,22.4,83.7,0.0,1013,16.4,6.1,6
12/02/2024,02:00,175,0.2,87.4,0.3,22.3,83.3,0.0,1013,15.8,6.1,7
12/02/2024,03:00,162,0.3,73.0,0.3,22.5,82.0,0.0,1013,15.0,6.0,7
12/02/2024,04:00,173,0.2,77.0,0.3,22.2,83.0,0.0,1013,17.4,6.3,7
12/02/2024,05:00,171,0.4,66.3,0.3,22.1,83.6,0.0,1014,16.2,6.0,7
12/02/2024,06:00,161,0.3,71.6,0.3,23.3,78.2,0.0,1014,17.2,6.1,9
12/02/2024,07:00,148,0.4,64.6,0.3,25.4,67.8,0.0,1015,20.6,7.0,12
12/02/2024,08:00,91,0.7,41.9,0.5,26.9,60.0,0.0,1015,25.6,7.7,11
12/02/2024,09:00,90,1.2,41.1,0.7,26.5,61.9,0.0,1015,20.3,6.9,9
12/02/2024,10:00,80,1.3,43.5,0.8,26.8,58.4,0.0,1015,16.7,5.9,7
12/02/2024,11:00,132,1.4,37.5,0.8,26.4,66.0,0.6,1015,18.8,6.8,8
12/02/2024,12:00,54,1.3,44.8,0.8,27.9,53.8,0.0,1014,17.5,5.8,6
12/02/2024,13:00,63,1.4,42.5,0.9,28.3,52.8,0.0,1014,19.0,5.8,6
12/02/2024,14:00,88,1.8,37.8,1.0,27.7,53.8,0.0,1013,16.5,5.6,6
12/02/2024,15:00,69,1.8,38.3,1.0,26.9,58.2,0.0,1013,14.2,5.0,6
12/02/2024,16:00,67,1.7,34.7,0.9,26.6,60.6,0.0,1013,19.5,5.9,6
12/02/2024,17:00,55,1.3,39.7,0.8,26.7,58.8,0.0,1013,20.4,6.6,6
12/02/2024,18:00,69,1.2,40.2,0.7,26.3,58.1,0.0,1014,21.3,6.4,6
12/02/2024,19:00,67,0.7,37.1,0.3,25.8,61.1,0.0,1014,19.6,6.5,7
12/02/2024,20:00,85,0.7,27.2,0.2,25.3,64.4,0.0,1015,23.3,7.1,8
12/02/2024,21:00,121,0.6,31.5,0.3,25.0,66.6,0.0,1015,24.0,7.2,8
12/02/2024,22:00,114,0.6,45.1,0.3,24.8,67.3,0.0,1014,22.9,7.7,10
12/02/2024,23:00,91,0.5,44.1,0.3,24.6,68.9,0.0,1014,21.0,7.4,8
13/02/2024,00:00,112,0.6,35.2,0.3,24.3,72.9,0.0,1014,21.7,7.8,8
13/02/2024,01:00,82,0.6,31.4,0.3,24.2,73.8,0.0,1013,22.2,8.2,6
13/02/2024,02:00,162,0.4,55.2,0.3,23.4,77.5,0.0,1013,22.2,7.9,9
13/02/2024,03:00,171,0.3,70.9,0.3,22.8,78.9,0.0,1013,19.6,7.3,10
13/02/2024,04:00,165,0.4,71.7,0.4,22.4,79.1,0.0,1013,20.7,7.5,10
13/02/2024,05:00,171,0.3,79.6,0.3,22.3,79.2,0.0,1013,21.6,7.5,11
13/02/2024,06:00,157,0.4,62.0,0.3,23.3,74.5,0.0,1014,21.5,7.3,13
13/02/2024,07:00,144,0.6,49.0,0.4,24.8,67.5,0.0,1014,24.8,8.0,13
13/02/2024,08:00,110,0.9,39.9,0.5,25.8,61.9,0.0,1015,26.2,7.8,9
13/02/2024,09:00,100,1.1,38.7,0.7,26.7,55.6,0.0,1015,23.1,7.0,8
13/02/2024,10:00,94,1.1,41.2,0.7,26.6,54.3,0.0,1014,20.0,6.5,7
13/02/2024,11:00,89,1.2,40.9,0.7,27.0,51.1,0.0,1014,18.5,6.2,7
13/02/2024,12:00,56,0.8,39.3,0.7,27.4,48.7,0.0,1013,19.5,6.3,6
13/02/2024,13:00,24,1.0,37.0,0.7,27.7,51.0,0.0,1012,21.8,6.7,7
13/02/2024,14:00,50,1.0,41.4,0.6,27.6,50.3,0.0,1012,21.7,6.6,6
13/02/2024,15:00,48,0.9,42.2,0.6,27.4,50.7,0.0,1011,20.7,6.5,6
13/02/2024,16:00,33,1.1,42.1,0.7,27.5,50.4,0.0,1011,19.9,6.5,6
13/02/2024,17:00,41,1.1,38.9,0.6,26.9,55.2,0.0,1011,23.4,7.3,7
13/02/2024,18:00,52,1.0,40.8,0.5,26.4,56.6,0.0,1012,24.3,7.6,7
13/02/2024,19:00,56,0.8,37.2,0.4,26.1,59.4,0.0,1012,24.3,8.1,8
13/02/2024,20:00,64,0.7,30.1,0.3,25.8,61.0,0.0,1012,26.3,8.2,8
13/02/2024,21:00,73,0.7,31.5,0.3,25.7,62.4,0.0,1012,25.2,8.2,8
13/02/2024,22:00,71,0.7,32.3,0.3,25.5,62.7,0.0,1012,24.7,7.8,8
13/02/2024,23:00,357,0.7,35.6,0.5,25.4,66.1,0.0,1011,20.4,7.0,8
14/02/2024,00:00,59,0.4,39.0,0.2,24.9,68.6,0.0,1011,20.4,6.6,7
14/02/2024,01:00,135,0.5,38.4,0.2,24.5,70.5,0.0,1010,20.3,6.9,6
14/02/2024,02:00,164,0.3,56.0,0.3,23.7,73.3,0.0,1010,22.7,8.1,11
14/02/2024,03:00,159,0.4,76.2,0.3,23.0,74.4,0.0,1010,26.8,8.8,14
14/02/2024,04:00,173,0.3,68.9,0.4,22.7,72.2,0.0,1010,21.9,7.8,10
14/02/2024,05:00,161,0.3,79.6,0.3,22.6,74.8,0.0,1011,23.2,7.4,9
14/02/2024,06:00,152,0.3,71.5,0.3,23.8,66.7,0.0,1011,22.3,7.5,11
14/02/2024,07:00,162,0.5,65.1,0.4,25.1,61.3,0.0,1012,26.0,7.5,10
14/02/2024,08:00,141,0.4,67.8,0.3,26.3,58.8,0.0,1012,29.7,7.7,11
14/02/2024,09:00,36,0.1,65.3,0.3,28.3,53.9,0.0,1012,26.2,7.9,12
14/02/2024,10:00,342,0.4,58.6,0.4,29.5,50.7,0.0,1011,21.3,7.2,10
14/02/2024,11:00,24,0.2,58.8,0.4,30.5,47.4,0.0,1011,19.3,7.6,12
14/02/2024,12:00,355,0.2,45.4,0.5,30.2,47.9,0.0,1010,19.3,7.3,11
14/02/2024,13:00,344,1.2,36.9,0.6,30.5,49.3,0.0,1009,21.5,7.3,12
14/02/2024,14:00,338,1.6,33.0,0.9,30.1,50.1,0.0,1008,21.3,6.6,10
14/02/2024,15:00,332,1.6,38.8,0.9,30.2,50.1,0.0,1008,19.8,6.8,10
14/02/2024,16:00,337,1.8,30.5,0.9,29.0,57.5,0.0,1009,21.4,7.1,10
14/02/2024,17:00,336,1.7,28.0,0.8,28.0,60.4,0.0,1009,22.1,6.8,8
14/02/2024,18:00,336,1.4,22.8,0.6,27.8,61.5,0.0,1009,18.4,6.6,9
14/02/2024,19:00,340,0.9,36.8,0.5,27.5,66.2,0.0,1010,19.8,7.1,11
14/02/2024,20:00,337,0.9,38.9,0.4,27.1,68.5,0.0,1010,21.0,7.4,11
14/02/2024,21:00,347,0.8,39.6,0.5,27.0,69.1,0.0,1011,20.8,7.0,9
14/02/2024,22:00,353,0.7,42.8,0.5,26.9,71.6,0.0,1011,20.2,6.8,8
14/02/2024,23:00,54,0.5,50.4,0.3,27.1,69.9,0.0,1011,21.6,7.2,8
15/02/2024,00:00,69,0.5,43.8,0.3,27.1,69.7,0.0,1010,24.3,7.5,8
15/02/2024,01:00,82,0.8,30.5,0.3,26.4,72.5,0.0,1010,23.0,7.3,6
15/02/2024,02:00,36,0.4,46.7,0.3,26.4,72.7,0.0,1010,20.2,6.9,8
15/02/2024,03:00,81,0.8,30.4,0.3,26.2,73.0,0.0,1010,20.6,6.8,8
15/02/2024,04:00,58,0.3,36.3,0.3,25.6,75.9,0.0,1010,19.1,6.5,7
15/02/2024,05:00,102,0.6,29.6,0.2,25.6,75.2,0.0,1011,21.5,6.6,7
15/02/2024,06:00,78,0.7,27.8,0.3,25.8,73.0,0.0,1012,19.2,6.5,8
15/02/2024,07:00,141,0.7,35.5,0.4,26.5,69.4,0.0,1013,20.8,7.0,11
15/02/2024,08:00,108,0.9,48.9,0.5,27.7,61.5,0.0,1013,20.0,6.4,9
15/02/2024,09:00,110,1.1,36.7,0.6,27.7,60.7,0.0,1013,22.9,6.4,8
15/02/2024,10:00,94,1.1,40.3,0.6,28.3,56.8,0.0,1013,19.9,6.1,9
15/02/2024,11:00,109,0.9,40.3,0.6,28.5,55.5,0.0,1013,19.6,5.6,7
15/02/2024,12:00,22,1.0,37.7,0.7,27.6,62.3,0.0,1013,15.7,5.3,6
15/02/2024,13:00,335,1.5,25.1,0.7,25.5,77.3,0.0,1012,13.2,5.3,7
15/02/2024,14:00,337,1.3,25.5,0.6,26.6,72.2,0.0,1012,15.8,5.9,9
15/02/2024,15:00,75,1.6,33.4,0.8,28.0,57.2,0.0,1012,18.1,5.6,6
15/02/2024,16:00,67,1.4,37.7,0.8,27.8,58.2,0.0,1012,16.6,5.6,6
15/02/2024,17:00,88,1.5,37.5,0.7,27.2,60.2,0.0,1012,18.7,5.9,6
15/02/2024,18:00,89,1.1,37.5,0.6,26.8,61.3,0.0,1013,17.4,5.9,7
15/02/2024,19:00,110,1.2,36.7,0.7,26.5,64.5,0.0,1013,17.5,6.2,8
15/02/2024,20:00,135,1.3,44.2,0.8,26.4,65.5,0.0,1013,19.2,6.4,9
15/02/2024,21:00,123,1.1,34.6,0.6,25.3,75.7,0.0,1014,14.2,5.0,6
15/02/2024,22:00,151,1.0,34.6,0.5,24.8,79.4,0.0,1014,13.3,4.6,5
15/02/2024,23:00,136,0.3,49.4,0.5,24.2,83.6,9.3,1013,10.2,3.9,4
16/02/2024,00:00,137,0.4,38.0,0.7,23.7,85.6,9.3,1013,8.8,3.2,3
16/02/2024,01:00,150,0.1,55.7,0.4,22.8,87.4,48.0,1013,8.5,3.8,3
16/02/2024,02:00,141,0.3,58.1,0.5,22.9,88.5,29.3,1012,8.1,3.7,4
16/02/2024,03:00,148,0.5,39.3,0.2,23.3,88.5,4.6,1012,7.3,3.3,3
16/02/2024,04:00,170,0.2,80.5,0.3,23.5,88.3,2.7,1013,8.0,3.4,3
16/02/2024,05:00,139,1.1,46.8,0.7,23.3,88.2,16.8,1013,7.3,3.2,4
16/02/2024,06:00,58,0.9,40.1,0.5,22.9,88.1,12.7,1014,7.5,3.3,3
16/02/2024,07:00,73,0.6,38.9,0.3,22.6,88.2,4.1,1014,6.3,3.0,3
16/02/2024,08:00,109,0.8,30.9,0.4,23.0,87.2,9.0,1015,8.3,3.4,5
16/02/2024,09:00,79,1.0,30.0,0.4,22.7,87.7,8.3,1016,6.3,2.9,4
16/02/2024,10:00,106,0.8,38.2,0.5,21.7,82.4,1.0,1016,9.9,4.4,4
16/02/2024,11:00,145,0.7,47.0,0.4,22.3,81.2,0.3,1016,12.9,5.1,6
16/02/2024,12:00,155,0.8,45.3,0.4,22.3,82.5,2.2,1015,12.5,5.5,7
16/02/2024,13:00,155,1.0,35.3,0.4,22.5,83.5,0.6,1015,13.8,5.9,8
16/02/2024,14:00,150,0.9,37.3,0.4,22.6,82.0,0.1,1015,13.7,5.8,8
16/02/2024,15:00,119,1.1,35.4,0.6,22.7,78.8,0.0,1015,11.7,5.0,7
16/02/2024,16:00,137,1.1,33.3,0.6,22.5,75.3,0.0,1015,11.5,4.4,5
16/02/2024,17:00,156,1.0,36.5,0.5,22.3,78.9,0.0,1015,12.6,4.8,7
16/02/2024,18:00,158,1.1,34.2,0.5,21.9,82.6,0.0,1016,13.0,5.3,8
16/02/2024,19:00,166,0.5,60.9,0.4,21.5,84.2,0.0,1016,11.9,5.3,10
16/02/2024,20:00,167,0.5,57.4,0.4,21.3,84.3,0.0,1016,12.3,5.0,9
16/02/2024,21:00,173,0.1,82.3,0.3,21.1,83.7,0.0,1017,12.1,4.6,8
16/02/2024,22:00,173,0.4,75.0,0.5,21.2,81.6,0.0,1017,11.6,4.2,6
16/02/2024,23:00,161,0.3,76.6,0.3,21.3,81.4,0.0,1017,12.1,4.1,5
17/02/2024,00:00,172,0.3,78.7,0.3,21.1,82.1,0.0,1016,11.6,4.1,5
17/02/2024,01:00,160,0.4,66.7,0.4,21.2,82.0,0.0,1015,13.8,4.3,4
17/02/2024,02:00,172,0.3,64.7,0.3,21.0,83.2,0.0,1015,15.3,4.4,5
17/02/2024,03:00,156,0.3,65.5,0.3,21.0,82.8,0.0,1015,16.6,4.4,4
17/02/2024,04:00,156,0.3,72.1,0.4,21.4,80.1,0.0,1015,14.8,4.5,4
17/02/2024,05:00,163,0.3,65.9,0.3,21.4,80.4,0.0,1015,14.2,4.4,4
17/02/2024,06:00,147,0.3,81.4,0.3,22.3,76.9,0.0,1016,15.1,4.8,5
17/02/2024,07:00,149,0.3,79.6,0.4,24.2,69.6,0.0,1016,15.2,5.3,7
17/02/2024,08:00,144,0.5,65.9,0.4,26.0,65.8,0.0,1017,18.4,5.9,9
17/02/2024,09:00,112,1.0,56.5,0.7,27.3,61.7,0.0,1017,20.4,6.3,9
17/02/2024,10:00,117,1.5,33.5,0.8,28.1,55.2,0.0,1016,17.5,5.9,7
17/02/2024,11:00,73,1.1,46.1,0.7,28.9,53.3,0.0,1016,18.6,6.1,6
17/02/2024,12:00,63,1.4,42.2,0.8,28.7,54.1,1.6,1015,18.2,5.9,6
17/02/2024,13:00,94,1.5,38.2,0.8,27.6,59.6,0.0,1015,19.4,6.0,7
17/02/2024,14:00,116,1.4,39.4,0.8,27.8,58.0,0.0,1014,20.1,6.0,7
17/02/2024,15:00,118,2.0,32.8,0.9,28.0,52.5,0.0,1014,17.1,5.7,6
17/02/2024,16:00,104,1.6,36.9,0.9,27.9,53.6,0.0,1014,17.5,5.9,6
17/02/2024,17:00,104,1.7,32.9,0.9,27.1,56.3,0.0,1014,17.8,6.2,6
17/02/2024,18:00,102,1.2,32.5,0.6,26.3,59.5,0.0,1015,18.4,6.2,6
17/02/2024,19:00,112,0.7,38.4,0.4,25.8,62.0,0.0,1016,20.0,7.1,10
17/02/2024,20:00,102,0.7,36.5,0.3,25.4,64.5,0.0,1016,19.7,7.0,10
17/02/2024,21:00,133,0.8,36.1,0.4,25.1,66.5,0.0,1016,22.7,7.3,10
17/02/2024,22:00,145,0.5,50.0,0.3,24.7,68.6,0.0,1016,21.6,7.0,10
17/02/2024,23:00,146,0.5,53.6,0.3,24.1,71.6,0.0,1015,21.8,7.2,10
18/02/2024,00:00,156,0.5,48.4,0.3,23.7,73.4,0.0,1014,21.1,7.3,11
18/02/2024,01:00,167,0.4,53.6,0.3,23.2,75.5,0.0,1013,19.6,7.0,9
18/02/2024,02:00,156,0.3,52.0,0.3,22.9,77.0,0.1,1013,19.6,7.5,12
18/02/2024,03:00,171,0.5,65.4,0.4,22.5,77.8,0.0,1013,17.8,6.5,9
18/02/2024,04:00,166,0.6,54.9,0.4,22.5,77.4,0.0,1013,17.7,6.0,8
18/02/2024,05:00,153,0.2,83.9,0.3,22.3,78.9,0.0,1014,16.7,5.9,8
18/02/2024,06:00,164,0.3,85.9,0.3,23.0,74.8,0.0,1014,17.0,5.8,8
18/02/2024,07:00,158,0.6,56.9,0.4,24.0,69.5,0.0,1015,17.5,5.7,7
18/02/2024,08:00,146,0.6,64.6,0.5,26.2,62.0,0.0,1015,17.0,5.6,7
18/02/2024,09:00,105,1.1,40.0,0.6,26.8,60.1,0.0,1015,16.2,5.2,6
18/02/2024,10:00,131,0.9,44.8,0.5,27.0,62.0,0.7,1015,13.4,4.8,6
18/02/2024,11:00,103,0.8,48.1,0.6,28.4,55.0,0.0,1014,13.6,4.4,5
18/02/2024,12:00,97,1.6,41.9,1.0,29.1,51.2,0.0,1013,14.9,4.6,5
18/02/2024,13:00,84,1.6,41.2,1.0,28.6,54.2,0.0,1013,12.8,4.4,4
18/02/2024,14:00,69,1.3,41.8,0.9,28.7,53.7,0.0,1012,13.4,4.4,4
18/02/2024,15:00,65,1.4,42.1,0.8,28.7,47.3,0.0,1012,11.9,4.2,4
18/02/2024,16:00,51,1.2,41.8,0.7,28.5,48.2,0.0,1012,11.1,4.1,3
18/02/2024,17:00,44,0.9,39.7,0.6,27.6,52.0,0.0,1012,11.7,4.3,4
18/02/2024,18:00,57,0.9,36.2,0.4,26.7,57.9,0.0,1013,14.2,4.9,5
18/02/2024,19:00,78,0.7,38.7,0.4,26.0,62.4,0.0,1013,15.0,5.5,7
18/02/2024,20:00,61,0.6,34.9,0.3,25.5,65.5,0.0,1013,16.4,5.5,7
18/02/2024,21:00,96,0.5,48.3,0.3,25.2,68.3,0.0,1014,17.3,5.6,7
18/02/2024,22:00,100,0.5,39.8,0.2,25.2,69.2,0.0,1014,17.6,5.9,8
18/02/2024,23:00,121,0.4,44.1,0.2,24.8,71.7,0.0,1013,17.7,5.8,8
19/02/2024,00:00,160,0.4,61.9,0.3,24.3,73.8,0.0,1013,16.5,5.9,8
19/02/2024,01:00,178,0.2,68.4,0.2,23.7,75.5,0.0,1012,16.7,5.8,8
19/02/2024,02:00,171,0.2,75.9,0.3,23.3,76.3,0.0,1012,14.0,5.4,8
19/02/2024,03:00,163,0.3,67.6,0.3,23.0,76.9,0.0,1012,13.3,5.3,7
19/02/2024,04:00,160,0.2,81.5,0.3,22.8,76.9,0.0,1012,13.1,5.3,7
19/02/2024,05:00,161,0.5,55.7,0.4,22.3,79.4,0.0,1012,14.1,5.3,7
19/02/2024,06:00,163,0.7,53.5,0.4,23.0,76.7,0.0,1012,17.0,6.2,12
19/02/2024,07:00,160,0.4,72.5,0.4,25.0,66.1,0.0,1012,17.3,5.5,9
19/02/2024,08:00,143,0.5,67.2,0.4,27.1,59.7,0.0,1012,18.5,5.6,9
19/02/2024,09:00,99,0.6,49.5,0.5,28.0,56.2,0.0,1012,12.2,4.3,5
19/02/2024,10:00,68,0.3,48.8,0.3,28.1,55.1,0.0,1012,10.8,4.0,5
19/02/2024,11:00,82,0.5,38.0,0.5,27.3,60.6,1.5,1012,10.6,4.3,6
19/02/2024,12:00,359,1.0,32.6,0.5,24.9,78.7,2.6,1012,13.8,5.2,8
19/02/2024,13:00,60,0.9,38.0,0.6,26.6,66.6,0.0,1011,9.7,3.3,5
19/02/2024,14:00,28,0.9,46.2,0.5,26.0,67.9,0.0,1011,8.5,3.1,4
19/02/2024,15:00,30,0.6,32.2,0.3,25.5,67.5,0.2,1011,6.1,1.9,3
19/02/2024,16:00,78,0.4,39.3,0.3,25.1,73.0,0.0,1010,7.6,2.7,4
19/02/2024,17:00,100,0.9,32.0,0.4,25.0,68.2,0.0,1011,8.3,3.1,4
19/02/2024,18:00,135,0.6,38.3,0.4,24.5,64.2,0.0,1011,7.9,3.4,5
19/02/2024,19:00,163,0.4,58.9,0.4,23.3,72.7,0.4,1012,10.1,4.1,7
19/02/2024,20:00,166,0.3,69.9,0.3,22.5,80.9,0.2,1012,12.8,5.2,10
19/02/2024,21:00,171,0.2,88.0,0.3,22.4,83.3,0.0,1012,11.5,4.3,8
19/02/2024,22:00,183,0.3,68.2,0.3,22.4,84.5,0.0,1012,11.8,4.1,7
19/02/2024,23:00,174,0.3,76.4,0.2,22.4,84.7,0.0,1011,13.5,4.4,8
20/02/2024,00:00,165,0.4,67.9,0.4,22.3,84.4,0.0,1011,13.5,4.2,7
20/02/2024,01:00,175,0.6,56.7,0.5,21.7,83.0,0.0,1011,11.9,3.8,4
20/02/2024,02:00,172,0.6,58.6,0.4,21.3,80.8,0.0,1010,10.9,3.4,5
20/02/2024,03:00,166,0.4,67.6,0.4,21.2,81.6,0.0,1010,11.3,3.5,4
20/02/2024,04:00,174,0.2,81.1,0.3,20.9,83.2,0.0,1010,15.9,4.6,7
20/02/2024,05:00,184,0.3,76.0,0.4,20.7,81.4,0.0,1010,12.0,3.6,4
20/02/2024,06:00,170,0.4,74.2,0.4,21.6,77.6,0.0,1011,10.4,3.3,4
20/02/2024,07:00,169,0.9,52.3,0.7,22.7,70.7,0.0,1011,9.8,2.7,3
20/02/2024,08:00,156,1.0,47.4,0.6,24.5,64.9,0.0,1011,12.5,3.4,5
20/02/2024,09:00,162,0.8,58.8,0.6,26.6,56.0,0.0,1011,9.7,3.1,5
20/02/2024,10:00,141,0.8,53.3,0.6,27.8,51.7,0.0,1011,8.3,2.4,4
20/02/2024,11:00,146,0.8,57.1,0.6,28.8,48.4,0.0,1010,7.8,2.4,4
20/02/2024,12:00,154,0.5,79.1,0.5,30.3,44.6,0.0,1010,8.3,3.0,5
20/02/2024,13:00,154,0.4,78.5,0.4,31.3,41.4,0.0,1009,8.2,3.1,5
20/02/2024,14:00,25,1.2,35.7,0.7,29.5,52.2,0.0,1008,13.1,3.9,5
20/02/2024,15:00,26,1.3,41.3,0.8,28.5,57.5,0.0,1008,12.7,4.0,4
20/02/2024,16:00,36,1.1,39.7,0.7,27.5,60.0,0.0,1008,12.8,4.0,5
20/02/2024,17:00,30,1.2,37.0,0.7,27.0,61.2,0.0,1009,11.7,4.0,4
20/02/2024,18:00,53,0.9,41.1,0.5,26.3,63.6,0.0,1009,11.8,4.1,5
20/02/2024,19:00,55,0.7,39.5,0.4,25.7,65.5,0.0,1010,11.8,3.8,4
20/02/2024,20:00,42,0.4,53.4,0.3,25.5,67.4,0.0,1011,11.5,3.8,4
20/02/2024,21:00,60,0.5,43.7,0.2,25.3,69.8,0.0,1011,12.2,4.1,4
20/02/2024,22:00,85,0.6,19.3,0.2,25.0,71.4,0.0,1011,12.1,4.0,4
20/02/2024,23:00,81,0.6,25.2,0.2,24.8,71.5,0.0,1011,10.7,3.8,3
21/02/2024,00:00,134,0.7,28.8,0.3,24.2,72.5,0.0,1010,13.9,4.0,6
21/02/2024,01:00,142,0.6,36.3,0.3,23.8,73.6,0.0,1010,12.5,4.0,4
21/02/2024,02:00,178,0.2,58.7,0.2,23.3,78.6,0.0,1010,14.0,4.7,8
21/02/2024,03:00,171,0.4,66.6,0.3,22.8,79.5,0.0,1010,13.4,4.5,6
21/02/2024,04:00,166,0.5,58.2,0.3,22.6,79.1,0.0,1010,14.2,4.5,6
21/02/2024,05:00,170,0.5,50.9,0.3,22.3,80.8,0.0,1010,13.7,4.7,6
21/02/2024,06:00,166,0.6,56.8,0.4,22.8,79.0,0.0,1011,14.8,4.7,7
21/02/2024,07:00,155,0.4,86.1,0.4,24.4,69.7,0.0,1011,14.4,4.7,9
21/02/2024,08:00,155,0.8,48.6,0.5,25.7,61.3,0.0,1011,15.4,4.7,9
21/02/2024,09:00,150,0.6,68.0,0.5,27.4,55.2,0.0,1011,12.6,4.1,7
21/02/2024,10:00,145,0.4,66.8,0.4,29.7,46.6,0.0,1011,11.3,4.0,6
21/02/2024,11:00,152,0.4,72.7,0.4,30.6,41.3,0.0,1010,9.7,3.1,5
21/02/2024,12:00,133,0.4,79.0,0.4,31.2,40.6,0.0,1009,10.9,3.7,6
21/02/2024,13:00,148,0.4,67.3,0.4,31.7,41.2,0.0,1008,12.8,4.4,8
21/02/2024,14:00,9,1.0,40.4,0.6,30.6,48.4,0.0,1008,16.5,3.9,6
21/02/2024,15:00,35,1.1,39.4,0.7,29.9,52.5,0.0,1007,10.7,3.5,5
21/02/2024,16:00,33,1.1,41.0,0.6,28.8,56.6,0.0,1008,12.6,3.7,5
21/02/2024,17:00,41,1.1,38.2,0.6,27.7,61.9,0.0,1008,11.7,3.6,4
21/02/2024,18:00,50,0.8,42.9,0.4,26.9,66.2,0.0,1009,11.5,3.8,5
21/02/2024,19:00,52,0.7,35.3,0.3,26.5,69.1,0.0,1010,12.0,3.9,5
21/02/2024,20:00,72,0.7,27.4,0.2,26.2,71.3,0.0,1010,12.0,4.1,5
21/02/2024,21:00,77,0.6,22.2,0.2,26.0,72.4,0.0,1011,12.7,4.0,5
21/02/2024,22:00,119,0.5,27.5,0.2,25.7,73.9,0.0,1011,12.7,4.1,5
21/02/2024,23:00,97,0.5,24.2,0.2,25.6,74.5,0.0,1011,11.8,4.2,6
22/02/2024,00:00,116,0.4,41.7,0.2,25.2,76.1,0.0,1010,11.8,4.1,6
22/02/2024,01:00,166,0.2,58.7,0.2,24.2,80.0,0.0,1009,11.1,4.3,6
22/02/2024,02:00,199,0.1,71.7,0.2,23.8,81.0,0.0,1009,12.8,4.7,7
22/02/2024,03:00,162,0.3,60.1,0.3,23.5,82.4,0.0,1009,11.0,4.7,7
22/02/2024,04:00,175,0.3,69.0,0.3,23.2,83.1,0.0,1009,13.2,4.9,7
22/02/2024,05:00,163,0.3,70.4,0.3,23.2,83.2,0.0,1010,12.4,4.8,8
22/02/2024,06:00,164,0.4,64.2,0.3,23.8,79.6,0.0,1011,12.2,4.9,9
22/02/2024,07:00,158,0.7,56.7,0.5,25.2,72.9,0.0,1011,13.7,5.3,11
22/02/2024,08:00,142,0.7,43.4,0.4,27.2,65.1,0.0,1011,14.1,5.0,9
22/02/2024,09:00,151,0.3,73.8,0.4,29.3,54.2,0.0,1011,12.3,4.5,8
22/02/2024,10:00,143,0.5,69.1,0.4,29.9,50.9,0.0,1010,11.5,4.3,7
22/02/2024,11:00,151,0.7,53.8,0.5,30.2,49.8,0.0,1010,12.5,4.2,7
22/02/2024,12:00,140,0.5,49.2,0.5,31.1,45.3,0.0,1009,10.2,4.1,7
22/02/2024,13:00,116,0.6,46.5,0.4,31.7,41.7,0.0,1008,10.1,4.1,7
22/02/2024,14:00,14,0.5,50.1,0.6,32.0,44.6,0.0,1008,13.6,4.7,9
22/02/2024,15:00,333,2.0,28.8,0.9,30.9,49.7,0.0,1007,13.4,4.6,8
22/02/2024,16:00,335,2.1,22.2,0.9,29.9,52.2,0.0,1007,13.0,4.6,7
22/02/2024,17:00,332,2.3,21.5,0.9,28.7,60.9,0.0,1008,16.6,5.2,7
22/02/2024,18:00,336,1.6,29.2,0.7,27.7,65.7,0.0,1009,16.0,5.2,7
22/02/2024,19:00,335,1.7,21.1,0.7,27.2,66.9,0.0,1009,12.7,5.1,8
22/02/2024,20:00,332,1.1,29.5,0.6,27.0,69.8,0.0,1010,11.9,5.0,9
22/02/2024,21:00,326,1.4,19.1,0.5,26.6,72.1,0.0,1010,12.0,4.8,8
22/02/2024,22:00,335,0.6,51.4,0.4,26.5,70.6,0.0,1010,13.6,4.8,7
22/02/2024,23:00,339,0.2,71.0,0.3,26.0,72.1,0.0,1009,14.2,5.0,8
23/02/2024,00:00,335,0.9,36.2,0.4,25.9,73.0,0.0,1009,13.9,4.9,7
23/02/2024,01:00,315,0.2,55.6,0.2,25.5,73.5,0.0,1008,13.1,4.6,7
23/02/2024,02:00,,0.0,60.4,0.2,25.2,75.5,0.0,1008,13.3,5.2,8
23/02/2024,03:00,138,0.5,26.8,0.2,24.7,76.1,0.0,1008,13.3,5.1,8
23/02/2024,04:00,140,0.4,38.5,0.2,24.4,77.5,0.0,1008,12.8,5.2,9
23/02/2024,05:00,278,0.1,56.5,0.1,24.2,78.2,0.0,1009,14.3,5.4,10
23/02/2024,06:00,321,0.1,57.7,0.2,25.5,73.7,0.0,1009,15.1,5.7,12
23/02/2024,07:00,131,0.2,70.1,0.2,27.9,63.0,0.0,1010,15.9,6.1,14
23/02/2024,08:00,,0.0,64.7,0.3,30.0,56.0,0.0,1010,16.9,5.8,12
23/02/2024,09:00,88,0.3,51.3,0.4,30.2,54.8,0.0,1010,15.6,6.0,14
23/02/2024,10:00,355,0.2,87.0,0.3,32.8,46.1,0.0,1009,16.8,6.3,15
23/02/2024,11:00,359,0.2,75.9,0.4,33.6,44.1,0.0,1008,17.6,7.6,21
23/02/2024,12:00,344,0.5,54.8,0.4,33.6,45.3,0.0,1007,18.4,8.5,25
23/02/2024,13:00,335,1.4,30.7,0.7,33.4,47.4,0.0,1006,21.9,7.2,20
23/02/2024,14:00,342,1.5,28.9,0.8,33.6,48.2,0.0,1005,23.8,6.6,17
23/02/2024,15:00,341,1.7,26.9,0.7,32.9,50.7,0.0,1005,20.0,6.1,14
23/02/2024,16:00,348,1.5,33.6,0.8,31.5,55.5,0.0,1005,18.9,5.6,13
23/02/2024,17:00,334,1.6,28.4,0.7,29.8,61.2,0.0,1006,16.4,5.1,10
23/02/2024,18:00,340,1.3,27.0,0.6,29.1,64.9,0.0,1006,14.8,5.0,9
23/02/2024,19:00,341,1.4,26.5,0.7,28.6,63.0,0.0,1007,13.6,5.0,10
23/02/2024,20:00,337,1.3,29.7,0.6,28.3,63.2,0.0,1007,13.4,5.3,10
23/02/2024,21:00,334,1.4,22.9,0.6,27.9,65.6,0.0,1007,15.0,5.1,9
23/02/2024,22:00,330,1.4,17.7,0.5,27.6,67.6,0.0,1007,14.1,4.9,8
23/02/2024,23:00,330,1.1,16.8,0.5,27.3,70.6,0.0,1007,15.1,5.0,7
24/02/2024,00:00,325,0.4,46.4,0.3,27.1,71.8,0.0,1006,15.5,5.1,8
24/02/2024,01:00,330,1.3,17.2,0.5,26.9,71.4,0.0,1006,14.8,5.3,8
24/02/2024,02:00,337,0.5,50.6,0.3,26.8,71.5,0.0,1006,16.8,5.7,10
24/02/2024,03:00,337,0.4,54.3,0.3,26.7,71.9,0.0,1006,17.3,5.9,11
24/02/2024,04:00,350,0.3,47.7,0.2,26.7,71.3,0.0,1006,17.2,6.0,12
24/02/2024,05:00,340,0.1,67.8,0.2,26.4,73.3,0.0,1007,16.3,6.1,12
24/02/2024,06:00,316,0.2,60.7,0.2,26.6,72.9,0.0,1007,15.4,6.1,13
24/02/2024,07:00,328,0.2,47.2,0.2,27.0,74.3,0.2,1008,17.4,6.6,15
24/02/2024,08:00,157,0.1,72.7,0.2,27.1,77.3,0.0,1008,15.8,7.3,19
24/02/2024,09:00,143,0.1,89.4,0.3,29.0,64.9,0.0,1009,13.7,6.5,17
24/02/2024,10:00,153,0.3,80.7,0.4,30.0,62.7,0.0,1009,14.3,6.9,22
24/02/2024,11:00,151,0.3,90.6,0.5,30.8,58.0,0.0,1008,13.5,6.3,19
24/02/2024,12:00,170,0.2,91.0,0.4,30.0,60.8,0.0,1008,14.9,7.1,23
24/02/2024,13:00,115,0.1,96.9,0.3,29.3,64.5,0.0,1007,15.0,7.4,26
24/02/2024,14:00,,0.0,102.6,0.3,28.9,68.3,0.0,1007,13.6,7.6,28
24/02/2024,15:00,198,0.1,69.8,0.2,28.5,68.3,0.0,1006,12.7,7.2,25
24/02/2024,16:00,159,0.4,58.2,0.3,27.3,77.2,0.2,1007,12.7,7.1,26
24/02/2024,17:00,300,0.1,63.9,0.2,26.5,80.5,0.1,1008,13.9,7.8,29
24/02/2024,18:00,335,1.0,27.9,0.3,26.3,81.3,0.2,1008,14.6,8.4,33
24/02/2024,19:00,58,0.5,31.1,0.3,26.3,80.6,0.0,1009,13.5,8.2,31
24/02/2024,20:00,146,0.4,57.6,0.2,26.3,80.8,0.0,1010,14.6,8.1,29
24/02/2024,21:00,166,0.6,59.0,0.4,25.6,80.6,0.0,1011,13.3,6.7,21
24/02/2024,22:00,166,0.4,69.8,0.4,24.0,82.0,0.0,1011,9.5,3.6,7
24/02/2024,23:00,165,0.8,44.3,0.5,23.6,84.0,0.0,1010,8.8,3.0,5
25/02/2024,00:00,170,0.5,58.7,0.4,23.3,84.3,0.0,1010,7.2,2.7,5
25/02/2024,01:00,170,0.3,57.3,0.2,23.3,84.6,0.0,1009,9.3,2.8,5
25/02/2024,02:00,166,0.2,87.9,0.3,23.4,84.4,0.0,1009,9.5,3.5,6
25/02/2024,03:00,160,0.2,76.1,0.2,23.5,85.8,0.0,1009,12.0,4.2,9
25/02/2024,04:00,165,0.1,73.5,0.2,23.5,85.7,0.0,1009,11.5,4.3,9
25/02/2024,05:00,187,0.2,81.9,0.3,23.4,84.9,0.0,1010,10.9,4.0,7
25/02/2024,06:00,171,0.1,84.8,0.2,23.3,85.0,0.0,1010,11.3,3.9,7
25/02/2024,07:00,164,0.5,57.2,0.4,23.6,84.1,0.0,1011,10.3,3.9,7
25/02/2024,08:00,154,0.7,49.5,0.4,24.3,81.7,0.0,1010,11.1,4.7,13
25/02/2024,09:00,159,0.6,59.7,0.4,25.1,77.3,0.0,1011,9.7,3.9,9
25/02/2024,10:00,140,0.4,71.4,0.3,26.6,70.5,0.0,1011,9.8,3.7,8
25/02/2024,11:00,151,0.5,62.9,0.3,26.9,68.7,0.0,1010,9.9,3.7,8
25/02/2024,12:00,95,0.5,45.6,0.5,27.9,64.0,0.0,1010,8.6,3.7,8
25/02/2024,13:00,27,0.9,43.7,0.6,28.8,60.7,0.0,1009,8.5,3.5,7
25/02/2024,14:00,65,1.2,34.8,0.6,29.0,56.9,0.0,1008,8.4,3.0,5
25/02/2024,15:00,57,1.2,39.0,0.7,28.3,62.6,0.0,1008,10.5,3.6,5
25/02/2024,16:00,125,0.6,43.8,0.5,26.1,75.8,0.2,1008,11.0,3.8,5
25/02/2024,17:00,74,1.1,35.8,0.5,26.6,69.9,0.0,1009,11.5,3.7,6
25/02/2024,18:00,63,0.8,31.7,0.4,26.6,67.1,0.0,1009,10.1,3.8,6
25/02/2024,19:00,72,0.6,37.5,0.3,26.3,70.9,0.0,1010,11.3,4.2,7
25/02/2024,20:00,66,0.6,38.7,0.3,26.1,73.7,0.0,1010,12.6,4.7,7
25/02/2024,21:00,100,0.7,36.5,0.4,25.9,74.2,0.0,1011,15.0,5.3,8
25/02/2024,22:00,132,1.0,36.5,0.5,25.5,72.1,0.0,1010,13.1,4.4,7
25/02/2024,23:00,123,0.6,47.4,0.4,25.1,72.3,0.0,1010,9.3,3.7,5
26/02/2024,00:00,148,0.6,51.7,0.4,24.8,73.5,0.0,1010,10.5,3.6,4
26/02/2024,01:00,157,0.4,53.5,0.4,24.7,74.5,0.0,1009,12.1,4.4,9
26/02/2024,02:00,155,0.4,58.8,0.3,24.3,78.0,0.0,1009,12.1,4.9,12
26/02/2024,03:00,154,0.3,70.4,0.3,24.2,79.2,0.0,1009,13.3,4.5,8
26/02/2024,04:00,163,0.6,53.2,0.4,24.0,79.2,0.0,1009,13.2,4.5,7
26/02/2024,05:00,170,0.4,67.4,0.3,23.7,80.4,0.0,1010,15.1,4.7,7
26/02/2024,06:00,161,0.2,84.2,0.3,24.6,77.1,0.0,1010,13.1,4.8,8
26/02/2024,07:00,159,0.5,69.3,0.5,26.0,69.3,0.0,1011,14.4,4.8,10
26/02/2024,08:00,149,0.5,73.2,0.5,27.5,63.5,0.0,1011,17.1,5.2,10
26/02/2024,09:00,111,0.3,69.8,0.3,29.0,58.0,0.0,1011,15.4,5.0,9
26/02/2024,10:00,108,0.7,40.2,0.4,29.6,54.2,0.0,1011,12.0,4.8,8
26/02/2024,11:00,351,0.6,54.8,0.5,31.3,48.7,0.0,1010,14.0,5.2,9
26/02/2024,12:00,346,0.9,43.8,0.5,31.7,47.9,0.0,1009,16.3,5.6,10
26/02/2024,13:00,43,1.0,37.1,0.6,31.4,52.2,0.0,1009,19.3,6.4,12
26/02/2024,14:00,355,1.2,37.7,0.7,31.3,52.8,0.0,1008,19.7,6.1,11
26/02/2024,15:00,359,1.2,36.5,0.7,30.7,55.1,0.0,1008,22.3,6.3,11
26/02/2024,16:00,348,1.5,34.2,0.8,29.8,59.6,0.0,1008,20.9,6.6,12
26/02/2024,17:00,351,1.3,32.8,0.6,28.7,65.1,0.0,1008,19.1,6.5,11
26/02/2024,18:00,343,1.4,30.0,0.7,27.6,68.7,0.0,1009,19.7,6.0,9
26/02/2024,19:00,14,0.7,43.1,0.5,27.4,70.1,0.0,1010,18.5,6.0,9
26/02/2024,20:00,43,0.8,35.2,0.4,27.2,70.2,0.0,1010,18.6,5.9,9
26/02/2024,21:00,46,0.6,49.1,0.4,27.0,70.7,0.0,1011,15.0,5.7,9
26/02/2024,22:00,71,0.8,26.0,0.3,26.8,71.5,0.0,1011,14.7,5.6,9
26/02/2024,23:00,122,0.5,41.7,0.3,26.5,72.4,0.0,1011,15.8,6.0,9
27/02/2024,00:00,110,0.5,43.4,0.2,26.6,71.9,0.0,1011,15.0,5.9,9
27/02/2024,01:00,115,0.6,37.3,0.3,26.7,71.9,0.0,1011,15.6,6.3,9
27/02/2024,02:00,118,0.5,39.3,0.2,26.4,73.4,0.0,1010,16.7,6.2,10
27/02/2024,03:00,131,0.7,30.2,0.3,26.0,75.3,0.0,1010,17.3,6.8,11
27/02/2024,04:00,133,0.8,29.5,0.4,25.6,77.1,0.0,1010,16.7,6.8,12
27/02/2024,05:00,144,0.4,52.1,0.3,25.7,76.1,0.0,1011,18.0,6.6,12
27/02/2024,06:00,126,0.8,33.9,0.4,25.7,69.8,0.0,1011,14.2,5.8,11
27/02/2024,07:00,148,0.9,34.6,0.5,26.6,66.4,0.0,1012,14.1,5.7,11
27/02/2024,08:00,129,0.9,42.1,0.5,28.2,60.3,0.0,1012,13.8,5.3,10
27/02/2024,09:00,72,0.8,53.9,0.6,29.3,52.6,0.0,1013,13.1,5.4,10
27/02/2024,10:00,74,0.6,42.6,0.4,29.2,53.6,0.0,1012,15.0,5.8,11
27/02/2024,11:00,12,0.9,41.9,0.6,29.6,53.9,0.0,1012,16.3,5.8,11
27/02/2024,12:00,54,0.9,40.8,0.6,29.6,53.0,0.0,1012,16.6,5.8,11
27/02/2024,13:00,39,1.2,42.4,0.8,29.2,56.5,0.0,1011,16.6,5.9,11
27/02/2024,14:00,37,1.1,43.3,0.8,29.7,54.4,0.0,1011,15.7,6.2,12
27/02/2024,15:00,64,1.3,40.0,0.8,28.9,56.3,0.0,1011,16.0,6.2,13
27/02/2024,16:00,75,1.5,40.4,0.8,27.9,59.7,0.0,1012,14.9,6.3,12
27/02/2024,17:00,82,1.5,39.1,0.7,27.1,59.0,0.0,1012,18.9,6.4,11
27/02/2024,18:00,76,1.3,36.0,0.7,26.7,59.2,0.0,1013,17.5,6.6,11
27/02/2024,19:00,64,0.9,37.0,0.5,26.6,57.4,0.0,1014,15.5,6.1,10
27/02/2024,20:00,74,0.8,31.8,0.3,26.3,59.7,0.0,1014,15.7,6.1,9
27/02/2024,21:00,80,0.7,36.6,0.3,26.0,61.8,0.0,1015,18.8,6.4,11
27/02/2024,22:00,111,0.7,34.7,0.3,25.6,63.6,0.0,1014,20.2,6.5,11
27/02/2024,23:00,93,0.6,39.9,0.3,25.2,65.5,0.0,1014,15.8,6.4,10
28/02/2024,00:00,136,0.7,38.5,0.3,24.8,66.7,0.0,1014,17.5,6.5,11
28/02/2024,01:00,140,0.6,38.6,0.3,24.7,67.6,0.0,1013,16.6,6.5,9
28/02/2024,02:00,169,0.5,60.3,0.4,24.0,70.9,0.0,1013,17.9,7.1,12
28/02/2024,03:00,166,0.5,55.6,0.3,23.7,72.6,0.0,1013,17.5,7.5,15
28/02/2024,04:00,168,0.4,64.4,0.3,23.5,73.6,0.0,1014,17.5,7.8,16
28/02/2024,05:00,170,0.5,54.6,0.3,23.2,75.2,0.0,1014,16.8,7.8,17
28/02/2024,06:00,171,0.5,66.9,0.4,23.8,72.4,0.0,1015,18.3,7.4,16
28/02/2024,07:00,148,0.5,57.5,0.4,25.8,63.8,0.0,1015,22.2,7.6,16
28/02/2024,08:00,116,0.7,59.4,0.5,27.6,56.2,0.0,1016,19.6,6.6,11
28/02/2024,09:00,104,0.8,46.1,0.6,27.8,55.7,0.0,1015,15.9,5.8,9
28/02/2024,10:00,92,0.6,44.4,0.5,28.7,52.5,0.0,1015,17.1,6.2,10
28/02/2024,11:00,58,0.7,43.0,0.6,29.3,51.3,0.0,1015,18.0,6.1,10
28/02/2024,12:00,49,1.1,40.8,0.7,29.5,50.0,0.0,1015,16.6,6.0,10
28/02/2024,13:00,41,1.1,45.2,0.8,30.1,47.6,0.0,1014,16.1,6.0,10
28/02/2024,14:00,44,1.0,43.7,0.7,30.1,46.8,0.0,1014,14.3,5.9,10
28/02/2024,15:00,30,1.3,40.3,0.8,29.7,47.3,0.0,1013,14.1,5.8,10
28/02/2024,16:00,34,1.1,41.6,0.6,29.1,50.4,0.0,1013,12.4,5.5,9
28/02/2024,17:00,38,1.0,41.6,0.7,28.2,57.6,0.0,1014,13.8,5.6,9
28/02/2024,18:00,62,1.0,31.7,0.5,27.2,62.4,0.0,1014,15.3,5.8,10
28/02/2024,19:00,57,0.8,39.1,0.4,26.7,64.7,0.0,1015,13.6,5.8,10
28/02/2024,20:00,61,0.8,34.1,0.3,26.6,65.1,0.0,1015,15.0,5.7,10
28/02/2024,21:00,75,0.8,31.6,0.3,26.3,66.6,0.0,1015,15.2,5.8,10
28/02/2024,22:00,69,0.7,28.5,0.2,25.8,69.1,0.0,1015,17.3,5.9,10
28/02/2024,23:00,97,0.5,32.2,0.2,25.5,70.2,0.0,1015,16.2,6.1,10
29/02/2024,00:00,100,0.4,39.7,0.2,25.6,69.4,0.0,1014,18.0,6.1,11
29/02/2024,01:00,143,0.3,51.2,0.2,25.1,72.4,0.0,1014,16.2,6.5,10
29/02/2024,02:00,161,0.5,49.3,0.3,24.5,75.2,0.0,1014,15.5,6.7,13
29/02/2024,03:00,153,0.2,64.1,0.2,24.4,75.7,0.0,1013,17.1,7.3,15
29/02/2024,04:00,162,0.3,56.1,0.3,24.2,76.7,0.0,1014,16.4,7.0,15
29/02/2024,05:00,157,0.1,83.9,0.3,24.0,77.4,0.0,1014,17.2,7.0,15
29/02/2024,06:00,176,0.2,82.0,0.3,24.5,75.3,0.0,1015,16.1,7.0,14
29/02/2024,07:00,155,0.3,82.8,0.3,26.1,67.7,0.0,1015,19.8,7.2,15
29/02/2024,08:00,134,0.4,72.6,0.3,27.5,61.2,0.0,1015,19.3,7.6,15
29/02/2024,09:00,144,0.9,33.2,0.4,27.9,57.4,0.0,1015,20.3,7.7,15
29/02/2024,10:00,136,0.5,43.2,0.5,29.1,51.1,0.0,1014,19.3,7.8,15
29/02/2024,11:00,335,0.7,41.6,0.5,30.1,47.3,0.0,1014,19.1,8.1,16
29/02/2024,12:00,353,1.1,39.1,0.7,30.7,48.0,0.0,1013,25.0,8.5,18
29/02/2024,13:00,354,1.2,40.2,0.7,30.2,49.9,0.0,1012,23.6,8.0,17
29/02/2024,14:00,353,1.4,38.1,0.8,30.4,49.0,0.0,1011,24.6,7.4,15
29/02/2024,15:00,332,2.0,25.1,0.8,29.7,52.2,0.0,1011,15.7,6.6,13
29/02/2024,16:00,336,1.7,30.3,0.7,29.0,56.4,0.0,1011,14.4,6.2,12
29/02/2024,17:00,338,1.7,27.6,0.8,28.0,61.3,0.0,1011,16.5,6.0,10
29/02/2024,18:00,342,1.6,26.5,0.7,27.2,62.7,0.0,1012,16.0,5.7,9
29/02/2024,19:00,339,1.3,29.7,0.6,26.9,62.3,0.0,1012,15.5,5.8,9
29/02/2024,20:00,353,1.0,33.9,0.5,26.8,62.6,0.0,1013,16.6,5.8,9
29/02/2024,21:00,355,1.1,35.9,0.6,26.7,60.8,0.0,1013,15.7,5.5,8
29/02/2024,22:00,352,1.0,40.6,0.6,26.4,61.4,0.0,1013,15.0,5.2,7
29/02/2024,23:00,339,1.1,24.6,0.5,26.1,62.7,0.0,1013,13.6,5.0,6
01/03/2024,00:00,330,0.6,42.9,0.4,25.8,64.5,0.0,1012,14.1,5.1,6
01/03/2024,01:00,305,0.3,56.0,0.2,25.3,66.5,0.0,1012,13.8,5.6,9
01/03/2024,02:00,327,0.3,53.3,0.2,25.1,66.6,0.0,1012,14.7,5.8,9
01/03/2024,03:00,293,0.1,70.3,0.2,25.1,66.0,0.0,1011,12.9,5.5,8
01/03/2024,04:00,278,0.1,62.8,0.2,24.9,67.4,0.0,1012,14.2,5.2,7
01/03/2024,05:00,262,0.2,64.5,0.2,24.3,73.6,0.0,1012,18.0,6.1,11
01/03/2024,06:00,156,0.7,33.9,0.3,24.2,73.5,0.0,1013,20.1,7.1,15
01/03/2024,07:00,150,0.7,29.2,0.3,25.8,66.3,0.0,1013,21.3,7.2,15
01/03/2024,08:00,109,0.1,70.4,0.2,28.3,56.5,0.0,1013,15.9,5.9,11
01/03/2024,09:00,69,0.4,50.4,0.4,28.1,56.8,0.0,1014,19.2,5.6,8
01/03/2024,10:00,27,0.5,50.3,0.4,28.8,54.2,0.0,1013,18.2,6.8,14
01/03/2024,11:00,326,1.5,28.0,0.7,29.3,52.6,0.0,1012,21.0,7.0,14
01/03/2024,12:00,3,1.2,41.5,0.7,29.4,52.5,0.0,1012,19.0,6.9,13
01/03/2024,13:00,335,1.6,34.3,0.8,30.1,49.6,0.0,1011,18.8,6.7,13
01/03/2024,14:00,334,1.6,37.4,0.8,29.8,50.7,0.0,1010,18.3,6.2,11
01/03/2024,15:00,334,1.9,27.3,0.9,29.5,51.1,0.0,1010,15.4,5.5,9
01/03/2024,16:00,333,2.2,24.0,0.9,28.3,54.3,0.0,1010,15.3,4.9,7
01/03/2024,17:00,342,1.7,30.2,0.8,27.5,57.1,0.0,1011,13.4,4.5,6
01/03/2024,18:00,332,2.0,20.7,0.7,26.7,58.7,0.0,1011,12.8,4.6,6
01/03/2024,19:00,346,1.3,34.6,0.7,26.5,59.1,0.0,1012,13.2,4.7,7
01/03/2024,20:00,345,1.3,28.7,0.7,26.3,59.7,0.0,1013,11.9,4.3,5
01/03/2024,21:00,345,1.2,32.5,0.6,26.0,60.7,0.0,1013,12.0,4.1,4
01/03/2024,22:00,332,1.4,19.2,0.6,25.7,62.7,0.0,1012,11.9,4.1,4
01/03/2024,23:00,320,1.0,29.3,0.4,25.0,63.7,0.0,1012,13.3,4.9,7
02/03/2024,00:00,322,0.7,31.5,0.4,24.6,65.1,0.0,1012,12.6,4.7,7
02/03/2024,01:00,321,0.4,52.6,0.2,24.3,65.1,0.0,1011,12.3,4.5,6
02/03/2024,02:00,175,0.1,78.4,0.2,24.0,67.4,0.0,1010,11.0,4.4,6
02/03/2024,03:00,162,0.3,52.8,0.2,24.0,69.2,0.0,1010,10.5,4.3,6
02/03/2024,04:00,179,0.1,79.8,0.2,23.6,69.6,0.0,1011,11.0,4.2,5
02/03/2024,05:00,162,0.2,73.8,0.2,23.2,71.7,0.0,1011,10.3,4.1,5
02/03/2024,06:00,161,0.3,56.4,0.3,24.0,69.4,0.0,1012,11.4,4.2,5
02/03/2024,07:00,131,0.2,82.5,0.3,26.7,58.1,0.0,1012,12.4,6.1,12
02/03/2024,08:00,155,0.5,74.2,0.4,27.7,54.8,0.0,1012,13.1,5.7,10
02/03/2024,09:00,318,0.4,77.6,0.6,29.5,45.2,0.0,1012,10.5,4.4,5
02/03/2024,10:00,352,0.2,79.2,0.4,30.6,41.5,0.0,1011,11.0,4.3,5
02/03/2024,11:00,319,0.3,63.0,0.5,30.9,40.3,0.0,1010,12.4,4.7,6
02/03/2024,12:00,129,0.1,96.4,0.3,32.4,36.0,0.0,1009,11.7,4.7,7
02/03/2024,13:00,332,1.2,46.2,0.7,32.2,39.7,0.0,1009,15.4,5.0,7
02/03/2024,14:00,334,2.0,31.2,0.9,30.6,48.4,0.0,1008,13.1,4.8,6
02/03/2024,15:00,336,2.2,25.7,0.9,29.7,51.9,0.0,1007,12.6,4.3,5
02/03/2024,16:00,335,2.3,26.0,0.9,29.0,56.5,0.0,1007,13.5,4.3,5
02/03/2024,17:00,338,1.9,27.2,0.8,28.4,61.2,0.0,1007,14.2,4.7,6
02/03/2024,18:00,334,2.0,25.8,0.8,27.8,64.7,0.0,1008,14.4,4.9,7
02/03/2024,19:00,336,1.5,32.5,0.7,27.4,66.2,0.0,1009,13.7,5.1,7
02/03/2024,20:00,330,1.3,28.6,0.6,27.0,67.6,0.0,1010,14.8,5.4,9
02/03/2024,21:00,359,0.8,45.6,0.6,27.0,68.6,0.0,1010,14.4,5.0,6
02/03/2024,22:00,34,0.6,43.3,0.4,27.0,69.3,0.0,1011,14.1,4.5,5
02/03/2024,23:00,66,0.5,37.8,0.3,27.4,67.9,0.0,1011,14.8,4.5,5
03/03/2024,00:00,72,0.8,41.8,0.6,25.9,78.3,0.0,1010,12.4,4.5,6
03/03/2024,01:00,5,0.8,38.4,0.5,25.0,82.6,0.0,1010,8.2,3.8,6
03/03/2024,02:00,83,0.6,37.0,0.3,24.9,83.4,0.0,1009,6.0,2.8,6
03/03/2024,03:00,114,0.5,38.3,0.2,25.1,81.7,0.0,1009,6.9,3.5,6
03/03/2024,04:00,133,0.4,54.0,0.3,25.2,79.1,0.0,1009,10.3,4.7,11
03/03/2024,05:00,136,0.5,45.5,0.3,24.7,82.7,0.0,1009,9.3,4.4,9
03/03/2024,06:00,146,0.6,47.3,0.3,24.8,83.4,0.0,1010,10.1,4.4,10
03/03/2024,07:00,131,0.2,76.2,0.3,25.7,79.4,0.0,1010,9.1,4.3,10
03/03/2024,08:00,150,0.4,70.5,0.4,26.6,73.4,0.0,1010,11.2,4.7,12
03/03/2024,09:00,153,0.5,71.3,0.4,27.3,69.7,0.0,1011,11.1,5.7,16
03/03/2024,10:00,147,0.6,63.1,0.4,27.8,66.3,0.0,1011,11.7,5.8,16
03/03/2024,11:00,145,0.5,69.9,0.4,28.5,63.3,0.0,1010,13.3,6.8,20
03/03/2024,12:00,151,0.3,83.3,0.4,29.7,58.4,0.0,1009,13.5,7.5,23
03/03/2024,13:00,170,0.3,80.9,0.4,29.6,59.2,0.0,1009,14.2,7.9,24
03/03/2024,14:00,165,0.2,98.1,0.4,29.1,62.0,0.0,1009,14.8,8.3,27
03/03/2024,15:00,1,0.1,90.3,0.2,29.6,57.7,0.0,1008,15.8,8.5,26
03/03/2024,16:00,,0.0,94.9,0.2,29.2,59.2,0.0,1008,15.1,8.0,23
03/03/2024,17:00,,0.0,65.2,0.2,28.8,61.4,0.0,1009,16.4,8.2,25
03/03/2024,18:00,314,0.3,53.7,0.2,28.1,63.5,0.0,1009,15.8,8.0,24
03/03/2024,19:00,330,0.9,28.7,0.3,28.1,67.5,0.0,1009,15.7,8.5,28
03/03/2024,20:00,338,0.7,44.9,0.4,27.8,71.5,0.0,1010,13.6,8.2,28
03/03/2024,21:00,60,0.2,50.7,0.2,27.7,71.3,0.0,1010,15.8,8.5,27
03/03/2024,22:00,337,0.5,55.3,0.3,27.4,73.4,0.0,1010,16.0,8.6,24
03/03/2024,23:00,331,0.5,32.0,0.2,27.2,76.5,0.0,1010,14.4,6.7,13
04/03/2024,00:00,320,0.3,49.1,0.2,26.7,78.3,0.0,1009,14.9,7.2,16
04/03/2024,01:00,339,0.9,37.0,0.5,26.4,74.5,0.0,1009,15.2,7.2,13
04/03/2024,02:00,320,0.8,38.0,0.3,26.0,71.3,0.0,1009,16.5,6.8,11
04/03/2024,03:00,318,0.1,75.1,0.2,25.6,77.2,0.0,1009,19.0,8.0,16
04/03/2024,04:00,,0.0,100.7,0.2,25.2,80.0,0.0,1010,16.4,9.0,29
04/03/2024,05:00,171,0.3,79.3,0.3,24.8,82.4,0.0,1010,16.9,9.4,34
04/03/2024,06:00,178,0.2,89.1,0.3,25.0,82.7,0.0,1011,18.0,10.9,47
04/03/2024,07:00,169,0.3,70.3,0.4,27.3,69.5,0.0,1011,17.9,10.3,39
04/03/2024,08:00,142,0.4,73.4,0.4,29.3,59.9,0.0,1012,17.9,8.6,27
04/03/2024,09:00,149,0.6,69.7,0.5,30.7,55.5,0.0,1012,17.3,8.3,26
04/03/2024,10:00,148,0.7,61.2,0.6,31.3,52.2,0.0,1012,19.5,8.6,26
04/03/2024,11:00,126,1.5,35.1,0.8,30.6,52.4,0.0,1012,16.6,6.9,18
04/03/2024,12:00,118,2.0,33.7,1.0,30.7,51.5,0.0,1011,18.9,6.0,14
04/03/2024,13:00,84,1.7,32.2,1.0,29.2,56.5,0.0,1012,17.1,4.9,9
04/03/2024,14:00,97,1.8,35.0,1.0,27.8,66.1,4.6,1012,15.2,5.4,10
04/03/2024,15:00,70,1.2,37.7,0.6,26.1,72.4,0.0,1012,17.8,6.0,9
04/03/2024,16:00,84,1.7,33.7,0.8,26.9,65.6,0.0,1012,15.3,5.3,8
04/03/2024,17:00,91,1.7,33.8,0.9,26.8,63.5,0.0,1013,19.4,6.4,9
04/03/2024,18:00,88,1.5,38.8,0.9,26.8,61.9,0.0,1014,19.9,6.8,10
04/03/2024,19:00,77,1.7,30.8,0.8,26.1,67.2,0.0,1015,23.0,8.7,12
04/03/2024,20:00,82,1.2,32.8,0.6,25.9,67.3,0.0,1015,26.2,9.7,13
04/03/2024,21:00,87,0.9,32.1,0.4,25.9,65.9,0.0,1016,29.4,10.1,13
04/03/2024,22:00,104,0.7,35.9,0.4,25.5,69.6,0.0,1016,29.7,10.6,14
04/03/2024,23:00,146,1.8,32.7,0.9,23.0,81.1,0.9,1016,11.7,4.8,6
05/03/2024,00:00,159,1.3,36.1,0.7,22.4,85.2,1.3,1015,13.5,5.9,9
05/03/2024,01:00,159,0.7,62.6,0.4,22.3,85.0,0.0,1015,11.8,5.0,6
05/03/2024,02:00,168,0.3,84.4,0.4,22.3,84.6,0.0,1014,12.0,4.9,8
05/03/2024,03:00,164,1.0,37.0,0.5,22.2,85.0,0.0,1014,11.7,4.7,8
05/03/2024,04:00,166,0.5,66.0,0.4,22.1,85.5,0.0,1015,11.4,4.6,7
05/03/2024,05:00,165,0.6,60.2,0.5,22.1,85.1,0.0,1015,13.0,4.9,8
05/03/2024,06:00,153,0.8,42.1,0.4,22.2,84.0,0.0,1016,13.7,5.1,8
05/03/2024,07:00,150,1.2,34.4,0.6,22.6,82.2,0.0,1016,12.9,4.8,8
05/03/2024,08:00,152,1.4,32.2,0.7,22.7,82.5,0.0,1017,11.3,4.8,7
05/03/2024,09:00,148,1.6,32.9,0.9,23.6,77.8,0.0,1018,12.5,5.2,8
05/03/2024,10:00,148,1.6,28.2,0.7,23.2,80.7,0.3,1018,10.4,4.4,7
05/03/2024,11:00,142,1.0,33.5,0.6,23.8,78.7,0.0,1017,15.0,6.0,10
05/03/2024,12:00,123,1.3,41.5,0.8,24.7,70.9,0.3,1016,20.6,7.1,10
05/03/2024,13:00,109,1.3,38.8,0.7,26.3,62.1,0.0,1016,20.0,6.5,9
05/03/2024,14:00,97,1.7,37.0,0.9,26.4,58.5,0.0,1015,20.1,5.9,8
05/03/2024,15:00,100,1.9,36.2,0.9,25.5,61.6,0.0,1015,22.9,6.8,8
05/03/2024,16:00,109,1.6,38.9,0.9,24.4,67.1,0.0,1016,20.5,7.1,9
05/03/2024,17:00,112,1.2,37.8,0.7,24.3,65.6,0.0,1016,18.5,6.4,8
05/03/2024,18:00,75,1.0,37.1,0.5,24.0,67.0,0.0,1017,24.0,7.6,9
05/03/2024,19:00,88,0.7,33.9,0.3,23.6,68.2,0.0,1017,22.8,7.8,10
05/03/2024,20:00,132,0.5,37.3,0.2,23.4,68.9,0.0,1017,22.5,7.8,11
05/03/2024,21:00,157,0.6,40.3,0.3,22.9,70.1,0.0,1017,23.7,7.9,11
05/03/2024,22:00,156,0.5,51.3,0.3,22.8,70.7,0.0,1017,22.6,7.6,11
05/03/2024,23:00,166,0.3,65.8,0.3,22.7,71.5,0.0,1017,21.9,7.3,11
06/03/2024,00:00,154,0.1,86.3,0.2,22.3,73.2,0.0,1016,20.9,6.6,9
06/03/2024,01:00,157,0.1,87.6,0.2,22.2,74.3,0.0,1015,19.5,6.7,8
06/03/2024,02:00,168,0.3,73.4,0.3,22.0,74.0,0.0,1015,21.1,6.5,8
06/03/2024,03:00,149,0.1,78.1,0.2,21.7,75.2,0.0,1015,20.3,6.5,8
06/03/2024,04:00,161,0.5,60.9,0.4,21.5,74.8,0.0,1015,20.4,6.4,7
06/03/2024,05:00,169,0.5,73.1,0.4,21.1,76.6,0.0,1015,19.9,6.5,9
06/03/2024,06:00,157,0.4,82.0,0.4,22.0,73.1,0.0,1016,23.9,6.8,9
06/03/2024,07:00,149,0.4,74.6,0.4,23.7,65.4,0.0,1017,24.7,7.1,12
06/03/2024,08:00,129,1.1,33.0,0.5,25.5,54.6,0.0,1017,20.7,5.5,7
06/03/2024,09:00,123,1.2,43.2,0.8,26.3,50.6,0.0,1017,13.4,4.6,5
06/03/2024,10:00,119,1.2,41.9,0.7,27.2,45.0,0.0,1017,13.6,4.0,3
06/03/2024,11:00,119,1.4,44.8,0.8,27.8,42.7,0.0,1016,11.9,3.8,3
06/03/2024,12:00,108,1.4,39.4,0.8,27.8,46.0,0.0,1016,13.8,3.9,3
06/03/2024,13:00,85,1.5,42.5,0.9,27.7,47.8,0.0,1015,12.4,3.7,3
06/03/2024,14:00,80,1.3,43.4,0.8,27.8,47.1,0.0,1015,10.3,3.7,3
06/03/2024,15:00,103,1.5,39.2,0.8,27.7,45.4,0.0,1015,11.9,3.7,4
06/03/2024,16:00,59,1.3,39.9,0.8,27.2,46.4,0.0,1015,12.7,4.0,4
06/03/2024,17:00,99,1.4,38.2,0.7,26.5,46.6,0.0,1015,12.9,4.3,5
06/03/2024,18:00,75,0.8,40.9,0.5,25.4,54.1,0.0,1016,13.4,4.7,5
06/03/2024,19:00,73,0.7,39.4,0.3,24.6,59.0,0.0,1016,14.0,4.7,5
06/03/2024,20:00,75,0.6,34.2,0.3,24.0,63.4,0.0,1016,14.5,4.7,5
06/03/2024,21:00,67,0.6,30.6,0.2,23.9,66.3,0.0,1017,13.3,4.1,4
06/03/2024,22:00,107,0.6,23.0,0.2,23.7,68.3,0.0,1016,11.9,3.9,3
06/03/2024,23:00,151,0.6,35.2,0.3,23.2,70.2,0.0,1016,13.4,4.6,7
07/03/2024,00:00,157,0.5,58.0,0.4,22.9,70.2,0.0,1016,15.2,5.0,7
07/03/2024,01:00,162,0.3,63.0,0.3,22.5,70.7,0.0,1015,16.3,5.3,7
07/03/2024,02:00,290,0.1,63.0,0.2,22.2,71.5,0.0,1014,13.1,4.8,7
07/03/2024,03:00,159,0.2,87.0,0.3,21.8,72.1,0.0,1014,14.2,4.8,7
07/03/2024,04:00,156,0.2,84.1,0.3,21.6,72.9,0.0,1014,13.1,4.9,7
07/03/2024,05:00,170,0.5,65.8,0.4,21.1,74.2,0.0,1015,14.5,5.4,9
07/03/2024,06:00,169,0.4,66.9,0.4,21.6,72.8,0.0,1015,15.8,5.3,9
07/03/2024,07:00,160,0.4,74.8,0.4,22.1,73.8,0.1,1016,15.5,5.2,8
07/03/2024,08:00,156,0.2,86.4,0.3,23.7,70.3,0.0,1017,16.0,5.3,9
07/03/2024,09:00,152,0.6,59.7,0.4,26.6,58.9,0.0,1017,17.4,5.2,9
07/03/2024,10:00,107,1.1,38.1,0.6,27.3,55.1,0.0,1017,12.7,3.9,5
07/03/2024,11:00,73,1.0,41.5,0.7,28.3,50.7,0.0,1016,12.0,3.7,4
07/03/2024,12:00,110,1.3,42.3,0.9,28.8,47.3,0.0,1015,11.6,3.5,3
07/03/2024,13:00,95,1.3,47.7,0.9,28.7,48.6,0.0,1015,13.4,3.9,4
07/03/2024,14:00,91,1.3,48.5,0.8,28.8,48.8,0.0,1014,13.2,4.1,3
07/03/2024,15:00,82,1.4,43.9,0.9,28.2,49.7,0.0,1014,12.2,3.9,3
07/03/2024,16:00,89,1.5,37.6,0.9,27.1,53.6,0.0,1015,14.4,3.9,3
07/03/2024,17:00,81,1.4,39.7,0.8,26.5,56.1,0.0,1015,12.8,3.8,3
07/03/2024,18:00,76,1.3,34.1,0.7,25.9,57.9,0.0,1016,12.5,4.1,3
07/03/2024,19:00,91,0.9,35.9,0.5,25.5,57.9,0.0,1017,13.1,4.3,4
07/03/2024,20:00,110,0.7,40.0,0.4,25.0,59.8,0.0,1017,13.8,4.4,4
07/03/2024,21:00,138,0.9,30.2,0.4,24.6,61.8,0.0,1018,14.1,4.6,4
07/03/2024,22:00,120,1.0,31.2,0.5,24.0,66.9,0.5,1017,13.1,4.6,4
07/03/2024,23:00,137,0.9,36.2,0.4,23.8,70.3,0.6,1017,14.5,4.9,4
08/03/2024,00:00,104,0.7,34.7,0.3,23.6,73.2,0.0,1017,17.1,5.8,5
08/03/2024,01:00,165,0.5,44.8,0.3,23.1,73.1,0.0,1016,15.1,5.4,5
08/03/2024,02:00,170,0.4,67.2,0.3,22.4,75.7,0.0,1015,15.9,5.4,7
08/03/2024,03:00,161,0.5,65.1,0.4,22.2,76.2,0.0,1015,15.6,5.5,6
08/03/2024,04:00,168,0.4,74.8,0.4,22.3,74.9,0.0,1015,13.3,4.9,5
08/03/2024,05:00,168,0.5,65.3,0.4,22.2,74.5,0.0,1016,14.4,4.9,6
08/03/2024,06:00,162,0.5,56.1,0.4,22.5,73.8,0.0,1016,16.7,5.4,8
08/03/2024,07:00,151,0.7,44.2,0.5,23.4,70.8,0.1,1017,17.1,5.5,8
08/03/2024,08:00,128,0.8,31.7,0.4,24.3,69.7,0.0,1017,14.3,5.0,6
08/03/2024,09:00,80,0.8,44.6,0.7,24.6,71.8,0.2,1017,15.3,4.9,5
08/03/2024,10:00,104,1.7,37.7,0.9,27.0,55.4,0.0,1017,16.3,4.7,4
08/03/2024,11:00,101,1.7,46.2,1.0,28.1,48.5,0.0,1017,15.4,4.2,3
08/03/2024,12:00,119,2.0,36.9,1.0,27.5,51.5,0.0,1016,18.1,4.5,4
08/03/2024,13:00,118,2.0,38.1,1.1,27.9,47.7,0.0,1016,15.8,4.1,4
08/03/2024,14:00,104,2.2,35.9,1.1,27.3,52.1,0.0,1016,15.2,4.3,3
08/03/2024,15:00,111,1.9,40.8,1.1,27.0,53.4,0.0,1015,14.9,4.3,3
08/03/2024,16:00,105,1.9,38.9,1.1,27.1,52.0,0.0,1015,13.5,4.2,3
08/03/2024,17:00,113,2.1,32.0,1.0,26.3,58.0,0.0,1016,17.5,5.2,5
08/03/2024,18:00,108,1.5,40.1,0.8,25.6,60.7,0.0,1016,17.9,5.8,6
08/03/2024,19:00,100,1.3,36.7,0.7,25.1,64.0,0.0,1017,19.7,6.7,6
08/03/2024,20:00,119,1.0,41.1,0.6,24.8,63.6,0.0,1018,18.2,6.1,7
08/03/2024,21:00,143,0.8,42.3,0.5,24.3,66.8,0.0,1018,16.1,5.7,6
08/03/2024,22:00,159,0.6,48.9,0.4,23.4,72.0,0.0,1018,18.7,5.6,6
08/03/2024,23:00,151,0.8,44.4,0.4,23.0,71.2,0.0,1017,16.8,5.3,5
09/03/2024,00:00,163,0.4,65.2,0.4,22.6,71.9,0.0,1017,17.0,5.1,5
09/03/2024,01:00,165,1.0,45.1,0.6,22.4,72.1,0.0,1016,15.4,5.2,5
09/03/2024,02:00,139,1.0,41.9,0.7,22.1,76.1,0.0,1016,13.9,4.9,5
09/03/2024,03:00,,,,,22.0,78.1,0.0,1016,11.1,4.2,4
09/03/2024,04:00,151,1.2,39.2,0.6,22.1,76.2,0.0,1016,11.5,4.4,4
09/03/2024,05:00,153,0.9,50.8,0.5,22.3,76.6,0.0,1016,13.7,5.3,4
09/03/2024,06:00,152,0.8,48.2,0.5,22.7,74.6,0.0,1017,14.3,5.2,5
09/03/2024,07:00,152,1.0,49.9,0.6,23.6,70.5,0.0,1017,14.9,5.1,6
09/03/2024,08:00,123,1.6,38.0,0.9,26.0,55.3,0.0,1018,21.1,6.4,7
09/03/2024,09:00,110,2.3,36.9,1.2,27.1,45.8,0.0,1018,19.7,5.9,5
09/03/2024,10:00,107,2.4,35.6,1.2,27.9,43.1,0.0,1018,16.1,5.0,4
09/03/2024,11:00,120,2.7,34.7,1.3,28.0,43.3,0.0,1018,17.4,5.6,5
09/03/2024,12:00,119,2.5,37.3,1.3,28.1,44.3,0.0,1017,20.4,5.8,5
09/03/2024,13:00,112,2.4,37.1,1.4,28.0,43.7,0.0,1016,21.1,5.8,5
09/03/2024,14:00,109,2.6,34.5,1.4,27.8,44.9,0.0,1016,18.9,5.6,5
09/03/2024,15:00,103,2.3,36.3,1.1,27.4,47.1,0.0,1016,17.5,5.9,5
09/03/2024,16:00,119,2.4,32.5,1.3,26.8,48.2,0.0,1016,18.5,5.9,5
09/03/2024,17:00,119,2.1,35.3,1.1,25.9,51.3,0.0,1017,18.9,6.0,5
09/03/2024,18:00,120,1.7,37.4,0.9,25.1,55.4,0.0,1017,20.0,6.3,6
09/03/2024,19:00,117,1.4,38.0,0.7,24.7,62.7,0.0,1018,19.0,6.4,6
09/03/2024,20:00,117,1.5,33.3,0.8,24.4,62.0,0.0,1018,19.7,6.4,6
09/03/2024,21:00,120,1.2,37.7,0.7,24.0,65.2,0.3,1018,21.0,6.4,5
09/03/2024,22:00,129,1.3,35.4,0.7,23.3,69.8,0.0,1018,16.6,6.0,5
09/03/2024,23:00,127,1.0,42.4,0.6,22.9,74.4,0.0,1018,13.0,5.3,5
10/03/2024,00:00,133,0.5,53.8,0.4,22.8,77.1,0.0,1018,15.4,6.1,6
10/03/2024,01:00,161,1.0,34.7,0.5,22.6,75.9,0.0,1017,19.2,6.8,5
10/03/2024,02:00,159,0.5,55.5,0.4,22.8,74.7,0.0,1017,20.4,7.1,7
10/03/2024,03:00,162,0.5,64.3,0.4,22.3,74.7,0.0,1017,19.0,7.2,7
10/03/2024,04:00,172,0.7,54.6,0.5,22.2,70.7,0.0,1017,19.8,7.0,7
10/03/2024,05:00,172,0.7,51.6,0.5,21.7,70.1,0.0,1017,17.8,6.3,6
10/03/2024,06:00,168,0.5,63.8,0.4,21.8,69.1,0.0,1018,17.6,5.8,6
10/03/2024,07:00,165,0.4,80.2,0.5,23.2,65.5,0.0,1018,18.4,6.0,7
10/03/2024,08:00,145,1.8,35.7,1.0,25.4,61.3,0.0,1019,20.5,7.0,7
10/03/2024,09:00,117,2.1,34.1,1.1,26.3,57.2,0.0,1019,21.9,6.7,7
10/03/2024,10:00,115,1.8,34.9,0.9,26.1,60.5,0.1,1019,21.7,7.0,7
10/03/2024,11:00,85,1.8,37.1,1.1,25.4,66.5,0.0,1019,23.3,7.9,7
10/03/2024,12:00,106,2.4,36.9,1.3,26.9,57.2,0.0,1018,24.4,7.5,8
10/03/2024,13:00,119,2.6,34.9,1.2,27.2,53.0,0.0,1018,18.7,6.4,7
10/03/2024,14:00,114,2.3,36.9,1.3,27.3,49.2,0.0,1017,17.5,5.8,5
10/03/2024,15:00,119,2.5,34.1,1.2,27.3,48.6,0.0,1017,20.1,6.5,5
10/03/2024,16:00,84,2.2,34.1,1.1,26.5,57.0,0.0,1018,24.7,7.8,7
10/03/2024,17:00,101,1.4,40.2,0.8,25.2,62.0,0.0,1018,26.3,8.7,8
10/03/2024,18:00,123,1.3,35.7,0.6,25.3,59.5,0.0,1018,28.6,9.2,9
10/03/2024,19:00,114,1.0,45.3,0.6,25.0,62.0,0.0,1019,26.4,9.1,9
10/03/2024,20:00,104,1.3,31.6,0.7,24.6,62.3,0.0,1019,25.5,8.2,8
10/03/2024,21:00,102,0.8,37.5,0.4,24.5,60.9,0.0,1019,26.9,8.1,8
10/03/2024,22:00,106,0.9,32.3,0.5,24.4,61.5,0.0,1019,25.4,8.1,7
10/03/2024,23:00,159,0.8,32.8,0.4,24.0,66.0,0.0,1018,26.1,8.2,7
11/03/2024,00:00,165,0.5,55.1,0.4,23.8,68.7,0.0,1018,23.6,8.1,8
11/03/2024,01:00,165,0.7,55.2,0.5,23.3,72.0,0.0,1017,22.9,8.2,6
11/03/2024,02:00,158,0.8,46.3,0.5,23.0,73.5,0.0,1017,19.8,7.3,7
11/03/2024,03:00,152,1.1,35.6,0.5,23.0,74.9,0.0,1016,22.4,8.0,7
11/03/2024,04:00,164,0.6,53.3,0.5,22.6,76.3,0.0,1017,23.2,7.9,7
11/03/2024,05:00,147,0.8,43.2,0.5,22.5,76.9,0.0,1017,20.9,7.7,7
11/03/2024,06:00,98,0.4,46.0,0.5,22.3,80.7,1.3,1017,15.9,6.7,7
11/03/2024,07:00,67,0.3,51.9,0.3,21.8,85.1,0.7,1018,15.9,6.4,7
11/03/2024,08:00,141,0.4,73.6,0.4,23.7,78.8,0.0,1018,18.5,7.4,11
11/03/2024,09:00,110,1.9,38.3,1.1,26.4,58.8,0.0,1018,33.0,9.7,12
11/03/2024,10:00,96,2.0,35.2,1.1,26.9,55.0,0.0,1018,28.6,9.0,9
11/03/2024,11:00,108,1.5,38.7,0.9,25.0,65.6,0.5,1018,25.0,8.3,9
11/03/2024,12:00,96,1.8,35.5,1.1,25.7,59.5,0.0,1017,21.2,6.7,7
11/03/2024,13:00,107,1.4,35.8,0.9,23.2,78.2,0.3,1016,11.0,4.4,5
11/03/2024,14:00,113,1.6,43.5,1.0,24.3,74.1,1.8,1016,14.4,5.2,6
11/03/2024,15:00,98,1.0,42.1,0.7,23.0,82.6,0.3,1015,12.8,5.1,6
11/03/2024,16:00,115,1.2,40.4,0.7,23.5,81.0,0.0,1015,15.1,6.1,7
11/03/2024,17:00,141,2.0,35.2,0.9,23.4,78.4,0.0,1015,14.0,5.8,7
11/03/2024,18:00,145,1.3,35.7,0.7,23.2,79.6,0.0,1016,17.9,7.1,8
11/03/2024,19:00,155,1.5,31.2,0.8,23.1,79.7,0.0,1016,20.5,7.9,9
11/03/2024,20:00,135,1.3,33.4,0.7,23.0,78.6,0.0,1016,21.7,8.4,9
11/03/2024,21:00,143,1.1,34.6,0.6,23.2,76.0,0.0,1016,25.8,9.1,9
11/03/2024,22:00,164,0.7,44.9,0.4,23.0,76.7,0.0,1016,26.2,9.2,10
11/03/2024,23:00,164,0.6,48.8,0.4,22.7,76.3,0.0,1016,24.6,9.1,10
12/03/2024,00:00,172,0.7,53.8,0.5,22.8,73.9,0.0,1015,26.0,9.0,10
12/03/2024,01:00,171,0.7,58.2,0.5,22.4,73.1,0.0,1014,25.3,8.6,6
12/03/2024,02:00,170,0.8,49.7,0.6,22.0,70.5,0.0,1013,20.1,7.1,6
12/03/2024,03:00,163,0.7,46.1,0.5,22.0,68.6,0.0,1013,20.4,6.6,6
12/03/2024,04:00,172,0.5,67.8,0.4,21.6,69.4,0.0,1013,17.0,6.1,6
12/03/2024,05:00,177,0.7,50.0,0.5,21.2,70.0,0.0,1013,15.6,5.5,5
12/03/2024,06:00,168,0.3,79.4,0.4,21.8,68.2,0.0,1013,15.2,5.3,5
12/03/2024,07:00,171,0.7,66.5,0.6,23.2,60.2,0.0,1014,15.5,5.4,6
12/03/2024,08:00,146,1.2,39.2,0.7,25.0,56.7,0.0,1015,18.5,6.3,7
12/03/2024,09:00,134,1.9,36.6,1.0,26.5,52.5,0.0,1015,23.9,7.5,8
12/03/2024,10:00,116,1.9,37.6,1.1,27.7,45.9,0.0,1014,21.3,7.3,7
12/03/2024,11:00,104,1.7,37.8,0.9,28.1,42.8,0.0,1014,20.6,6.7,6
12/03/2024,12:00,104,1.9,38.9,1.0,28.3,40.8,0.0,1013,18.2,6.4,6
12/03/2024,13:00,96,1.9,38.7,1.0,28.5,39.9,0.0,1012,19.7,6.4,6
12/03/2024,14:00,119,2.1,37.3,1.1,28.3,41.0,0.0,1011,19.6,6.1,5
12/03/2024,15:00,114,1.7,40.8,1.0,28.0,42.4,0.0,1010,21.2,6.1,5
12/03/2024,16:00,98,1.6,38.7,0.8,27.4,45.6,0.0,1011,21.2,6.2,5
12/03/2024,17:00,93,1.5,40.7,0.9,26.4,49.0,0.0,1011,18.9,6.4,6
12/03/2024,18:00,89,1.5,34.2,0.7,25.4,54.7,0.0,1012,19.7,7.0,7
12/03/2024,19:00,89,1.2,37.8,0.7,24.8,58.3,0.0,1012,21.8,7.8,9
12/03/2024,20:00,109,1.2,37.0,0.6,24.6,59.4,0.0,1012,22.9,7.8,8
12/03/2024,21:00,132,1.3,33.4,0.7,24.7,59.4,0.0,1012,22.3,7.7,8
12/03/2024,22:00,138,1.4,34.9,0.7,24.5,60.3,0.0,1012,24.2,7.9,8
12/03/2024,23:00,141,1.4,34.3,0.6,24.2,62.2,0.0,1012,22.2,7.9,7
13/03/2024,00:00,136,1.4,35.4,0.7,23.3,70.1,0.0,1011,19.4,7.2,7
13/03/2024,01:00,151,0.8,43.7,0.5,23.0,71.9,0.0,1011,21.3,7.7,6
13/03/2024,02:00,150,1.0,38.0,0.5,23.0,72.2,0.0,1010,20.2,7.3,7
13/03/2024,03:00,163,0.4,59.3,0.4,22.4,73.4,0.0,1009,18.9,7.2,7
13/03/2024,04:00,169,0.4,74.2,0.5,21.8,74.1,0.0,1010,19.6,7.4,9
13/03/2024,05:00,165,0.4,64.5,0.4,21.7,72.1,0.0,1010,19.2,7.5,10
13/03/2024,06:00,160,0.4,72.0,0.4,22.3,68.8,0.0,1011,20.2,7.6,11
13/03/2024,07:00,157,0.6,61.5,0.4,23.9,63.9,0.0,1011,27.4,8.8,14
13/03/2024,08:00,135,1.5,36.4,0.9,25.7,58.2,0.0,1011,28.5,8.4,11
13/03/2024,09:00,116,1.7,38.5,1.0,26.7,52.7,0.0,1011,22.4,7.7,8
13/03/2024,10:00,113,1.8,38.1,1.0,27.4,48.0,0.0,1011,22.0,7.0,6
13/03/2024,11:00,118,2.1,34.6,1.1,27.8,47.9,0.0,1010,22.9,7.2,7
13/03/2024,12:00,105,1.7,42.9,1.1,28.3,45.7,0.0,1010,22.1,7.2,6
13/03/2024,13:00,119,2.1,35.1,1.0,28.0,43.6,0.0,1009,23.4,7.0,6
13/03/2024,14:00,106,2.2,33.7,1.0,27.7,46.1,0.0,1009,22.8,7.0,6
13/03/2024,15:00,100,2.1,35.4,1.1,27.5,44.5,0.0,1008,21.0,6.7,5
13/03/2024,16:00,90,2.2,33.1,1.0,27.2,42.0,0.0,1009,17.6,6.0,5
13/03/2024,17:00,99,2.0,36.1,0.9,26.3,46.2,0.0,1009,18.6,6.2,5
13/03/2024,18:00,95,1.4,34.6,0.7,25.2,53.0,0.0,1009,19.8,6.6,6
13/03/2024,19:00,119,0.9,43.2,0.5,25.0,56.4,0.0,1010,22.0,7.2,7
13/03/2024,20:00,158,1.2,36.0,0.6,24.6,59.1,0.0,1010,22.5,7.6,8
13/03/2024,21:00,157,1.1,33.0,0.5,23.9,61.4,0.0,1010,23.3,7.6,8
13/03/2024,22:00,161,0.7,56.8,0.4,23.6,63.5,0.0,1010,20.3,7.1,7
13/03/2024,23:00,161,0.4,65.3,0.3,23.3,65.1,0.0,1010,19.5,6.9,7
14/03/2024,00:00,165,0.4,66.4,0.4,23.0,67.2,0.0,1009,21.7,7.1,8
14/03/2024,01:00,160,0.5,61.2,0.4,22.7,68.6,0.0,1008,19.9,6.8,6
14/03/2024,02:00,160,0.4,61.5,0.4,22.5,67.5,0.0,1008,19.8,7.0,7
14/03/2024,03:00,170,0.2,84.7,0.3,22.2,68.9,0.0,1007,20.3,7.5,10
14/03/2024,04:00,166,0.2,75.7,0.3,22.0,70.9,0.0,1008,19.5,6.9,8
14/03/2024,05:00,168,0.6,55.0,0.4,21.8,70.7,0.0,1008,18.1,6.6,7
14/03/2024,06:00,164,0.4,73.5,0.4,22.1,69.6,0.0,1008,21.8,7.0,9
14/03/2024,07:00,152,0.7,67.5,0.5,23.3,70.1,0.0,1008,21.0,6.9,9
14/03/2024,08:00,144,1.2,34.1,0.6,24.3,72.3,0.0,1009,17.6,6.2,9
14/03/2024,09:00,131,1.1,38.7,0.5,25.7,65.9,0.0,1009,19.7,6.7,9
14/03/2024,10:00,117,0.2,54.6,0.4,24.8,73.6,1.7,1009,21.6,7.6,9
14/03/2024,11:00,146,1.0,46.1,0.6,26.0,66.3,0.0,1008,21.7,7.6,11
14/03/2024,12:00,99,0.8,43.8,0.6,27.2,55.4,0.0,1007,21.6,7.1,9
14/03/2024,13:00,66,0.9,38.1,0.5,27.7,51.4,0.0,1007,20.1,6.5,7
14/03/2024,14:00,77,0.9,40.4,0.5,27.6,53.2,0.0,1006,21.2,6.8,7
14/03/2024,15:00,51,0.9,33.0,0.5,27.4,55.5,0.0,1006,21.8,6.9,7
14/03/2024,16:00,360,0.8,40.4,0.5,27.5,54.7,0.0,1006,23.1,6.9,7
14/03/2024,17:00,352,0.7,46.4,0.5,26.8,57.5,0.0,1006,25.8,7.1,7
14/03/2024,18:00,27,0.6,42.7,0.4,26.1,60.9,0.0,1006,22.3,7.3,8
14/03/2024,19:00,37,0.2,70.4,0.3,25.4,63.9,0.0,1007,24.6,7.8,9
14/03/2024,20:00,84,0.5,29.0,0.2,25.0,66.8,0.0,1007,24.8,8.0,10
14/03/2024,21:00,83,0.5,30.6,0.2,24.5,68.6,0.0,1007,23.7,8.2,11
14/03/2024,22:00,124,0.2,67.9,0.2,24.2,70.0,0.0,1007,23.5,8.1,11
14/03/2024,23:00,159,0.4,36.3,0.2,23.4,75.0,0.0,1007,22.7,7.9,12
15/03/2024,00:00,212,0.1,67.3,0.2,22.7,77.4,0.0,1006,20.1,7.9,12
15/03/2024,01:00,165,0.7,24.3,0.3,22.3,79.9,0.0,1006,21.6,7.8,10
15/03/2024,02:00,202,0.1,71.8,0.2,21.7,81.4,0.0,1005,17.7,6.7,9
15/03/2024,03:00,172,0.4,55.9,0.3,21.5,81.8,0.0,1006,17.0,6.9,10
15/03/2024,04:00,176,0.2,68.6,0.3,21.1,82.1,0.0,1006,17.9,6.5,8
15/03/2024,05:00,167,0.3,69.5,0.3,20.8,82.9,0.0,1007,18.1,6.5,8
15/03/2024,06:00,172,0.3,71.1,0.3,21.5,79.5,0.0,1008,18.4,6.8,10
15/03/2024,07:00,166,0.9,51.9,0.7,22.9,73.2,0.0,1009,21.3,7.3,12
15/03/2024,08:00,165,1.0,49.6,0.7,24.7,65.6,0.0,1009,24.9,8.2,15
15/03/2024,09:00,155,1.3,48.2,0.8,26.6,57.1,0.0,1009,20.7,7.3,12
15/03/2024,10:00,138,1.6,33.9,0.8,27.5,53.3,0.0,1009,21.7,7.0,10
15/03/2024,11:00,127,1.6,37.2,0.9,28.1,52.2,0.0,1009,21.6,7.3,11
15/03/2024,12:00,117,1.4,36.5,0.9,27.9,55.0,0.0,1009,22.1,7.7,16
15/03/2024,13:00,155,1.7,36.9,0.9,28.6,52.9,0.0,1008,20.8,8.2,18
15/03/2024,14:00,152,1.7,37.1,0.9,28.9,51.6,0.0,1008,19.7,7.6,15
15/03/2024,15:00,121,1.9,34.1,1.0,28.4,53.2,0.0,1008,15.8,4.8,8
15/03/2024,16:00,125,2.3,33.0,1.2,26.8,57.5,0.0,1009,13.8,4.3,6
15/03/2024,17:00,146,2.1,31.8,0.9,26.2,59.0,0.0,1010,18.0,5.2,6
15/03/2024,18:00,151,2.1,35.1,1.1,25.4,62.2,0.0,1011,13.3,4.7,6
15/03/2024,19:00,136,2.0,36.7,1.0,24.3,67.7,0.0,1012,9.6,3.9,5
15/03/2024,20:00,156,2.5,29.6,1.2,24.2,66.2,0.0,1012,12.0,4.7,6
15/03/2024,21:00,152,2.2,31.1,1.1,23.9,63.9,0.0,1012,18.1,6.8,8
15/03/2024,22:00,161,1.8,33.2,1.0,23.9,61.2,0.0,1012,24.7,8.4,9
15/03/2024,23:00,162,1.7,31.4,0.9,23.6,59.9,0.0,1012,29.0,8.8,9
16/03/2024,00:00,154,1.3,35.9,0.7,23.3,59.2,0.0,1012,28.0,9.0,8
16/03/2024,01:00,163,1.0,45.6,0.6,23.0,58.6,0.0,1012,27.4,8.8,6
16/03/2024,02:00,177,0.6,52.9,0.4,22.0,62.5,0.0,1012,22.1,7.9,6
16/03/2024,03:00,175,0.6,60.1,0.5,21.7,63.0,0.0,1012,21.1,7.3,6
16/03/2024,04:00,169,0.5,63.8,0.5,21.7,65.3,0.0,1012,22.2,7.4,7
16/03/2024,05:00,163,0.7,53.9,0.5,21.9,69.3,0.0,1013,21.7,7.7,8
16/03/2024,06:00,167,0.6,61.0,0.5,21.7,69.0,0.0,1013,18.0,6.6,8
16/03/2024,07:00,173,0.6,56.9,0.5,22.5,64.6,0.0,1013,22.1,7.0,7
16/03/2024,08:00,172,0.7,56.4,0.6,23.6,60.1,0.0,1014,23.3,7.3,8
16/03/2024,09:00,148,1.8,37.5,1.0,25.1,52.0,0.0,1014,27.5,8.0,7
16/03/2024,10:00,148,2.3,32.4,1.1,26.2,43.1,0.0,1014,23.5,7.4,6
16/03/2024,11:00,138,1.8,36.0,1.0,26.8,43.1,0.0,1013,23.9,7.4,6
16/03/2024,12:00,122,1.6,40.0,0.9,27.2,42.2,0.0,1012,22.6,7.3,6
16/03/2024,13:00,118,1.7,40.7,1.0,26.0,50.5,0.0,1012,23.5,7.6,7
16/03/2024,14:00,129,1.9,36.7,0.9,25.6,53.4,0.0,1012,23.6,7.1,7
16/03/2024,15:00,133,1.9,39.4,1.0,25.3,50.5,0.0,1011,19.5,6.4,6
16/03/2024,16:00,121,1.7,33.9,0.9,24.6,54.2,0.0,1012,18.3,6.1,5
16/03/2024,17:00,106,1.3,36.6,0.7,24.3,57.2,0.0,1012,20.5,6.2,5
16/03/2024,18:00,107,1.4,33.5,0.7,23.7,59.6,0.0,1012,20.2,6.2,6
16/03/2024,19:00,135,1.4,32.6,0.7,23.3,60.1,0.0,1013,16.0,5.3,5
16/03/2024,20:00,148,2.0,31.1,1.0,22.9,61.7,0.0,1013,11.4,4.2,4
16/03/2024,21:00,153,1.5,30.9,0.7,22.4,65.2,0.0,1013,9.7,3.8,3
16/03/2024,22:00,162,1.2,32.0,0.6,22.1,68.1,0.0,1012,8.9,3.4,3
16/03/2024,23:00,171,0.7,60.0,0.6,22.2,67.3,0.0,1012,9.7,3.5,4
17/03/2024,00:00,173,0.8,50.8,0.6,21.8,68.4,0.0,1011,10.8,3.8,4
17/03/2024,01:00,160,0.5,61.8,0.4,21.4,69.5,0.0,1011,10.5,4.0,4
17/03/2024,02:00,170,0.7,56.5,0.5,20.9,72.3,0.0,1010,9.2,3.6,4
17/03/2024,03:00,172,0.5,66.0,0.4,20.7,73.9,0.0,1010,6.9,3.0,4
17/03/2024,04:00,172,0.5,66.8,0.4,20.5,74.5,0.0,1010,6.8,2.7,3
17/03/2024,05:00,168,0.3,84.3,0.4,20.5,75.0,0.0,1010,6.1,2.6,3
17/03/2024,06:00,164,0.2,75.8,0.3,20.8,74.3,0.0,1010,8.2,3.2,3
17/03/2024,07:00,165,0.7,56.6,0.5,22.3,68.2,0.0,1011,9.9,3.7,4
17/03/2024,08:00,149,0.7,47.2,0.5,22.9,68.7,0.0,1011,12.2,4.4,5
17/03/2024,09:00,106,1.1,39.2,0.6,24.5,66.7,0.0,1011,14.2,5.1,6
17/03/2024,10:00,126,1.3,37.3,0.8,25.2,64.6,0.0,1011,11.1,4.5,6
17/03/2024,11:00,94,1.3,39.7,0.8,25.2,66.0,0.0,1010,8.6,3.6,4
17/03/2024,12:00,119,0.9,43.0,0.6,25.5,68.3,0.0,1009,9.3,3.7,4
17/03/2024,13:00,35,1.1,35.9,0.6,27.1,59.4,0.0,1009,12.4,4.2,4
17/03/2024,14:00,111,0.9,40.7,0.6,26.1,66.1,0.0,1008,12.9,4.4,5
17/03/2024,15:00,45,0.7,44.4,0.5,24.3,76.6,4.9,1008,11.9,4.5,4
17/03/2024,16:00,21,0.8,34.6,0.5,23.6,81.8,2.7,1008,9.2,3.7,3
17/03/2024,17:00,352,0.7,27.6,0.4,23.0,85.5,0.0,1008,9.2,3.8,4
17/03/2024,18:00,56,0.8,22.2,0.2,23.3,85.7,0.0,1009,10.9,4.2,6
17/03/2024,19:00,67,0.6,28.9,0.3,23.3,84.7,0.0,1009,12.4,4.7,8
17/03/2024,20:00,12,0.6,31.4,0.4,23.2,81.9,0.0,1010,10.4,4.2,5
17/03/2024,21:00,52,0.5,47.8,0.4,22.6,84.4,0.5,1010,12.6,4.8,5
17/03/2024,22:00,33,0.3,42.2,0.3,22.1,85.4,0.0,1011,10.3,4.2,4
17/03/2024,23:00,102,0.6,33.8,0.3,22.1,86.2,0.0,1010,10.5,4.1,4
18/03/2024,00:00,148,0.6,43.5,0.3,22.1,86.4,0.0,1010,11.2,4.5,4
18/03/2024,01:00,96,0.6,31.4,0.3,22.0,86.6,0.0,1010,10.9,4.3,4
18/03/2024,02:00,58,0.9,41.4,0.5,22.0,86.2,0.0,1009,5.9,2.3,3
18/03/2024,03:00,22,1.1,39.5,0.7,21.6,85.3,0.0,1009,9.9,3.9,3
18/03/2024,04:00,359,1.0,40.0,0.6,21.1,84.8,0.0,1010,13.5,5.5,4
18/03/2024,05:00,337,1.3,25.8,0.5,21.1,83.5,0.0,1010,16.6,6.4,5
18/03/2024,06:00,340,1.2,26.0,0.6,21.4,82.5,0.0,1010,15.2,6.3,5
18/03/2024,07:00,359,0.4,53.8,0.4,22.0,81.0,0.0,1011,15.1,6.0,7
18/03/2024,08:00,326,0.3,58.5,0.3,23.1,75.5,0.0,1012,14.3,5.5,8
18/03/2024,09:00,117,0.4,47.0,0.3,24.4,68.5,0.0,1012,13.9,5.7,9
18/03/2024,10:00,122,0.2,65.2,0.3,26.0,63.1,0.0,1011,16.1,6.1,11
18/03/2024,11:00,349,0.9,38.3,0.5,26.4,57.7,0.0,1011,14.7,5.7,7
18/03/2024,12:00,23,0.8,39.4,0.5,27.5,49.3,0.0,1010,14.6,5.2,6
18/03/2024,13:00,11,0.9,42.7,0.6,27.8,48.1,0.0,1009,14.6,5.3,5
18/03/2024,14:00,351,1.2,37.9,0.7,28.0,47.5,0.0,1009,14.8,5.3,5
18/03/2024,15:00,343,1.4,35.7,0.8,27.4,52.8,0.0,1009,16.6,5.9,6
18/03/2024,16:00,358,0.9,39.4,0.6,27.1,56.9,0.0,1009,20.9,6.3,7
18/03/2024,17:00,28,0.8,38.9,0.5,26.4,61.2,0.0,1010,22.0,6.5,7
18/03/2024,18:00,33,0.6,51.2,0.4,25.8,65.9,0.0,1010,21.0,6.3,7
18/03/2024,19:00,32,0.5,44.0,0.4,25.6,67.1,0.0,1011,20.6,6.0,7
18/03/2024,20:00,58,0.6,41.9,0.3,25.2,68.9,0.0,1011,20.1,6.1,7
18/03/2024,21:00,63,0.7,28.7,0.2,24.9,70.3,0.0,1012,17.3,5.9,7
18/03/2024,22:00,70,0.8,34.8,0.3,24.6,73.7,0.0,1012,18.9,6.0,7
18/03/2024,23:00,56,0.9,43.1,0.5,23.8,77.6,0.0,1012,15.0,5.2,5
19/03/2024,00:00,20,0.8,49.7,0.6,23.4,78.9,0.0,1012,9.7,3.2,3
19/03/2024,01:00,3,0.5,41.7,0.4,23.2,79.3,0.0,1011,12.5,3.9,2
19/03/2024,02:00,81,0.6,23.4,0.2,23.0,79.7,0.0,1011,11.4,3.9,3
19/03/2024,03:00,95,0.3,43.3,0.2,22.6,80.9,0.0,1011,9.0,3.5,3
19/03/2024,04:00,138,0.6,25.8,0.2,22.3,81.7,0.0,1011,8.7,3.2,3
19/03/2024,05:00,163,0.3,54.7,0.2,22.3,81.8,0.0,1012,10.5,3.9,4
19/03/2024,06:00,195,0.1,68.2,0.2,22.7,80.6,0.0,1012,11.8,4.2,7
19/03/2024,07:00,,0.0,77.4,0.2,23.0,80.2,0.0,1013,10.7,3.9,7
19/03/2024,08:00,83,0.3,46.0,0.3,22.9,82.2,0.0,1013,9.8,4.0,7
19/03/2024,09:00,147,1.1,28.8,0.5,24.5,72.9,0.0,1013,8.7,3.6,6
19/03/2024,10:00,57,0.5,51.7,0.5,26.5,61.8,0.0,1013,9.8,3.9,5
19/03/2024,11:00,359,0.9,41.6,0.7,27.1,60.8,0.0,1013,13.0,4.6,6
19/03/2024,12:00,352,1.3,34.0,0.7,27.6,57.0,0.0,1012,14.1,4.6,6
19/03/2024,13:00,28,1.1,42.6,0.7,28.1,55.0,0.0,1012,12.7,4.5,5
19/03/2024,14:00,342,1.6,31.2,0.8,28.0,55.5,0.0,1011,14.1,4.5,6
19/03/2024,15:00,350,1.4,37.1,0.8,27.4,58.5,0.0,1011,14.8,4.9,7
19/03/2024,16:00,352,1.3,34.7,0.7,27.0,57.2,0.0,1012,19.3,5.4,6
19/03/2024,17:00,24,0.8,39.5,0.6,26.4,62.6,0.0,1012,17.3,5.5,6
19/03/2024,18:00,45,0.7,39.4,0.4,25.9,68.2,0.0,1012,15.3,5.4,6
19/03/2024,19:00,52,0.7,42.1,0.3,25.4,70.7,0.0,1013,16.0,5.7,7
19/03/2024,20:00,67,0.7,25.1,0.2,25.1,70.6,0.0,1013,18.9,6.3,7
19/03/2024,21:00,60,0.7,25.3,0.2,24.8,71.7,0.0,1013,19.6,6.8,9
19/03/2024,22:00,77,0.5,39.2,0.2,24.4,71.8,0.0,1013,20.2,6.7,8
19/03/2024,23:00,89,0.5,42.3,0.3,24.1,72.8,0.0,1013,19.5,6.6,7
20/03/2024,00:00,143,0.4,59.2,0.2,23.7,74.6,0.0,1013,16.2,6.0,7
20/03/2024,01:00,162,0.5,30.8,0.2,23.2,78.4,0.0,1013,17.8,7.0,10
20/03/2024,02:00,282,0.1,71.6,0.2,22.8,80.8,0.0,1012,18.7,7.1,12
20/03/2024,03:00,149,0.5,43.7,0.3,22.5,81.1,0.0,1012,18.3,7.2,13
20/03/2024,04:00,154,0.3,74.9,0.2,22.3,82.6,0.0,1012,15.6,7.0,13
20/03/2024,05:00,166,0.2,77.1,0.3,22.1,82.2,0.0,1013,17.2,7.2,13
20/03/2024,06:00,198,0.1,83.2,0.2,22.3,81.0,0.0,1013,17.1,6.3,10
20/03/2024,07:00,165,0.4,66.3,0.4,23.4,76.1,0.0,1014,15.8,6.3,12
20/03/2024,08:00,149,0.3,74.2,0.4,26.0,66.0,0.0,1014,18.3,6.7,14
20/03/2024,09:00,93,0.5,61.5,0.5,27.4,59.1,0.0,1014,19.9,6.3,9
20/03/2024,10:00,102,0.8,47.6,0.5,27.8,55.3,0.0,1013,17.7,5.7,8
20/03/2024,11:00,103,0.8,40.8,0.5,28.1,53.9,0.0,1013,16.3,5.4,7
20/03/2024,12:00,69,0.7,53.1,0.6,29.2,49.7,0.0,1012,18.6,5.4,6
20/03/2024,13:00,36,0.9,46.6,0.6,29.1,52.2,0.0,1012,17.6,5.5,6
20/03/2024,14:00,31,1.1,44.7,0.7,28.5,55.1,0.0,1011,19.0,5.7,7
20/03/2024,15:00,4,1.2,34.3,0.7,28.5,54.8,0.0,1011,17.4,5.5,7
20/03/2024,16:00,13,1.0,43.7,0.7,28.1,56.0,0.0,1011,16.4,5.4,6
20/03/2024,17:00,20,0.9,40.6,0.5,27.2,59.1,0.0,1012,16.3,5.5,6
20/03/2024,18:00,46,0.8,40.1,0.4,26.3,65.5,0.0,1013,15.7,5.6,6
20/03/2024,19:00,57,0.6,41.3,0.3,25.7,69.1,0.0,1013,16.2,5.7,7
20/03/2024,20:00,101,0.5,30.4,0.2,25.1,72.7,0.0,1014,14.6,5.4,7
20/03/2024,21:00,59,0.7,20.5,0.2,24.9,73.6,0.0,1014,14.7,5.3,7
20/03/2024,22:00,78,0.5,35.0,0.2,24.4,75.9,0.0,1014,14.6,5.4,7
20/03/2024,23:00,79,0.5,37.5,0.2,24.4,76.4,0.0,1014,16.1,5.5,8
21/03/2024,00:00,128,0.4,57.5,0.3,24.2,77.9,0.0,1014,16.8,5.5,8
21/03/2024,01:00,160,0.3,61.3,0.3,23.5,80.0,0.0,1013,16.5,6.0,9
21/03/2024,02:00,174,0.3,68.8,0.3,23.1,80.4,0.0,1013,15.9,6.0,12
21/03/2024,03:00,179,0.9,43.7,0.6,23.0,79.1,0.0,1013,13.7,5.5,10
21/03/2024,04:00,172,0.7,59.1,0.6,23.0,77.1,0.0,1013,13.8,5.4,8
21/03/2024,05:00,159,0.6,53.8,0.5,23.2,75.4,0.0,1014,14.5,5.4,7
21/03/2024,06:00,161,0.7,44.1,0.4,23.2,74.9,0.0,1015,16.5,5.6,9
21/03/2024,07:00,163,0.8,51.7,0.5,24.0,71.0,0.0,1016,15.3,5.1,9
21/03/2024,08:00,156,1.8,40.8,0.9,25.8,61.9,0.0,1016,10.6,3.4,6
21/03/2024,09:00,151,2.4,29.1,1.1,25.6,63.7,0.0,1016,8.7,1.9,3
21/03/2024,10:00,142,3.4,30.3,1.5,25.2,60.5,0.0,1017,10.6,2.5,3
21/03/2024,11:00,152,2.9,31.3,1.4,25.3,57.2,0.0,1017,14.9,4.2,6
21/03/2024,12:00,156,2.7,28.6,1.2,25.1,57.8,0.0,1016,21.5,6.7,9
21/03/2024,13:00,157,2.9,29.6,1.4,25.0,56.9,0.0,1016,15.9,5.3,7
21/03/2024,14:00,155,2.7,27.8,1.4,24.4,57.0,0.0,1016,20.5,6.5,8
21/03/2024,15:00,153,2.9,29.7,1.5,23.9,56.0,0.0,1016,24.6,8.0,9
21/03/2024,16:00,155,2.7,29.1,1.3,23.8,55.1,0.0,1016,22.6,7.8,8
21/03/2024,17:00,149,2.6,30.1,1.2,23.2,57.5,0.0,1017,21.2,6.6,7
21/03/2024,18:00,157,2.3,28.4,1.2,22.9,57.1,0.0,1018,19.1,6.9,7
21/03/2024,19:00,157,2.0,29.0,1.0,22.6,59.8,0.0,1018,23.2,8.0,7
21/03/2024,20:00,177,0.8,53.0,0.6,22.1,63.4,0.0,1018,17.2,6.2,8
21/03/2024,21:00,171,0.6,59.3,0.5,21.9,62.8,0.0,1018,19.7,6.9,7
21/03/2024,22:00,174,0.6,59.0,0.5,21.7,63.5,0.0,1018,19.1,7.1,7
21/03/2024,23:00,173,0.6,55.6,0.5,21.7,64.1,0.0,1018,20.1,7.1,7
22/03/2024,00:00,164,0.5,70.3,0.4,21.6,64.5,0.0,1017,20.2,6.7,6
22/03/2024,01:00,168,0.6,51.3,0.5,21.3,65.2,0.0,1017,17.9,6.1,4
22/03/2024,02:00,173,0.6,58.8,0.5,21.1,65.6,0.0,1016,17.9,6.1,5
22/03/2024,03:00,166,0.5,62.0,0.4,20.8,66.1,0.0,1016,15.8,5.5,4
22/03/2024,04:00,180,0.7,54.4,0.6,20.6,66.4,0.0,1016,14.2,5.2,4
22/03/2024,05:00,173,0.8,52.9,0.6,20.7,65.3,0.0,1016,14.9,5.2,4
22/03/2024,06:00,173,0.6,60.8,0.5,20.9,64.7,0.0,1017,18.5,5.7,5
22/03/2024,07:00,162,0.7,55.5,0.5,21.6,62.5,0.0,1018,22.3,5.9,6
22/03/2024,08:00,155,1.8,35.6,1.0,23.0,60.2,0.0,1018,23.6,6.5,7
22/03/2024,09:00,148,2.8,29.6,1.4,23.9,57.2,0.0,1018,24.5,6.9,6
22/03/2024,10:00,126,2.0,35.5,1.1,24.5,55.7,0.0,1018,24.6,7.3,7
22/03/2024,11:00,122,2.2,36.9,1.1,24.7,53.4,0.0,1018,27.7,7.4,7
22/03/2024,12:00,115,2.1,38.8,1.2,25.3,50.4,0.0,1017,25.2,7.1,6
22/03/2024,13:00,101,2.1,37.6,1.0,25.5,48.3,0.0,1016,24.2,7.1,6
22/03/2024,14:00,114,2.1,32.4,1.1,25.5,48.9,0.0,1016,23.1,6.8,6
22/03/2024,15:00,111,1.8,33.5,1.0,25.2,48.3,0.0,1016,22.7,6.7,5
22/03/2024,16:00,105,1.8,33.4,0.9,24.8,49.0,0.0,1016,19.8,5.6,4
22/03/2024,17:00,109,1.9,32.5,0.8,24.3,51.4,0.0,1017,20.1,5.9,4
22/03/2024,18:00,119,1.5,35.8,0.8,23.8,52.8,0.0,1017,19.7,6.0,5
22/03/2024,19:00,138,1.6,33.7,0.8,23.6,53.3,0.0,1018,18.5,6.1,5
22/03/2024,20:00,124,1.4,35.1,0.8,23.4,54.7,0.0,1018,18.5,6.3,5
22/03/2024,21:00,132,1.2,39.1,0.7,23.3,54.9,0.0,1018,18.3,6.3,5
22/03/2024,22:00,136,1.4,35.3,0.7,23.3,54.0,0.0,1018,19.9,6.0,5
22/03/2024,23:00,152,1.3,32.6,0.6,23.2,53.2,0.0,1018,16.8,5.9,5
23/03/2024,00:00,158,0.6,51.0,0.4,22.9,55.4,0.0,1017,17.6,5.8,4
23/03/2024,01:00,169,0.6,49.0,0.4,22.2,59.0,0.0,1017,16.6,5.8,5
23/03/2024,02:00,167,0.5,67.4,0.4,21.4,61.0,0.0,1016,16.4,5.6,5
23/03/2024,03:00,170,0.5,65.0,0.4,20.9,61.9,0.0,1016,14.9,5.2,4
23/03/2024,04:00,175,0.4,69.7,0.4,20.5,63.4,0.0,1016,13.9,5.6,5
23/03/2024,05:00,177,0.4,63.9,0.4,20.1,66.3,0.0,1017,14.6,5.5,5
23/03/2024,06:00,166,0.6,62.4,0.5,20.1,66.3,0.0,1017,14.6,5.7,6
23/03/2024,07:00,162,0.6,59.9,0.5,21.2,61.4,0.0,1018,17.5,5.3,6
23/03/2024,08:00,152,1.1,44.1,0.7,22.7,58.4,0.0,1018,16.2,5.2,5
23/03/2024,09:00,140,1.6,36.6,0.8,24.1,59.0,0.0,1018,13.9,4.3,4
23/03/2024,10:00,111,1.0,43.2,0.6,24.2,62.0,0.0,1017,12.4,4.1,4
23/03/2024,11:00,114,1.4,38.2,0.7,24.6,59.3,0.0,1017,11.6,3.8,4
23/03/2024,12:00,109,1.1,42.7,0.7,24.5,57.5,0.0,1017,13.7,4.4,4
23/03/2024,13:00,49,0.7,51.0,0.5,24.3,60.1,0.1,1016,13.7,4.4,4
23/03/2024,14:00,62,0.7,43.8,0.5,24.7,58.4,0.0,1015,13.7,4.7,4
23/03/2024,15:00,101,1.1,38.5,0.6,23.9,64.4,0.0,1016,12.4,4.5,4
23/03/2024,16:00,102,1.1,35.2,0.5,23.5,64.4,0.0,1016,12.1,4.5,4
23/03/2024,17:00,73,0.8,40.8,0.6,22.6,67.6,0.0,1017,10.3,3.5,4
23/03/2024,18:00,72,0.7,36.2,0.3,22.1,70.4,0.0,1017,10.2,3.7,4
23/03/2024,19:00,77,0.6,45.2,0.3,21.3,77.5,0.0,1017,10.5,4.7,8
23/03/2024,20:00,124,0.3,48.6,0.2,21.0,77.9,0.0,1017,9.9,4.7,9
23/03/2024,21:00,144,0.1,53.4,0.2,21.3,76.3,0.0,1017,9.2,4.1,6
23/03/2024,22:00,174,0.2,73.4,0.3,21.2,79.5,0.0,1017,10.8,4.7,7
23/03/2024,23:00,168,0.3,75.4,0.3,21.0,81.4,0.0,1016,9.5,4.0,6
24/03/2024,00:00,172,0.2,79.9,0.3,20.8,83.2,0.0,1016,10.0,4.3,7
24/03/2024,01:00,165,0.3,71.7,0.3,20.7,83.4,0.0,1015,10.9,4.8,8
24/03/2024,02:00,169,0.2,74.0,0.3,20.6,81.3,0.0,1015,11.0,4.6,8
24/03/2024,03:00,168,0.6,55.8,0.5,20.5,81.3,0.0,1014,9.3,4.3,7
24/03/2024,04:00,162,0.6,54.9,0.4,20.3,82.3,0.0,1014,12.1,5.1,9
24/03/2024,05:00,168,0.3,73.6,0.3,20.8,79.0,0.0,1015,10.6,4.4,7
24/03/2024,06:00,168,0.5,58.9,0.4,20.7,79.5,0.0,1015,11.2,4.2,6
24/03/2024,07:00,166,0.3,66.3,0.3,21.3,77.8,0.0,1016,10.5,4.2,6
24/03/2024,08:00,166,0.4,73.1,0.4,21.4,78.2,0.0,1016,11.4,4.3,7
24/03/2024,09:00,164,0.9,43.2,0.6,20.9,80.3,0.0,1016,10.8,4.5,7
24/03/2024,10:00,152,1.3,26.8,0.5,20.8,76.4,0.0,1016,10.0,4.0,5
24/03/2024,11:00,127,0.9,34.3,0.5,20.5,76.8,0.0,1016,8.1,3.5,4
24/03/2024,12:00,157,0.8,31.5,0.4,20.6,74.2,0.0,1015,9.1,3.7,5
24/03/2024,13:00,158,0.7,51.0,0.5,20.9,75.0,0.0,1015,9.7,4.2,6
24/03/2024,14:00,142,0.5,58.2,0.4,20.8,79.8,0.0,1015,9.3,4.3,7
24/03/2024,15:00,149,0.7,44.7,0.4,20.9,79.0,0.0,1014,9.9,4.0,6
24/03/2024,16:00,166,0.7,48.1,0.4,20.8,78.0,0.0,1015,9.6,3.9,6
24/03/2024,17:00,151,1.2,30.4,0.5,20.1,79.4,0.0,1015,8.6,3.9,6
24/03/2024,18:00,147,0.8,34.7,0.4,19.7,79.6,0.0,1015,8.6,3.8,6
24/03/2024,19:00,142,0.6,31.4,0.3,19.5,79.6,0.0,1015,8.9,4.1,8
24/03/2024,20:00,175,0.5,54.1,0.4,19.6,79.7,0.0,1016,11.1,4.9,10
24/03/2024,21:00,171,0.4,67.9,0.4,19.5,81.3,0.0,1016,11.0,4.1,8
24/03/2024,22:00,179,0.2,86.4,0.3,19.7,82.6,0.0,1016,11.1,4.2,8
24/03/2024,23:00,178,0.3,72.3,0.3,19.7,82.8,0.0,1015,11.4,4.1,7
25/03/2024,00:00,169,0.2,75.0,0.3,19.9,81.9,0.0,1015,9.9,3.8,6
25/03/2024,01:00,171,0.5,57.9,0.4,19.8,82.8,0.0,1015,11.0,3.7,5
25/03/2024,02:00,169,0.2,78.8,0.3,19.8,82.8,0.0,1014,10.2,4.0,6
25/03/2024,03:00,166,0.7,54.6,0.5,19.6,83.1,0.0,1014,11.1,4.0,5
25/03/2024,04:00,173,0.7,49.5,0.5,19.4,83.2,0.1,1015,10.8,3.8,5
25/03/2024,05:00,175,0.4,67.6,0.4,19.2,83.4,0.0,1015,12.3,3.8,4
25/03/2024,06:00,173,0.3,80.6,0.4,19.2,82.8,0.0,1015,10.5,3.8,5
25/03/2024,07:00,180,0.3,76.8,0.4,19.6,81.8,0.0,1016,11.2,4.0,6
25/03/2024,08:00,160,0.3,84.2,0.4,20.3,79.3,0.0,1016,10.3,3.7,6
25/03/2024,09:00,170,0.5,67.1,0.4,20.3,80.9,0.0,1016,11.0,4.0,6
25/03/2024,10:00,164,0.5,68.7,0.4,20.8,82.5,0.0,1016,10.5,4.5,9
25/03/2024,11:00,148,0.5,62.0,0.3,21.2,82.3,0.0,1015,13.7,5.2,12
25/03/2024,12:00,154,0.6,49.6,0.3,21.4,83.3,0.0,1014,14.0,5.4,14
25/03/2024,13:00,168,0.5,63.3,0.4,21.4,84.4,0.7,1014,11.6,5.1,13
25/03/2024,14:00,158,0.6,57.8,0.4,21.2,85.9,0.2,1014,10.5,4.9,13
25/03/2024,15:00,164,0.5,59.3,0.4,21.4,85.2,0.0,1013,9.5,4.3,13
25/03/2024,16:00,155,0.5,59.9,0.4,21.5,85.2,0.3,1014,9.4,4.2,11
25/03/2024,17:00,160,0.6,40.8,0.3,21.5,85.7,0.0,1014,10.5,4.4,10
25/03/2024,18:00,100,0.5,33.8,0.3,21.5,85.0,0.0,1015,9.6,3.7,7
25/03/2024,19:00,106,0.6,40.5,0.3,21.3,84.7,0.7,1015,9.4,3.9,7
25/03/2024,20:00,146,0.8,41.3,0.4,21.2,86.0,0.1,1015,10.9,4.2,8
25/03/2024,21:00,161,0.5,47.2,0.3,21.3,85.1,0.0,1015,10.1,3.6,6
25/03/2024,22:00,140,0.4,43.5,0.3,21.3,85.7,0.0,1015,10.8,4.0,7
25/03/2024,23:00,157,0.5,48.1,0.3,21.0,86.0,0.1,1015,9.4,3.5,6
26/03/2024,00:00,150,0.4,66.7,0.3,21.0,86.4,0.0,1014,9.0,3.6,7
26/03/2024,01:00,160,0.6,45.3,0.3,20.9,86.4,0.0,1014,11.1,3.9,7
26/03/2024,02:00,161,0.7,46.4,0.4,20.8,86.2,0.1,1013,9.2,3.5,5
26/03/2024,03:00,158,0.5,45.3,0.3,20.8,86.4,0.0,1013,8.9,3.0,3
26/03/2024,04:00,159,0.5,54.9,0.3,20.8,86.9,0.0,1013,8.6,3.2,5
26/03/2024,05:00,162,0.6,56.0,0.4,20.8,87.1,0.0,1013,7.6,3.3,5
26/03/2024,06:00,168,0.6,57.7,0.4,20.8,87.1,0.8,1014,7.9,3.4,6
26/03/2024,07:00,154,0.9,40.6,0.4,20.9,87.3,1.0,1014,8.2,3.2,6
26/03/2024,08:00,167,0.7,43.8,0.5,20.9,87.2,3.7,1015,5.7,2.8,6
26/03/2024,09:00,148,1.0,28.1,0.5,21.5,86.8,0.0,1014,5.1,2.3,5
26/03/2024,10:00,147,1.2,30.8,0.5,22.0,86.7,0.1,1014,5.5,2.3,5
26/03/2024,11:00,149,1.7,32.0,0.8,22.3,86.2,0.0,1013,3.6,1.5,3
26/03/2024,12:00,153,1.5,30.9,0.7,22.3,85.8,0.3,1013,4.1,1.6,3
26/03/2024,13:00,161,1.4,33.2,0.7,22.3,86.4,2.1,1012,5.0,1.7,3
26/03/2024,14:00,158,1.6,31.9,0.8,22.3,86.5,0.6,1011,4.8,1.5,3
26/03/2024,15:00,160,1.1,36.4,0.6,22.4,86.8,1.2,1011,5.7,2.0,4
26/03/2024,16:00,166,1.3,35.2,0.6,22.3,86.8,0.7,1011,4.7,1.7,3
26/03/2024,17:00,175,0.7,62.2,0.6,22.3,86.8,1.0,1011,3.7,1.8,4
26/03/2024,18:00,163,1.1,37.9,0.6,22.1,87.1,0.0,1012,4.4,1.5,3
26/03/2024,19:00,157,1.5,25.2,0.6,22.1,88.1,0.0,1012,4.7,1.9,4
26/03/2024,20:00,115,0.6,35.6,0.3,22.3,88.7,0.0,1013,4.2,1.7,3
26/03/2024,21:00,88,0.9,33.2,0.4,22.5,88.8,0.2,1013,2.0,0.8,2
26/03/2024,22:00,99,0.8,35.6,0.4,22.3,88.5,0.0,1013,2.3,0.4,1
26/03/2024,23:00,64,0.8,28.9,0.3,22.4,88.5,0.4,1013,2.4,0.5,1
27/03/2024,00:00,49,0.5,44.1,0.3,22.5,88.4,0.0,1013,2.6,0.4,1
27/03/2024,01:00,70,0.9,41.2,0.5,22.4,88.0,0.0,1012,4.3,0.8,1
27/03/2024,02:00,76,1.1,37.0,0.7,22.5,87.6,0.1,1012,5.4,1.5,1
27/03/2024,03:00,64,1.3,34.5,0.7,22.1,87.8,0.7,1012,2.8,0.8,1
27/03/2024,04:00,43,1.4,38.1,0.8,21.4,87.6,0.1,1013,5.1,1.9,1
27/03/2024,05:00,53,0.8,39.1,0.5,21.2,87.0,0.0,1014,8.1,2.8,1
27/03/2024,06:00,94,0.8,32.8,0.4,21.2,86.7,0.0,1014,6.8,2.2,2
27/03/2024,07:00,85,1.1,37.1,0.6,21.4,85.9,0.0,1015,4.4,1.2,2
27/03/2024,08:00,92,1.0,36.8,0.5,21.8,82.3,0.0,1016,3.9,1.0,1
27/03/2024,09:00,77,1.2,33.1,0.5,22.3,82.3,0.4,1016,4.1,1.6,2
27/03/2024,10:00,108,0.6,34.4,0.3,22.8,84.1,0.4,1016,6.1,2.3,3
27/03/2024,11:00,102,0.8,35.4,0.4,23.1,84.8,0.0,1016,5.5,2.2,4
27/03/2024,12:00,105,1.1,35.2,0.6,23.1,83.3,0.1,1015,4.6,1.4,2
27/03/2024,13:00,104,0.8,39.1,0.5,23.0,83.0,0.0,1015,2.4,1.1,2
27/03/2024,14:00,122,1.0,38.1,0.6,23.2,81.7,0.0,1015,4.6,1.5,2
27/03/2024,15:00,102,1.0,40.5,0.6,22.5,83.0,0.0,1015,5.2,1.6,2
27/03/2024,16:00,127,1.0,36.0,0.5,22.5,83.7,0.0,1015,5.8,2.3,3
27/03/2024,17:00,138,0.8,40.8,0.4,22.3,84.6,0.0,1015,5.7,2.3,4
27/03/2024,18:00,153,1.2,25.4,0.5,22.2,84.3,0.0,1016,6.0,2.8,5
27/03/2024,19:00,149,0.7,34.9,0.3,22.4,83.9,0.0,1017,8.9,4.0,7
27/03/2024,20:00,156,0.6,36.5,0.3,22.5,85.3,0.0,1017,11.7,4.5,9
27/03/2024,21:00,146,0.3,61.3,0.2,22.5,85.6,0.0,1017,12.8,4.6,9
27/03/2024,22:00,155,0.5,47.3,0.3,22.5,85.1,0.0,1017,13.4,4.7,7
27/03/2024,23:00,163,0.4,52.5,0.3,22.2,85.5,0.0,1017,14.5,4.5,7
28/03/2024,00:00,159,0.4,61.9,0.3,21.9,86.1,0.0,1016,15.6,4.8,7
28/03/2024,01:00,170,0.2,70.2,0.2,21.7,85.7,0.0,1016,15.5,5.2,7
28/03/2024,02:00,,0.0,77.1,0.2,21.5,85.8,0.0,1015,17.3,5.1,7
28/03/2024,03:00,144,0.4,65.7,0.3,21.8,84.4,0.0,1015,16.4,5.3,7
28/03/2024,04:00,151,0.5,46.1,0.3,21.7,83.5,0.0,1015,18.7,5.7,6
28/03/2024,05:00,155,0.3,65.7,0.3,21.6,83.1,0.0,1016,16.3,5.7,7
28/03/2024,06:00,226,0.1,72.6,0.2,21.6,83.3,0.0,1017,18.7,5.8,8
28/03/2024,07:00,132,0.3,73.2,0.3,23.8,73.2,0.0,1017,19.1,6.0,10
28/03/2024,08:00,135,1.3,35.7,0.6,25.2,64.0,0.0,1018,19.0,5.5,7
28/03/2024,09:00,124,1.3,40.3,0.7,26.2,58.0,0.0,1018,15.7,4.8,5
28/03/2024,10:00,100,1.3,44.6,0.8,26.5,55.2,0.0,1018,14.5,4.7,4
28/03/2024,11:00,91,1.3,42.4,0.8,27.3,51.0,0.0,1017,12.4,4.3,4
28/03/2024,12:00,88,1.4,42.6,0.8,27.3,46.4,0.0,1017,11.1,3.8,4
28/03/2024,13:00,98,1.4,38.4,0.8,27.5,45.8,0.0,1016,12.4,3.8,3
28/03/2024,14:00,103,1.4,42.9,0.8,27.3,47.5,0.0,1016,11.1,3.8,3
28/03/2024,15:00,102,1.6,35.1,0.8,26.6,51.0,0.0,1016,11.9,3.7,3
28/03/2024,16:00,110,1.6,35.7,0.9,25.9,54.4,0.0,1016,11.8,4.0,3
28/03/2024,17:00,110,1.4,35.1,0.7,25.2,56.5,0.0,1017,12.3,3.9,4
28/03/2024,18:00,100,1.1,33.7,0.5,24.4,59.8,0.0,1017,13.1,4.4,6
28/03/2024,19:00,116,0.8,41.5,0.5,24.0,63.6,0.0,1018,13.8,4.8,7
28/03/2024,20:00,119,0.7,37.4,0.4,23.7,65.2,0.0,1018,13.7,4.8,7
28/03/2024,21:00,156,0.5,53.4,0.3,23.2,66.7,0.0,1019,14.2,4.6,6
28/03/2024,22:00,161,0.5,50.8,0.3,22.6,68.4,0.0,1019,12.8,4.5,6
28/03/2024,23:00,157,0.7,38.0,0.4,22.4,69.3,0.0,1019,14.6,4.4,6
29/03/2024,00:00,161,0.5,46.6,0.3,22.0,70.4,0.0,1019,12.5,4.6,7
29/03/2024,01:00,166,0.5,56.5,0.3,21.2,73.1,0.0,1018,11.6,4.6,7
29/03/2024,02:00,167,0.2,74.5,0.3,20.9,74.7,0.0,1018,12.7,4.6,8
29/03/2024,03:00,158,0.3,75.9,0.3,20.4,74.4,0.0,1018,12.9,4.5,8
29/03/2024,04:00,171,0.6,52.2,0.5,20.0,74.7,0.0,1018,12.9,4.5,9
29/03/2024,05:00,177,0.4,72.9,0.4,19.8,76.3,0.0,1019,12.2,4.4,7
29/03/2024,06:00,162,0.2,88.7,0.3,20.3,75.4,0.0,1020,11.6,3.9,5
29/03/2024,07:00,145,0.3,79.6,0.3,22.2,67.7,0.0,1020,12.1,3.8,5
29/03/2024,08:00,150,0.5,61.9,0.4,24.0,62.7,0.0,1021,11.7,3.9,6
29/03/2024,09:00,137,0.9,44.1,0.5,25.8,59.3,0.0,1021,10.5,3.8,6
29/03/2024,10:00,81,0.7,49.9,0.6,26.6,56.1,0.0,1020,9.6,3.5,4
29/03/2024,11:00,40,1.1,41.1,0.6,27.1,54.6,0.0,1020,9.6,3.4,4
29/03/2024,12:00,27,1.2,37.1,0.7,26.9,54.9,0.0,1019,9.4,3.3,4
29/03/2024,13:00,44,0.8,45.8,0.5,27.3,52.9,0.0,1019,9.5,3.3,4
29/03/2024,14:00,40,0.9,38.2,0.5,26.9,54.6,0.0,1018,9.4,3.2,4
29/03/2024,15:00,90,1.4,34.9,0.8,25.0,66.8,0.0,1018,9.1,3.4,4
29/03/2024,16:00,78,1.0,34.2,0.5,25.2,61.8,0.0,1019,5.6,2.4,4
29/03/2024,17:00,88,0.9,33.7,0.5,25.0,62.1,0.0,1019,7.9,2.6,3
29/03/2024,18:00,32,0.9,43.5,0.6,23.6,71.8,1.8,1020,9.0,3.3,4
29/03/2024,19:00,334,0.5,50.8,0.3,21.4,84.4,0.3,1021,7.7,4.0,7
29/03/2024,20:00,329,0.2,72.0,0.2,21.6,85.0,0.0,1021,9.4,4.6,10
29/03/2024,21:00,338,0.1,72.8,0.1,21.6,84.4,0.0,1021,10.7,4.3,9
29/03/2024,22:00,154,0.2,85.9,0.3,21.8,83.6,0.0,1021,10.7,4.6,10
29/03/2024,23:00,152,0.3,71.3,0.3,21.9,82.1,0.0,1021,9.9,4.2,9
30/03/2024,00:00,171,0.3,77.0,0.3,22.0,80.0,0.0,1021,10.6,4.4,10
30/03/2024,01:00,155,0.3,69.1,0.3,21.5,81.3,0.0,1020,11.5,4.2,7
30/03/2024,02:00,151,0.3,82.8,0.4,21.4,80.0,0.0,1020,10.5,4.4,7
30/03/2024,03:00,154,0.3,80.7,0.3,21.4,79.4,0.0,1019,10.2,4.2,8
30/03/2024,04:00,158,0.3,76.6,0.3,21.3,80.4,0.0,1019,10.7,4.3,7
30/03/2024,05:00,158,0.3,71.2,0.3,21.2,80.4,0.0,1020,11.4,4.5,8
30/03/2024,06:00,190,0.2,82.8,0.3,21.1,80.5,0.0,1020,13.0,4.7,9
30/03/2024,07:00,163,0.5,67.8,0.4,22.8,72.8,0.0,1021,13.6,5.3,10
30/03/2024,08:00,161,1.3,36.3,0.7,24.5,62.5,0.0,1021,13.5,4.5,7
30/03/2024,09:00,149,1.7,34.2,0.8,25.5,55.1,0.0,1021,11.0,3.7,4
30/03/2024,10:00,148,1.6,30.6,0.7,25.7,54.1,0.0,1021,9.7,3.2,3
30/03/2024,11:00,145,1.8,31.3,0.8,26.1,52.9,0.0,1020,9.5,3.2,3
30/03/2024,12:00,136,1.3,41.9,0.7,26.5,50.8,0.0,1019,9.2,3.1,3
30/03/2024,13:00,104,1.0,43.1,0.6,26.8,50.8,0.0,1018,8.1,3.4,4
30/03/2024,14:00,96,1.1,42.3,0.7,27.3,49.3,0.0,1018,8.8,2.9,4
30/03/2024,15:00,95,1.4,42.2,0.8,26.7,51.7,0.0,1018,10.0,3.4,4
30/03/2024,16:00,85,1.5,40.2,0.8,26.1,50.1,0.0,1018,9.4,3.2,3
30/03/2024,17:00,86,1.5,33.9,0.8,25.2,53.5,0.0,1018,9.2,3.1,3
30/03/2024,18:00,81,0.9,38.9,0.5,24.3,59.5,0.0,1019,11.0,3.8,4
30/03/2024,19:00,78,0.7,41.2,0.4,23.7,62.8,0.0,1019,11.6,4.4,6
30/03/2024,20:00,105,0.6,35.7,0.3,23.3,63.8,0.0,1019,13.7,4.4,7
30/03/2024,21:00,117,0.6,40.0,0.3,23.1,63.9,0.0,1019,10.9,4.0,6
30/03/2024,22:00,163,0.5,53.8,0.3,22.7,65.5,0.0,1018,11.2,4.0,5
30/03/2024,23:00,170,0.5,66.4,0.4,22.2,67.9,0.0,1018,11.6,4.4,7
31/03/2024,00:00,165,0.6,56.8,0.4,21.9,68.3,0.0,1018,12.0,5.1,9
31/03/2024,01:00,166,0.6,54.4,0.4,21.4,70.7,0.0,1017,11.2,5.0,9
31/03/2024,02:00,167,0.5,60.9,0.4,21.2,71.6,0.0,1017,10.3,4.6,8
31/03/2024,03:00,173,0.6,64.0,0.5,20.8,73.1,0.0,1017,10.0,4.1,6
31/03/2024,04:00,173,0.6,55.6,0.5,20.6,74.3,0.0,1016,9.6,3.9,5
31/03/2024,05:00,167,0.3,71.1,0.4,20.4,74.3,0.0,1016,9.8,3.7,5
31/03/2024,06:00,173,0.3,74.5,0.4,20.8,72.6,0.0,1017,10.3,3.8,5
31/03/2024,07:00,161,0.5,72.1,0.4,21.7,68.2,0.0,1017,9.9,3.7,5
31/03/2024,08:00,148,0.6,60.7,0.5,23.1,64.0,0.0,1018,9.2,3.7,5
31/03/2024,09:00,71,0.5,41.4,0.3,24.1,60.7,0.0,1018,9.2,3.6,5
31/03/2024,10:00,93,0.8,41.5,0.5,25.1,57.6,0.0,1017,9.3,3.4,5
31/03/2024,11:00,72,1.0,43.3,0.7,25.1,57.9,0.0,1017,8.1,2.9,4
31/03/2024,12:00,92,0.9,51.5,0.6,25.4,56.6,0.0,1016,7.5,2.6,3
31/03/2024,13:00,110,0.8,39.6,0.6,26.1,53.0,0.0,1015,6.5,2.4,3
31/03/2024,14:00,72,0.7,38.2,0.6,26.6,51.9,0.0,1014,8.1,2.7,3
31/03/2024,15:00,78,1.1,42.2,0.7,25.9,55.7,0.0,1014,9.5,3.0,3
31/03/2024,16:00,89,1.3,37.2,0.7,25.1,58.3,0.0,1015,9.5,3.1,3
31/03/2024,17:00,86,1.0,36.0,0.5,24.4,62.5,0.0,1015,9.9,3.2,3
31/03/2024,18:00,70,0.6,44.3,0.4,24.2,65.9,0.0,1016,10.6,3.5,3
31/03/2024,19:00,97,0.9,35.2,0.5,24.1,63.2,0.0,1016,10.7,3.8,4
31/03/2024,20:00,81,0.8,30.2,0.3,24.2,60.9,0.0,1017,10.8,3.7,4
31/03/2024,21:00,84,0.8,35.8,0.4,23.8,62.1,0.0,1016,10.1,3.5,4
31/03/2024,22:00,99,0.4,45.6,0.2,23.5,62.3,0.0,1016,9.8,3.2,4
31/03/2024,23:00,89,0.5,37.1,0.3,23.4,63.1,0.0,1016,9.5,3.2,4
01/04/2024,00:00,79,0.6,28.1,0.2,23.1,64.2,0.0,1015,8.1,3.3,4
01/04/2024,01:00,157,0.6,52.3,0.4,22.6,66.1,0.0,1015,9.7,3.7,5
01/04/2024,02:00,158,0.4,66.3,0.4,22.2,66.8,0.0,1014,9.3,4.1,7
01/04/2024,03:00,164,0.6,53.9,0.4,21.7,69.7,0.0,1014,10.2,3.8,6
01/04/2024,04:00,160,0.6,48.3,0.4,21.4,71.0,0.0,1015,8.8,3.8,6
01/04/2024,05:00,165,0.5,57.9,0.4,21.3,71.6,0.0,1015,10.3,3.7,6
01/04/2024,06:00,157,0.3,66.5,0.3,21.3,72.7,0.0,1015,9.9,3.9,6
01/04/2024,07:00,158,0.4,66.7,0.4,22.1,69.1,0.0,1016,9.8,3.8,5
01/04/2024,08:00,149,0.4,71.1,0.4,24.0,60.9,0.0,1016,8.7,3.2,5
01/04/2024,09:00,139,1.4,34.0,0.7,23.8,64.6,0.0,1016,8.1,2.6,3
01/04/2024,10:00,137,1.3,36.1,0.7,23.9,65.3,0.0,1016,7.0,2.2,3
01/04/2024,11:00,137,1.5,34.4,0.8,24.8,61.8,0.0,1015,6.1,1.9,3
01/04/2024,12:00,113,1.3,37.9,0.7,24.9,61.5,0.0,1014,6.7,1.9,3
01/04/2024,13:00,94,1.2,40.7,0.8,24.6,63.6,0.0,1014,6.8,2.3,3
01/04/2024,14:00,111,1.3,39.1,0.7,23.9,66.2,0.0,1014,4.5,1.7,2
01/04/2024,15:00,89,1.3,41.3,0.7,24.2,64.0,0.0,1014,6.1,1.8,2
01/04/2024,16:00,101,1.2,36.1,0.7,24.1,65.2,0.0,1014,6.7,2.1,2
01/04/2024,17:00,91,0.9,35.5,0.5,23.6,67.4,0.0,1014,7.7,4.0,8
01/04/2024,18:00,79,0.6,42.2,0.3,23.4,67.0,0.0,1015,10.7,5.8,13
01/04/2024,19:00,61,0.6,45.7,0.3,23.4,66.5,0.0,1015,9.1,3.6,5
01/04/2024,20:00,343,0.9,34.3,0.3,23.0,69.7,0.0,1016,9.2,3.2,4
01/04/2024,21:00,325,0.3,60.2,0.2,22.9,72.3,0.0,1016,9.4,3.3,4
01/04/2024,22:00,45,0.3,51.3,0.2,22.9,73.7,0.0,1016,9.0,3.5,5
01/04/2024,23:00,332,1.4,21.1,0.5,22.2,79.6,0.3,1015,8.1,3.1,4
02/04/2024,00:00,336,1.1,20.0,0.4,21.6,83.5,0.0,1015,4.2,1.8,3
02/04/2024,01:00,327,0.3,64.3,0.2,21.5,82.9,0.0,1015,3.9,1.7,2
02/04/2024,02:00,158,0.3,45.3,0.2,21.4,84.1,0.0,1014,7.3,2.5,4
02/04/2024,03:00,162,0.5,46.7,0.3,21.4,84.0,0.0,1014,6.2,2.1,4
02/04/2024,04:00,180,0.2,75.2,0.3,21.2,84.0,0.0,1014,7.5,3.2,7
02/04/2024,05:00,162,0.3,71.2,0.3,21.1,84.0,0.0,1014,9.8,4.0,9
02/04/2024,06:00,166,0.2,80.7,0.3,21.2,83.9,0.0,1015,10.2,4.6,9
02/04/2024,07:00,142,0.2,66.4,0.3,22.6,77.0,0.0,1015,11.7,5.2,13
02/04/2024,08:00,143,0.6,62.7,0.3,24.2,68.3,0.0,1015,10.2,4.4,9
02/04/2024,09:00,143,0.5,56.8,0.3,25.9,60.6,0.0,1015,8.2,3.5,6
02/04/2024,10:00,121,0.6,47.4,0.3,25.6,60.8,0.0,1014,8.5,3.5,6
02/04/2024,11:00,91,0.5,34.2,0.2,26.4,57.7,0.0,1013,8.2,3.2,6
02/04/2024,12:00,108,0.5,40.8,0.3,26.8,56.6,0.0,1012,8.9,3.0,5
02/04/2024,13:00,15,1.0,37.9,0.5,27.6,55.4,0.0,1011,7.4,2.8,4
02/04/2024,14:00,0,1.1,36.3,0.6,27.7,55.9,0.0,1011,9.2,2.9,5
02/04/2024,15:00,342,1.7,28.8,0.8,27.3,56.8,0.0,1011,9.1,2.8,5
02/04/2024,16:00,336,2.0,24.4,0.7,26.2,58.0,0.0,1011,8.0,2.8,5
02/04/2024,17:00,333,2.0,23.0,0.8,25.4,62.5,0.0,1011,6.0,1.9,3
02/04/2024,18:00,333,1.6,25.1,0.6,24.8,67.2,0.0,1012,6.7,2.4,4
02/04/2024,19:00,330,1.4,19.7,0.5,24.6,68.2,0.0,1012,7.5,3.4,7
02/04/2024,20:00,321,1.5,20.3,0.6,24.4,69.4,0.0,1013,8.2,3.4,6
02/04/2024,21:00,327,1.1,40.1,0.6,24.0,70.6,0.0,1013,10.0,5.3,13
02/04/2024,22:00,333,0.9,36.3,0.5,23.7,71.9,0.0,1013,8.7,3.9,8
02/04/2024,23:00,328,1.1,28.5,0.5,23.5,72.2,0.0,1012,7.9,2.9,5
03/04/2024,00:00,328,1.1,27.1,0.5,23.4,71.5,0.0,1012,8.7,2.7,4
03/04/2024,01:00,326,1.2,22.1,0.4,23.3,69.3,0.0,1012,9.8,2.5,3
03/04/2024,02:00,332,0.3,53.5,0.2,23.0,72.3,0.0,1011,9.2,3.2,5
03/04/2024,03:00,138,0.1,56.9,0.1,22.6,75.5,0.0,1011,8.9,3.4,6
03/04/2024,04:00,170,0.1,53.7,0.2,22.4,76.9,0.0,1012,8.2,3.4,5
03/04/2024,05:00,156,0.7,26.6,0.3,21.8,80.6,0.0,1012,9.6,4.1,8
03/04/2024,06:00,129,0.4,42.7,0.2,22.1,80.8,0.0,1013,12.0,4.8,10
03/04/2024,07:00,131,0.1,81.0,0.2,24.7,69.2,0.0,1013,13.2,5.0,12
03/04/2024,08:00,152,0.8,29.4,0.4,25.1,66.7,0.0,1013,14.0,5.2,14
03/04/2024,09:00,138,0.6,50.1,0.4,26.8,59.9,0.0,1013,13.2,4.7,11
03/04/2024,10:00,82,0.4,53.3,0.3,28.6,54.5,0.0,1013,12.7,5.1,12
03/04/2024,11:00,33,0.3,46.5,0.4,29.6,50.4,0.0,1012,11.1,4.6,10
03/04/2024,12:00,31,0.5,41.9,0.4,29.8,49.4,0.0,1011,12.1,4.6,10
03/04/2024,13:00,343,1.1,40.2,0.6,29.8,52.0,0.0,1011,13.5,4.6,10
03/04/2024,14:00,345,1.4,33.7,0.7,29.7,54.2,0.0,1011,13.2,4.2,9
03/04/2024,15:00,353,1.4,35.7,0.7,28.9,58.1,0.0,1011,12.2,4.1,7
03/04/2024,16:00,340,1.6,30.2,0.7,27.7,60.2,0.0,1011,11.1,3.7,6
03/04/2024,17:00,348,1.3,32.6,0.7,26.9,64.2,0.0,1011,9.7,3.7,6
03/04/2024,18:00,6,0.9,41.3,0.6,26.4,69.0,0.0,1012,11.0,3.7,5
03/04/2024,19:00,350,1.2,31.0,0.6,25.9,72.9,0.0,1013,10.3,3.8,5
03/04/2024,20:00,353,0.9,40.7,0.6,25.7,75.2,0.0,1014,10.3,3.7,5
03/04/2024,21:00,40,0.5,43.7,0.4,25.8,74.8,0.0,1014,9.6,3.5,4
03/04/2024,22:00,79,0.7,28.2,0.3,25.7,72.4,0.0,1014,9.5,3.4,5
03/04/2024,23:00,49,0.4,52.8,0.3,25.6,73.5,0.0,1014,9.8,3.6,5
04/04/2024,00:00,,0.0,62.9,0.2,24.9,75.7,0.0,1013,10.7,3.8,6
04/04/2024,01:00,168,0.2,61.3,0.3,24.1,79.6,0.0,1013,10.6,4.6,10
04/04/2024,02:00,165,0.5,49.4,0.3,23.4,82.5,0.0,1012,10.9,4.6,13
04/04/2024,03:00,163,0.3,63.8,0.3,23.2,83.3,0.0,1012,11.6,4.7,14
04/04/2024,04:00,154,0.3,83.6,0.3,23.3,83.3,0.0,1012,11.1,5.2,17
04/04/2024,05:00,149,0.3,61.2,0.2,23.2,83.6,0.0,1013,13.8,5.8,19
04/04/2024,06:00,156,0.4,54.5,0.2,23.3,83.7,0.0,1013,13.8,6.1,20
04/04/2024,07:00,140,0.5,37.0,0.2,23.8,81.5,0.0,1014,14.1,5.9,20
04/04/2024,08:00,91,0.3,42.0,0.3,25.3,74.0,0.0,1014,11.4,4.0,9
04/04/2024,09:00,74,0.8,42.6,0.5,26.7,63.0,0.0,1014,9.1,3.2,4
04/04/2024,10:00,352,1.2,37.2,0.6,26.5,62.7,0.0,1014,10.4,2.9,4
04/04/2024,11:00,38,0.9,47.0,0.6,27.4,59.9,0.0,1013,8.8,2.7,3
04/04/2024,12:00,9,1.1,39.4,0.8,27.2,60.7,0.0,1013,9.8,3.2,4
04/04/2024,13:00,25,0.8,40.8,0.6,26.3,67.7,0.5,1012,11.3,3.7,5
04/04/2024,14:00,30,0.7,48.6,0.5,25.8,68.8,0.0,1012,8.7,3.1,4
04/04/2024,15:00,57,0.5,60.3,0.5,26.1,67.3,0.0,1012,9.0,3.4,7
04/04/2024,16:00,77,1.2,32.4,0.6,25.8,67.0,0.0,1012,8.5,2.8,4
04/04/2024,17:00,84,0.8,39.4,0.4,23.9,79.7,2.5,1013,7.0,3.0,4
04/04/2024,18:00,126,1.0,39.3,0.6,23.5,79.2,0.0,1013,8.1,3.2,5
04/04/2024,19:00,145,1.1,31.0,0.5,22.8,81.0,0.0,1014,9.2,3.6,6
04/04/2024,20:00,153,0.7,39.0,0.4,22.2,81.8,0.0,1015,9.1,3.2,6
04/04/2024,21:00,173,0.5,52.6,0.4,21.5,82.4,0.0,1015,9.7,3.4,7
04/04/2024,22:00,184,0.2,78.5,0.3,21.2,81.6,0.0,1014,8.1,2.8,6
04/04/2024,23:00,170,0.4,70.1,0.3,21.1,80.0,0.0,1014,8.4,2.6,4
05/04/2024,00:00,163,0.5,57.0,0.4,20.9,80.4,0.0,1014,10.5,3.0,4
05/04/2024,01:00,178,0.2,83.2,0.3,20.6,84.1,0.0,1013,8.2,2.9,5
05/04/2024,02:00,174,0.5,64.8,0.5,20.5,84.1,0.0,1013,9.4,3.1,4
05/04/2024,03:00,177,0.7,55.4,0.6,20.5,83.5,0.0,1012,8.9,3.0,4
05/04/2024,04:00,166,0.5,70.2,0.4,20.7,83.6,0.0,1013,9.3,3.1,4
05/04/2024,05:00,168,0.5,60.2,0.4,20.6,83.4,0.0,1013,9.3,3.5,5
05/04/2024,06:00,168,0.4,69.7,0.4,20.7,82.9,0.0,1013,9.1,3.7,6
05/04/2024,07:00,155,0.6,52.4,0.4,21.2,80.3,0.0,1014,10.2,3.9,6
05/04/2024,08:00,151,0.5,50.7,0.3,22.1,78.3,0.0,1014,12.3,4.3,8
05/04/2024,09:00,137,0.8,35.9,0.4,22.7,80.7,0.0,1014,8.4,3.0,6
05/04/2024,10:00,163,0.3,53.1,0.3,22.7,84.2,0.0,1014,5.8,2.4,5
05/04/2024,11:00,124,0.5,33.6,0.2,23.0,84.0,0.0,1013,4.9,2.4,6
05/04/2024,12:00,64,0.6,33.0,0.3,23.3,84.0,0.0,1012,4.9,2.7,7
05/04/2024,13:00,10,0.5,47.3,0.4,24.0,81.6,0.0,1011,6.2,3.0,7
05/04/2024,14:00,31,0.7,37.5,0.4,25.1,74.5,0.0,1011,7.4,3.3,7
05/04/2024,15:00,13,0.6,49.6,0.4,25.5,72.3,0.0,1010,9.7,3.8,6
05/04/2024,16:00,14,0.5,52.5,0.4,25.4,73.2,0.0,1010,10.7,4.0,6
05/04/2024,17:00,18,0.5,48.1,0.4,25.1,74.4,0.0,1011,11.5,4.2,6
05/04/2024,18:00,50,0.2,52.1,0.3,24.2,80.0,0.0,1011,10.1,3.9,5
05/04/2024,19:00,325,0.1,78.6,0.2,23.4,81.1,0.0,1012,11.4,4.7,10
05/04/2024,20:00,176,0.1,86.5,0.3,22.0,80.7,0.0,1012,10.4,3.1,5
05/04/2024,21:00,189,0.1,81.8,0.2,21.6,81.3,0.0,1013,8.6,2.2,3
05/04/2024,22:00,167,0.2,77.5,0.3,21.5,81.4,0.0,1012,7.0,2.0,3
05/04/2024,23:00,158,0.3,77.7,0.3,21.4,81.0,0.0,1012,10.2,2.2,2
06/04/2024,00:00,160,0.2,82.3,0.3,21.0,80.2,0.0,1012,10.0,2.2,2
06/04/2024,01:00,177,0.2,81.3,0.3,21.0,78.6,0.0,1011,9.0,2.0,2
06/04/2024,02:00,162,0.2,78.7,0.3,21.0,77.5,0.0,1011,9.8,2.2,2
06/04/2024,03:00,158,0.3,67.5,0.3,20.9,77.8,0.0,1011,10.0,2.5,2
06/04/2024,04:00,166,0.1,87.5,0.2,20.5,82.4,0.0,1011,9.9,2.5,2
06/04/2024,05:00,167,0.1,87.9,0.3,20.2,83.6,0.0,1011,9.5,2.2,2
06/04/2024,06:00,166,0.3,74.0,0.4,20.3,82.5,0.0,1012,12.1,2.9,3
06/04/2024,07:00,169,0.1,96.3,0.3,21.7,75.0,0.0,1013,11.5,2.8,3
06/04/2024,08:00,132,0.3,75.0,0.3,23.9,65.4,0.0,1013,9.9,2.6,3
06/04/2024,09:00,159,0.3,83.8,0.3,24.9,63.0,0.0,1013,8.7,2.6,3
06/04/2024,10:00,165,0.9,58.0,0.5,25.3,63.1,0.0,1012,9.3,2.6,4
06/04/2024,11:00,160,0.8,55.6,0.5,27.0,58.1,0.0,1012,9.2,2.6,4
06/04/2024,12:00,306,0.1,85.5,0.3,29.4,50.7,0.0,1011,7.8,3.3,5
06/04/2024,13:00,341,0.6,54.8,0.3,29.0,50.9,0.0,1010,8.3,3.6,6
06/04/2024,14:00,26,0.9,32.8,0.4,28.4,55.8,0.0,1009,9.9,3.7,6
06/04/2024,15:00,21,0.8,43.3,0.5,27.8,59.0,0.0,1009,9.9,4.2,9
06/04/2024,16:00,27,0.7,39.4,0.4,27.2,62.1,0.0,1009,10.6,4.2,7
06/04/2024,17:00,33,0.7,43.5,0.4,26.5,67.2,0.0,1010,16.0,4.9,7
06/04/2024,18:00,53,0.7,35.4,0.3,26.1,71.5,0.0,1010,15.2,5.2,8
06/04/2024,19:00,11,0.9,40.4,0.5,25.4,77.4,0.0,1010,15.3,5.5,8
06/04/2024,20:00,15,0.6,43.8,0.4,24.8,78.5,0.0,1011,16.6,6.4,9
06/04/2024,21:00,72,0.6,34.3,0.3,24.8,79.1,0.0,1011,16.3,6.2,10
06/04/2024,22:00,61,0.7,31.8,0.3,24.5,81.0,0.2,1010,16.4,6.2,9
06/04/2024,23:00,61,0.4,50.9,0.2,24.0,83.3,0.1,1010,12.3,5.2,8
07/04/2024,00:00,351,0.8,28.2,0.4,23.8,85.4,1.1,1009,11.7,4.7,7
07/04/2024,01:00,333,1.2,21.7,0.5,23.4,86.1,0.0,1008,9.2,4.0,4
07/04/2024,02:00,349,0.8,43.0,0.5,23.5,85.8,0.0,1008,11.8,4.4,4
07/04/2024,03:00,333,0.7,37.4,0.3,23.3,84.4,0.0,1008,10.3,4.0,4
07/04/2024,04:00,282,0.1,68.6,0.2,23.3,85.3,0.0,1008,8.9,3.6,4
07/04/2024,05:00,350,0.2,52.2,0.2,23.0,85.4,0.0,1008,9.6,3.9,5
07/04/2024,06:00,332,0.7,33.1,0.3,22.9,84.5,0.0,1008,9.8,3.9,6
07/04/2024,07:00,308,0.2,78.5,0.2,22.6,86.0,0.2,1009,6.5,2.6,4
07/04/2024,08:00,251,0.1,92.0,0.2,22.8,85.5,0.0,1009,5.6,2.1,5
07/04/2024,09:00,132,0.1,96.4,0.3,25.0,76.5,0.0,1009,4.1,1.7,5
07/04/2024,10:00,139,0.2,81.7,0.3,26.4,64.3,0.0,1008,6.5,2.4,5
07/04/2024,11:00,,0.0,92.5,0.3,28.4,55.0,0.0,1007,9.0,4.4,13
07/04/2024,12:00,103,0.1,89.3,0.3,28.9,53.6,0.0,1006,8.1,3.9,10
07/04/2024,13:00,317,0.1,80.6,0.3,29.1,53.3,0.0,1005,6.2,3.5,10
07/04/2024,14:00,343,0.2,86.6,0.3,29.2,53.7,0.0,1005,7.5,3.8,10
07/04/2024,15:00,,0.0,103.7,0.3,29.4,50.7,0.0,1004,6.1,2.9,7
07/04/2024,16:00,345,0.4,56.2,0.4,28.3,58.0,0.0,1005,6.6,2.3,5
07/04/2024,17:00,346,1.1,34.1,0.5,26.5,71.4,0.1,1005,5.3,2.3,5
07/04/2024,18:00,325,0.9,39.1,0.5,24.3,79.2,0.0,1006,7.5,3.1,6
07/04/2024,19:00,342,0.9,36.6,0.5,23.7,78.5,0.0,1007,6.0,2.4,5
07/04/2024,20:00,338,1.1,31.8,0.5,23.6,80.6,0.0,1008,7.9,3.0,4
07/04/2024,21:00,324,1.5,18.5,0.5,23.5,80.4,0.0,1008,7.8,3.1,4
07/04/2024,22:00,337,0.7,31.3,0.4,23.6,79.8,0.0,1008,7.8,2.8,4
07/04/2024,23:00,317,0.4,55.6,0.2,23.7,76.7,0.0,1007,7.3,2.4,4
08/04/2024,00:00,316,0.2,86.9,0.2,23.5,75.9,0.0,1006,9.4,2.8,4
08/04/2024,01:00,331,0.2,58.2,0.2,23.2,68.3,0.0,1006,11.1,3.7,6
08/04/2024,02:00,,0.0,90.3,0.2,22.9,70.7,0.0,1006,11.2,3.3,5
08/04/2024,03:00,166,0.4,72.6,0.3,22.4,72.8,0.0,1005,11.9,3.5,4
08/04/2024,04:00,176,0.1,80.9,0.3,22.4,70.6,0.0,1006,13.3,3.8,4
08/04/2024,05:00,150,0.3,68.7,0.3,22.3,67.9,0.0,1006,12.6,3.8,5
08/04/2024,06:00,156,0.2,62.9,0.2,22.5,68.5,0.0,1007,13.6,4.0,6
08/04/2024,07:00,157,0.4,71.1,0.3,23.4,66.3,0.0,1007,14.2,4.2,6
08/04/2024,08:00,113,0.1,80.8,0.3,24.9,59.9,0.0,1008,13.8,3.9,7
08/04/2024,09:00,151,0.5,71.2,0.4,26.1,53.5,0.0,1008,13.4,3.8,7
08/04/2024,10:00,157,0.8,56.5,0.6,27.0,47.5,0.0,1008,13.8,3.8,7
08/04/2024,11:00,158,0.7,59.6,0.5,27.9,44.0,0.0,1007,12.2,4.1,8
08/04/2024,12:00,170,0.7,56.2,0.5,28.8,39.2,0.0,1006,12.3,3.7,7
08/04/2024,13:00,156,0.4,69.8,0.3,29.5,37.3,0.0,1005,9.8,3.7,7
08/04/2024,14:00,321,0.1,52.3,0.3,29.8,36.3,0.0,1004,11.4,3.7,7
08/04/2024,15:00,42,0.6,46.7,0.4,28.8,46.4,0.0,1004,16.4,4.6,11
08/04/2024,16:00,12,0.8,38.6,0.5,27.3,56.4,0.0,1005,16.8,5.4,12
08/04/2024,17:00,33,0.8,39.6,0.4,26.5,61.1,0.0,1005,15.5,4.5,9
08/04/2024,18:00,15,0.6,46.3,0.5,25.7,66.5,0.0,1006,13.1,4.4,8
08/04/2024,19:00,340,0.9,33.0,0.5,25.1,71.4,0.0,1006,17.9,5.8,11
08/04/2024,20:00,355,0.6,41.6,0.4,24.8,71.0,0.0,1006,19.3,6.2,12
08/04/2024,21:00,335,0.8,28.0,0.4,24.6,69.0,0.0,1007,12.6,5.2,12
08/04/2024,22:00,340,0.8,33.0,0.4,24.1,73.9,0.0,1006,11.5,4.7,10
08/04/2024,23:00,302,0.1,71.3,0.1,23.5,76.1,0.0,1006,14.2,5.4,12
09/04/2024,00:00,182,0.1,50.6,0.1,23.2,77.1,0.0,1006,12.9,5.4,13
09/04/2024,01:00,172,0.3,63.5,0.2,22.9,76.0,0.0,1005,14.7,5.7,14
09/04/2024,02:00,182,0.1,76.5,0.3,22.5,76.5,0.0,1005,16.0,6.2,14
09/04/2024,03:00,170,0.2,82.2,0.3,22.4,73.1,0.0,1004,15.0,5.5,12
09/04/2024,04:00,165,0.1,79.6,0.2,22.1,73.6,0.0,1004,13.0,5.2,10
09/04/2024,05:00,161,0.4,69.6,0.3,22.0,73.3,0.0,1004,12.1,5.0,9
09/04/2024,06:00,167,0.2,83.3,0.3,22.3,73.2,0.0,1004,13.8,5.1,10
09/04/2024,07:00,169,0.6,50.3,0.5,22.8,71.6,0.0,1005,13.4,5.0,9
09/04/2024,08:00,161,0.6,58.3,0.4,23.4,69.7,0.0,1005,12.7,4.8,9
09/04/2024,09:00,145,0.2,105.1,0.3,25.1,59.0,0.0,1005,11.7,4.4,8
09/04/2024,10:00,141,0.4,78.5,0.4,26.6,51.1,0.0,1004,11.3,4.4,8
09/04/2024,11:00,157,0.3,76.6,0.4,27.3,48.3,0.0,1003,14.8,4.4,9
09/04/2024,12:00,147,0.1,88.2,0.4,28.2,44.8,0.0,1002,15.7,4.6,9
09/04/2024,13:00,107,0.1,95.9,0.4,28.4,43.4,0.0,1002,13.0,4.1,9
09/04/2024,14:00,136,0.1,91.9,0.3,28.8,40.3,0.0,1001,11.2,3.9,7
09/04/2024,15:00,148,0.1,97.1,0.4,28.6,37.7,0.0,1001,9.1,3.5,6
09/04/2024,16:00,78,0.1,92.7,0.3,27.9,35.5,0.0,1001,12.3,4.1,8
09/04/2024,17:00,,0.0,92.3,0.2,27.0,36.2,0.0,1001,14.0,5.7,12
09/04/2024,18:00,135,0.3,63.8,0.3,25.8,36.7,0.0,1002,16.2,6.9,14
09/04/2024,19:00,146,0.3,72.6,0.3,25.1,34.7,0.0,1002,16.8,7.4,14
09/04/2024,20:00,135,0.3,81.2,0.3,24.5,33.5,0.0,1003,14.8,6.5,12
09/04/2024,21:00,158,0.2,86.0,0.4,24.1,34.0,0.0,1003,15.0,6.3,11
09/04/2024,22:00,330,0.1,74.0,0.3,23.1,36.6,0.0,1004,17.5,6.5,11
09/04/2024,23:00,110,0.4,57.4,0.3,22.3,39.8,0.0,1004,15.4,6.6,11
10/04/2024,00:00,,0.0,93.3,0.4,21.9,39.5,0.0,1004,14.6,5.9,10
10/04/2024,01:00,194,0.1,98.3,0.3,21.0,40.4,0.0,1004,13.0,4.5,6
10/04/2024,02:00,138,0.1,92.4,0.3,20.2,41.3,0.0,1004,11.7,3.8,5
10/04/2024,03:00,172,0.4,77.9,0.4,19.6,42.6,0.0,1004,12.1,3.7,4
10/04/2024,04:00,149,0.2,89.5,0.4,19.2,43.1,0.0,1004,10.5,3.3,4
10/04/2024,05:00,156,0.3,76.7,0.3,18.3,48.1,0.0,1005,11.0,3.2,3
10/04/2024,06:00,155,0.4,76.8,0.3,17.8,50.2,0.0,1006,12.3,3.1,3
10/04/2024,07:00,161,0.2,82.3,0.4,19.2,44.3,0.0,1007,12.7,2.9,3
10/04/2024,08:00,152,0.1,106.6,0.4,20.2,40.6,0.0,1007,11.5,2.6,3
10/04/2024,09:00,126,0.2,96.9,0.5,21.4,36.4,0.0,1008,13.5,2.5,3
10/04/2024,10:00,138,0.2,97.5,0.4,22.6,34.3,0.0,1007,11.7,2.3,3
10/04/2024,11:00,139,0.2,90.7,0.5,24.0,33.2,0.0,1007,13.0,2.4,3
10/04/2024,12:00,143,0.3,84.7,0.5,25.0,32.6,0.0,1006,12.7,2.5,3
10/04/2024,13:00,153,0.2,99.4,0.4,26.2,31.3,0.0,1006,11.7,2.3,3
10/04/2024,14:00,135,0.1,102.0,0.4,27.0,30.7,0.0,1006,12.6,2.3,3
10/04/2024,15:00,127,0.1,91.0,0.3,26.9,31.6,0.0,1006,11.1,2.2,3
10/04/2024,16:00,,0.0,106.0,0.3,25.9,33.8,0.0,1006,10.2,2.3,3
10/04/2024,17:00,351,0.3,69.6,0.3,24.8,38.5,0.0,1007,13.3,2.8,3
10/04/2024,18:00,45,0.2,72.5,0.4,23.9,41.0,0.0,1008,12.3,3.7,5
10/04/2024,19:00,220,0.1,78.6,0.3,23.2,37.9,0.0,1009,13.4,4.6,8
10/04/2024,20:00,171,0.1,81.2,0.3,22.5,40.3,0.0,1010,12.5,5.1,9
10/04/2024,21:00,154,0.5,40.7,0.3,21.7,42.9,0.0,1011,11.4,4.1,6
10/04/2024,22:00,277,0.1,87.6,0.2,21.2,45.2,0.0,1011,10.2,3.6,4
10/04/2024,23:00,153,0.1,89.5,0.2,20.7,45.5,0.0,1011,10.9,3.1,3
11/04/2024,00:00,150,0.5,39.0,0.3,19.9,48.5,0.0,1011,10.4,2.8,3
11/04/2024,01:00,171,0.2,74.9,0.3,19.3,51.5,0.0,1011,9.2,2.8,2
11/04/2024,02:00,178,0.3,66.6,0.3,18.8,52.9,0.0,1011,12.0,3.5,4
11/04/2024,03:00,170,0.2,66.4,0.2,18.2,56.4,0.0,1011,9.9,3.3,3
11/04/2024,04:00,165,0.2,61.0,0.2,18.0,57.3,0.0,1011,10.3,3.0,3
11/04/2024,05:00,163,0.3,58.9,0.3,17.5,61.4,0.0,1012,11.4,3.4,3
11/04/2024,06:00,165,0.3,88.0,0.3,17.4,60.4,0.0,1013,10.9,3.6,4
11/04/2024,07:00,159,0.4,68.1,0.3,19.1,54.5,0.0,1013,13.3,3.8,4
11/04/2024,08:00,162,0.4,84.3,0.4,21.4,45.6,0.0,1014,13.3,3.9,4
11/04/2024,09:00,164,0.9,51.6,0.6,22.3,43.3,0.0,1014,13.2,4.3,5
11/04/2024,10:00,168,0.9,59.3,0.6,23.8,40.5,0.0,1013,20.4,5.1,7
11/04/2024,11:00,154,0.9,60.5,0.7,25.3,34.2,0.0,1013,14.1,4.1,5
11/04/2024,12:00,164,0.9,57.4,0.6,26.2,30.6,0.0,1012,13.0,3.6,4
11/04/2024,13:00,163,0.9,53.1,0.6,26.5,30.8,0.0,1012,11.0,3.4,4
11/04/2024,14:00,146,0.5,57.2,0.5,26.9,33.1,0.0,1011,11.7,3.7,4
11/04/2024,15:00,16,0.7,43.2,0.6,25.9,43.2,0.0,1011,16.5,4.7,5
11/04/2024,16:00,70,1.1,38.1,0.6,25.0,47.5,0.0,1012,19.0,5.1,5
11/04/2024,17:00,63,0.8,40.7,0.4,24.0,53.5,0.0,1013,14.8,5.0,5
11/04/2024,18:00,45,0.8,41.3,0.5,23.2,57.6,0.0,1014,20.1,5.9,7
11/04/2024,19:00,95,1.0,38.4,0.5,22.7,52.0,0.0,1014,17.5,6.1,8
11/04/2024,20:00,134,0.8,39.6,0.5,22.0,53.6,0.0,1015,18.1,6.4,8
11/04/2024,21:00,160,0.5,49.2,0.3,21.5,55.6,0.0,1015,16.4,6.0,7
11/04/2024,22:00,167,0.4,64.5,0.3,21.1,57.6,0.0,1015,15.8,6.1,8
11/04/2024,23:00,163,0.4,70.2,0.4,20.6,61.3,0.0,1015,14.8,6.0,8
12/04/2024,00:00,170,0.3,72.8,0.4,20.0,63.6,0.0,1015,15.8,5.8,7
12/04/2024,01:00,157,0.4,69.7,0.4,19.8,64.1,0.0,1014,14.4,5.4,6
12/04/2024,02:00,153,0.4,64.9,0.4,19.2,66.6,0.0,1014,11.6,4.9,6
12/04/2024,03:00,141,0.4,64.8,0.3,18.8,68.3,0.0,1014,12.3,5.0,5
12/04/2024,04:00,161,0.3,79.8,0.3,18.6,68.9,0.0,1014,14.3,5.2,5
12/04/2024,05:00,156,0.4,66.4,0.3,18.8,68.7,0.0,1015,14.9,5.5,5
12/04/2024,06:00,159,0.4,61.6,0.4,18.9,68.3,0.0,1015,14.4,5.5,6
12/04/2024,07:00,158,0.3,78.4,0.3,20.6,61.9,0.0,1016,15.4,5.6,7
12/04/2024,08:00,171,0.9,55.2,0.6,21.5,58.3,0.0,1016,16.9,6.0,8
12/04/2024,09:00,166,0.8,64.5,0.6,23.4,52.9,0.0,1016,20.1,6.4,8
12/04/2024,10:00,154,1.3,51.7,0.9,24.6,48.7,0.0,1016,19.0,5.7,6
12/04/2024,11:00,148,1.2,41.7,0.6,25.0,48.5,0.0,1015,18.9,5.7,6
12/04/2024,12:00,152,1.3,34.8,0.7,25.7,43.7,0.0,1014,17.3,5.0,5
12/04/2024,13:00,114,1.0,44.6,0.8,26.4,41.9,0.0,1013,19.0,5.1,5
12/04/2024,14:00,117,0.9,49.8,0.8,26.6,41.0,0.0,1013,18.5,5.2,5
12/04/2024,15:00,78,1.1,41.3,0.7,25.7,46.7,0.0,1013,18.0,5.4,5
12/04/2024,16:00,79,1.0,38.3,0.6,24.7,50.2,0.0,1013,20.5,5.6,5
12/04/2024,17:00,65,1.0,38.9,0.6,23.6,55.6,0.0,1014,17.8,5.6,5
12/04/2024,18:00,57,0.7,46.6,0.5,22.7,60.1,0.0,1015,15.7,5.4,4
12/04/2024,19:00,58,0.8,37.1,0.4,22.3,61.5,0.0,1015,15.1,5.2,4
12/04/2024,20:00,85,0.6,32.1,0.2,21.9,62.5,0.0,1016,16.3,5.1,4
12/04/2024,21:00,137,0.5,36.2,0.3,21.7,64.3,0.0,1016,16.3,5.5,5
12/04/2024,22:00,152,0.7,33.0,0.3,21.5,66.8,0.0,1016,15.2,5.6,6
12/04/2024,23:00,167,0.3,64.4,0.2,21.0,69.6,0.0,1016,16.8,6.2,8
13/04/2024,00:00,180,0.1,65.7,0.2,20.5,71.4,0.0,1016,16.0,6.3,9
13/04/2024,01:00,167,0.5,61.7,0.4,20.1,72.3,0.0,1016,14.2,6.1,8
13/04/2024,02:00,168,0.4,64.1,0.3,19.6,74.4,0.0,1015,14.3,5.6,7
13/04/2024,03:00,166,0.3,60.9,0.3,19.2,75.9,0.0,1016,13.0,5.2,6
13/04/2024,04:00,164,0.2,73.2,0.3,18.9,76.6,0.0,1016,12.5,5.4,7
13/04/2024,05:00,169,0.5,57.7,0.4,18.3,78.7,0.0,1016,15.7,6.1,9
13/04/2024,06:00,170,0.4,62.5,0.4,18.1,78.3,0.0,1017,17.2,7.0,12
13/04/2024,07:00,161,0.3,78.1,0.3,20.1,68.1,0.0,1018,14.6,5.5,9
13/04/2024,08:00,151,0.4,68.5,0.4,21.8,60.8,0.0,1018,13.5,5.0,8
13/04/2024,09:00,154,0.8,47.9,0.5,23.4,57.3,0.0,1018,15.3,4.8,7
13/04/2024,10:00,147,0.3,49.8,0.5,25.1,51.0,0.0,1018,10.7,4.1,4
13/04/2024,11:00,34,0.4,55.6,0.5,26.0,47.8,0.0,1017,10.5,3.9,4
13/04/2024,12:00,347,0.8,34.6,0.5,25.9,49.3,0.0,1016,11.4,4.1,4
13/04/2024,13:00,3,1.2,43.4,0.7,25.9,50.2,0.0,1016,14.4,4.4,4
13/04/2024,14:00,356,1.3,36.8,0.8,25.2,51.7,0.0,1015,14.2,4.5,4
13/04/2024,15:00,7,1.3,41.9,0.8,24.8,52.6,0.0,1015,16.7,5.0,4
13/04/2024,16:00,346,1.4,30.6,0.7,24.1,56.3,0.0,1016,16.5,4.9,4
13/04/2024,17:00,354,1.2,34.9,0.7,23.7,60.2,0.0,1016,16.7,5.7,4
13/04/2024,18:00,349,0.9,33.3,0.5,23.2,62.1,0.0,1017,16.9,5.9,5
13/04/2024,19:00,336,1.2,22.0,0.6,22.9,61.9,0.0,1017,16.8,6.1,7
13/04/2024,20:00,341,0.8,38.9,0.5,22.7,61.8,0.0,1018,14.8,5.4,6
13/04/2024,21:00,337,0.9,32.4,0.3,22.4,62.3,0.0,1018,14.8,5.1,5
13/04/2024,22:00,74,0.6,26.0,0.2,22.1,65.4,0.0,1018,14.4,5.5,7
13/04/2024,23:00,95,0.6,22.0,0.2,21.5,67.4,0.0,1018,15.8,5.9,8
14/04/2024,00:00,132,0.3,55.0,0.2,21.0,70.1,0.0,1018,14.6,5.9,8
14/04/2024,01:00,164,0.3,53.5,0.2,20.4,74.4,0.0,1018,14.9,6.9,12
14/04/2024,02:00,167,0.3,53.6,0.2,20.1,75.4,0.0,1017,15.9,7.5,14
14/04/2024,03:00,187,0.2,69.9,0.2,19.8,75.8,0.0,1018,15.2,6.6,12
14/04/2024,04:00,188,0.1,86.0,0.2,19.7,75.9,0.0,1018,14.6,6.2,10
14/04/2024,05:00,166,0.4,57.5,0.3,19.5,77.6,0.0,1018,12.6,5.9,8
14/04/2024,06:00,133,0.2,82.5,0.2,19.7,76.5,0.0,1019,14.3,5.7,8
14/04/2024,07:00,156,0.4,71.3,0.3,21.6,68.3,0.0,1019,15.7,6.3,9
14/04/2024,08:00,157,1.0,33.3,0.4,22.3,65.3,0.0,1020,15.3,6.2,9
14/04/2024,09:00,146,0.4,53.9,0.4,24.5,56.2,0.0,1020,15.4,5.8,8
14/04/2024,10:00,328,0.4,53.3,0.4,25.8,48.7,0.0,1019,14.8,5.6,7
14/04/2024,11:00,354,0.8,45.9,0.5,26.6,44.7,0.0,1019,12.3,5.1,7
14/04/2024,12:00,354,0.6,37.5,0.5,26.7,44.4,0.0,1018,14.3,4.9,6
14/04/2024,13:00,23,0.6,55.0,0.6,26.9,44.4,0.0,1017,14.2,5.0,6
14/04/2024,14:00,346,1.4,34.4,0.8,26.2,48.8,0.0,1017,15.7,5.2,5
14/04/2024,15:00,348,1.5,31.3,0.8,25.3,51.2,0.0,1017,15.0,4.8,5
14/04/2024,16:00,353,1.4,29.6,0.7,24.5,53.5,0.0,1018,14.5,4.9,4
14/04/2024,17:00,344,1.5,26.1,0.7,23.7,55.1,0.0,1018,12.8,4.6,4
14/04/2024,18:00,344,0.9,33.8,0.5,23.3,56.1,0.0,1019,13.1,4.7,4
14/04/2024,19:00,26,0.5,39.2,0.3,23.1,56.8,0.0,1019,13.6,5.0,5
14/04/2024,20:00,341,0.8,43.2,0.4,22.8,59.1,0.0,1019,14.3,4.9,5
14/04/2024,21:00,355,0.6,31.7,0.3,22.6,60.1,0.0,1020,13.4,4.9,6
14/04/2024,22:00,100,0.5,24.2,0.2,21.8,64.5,0.0,1020,14.4,5.5,8
14/04/2024,23:00,156,0.4,40.9,0.2,21.4,67.3,0.0,1020,16.9,6.4,9
15/04/2024,00:00,168,0.2,75.1,0.2,20.7,70.8,0.0,1020,14.5,6.0,10
15/04/2024,01:00,173,0.4,51.6,0.3,20.0,72.3,0.0,1020,20.0,7.2,12
15/04/2024,02:00,182,0.3,65.2,0.3,19.5,74.1,0.0,1019,14.7,5.9,9
15/04/2024,03:00,177,0.1,82.9,0.3,19.1,75.5,0.0,1019,13.4,5.4,7
15/04/2024,04:00,159,0.2,85.8,0.2,19.0,75.6,0.0,1019,13.9,5.2,7
15/04/2024,05:00,180,0.2,77.5,0.3,18.9,75.3,0.0,1019,13.0,4.9,6
15/04/2024,06:00,179,0.1,82.7,0.2,19.3,73.8,0.0,1020,13.2,4.9,6
15/04/2024,07:00,162,0.6,52.6,0.4,20.0,71.2,0.0,1020,13.9,5.1,7
15/04/2024,08:00,157,0.5,66.6,0.4,22.0,62.9,0.0,1021,14.6,5.3,8
15/04/2024,09:00,158,0.9,51.3,0.6,23.6,57.9,0.0,1021,20.9,5.7,8
15/04/2024,10:00,182,0.1,61.7,0.4,25.8,51.0,0.0,1020,19.8,5.9,8
15/04/2024,11:00,102,0.7,44.7,0.5,26.0,48.8,0.0,1019,19.4,5.5,7
15/04/2024,12:00,336,1.3,34.0,0.7,26.9,45.8,0.0,1019,22.6,5.6,9
15/04/2024,13:00,11,0.8,45.1,0.5,27.3,42.6,0.0,1018,19.7,5.0,7
15/04/2024,14:00,358,1.1,33.9,0.6,27.2,46.1,0.0,1018,22.5,5.4,7
15/04/2024,15:00,7,1.0,39.1,0.6,26.2,51.9,0.0,1018,20.7,4.9,6
15/04/2024,16:00,20,0.8,43.3,0.5,25.4,55.5,0.0,1018,16.7,4.5,5
15/04/2024,17:00,23,0.6,48.5,0.4,24.7,59.9,0.0,1019,16.2,4.5,5
15/04/2024,18:00,44,0.3,62.6,0.3,24.1,62.1,0.0,1019,16.5,5.0,6
15/04/2024,19:00,342,0.7,49.5,0.4,23.6,63.9,0.0,1019,15.1,4.9,7
15/04/2024,20:00,338,0.9,24.3,0.4,23.5,64.0,0.0,1020,12.3,5.1,8
15/04/2024,21:00,343,0.5,43.4,0.3,23.2,65.6,0.0,1020,10.9,4.7,7
15/04/2024,22:00,182,0.1,54.2,0.1,22.6,68.3,0.0,1020,13.6,4.9,7
15/04/2024,23:00,132,0.4,27.1,0.2,21.8,72.0,0.0,1020,15.7,5.1,8
16/04/2024,00:00,173,0.3,52.1,0.3,21.1,76.3,0.0,1019,16.2,5.7,9
16/04/2024,01:00,270,0.1,78.1,0.1,20.3,78.3,0.0,1019,14.2,5.7,10
16/04/2024,02:00,174,0.4,46.8,0.3,20.1,79.3,0.0,1019,14.4,6.0,12
16/04/2024,03:00,172,0.1,83.4,0.2,19.9,79.5,0.0,1019,14.8,5.6,10
16/04/2024,04:00,176,0.3,67.8,0.3,19.6,80.7,0.0,1018,13.5,5.4,8
16/04/2024,05:00,188,0.1,85.7,0.2,19.4,81.2,0.0,1019,14.9,5.5,8
16/04/2024,06:00,195,0.1,77.5,0.2,19.7,79.5,0.0,1019,12.8,5.4,8
16/04/2024,07:00,156,0.4,58.9,0.3,21.2,72.9,0.0,1020,13.0,5.3,9
16/04/2024,08:00,159,0.8,50.0,0.4,22.6,67.2,0.0,1020,14.8,5.4,9
16/04/2024,09:00,151,0.3,68.2,0.3,25.0,58.9,0.0,1020,15.2,5.4,9
16/04/2024,10:00,78,0.3,49.4,0.4,25.8,52.2,0.0,1020,14.9,4.6,6
16/04/2024,11:00,43,0.3,49.8,0.5,26.5,47.2,0.0,1019,16.5,4.9,7
16/04/2024,12:00,344,0.9,38.0,0.6,27.3,45.0,0.0,1018,18.7,5.4,10
16/04/2024,13:00,346,1.1,34.8,0.7,27.6,43.7,0.0,1017,17.8,5.1,8
16/04/2024,14:00,331,1.6,31.6,0.8,27.5,42.4,0.0,1016,18.7,4.9,7
16/04/2024,15:00,4,1.0,36.9,0.6,27.0,41.1,0.0,1016,19.5,5.3,8
16/04/2024,16:00,357,1.2,34.3,0.6,25.9,45.4,0.0,1016,19.7,4.7,6
16/04/2024,17:00,357,0.8,39.8,0.5,24.7,56.7,0.0,1017,14.1,4.2,5
16/04/2024,18:00,347,0.8,33.5,0.4,23.9,61.9,0.0,1017,14.4,4.5,5
16/04/2024,19:00,13,0.5,46.9,0.3,23.6,65.0,0.0,1018,14.1,4.5,6
16/04/2024,20:00,62,0.5,39.9,0.2,23.1,67.5,0.0,1018,18.3,5.2,7
16/04/2024,21:00,60,0.7,21.4,0.2,22.5,70.2,0.0,1018,13.1,4.7,7
16/04/2024,22:00,69,0.5,39.4,0.2,22.2,71.8,0.0,1019,11.4,4.5,6
16/04/2024,23:00,147,0.5,28.2,0.2,21.8,73.7,0.0,1018,13.6,4.9,7
17/04/2024,00:00,175,0.5,38.6,0.2,21.2,76.5,0.0,1018,17.3,5.6,9
17/04/2024,01:00,171,0.2,72.1,0.3,20.4,77.5,0.0,1018,15.2,6.4,13
17/04/2024,02:00,170,0.2,76.9,0.3,19.9,78.4,0.0,1018,12.8,5.7,11
17/04/2024,03:00,166,0.1,86.1,0.2,19.8,79.2,0.0,1017,13.3,5.3,9
17/04/2024,04:00,172,0.3,71.7,0.3,19.7,79.4,0.0,1017,12.6,5.1,8
17/04/2024,05:00,169,0.2,77.3,0.3,19.5,79.8,0.0,1018,12.8,5.2,8
17/04/2024,06:00,167,0.4,74.1,0.3,19.6,79.5,0.0,1018,14.2,5.3,9
17/04/2024,07:00,162,0.4,70.5,0.4,20.5,75.8,0.0,1019,15.1,5.4,10
17/04/2024,08:00,163,0.6,54.1,0.5,21.6,70.6,0.0,1019,17.6,6.2,12
17/04/2024,09:00,159,0.5,66.7,0.4,24.1,62.6,0.0,1019,26.2,7.0,14
17/04/2024,10:00,159,0.5,66.1,0.5,25.5,58.4,0.0,1019,21.8,5.7,10
17/04/2024,11:00,76,1.0,42.5,0.6,25.9,56.4,0.0,1017,13.5,4.2,6
17/04/2024,12:00,52,1.0,40.0,0.7,26.3,55.2,0.0,1017,11.1,3.9,5
17/04/2024,13:00,33,1.1,38.0,0.6,26.0,55.8,0.0,1016,12.4,4.0,5
17/04/2024,14:00,47,1.0,40.4,0.6,25.7,56.8,0.0,1016,11.9,3.9,5
17/04/2024,15:00,40,0.9,45.1,0.6,25.6,56.9,0.0,1016,11.5,3.7,4
17/04/2024,16:00,43,0.9,43.5,0.6,25.1,57.4,0.0,1016,10.7,3.3,4
17/04/2024,17:00,51,0.7,41.1,0.4,24.7,59.8,0.0,1016,10.8,3.6,5
17/04/2024,18:00,49,0.5,47.6,0.3,24.3,62.5,0.0,1016,10.1,3.6,5
17/04/2024,19:00,68,0.5,36.5,0.3,23.9,67.5,0.0,1017,11.1,3.8,5
17/04/2024,20:00,70,0.6,26.7,0.2,23.5,69.9,0.0,1017,11.2,4.2,6
17/04/2024,21:00,58,0.6,31.5,0.2,23.4,71.0,0.0,1017,11.1,4.1,6
17/04/2024,22:00,138,0.4,39.0,0.2,23.0,71.9,0.0,1017,11.2,4.5,7
17/04/2024,23:00,164,0.3,64.1,0.3,22.3,75.0,0.0,1017,16.4,5.8,12
18/04/2024,00:00,177,0.4,64.4,0.3,21.7,76.4,0.0,1016,14.7,5.5,12
18/04/2024,01:00,177,0.5,57.2,0.4,21.2,77.0,0.0,1015,13.9,5.4,10
18/04/2024,02:00,160,0.4,56.9,0.3,21.3,76.3,0.0,1015,11.9,5.2,10
18/04/2024,03:00,160,0.1,94.1,0.2,20.9,77.8,0.0,1014,11.5,4.9,9
18/04/2024,04:00,170,0.3,74.0,0.3,20.6,78.9,0.0,1014,12.1,4.7,8
18/04/2024,05:00,168,0.3,74.2,0.3,20.3,79.5,0.0,1014,12.2,4.8,8
18/04/2024,06:00,159,0.4,65.7,0.4,20.3,79.1,0.0,1014,11.9,5.0,10
18/04/2024,07:00,108,0.3,59.5,0.3,20.6,77.5,0.0,1015,13.6,5.4,12
18/04/2024,08:00,140,0.5,40.4,0.3,21.5,76.1,0.0,1015,14.7,4.7,9
18/04/2024,09:00,152,0.7,48.6,0.4,23.1,69.8,0.0,1015,15.3,4.9,10
18/04/2024,10:00,131,0.3,41.7,0.4,24.6,63.5,0.0,1014,11.1,4.1,7
18/04/2024,11:00,338,0.4,46.5,0.3,24.9,63.8,0.1,1013,12.2,3.7,5
18/04/2024,12:00,354,0.9,38.6,0.5,25.2,64.0,0.0,1012,13.7,3.2,4
18/04/2024,13:00,47,0.6,44.1,0.4,25.7,59.9,0.0,1011,12.6,2.6,3
18/04/2024,14:00,353,0.9,35.0,0.5,25.2,62.0,0.0,1011,15.3,2.9,3
18/04/2024,15:00,14,0.9,43.6,0.6,24.9,64.3,0.0,1010,18.7,3.7,4
18/04/2024,16:00,2,0.8,42.7,0.5,24.4,67.6,0.0,1010,14.1,3.7,5
18/04/2024,17:00,10,0.5,49.5,0.4,23.9,69.8,0.0,1010,12.6,3.5,5
18/04/2024,18:00,339,1.0,32.8,0.5,23.1,73.7,0.0,1011,8.8,3.2,4
18/04/2024,19:00,351,0.4,63.6,0.3,23.0,74.5,0.0,1011,8.5,3.7,5
18/04/2024,20:00,342,0.5,47.1,0.3,22.8,76.4,0.0,1011,10.0,3.9,6
18/04/2024,21:00,304,0.1,63.0,0.2,22.2,78.3,0.0,1011,10.7,4.1,8
18/04/2024,22:00,162,0.7,46.7,0.4,21.8,80.3,0.0,1012,10.0,3.9,6
18/04/2024,23:00,150,0.5,48.0,0.3,21.4,81.5,0.0,1011,13.0,4.8,9
19/04/2024,00:00,100,0.4,31.1,0.2,21.0,78.9,0.0,1011,10.7,4.4,8
19/04/2024,01:00,172,0.2,62.4,0.2,20.8,81.6,0.0,1010,10.8,4.6,9
19/04/2024,02:00,167,0.4,43.8,0.3,20.3,84.1,0.0,1009,10.9,4.8,10
19/04/2024,03:00,179,0.2,69.2,0.3,20.2,83.8,0.0,1009,12.9,6.5,13
19/04/2024,04:00,165,0.6,53.0,0.4,20.0,84.0,0.0,1009,13.1,7.1,14
19/04/2024,05:00,163,0.6,54.7,0.5,19.5,82.9,0.0,1010,13.5,6.8,15
19/04/2024,06:00,169,0.4,49.7,0.3,19.8,77.6,0.0,1010,12.5,5.2,12
19/04/2024,07:00,,0.0,89.3,0.2,21.9,70.1,0.0,1011,13.9,5.7,14
19/04/2024,08:00,158,0.7,58.0,0.5,22.6,64.4,0.0,1011,13.5,5.3,11
19/04/2024,09:00,165,0.7,65.3,0.6,23.8,58.7,0.0,1012,13.9,4.9,10
19/04/2024,10:00,161,1.2,39.3,0.6,24.6,48.2,0.0,1011,16.7,5.0,9
19/04/2024,11:00,143,0.4,58.3,0.4,26.5,41.3,0.0,1011,13.9,4.5,8
19/04/2024,12:00,39,0.3,64.5,0.4,26.9,39.9,0.0,1010,13.2,4.4,8
19/04/2024,13:00,142,0.8,40.0,0.5,26.9,36.4,0.0,1009,16.4,4.9,9
19/04/2024,14:00,19,0.6,46.4,0.6,26.7,41.5,0.0,1009,10.9,4.1,6
19/04/2024,15:00,32,1.1,42.7,0.7,25.7,46.0,0.0,1009,11.7,3.9,6
19/04/2024,16:00,15,1.1,40.8,0.7,24.6,52.7,0.0,1010,11.6,3.8,5
19/04/2024,17:00,48,0.9,43.6,0.5,23.7,57.0,0.0,1011,11.4,3.8,5
19/04/2024,18:00,41,0.6,39.8,0.3,22.9,62.0,0.0,1012,9.4,3.9,5
19/04/2024,19:00,9,0.4,46.7,0.3,22.5,64.2,0.0,1013,10.9,4.5,7
19/04/2024,20:00,53,0.4,25.4,0.2,22.3,65.3,0.0,1013,12.0,5.8,11
19/04/2024,21:00,142,0.7,30.0,0.3,21.9,66.2,0.0,1013,14.6,7.0,16
19/04/2024,22:00,158,1.0,26.2,0.4,21.3,67.7,0.0,1013,17.5,8.2,16
19/04/2024,23:00,159,0.4,61.7,0.3,20.7,69.3,0.0,1013,17.6,8.9,19
20/04/2024,00:00,184,0.2,63.6,0.3,20.5,70.2,0.0,1013,16.7,8.5,19
20/04/2024,01:00,174,0.5,59.5,0.4,20.1,70.2,0.0,1012,16.0,8.1,16
20/04/2024,02:00,161,0.7,49.9,0.4,19.7,71.7,0.0,1012,17.1,8.3,17
20/04/2024,03:00,168,0.4,53.8,0.3,19.1,74.4,0.0,1012,17.4,9.7,22
20/04/2024,04:00,175,0.4,60.4,0.3,18.7,76.6,0.0,1012,14.9,7.7,17
20/04/2024,05:00,166,0.5,55.6,0.3,18.3,78.4,0.0,1013,14.2,7.5,16
20/04/2024,06:00,172,0.8,54.0,0.7,18.1,76.5,0.0,1013,16.1,8.7,19
20/04/2024,07:00,171,0.9,56.3,0.7,19.3,67.0,0.0,1014,18.5,9.0,19
20/04/2024,08:00,164,0.9,56.2,0.6,20.7,60.7,0.0,1015,20.9,9.4,21
20/04/2024,09:00,160,0.9,57.5,0.7,22.9,52.3,0.0,1014,21.1,8.9,19
20/04/2024,10:00,153,1.6,32.9,0.9,23.9,47.2,0.0,1014,16.6,7.7,15
20/04/2024,11:00,145,1.2,36.6,0.6,23.9,46.8,0.0,1013,15.3,7.3,14
20/04/2024,12:00,173,0.8,41.8,0.4,23.5,50.1,0.0,1012,19.2,8.2,16
20/04/2024,13:00,161,0.4,68.6,0.4,22.9,54.6,0.0,1012,21.1,9.2,19
20/04/2024,14:00,181,0.3,83.1,0.3,22.0,59.0,0.0,1012,18.9,9.1,20
20/04/2024,15:00,179,0.5,62.1,0.4,22.3,56.3,0.0,1013,17.5,7.9,17
20/04/2024,16:00,169,0.2,82.9,0.3,21.8,60.7,0.0,1014,16.7,8.9,20
20/04/2024,17:00,167,0.4,67.9,0.4,20.7,69.5,0.0,1014,15.9,9.4,21
20/04/2024,18:00,175,0.4,76.4,0.4,20.0,72.2,0.0,1014,17.8,9.9,24
20/04/2024,19:00,157,0.3,79.1,0.3,19.9,73.6,0.1,1015,18.3,9.8,24
20/04/2024,20:00,168,0.4,66.3,0.4,18.9,80.3,2.3,1016,16.5,8.8,20
20/04/2024,21:00,167,0.3,82.9,0.4,18.3,83.8,1.5,1016,14.1,7.5,15
20/04/2024,22:00,156,0.4,66.3,0.4,18.2,84.4,1.5,1016,11.5,6.0,11
20/04/2024,23:00,178,1.0,39.9,0.6,17.9,84.9,0.8,1016,9.7,3.9,6
21/04/2024,00:00,176,0.9,46.0,0.6,17.6,85.0,0.0,1015,6.0,2.2,3
21/04/2024,01:00,174,0.6,57.6,0.5,17.7,84.2,0.0,1014,6.9,1.9,3
21/04/2024,02:00,185,0.4,76.2,0.5,17.8,83.3,0.0,1014,5.2,1.6,2
21/04/2024,03:00,173,0.3,76.7,0.4,17.9,82.5,0.0,1014,6.4,1.5,2
21/04/2024,04:00,166,0.4,68.9,0.4,18.2,80.9,0.0,1014,7.1,1.6,2
21/04/2024,05:00,176,0.4,78.5,0.5,18.2,80.8,0.0,1014,5.7,1.7,2
21/04/2024,06:00,180,0.4,70.9,0.5,18.1,81.6,0.0,1014,7.0,2.0,3
21/04/2024,07:00,167,0.4,72.5,0.4,19.5,76.0,0.2,1015,5.1,1.8,2
21/04/2024,08:00,172,0.5,75.7,0.5,19.4,78.2,0.0,1016,6.0,2.0,2
21/04/2024,09:00,168,0.8,52.2,0.6,20.0,78.3,0.7,1016,7.6,2.7,3
21/04/2024,10:00,166,0.7,54.6,0.5,20.1,82.7,0.2,1016,8.2,3.6,4
21/04/2024,11:00,163,0.8,43.2,0.5,20.2,83.1,10.4,1015,8.1,3.3,4
21/04/2024,12:00,134,1.3,39.4,0.7,19.9,80.1,0.0,1015,10.7,4.3,5
21/04/2024,13:00,153,0.7,48.2,0.5,20.1,77.0,5.4,1015,8.7,3.8,5
21/04/2024,14:00,176,1.2,39.6,0.7,19.8,81.3,0.2,1015,10.4,4.3,5
21/04/2024,15:00,160,0.8,48.3,0.5,20.6,77.0,0.0,1015,12.4,4.6,5
21/04/2024,16:00,172,0.9,41.3,0.5,20.6,76.9,0.0,1015,12.3,4.5,6
21/04/2024,17:00,177,0.6,61.4,0.5,20.0,78.5,0.1,1016,11.5,5.1,8
21/04/2024,18:00,174,1.1,37.6,0.7,19.6,81.3,0.0,1017,10.8,4.7,6
21/04/2024,19:00,173,1.1,42.5,0.7,19.2,82.2,0.0,1017,9.6,4.4,6
21/04/2024,20:00,171,0.9,42.3,0.6,19.0,80.5,0.2,1017,9.6,4.3,5
21/04/2024,21:00,169,0.5,63.5,0.5,19.1,79.1,0.0,1018,13.3,4.9,5
21/04/2024,22:00,175,0.5,67.7,0.5,18.8,79.7,0.0,1018,11.0,4.3,4
21/04/2024,23:00,180,0.6,55.7,0.5,18.5,78.6,0.0,1018,10.5,4.1,4
22/04/2024,00:00,174,0.5,64.5,0.5,18.2,78.8,0.0,1017,11.0,3.8,3
22/04/2024,01:00,176,0.7,59.3,0.5,18.1,80.1,0.0,1017,11.3,4.4,3
22/04/2024,02:00,174,0.6,54.9,0.5,18.0,80.8,0.0,1017,12.6,5.3,6
22/04/2024,03:00,172,0.3,77.9,0.4,17.8,81.6,0.0,1016,11.5,4.2,3
22/04/2024,04:00,183,0.7,52.8,0.6,17.8,81.4,0.0,1017,9.8,3.4,2
22/04/2024,05:00,177,0.6,60.4,0.5,17.9,82.9,0.0,1017,9.7,3.8,3
22/04/2024,06:00,160,0.2,71.1,0.3,18.1,81.1,0.0,1018,9.8,3.5,3
22/04/2024,07:00,172,0.4,60.5,0.4,18.7,78.8,0.0,1019,9.6,3.7,4
22/04/2024,08:00,169,1.2,46.9,0.7,20.2,72.9,0.0,1019,11.8,4.4,5
22/04/2024,09:00,157,1.1,43.2,0.7,21.9,67.3,0.0,1019,14.2,4.9,6
22/04/2024,10:00,140,2.5,31.9,1.1,23.6,56.3,0.0,1019,21.0,6.2,6
22/04/2024,11:00,124,2.6,33.8,1.2,24.5,49.3,0.0,1018,18.7,6.1,5
22/04/2024,12:00,127,2.4,34.4,1.2,24.6,48.4,0.0,1017,19.0,5.6,7
22/04/2024,13:00,123,2.4,35.9,1.3,24.5,50.2,0.0,1017,19.8,5.6,7
22/04/2024,14:00,116,2.3,35.6,1.4,23.8,52.7,0.0,1017,16.5,5.3,6
22/04/2024,15:00,106,2.1,39.1,1.2,23.2,56.8,0.1,1017,16.7,5.5,7
22/04/2024,16:00,97,0.9,46.6,0.6,21.2,71.7,0.2,1018,17.8,6.8,10
22/04/2024,17:00,129,1.2,35.3,0.6,22.0,63.2,0.0,1018,19.7,6.6,9
22/04/2024,18:00,163,0.9,34.1,0.5,21.7,63.5,0.0,1019,20.3,6.6,10
22/04/2024,19:00,165,1.3,28.6,0.6,21.0,67.1,0.0,1019,17.4,6.4,10
22/04/2024,20:00,164,0.6,57.7,0.5,20.0,74.5,0.0,1019,12.5,5.1,9
22/04/2024,21:00,181,0.8,47.0,0.6,19.2,77.8,0.0,1019,11.7,4.5,7
22/04/2024,22:00,178,0.6,59.6,0.5,18.9,77.7,0.0,1019,9.5,3.6,6
22/04/2024,23:00,173,0.5,61.1,0.4,18.5,79.2,0.0,1019,9.0,3.6,6
23/04/2024,00:00,176,0.6,54.7,0.5,18.4,79.3,0.0,1019,8.7,3.0,4
23/04/2024,01:00,180,0.2,79.5,0.4,18.3,79.4,0.0,1018,6.6,2.3,2
23/04/2024,02:00,180,0.3,76.9,0.4,18.1,79.6,0.0,1018,6.9,2.4,3
23/04/2024,03:00,165,0.2,75.1,0.3,18.2,80.2,0.0,1018,8.2,2.7,3
23/04/2024,04:00,166,0.2,78.2,0.3,18.1,80.6,0.0,1018,8.2,2.6,3
23/04/2024,05:00,179,0.3,73.9,0.3,18.2,81.8,0.0,1018,8.7,3.1,4
23/04/2024,06:00,167,0.4,66.1,0.4,18.1,83.2,0.0,1019,7.9,2.8,4
23/04/2024,07:00,171,0.3,82.5,0.3,18.8,81.4,0.0,1020,11.0,3.3,5
23/04/2024,08:00,168,0.4,75.8,0.5,20.0,78.5,0.0,1020,8.7,3.5,7
23/04/2024,09:00,161,0.6,62.8,0.5,21.9,69.3,0.0,1020,10.2,3.7,7
23/04/2024,10:00,150,1.0,42.9,0.7,21.8,65.4,0.0,1020,8.6,2.9,4
23/04/2024,11:00,145,1.2,41.8,0.7,23.4,61.7,0.0,1019,11.1,3.6,5
23/04/2024,12:00,125,1.6,38.1,0.9,24.3,53.1,0.0,1018,12.4,4.1,5
23/04/2024,13:00,93,1.2,41.7,0.7,25.0,48.8,0.0,1017,12.9,4.2,5
23/04/2024,14:00,105,1.4,39.2,0.8,25.0,50.0,0.0,1017,14.7,4.4,5
23/04/2024,15:00,70,1.2,40.3,0.6,24.0,55.5,0.0,1016,14.9,4.6,5
23/04/2024,16:00,102,1.2,38.6,0.6,23.7,55.3,0.0,1016,14.3,4.5,5
23/04/2024,17:00,96,1.0,37.9,0.6,22.6,62.1,0.0,1017,13.5,4.6,6
23/04/2024,18:00,135,0.8,38.1,0.5,21.7,64.5,0.0,1017,11.6,4.2,6
23/04/2024,19:00,129,0.8,31.1,0.4,21.4,67.1,0.0,1017,12.8,4.7,7
23/04/2024,20:00,122,0.6,35.2,0.3,21.3,67.5,0.0,1017,12.9,4.8,9
23/04/2024,21:00,174,0.6,41.5,0.3,20.6,71.0,0.0,1017,13.5,5.4,10
23/04/2024,22:00,169,0.4,70.5,0.3,20.3,71.7,0.0,1017,14.0,5.5,11
23/04/2024,23:00,158,0.3,78.4,0.3,20.2,71.5,0.0,1017,12.6,4.9,9
24/04/2024,00:00,158,0.3,76.5,0.3,19.9,74.2,0.0,1017,11.8,4.3,7
24/04/2024,01:00,167,0.4,64.2,0.3,19.3,79.4,0.0,1016,10.3,4.0,5
24/04/2024,02:00,174,0.4,61.7,0.4,19.2,78.6,0.0,1016,10.0,3.9,5
24/04/2024,03:00,151,0.2,76.2,0.3,19.1,79.0,0.0,1015,9.4,3.8,5
24/04/2024,04:00,174,0.4,62.7,0.4,18.9,78.0,0.0,1015,11.1,4.1,5
24/04/2024,05:00,175,0.2,78.4,0.3,18.3,78.5,0.0,1015,12.1,4.3,6
24/04/2024,06:00,156,0.3,76.1,0.3,18.7,77.9,0.0,1016,11.0,4.3,6
24/04/2024,07:00,169,0.2,75.4,0.3,19.5,74.3,0.0,1016,10.6,3.9,6
24/04/2024,08:00,159,0.5,64.1,0.4,21.2,64.5,0.0,1017,11.1,4.0,6
24/04/2024,09:00,162,0.5,68.0,0.4,23.0,58.9,0.0,1017,11.6,4.3,7
24/04/2024,10:00,158,0.8,49.7,0.4,23.8,56.9,0.0,1016,14.6,4.7,8
24/04/2024,11:00,159,0.6,60.2,0.4,25.3,51.7,0.0,1015,13.4,4.3,7
24/04/2024,12:00,154,0.8,51.5,0.5,25.6,46.4,0.0,1014,11.3,3.9,5
24/04/2024,13:00,164,0.6,64.0,0.4,26.2,42.9,0.0,1013,11.9,3.8,5
24/04/2024,14:00,162,1.0,32.2,0.5,26.2,40.6,0.0,1013,10.0,3.2,5
24/04/2024,15:00,168,0.7,56.7,0.5,26.3,38.3,0.0,1013,7.1,2.6,4
24/04/2024,16:00,18,0.2,63.5,0.3,25.5,44.8,0.0,1013,9.9,3.1,5
24/04/2024,17:00,37,0.7,42.9,0.4,23.6,61.9,0.0,1013,17.7,4.9,7
24/04/2024,18:00,47,0.7,39.7,0.4,22.7,67.1,0.0,1014,14.2,4.6,7
24/04/2024,19:00,27,0.4,55.2,0.3,22.1,68.8,0.0,1014,12.2,4.5,7
24/04/2024,20:00,346,0.4,52.6,0.3,21.9,69.1,0.0,1014,13.2,4.6,8
24/04/2024,21:00,302,0.1,63.2,0.1,21.4,71.7,0.0,1014,14.1,5.7,12
24/04/2024,22:00,289,0.1,71.8,0.1,20.8,75.3,0.0,1014,14.0,6.3,16
24/04/2024,23:00,308,0.1,59.8,0.2,20.3,77.0,0.0,1013,12.6,4.7,9
25/04/2024,00:00,173,0.4,51.3,0.3,19.9,78.5,0.0,1013,12.8,5.4,10
25/04/2024,01:00,191,0.2,66.8,0.2,18.9,81.4,0.0,1013,19.0,7.1,17
25/04/2024,02:00,176,0.5,55.6,0.4,18.4,81.2,0.0,1012,15.4,6.2,14
25/04/2024,03:00,168,0.5,48.2,0.3,18.1,82.1,0.0,1012,14.4,5.9,11
25/04/2024,04:00,155,0.6,37.2,0.3,17.8,83.7,0.0,1012,15.7,6.1,12
25/04/2024,05:00,168,0.5,59.1,0.3,17.4,84.1,0.0,1012,15.4,6.6,14
25/04/2024,06:00,168,0.3,67.9,0.3,17.4,84.0,0.0,1012,15.8,7.8,22
25/04/2024,07:00,175,0.2,68.9,0.3,17.7,83.1,0.0,1013,11.4,6.0,17
25/04/2024,08:00,156,0.8,40.2,0.4,18.6,79.7,0.0,1013,9.4,4.5,12
25/04/2024,09:00,156,0.5,62.0,0.4,21.6,68.2,0.0,1013,10.2,4.3,9
25/04/2024,10:00,147,0.3,78.4,0.3,24.7,54.8,0.0,1013,9.5,4.0,7
25/04/2024,11:00,168,1.1,51.4,0.6,25.3,49.1,0.0,1012,10.1,3.7,6
25/04/2024,12:00,166,1.1,56.1,0.7,26.5,43.3,0.0,1011,9.9,3.6,6
25/04/2024,13:00,171,1.5,34.8,0.7,26.8,38.6,0.0,1011,10.3,2.9,5
25/04/2024,14:00,123,0.3,60.3,0.6,26.6,41.3,0.0,1010,10.1,3.0,5
25/04/2024,15:00,24,0.7,43.0,0.5,25.4,50.9,0.0,1011,11.7,3.8,5
25/04/2024,16:00,27,0.8,37.0,0.5,24.3,61.2,0.0,1011,18.3,5.4,10
25/04/2024,17:00,52,0.8,38.2,0.4,23.3,65.2,0.0,1012,18.4,6.8,13
25/04/2024,18:00,51,0.7,46.8,0.5,22.4,66.8,0.0,1012,19.1,6.9,13
25/04/2024,19:00,77,0.9,45.1,0.5,22.0,64.7,0.0,1013,18.2,6.7,12
25/04/2024,20:00,72,0.7,45.6,0.4,21.5,64.6,0.0,1013,16.4,5.8,10
25/04/2024,21:00,145,0.5,57.5,0.4,21.3,64.5,0.0,1014,16.2,6.1,9
25/04/2024,22:00,142,0.7,46.3,0.4,21.4,63.5,0.0,1014,17.3,6.3,10
25/04/2024,23:00,148,0.8,31.7,0.4,21.1,65.2,0.0,1013,17.4,6.5,10
26/04/2024,00:00,163,0.4,67.7,0.4,20.9,67.9,0.0,1013,15.9,6.5,11
26/04/2024,01:00,171,0.4,63.1,0.3,20.6,70.0,0.0,1013,14.6,6.2,11
26/04/2024,02:00,171,0.6,51.6,0.4,20.3,73.5,0.0,1013,14.3,6.2,12
26/04/2024,03:00,170,0.3,66.9,0.3,20.0,75.0,0.0,1013,13.8,5.9,11
26/04/2024,04:00,163,0.8,46.6,0.5,19.7,74.8,0.0,1013,15.0,5.9,11
26/04/2024,05:00,169,0.5,61.7,0.4,19.5,72.8,0.0,1014,15.8,6.2,11
26/04/2024,06:00,175,0.6,50.8,0.5,19.4,72.1,0.0,1015,15.4,6.0,10
26/04/2024,07:00,173,0.7,58.0,0.5,19.7,69.8,0.0,1015,16.6,5.9,11
26/04/2024,08:00,161,0.6,62.8,0.5,20.7,65.3,0.0,1016,17.3,5.5,11
26/04/2024,09:00,152,1.2,43.0,0.7,21.7,60.1,0.0,1016,16.5,5.3,10
26/04/2024,10:00,136,1.3,40.0,0.7,22.7,55.0,0.0,1016,12.6,4.8,9
26/04/2024,11:00,148,1.9,35.9,1.0,22.6,54.3,0.0,1016,15.1,4.7,8
26/04/2024,12:00,116,1.3,43.6,0.8,22.6,56.3,0.0,1015,14.9,4.7,9
26/04/2024,13:00,115,1.6,33.7,0.9,22.3,55.9,0.0,1015,13.4,4.5,8
26/04/2024,14:00,107,1.4,36.6,0.8,22.4,54.9,0.0,1015,14.4,4.6,7
26/04/2024,15:00,98,1.1,40.3,0.6,22.4,55.5,0.0,1015,16.7,5.1,7
26/04/2024,16:00,91,1.2,36.6,0.6,22.2,54.7,0.0,1015,18.1,5.1,7
26/04/2024,17:00,90,0.8,36.9,0.4,21.8,55.5,0.0,1016,19.2,5.4,8
26/04/2024,18:00,122,0.8,42.2,0.5,21.5,56.5,0.0,1016,17.3,5.6,9
26/04/2024,19:00,106,0.7,46.1,0.4,21.1,58.6,0.0,1017,16.0,5.8,10
26/04/2024,20:00,142,0.8,38.4,0.4,20.6,59.9,0.0,1018,17.6,6.3,11
26/04/2024,21:00,154,0.6,44.6,0.3,20.2,60.7,0.0,1018,16.2,6.2,11
26/04/2024,22:00,176,0.7,45.1,0.4,19.8,63.0,0.0,1018,18.2,7.2,15
26/04/2024,23:00,177,0.5,69.2,0.5,19.3,63.1,0.0,1018,15.5,6.5,13
27/04/2024,00:00,174,0.3,81.9,0.4,19.0,64.1,0.0,1018,15.5,5.9,10
27/04/2024,01:00,177,0.5,64.9,0.5,18.6,66.3,0.0,1018,14.5,5.7,10
27/04/2024,02:00,170,0.5,60.9,0.5,18.4,68.3,0.0,1017,13.5,5.7,10
27/04/2024,03:00,178,0.5,67.4,0.5,18.0,69.1,0.0,1017,13.9,5.6,9
27/04/2024,04:00,187,0.3,77.4,0.4,17.6,69.9,0.0,1018,12.0,5.0,8
27/04/2024,05:00,183,0.3,70.5,0.4,17.3,70.0,0.0,1018,11.5,4.5,7
27/04/2024,06:00,175,0.3,75.4,0.4,17.5,68.8,0.0,1019,10.3,4.1,6
27/04/2024,07:00,176,0.5,64.6,0.5,18.8,63.5,0.0,1019,10.3,4.1,6
27/04/2024,08:00,164,0.6,72.3,0.6,20.2,58.8,0.0,1020,10.7,4.1,6
27/04/2024,09:00,164,1.0,56.2,0.8,21.5,55.7,0.0,1020,11.0,3.8,6
27/04/2024,10:00,161,1.5,42.9,0.8,22.7,52.5,0.0,1020,9.1,3.3,5
27/04/2024,11:00,139,1.2,40.9,0.7,23.4,51.7,0.0,1019,8.9,3.1,5
27/04/2024,12:00,142,1.2,40.3,0.8,23.7,51.1,0.0,1019,8.2,3.0,4
27/04/2024,13:00,127,1.7,37.0,0.9,23.7,51.6,0.0,1018,10.1,3.2,4
27/04/2024,14:00,133,1.9,34.0,0.9,23.7,52.4,0.0,1018,10.4,3.5,4
27/04/2024,15:00,108,1.3,43.0,0.8,23.6,51.9,0.0,1018,8.3,2.9,3
27/04/2024,16:00,117,1.5,37.1,0.8,22.7,56.9,0.0,1019,10.3,3.3,4
27/04/2024,17:00,121,1.0,40.0,0.6,21.6,64.4,0.0,1019,10.4,3.8,5
27/04/2024,18:00,145,1.2,35.1,0.6,21.0,66.4,0.0,1020,11.5,4.3,8
27/04/2024,19:00,158,1.2,36.1,0.6,20.4,66.7,0.0,1021,9.9,4.1,8
27/04/2024,20:00,162,1.1,27.5,0.5,20.0,68.3,0.0,1021,8.5,4.0,7
27/04/2024,21:00,170,0.5,51.6,0.4,19.7,70.2,0.0,1021,12.2,5.9,35
27/04/2024,22:00,175,0.4,69.4,0.4,19.0,73.0,0.0,1021,35.7,26.0,64
27/04/2024,23:00,172,0.4,65.7,0.4,18.7,73.5,0.0,1021,10.3,5.3,13
28/04/2024,00:00,170,0.5,62.5,0.4,18.4,74.3,0.0,1021,10.3,4.0,8
28/04/2024,01:00,173,0.5,66.9,0.5,18.4,73.8,0.0,1020,9.2,4.1,8
28/04/2024,02:00,169,0.6,56.1,0.5,18.1,74.2,0.0,1020,9.7,4.4,9
28/04/2024,03:00,175,0.6,60.0,0.5,17.9,75.1,0.0,1020,8.5,3.8,6
28/04/2024,04:00,176,0.4,63.8,0.4,17.9,75.0,0.0,1020,8.4,3.6,6
28/04/2024,05:00,172,0.3,73.1,0.3,17.6,75.9,0.0,1020,8.6,3.6,5
28/04/2024,06:00,178,0.2,78.9,0.3,17.5,76.2,0.0,1021,7.8,3.4,5
28/04/2024,07:00,174,0.4,71.3,0.4,18.7,70.4,0.0,1022,8.6,3.3,5
28/04/2024,08:00,165,0.5,59.2,0.4,20.1,64.7,0.0,1022,9.1,3.4,5
28/04/2024,09:00,160,0.9,56.7,0.6,21.9,60.1,0.0,1022,10.0,3.7,5
28/04/2024,10:00,139,1.6,37.5,0.9,23.2,55.8,0.0,1021,9.7,3.5,4
28/04/2024,11:00,125,1.1,44.1,0.7,23.9,52.6,0.0,1020,10.4,3.4,4
28/04/2024,12:00,100,1.3,40.7,0.8,24.0,53.1,0.3,1020,10.7,3.4,3
28/04/2024,13:00,103,1.1,42.7,0.8,23.7,55.1,0.0,1019,9.1,3.2,3
28/04/2024,14:00,98,1.2,43.3,0.7,23.8,55.5,0.0,1019,9.8,3.6,4
28/04/2024,15:00,88,1.3,36.0,0.8,22.7,61.6,0.4,1019,10.2,3.6,4
28/04/2024,16:00,64,1.0,35.5,0.6,22.1,63.9,0.0,1019,8.9,3.3,4
28/04/2024,17:00,75,0.7,36.1,0.3,21.8,66.8,0.0,1020,10.9,4.3,6
28/04/2024,18:00,113,0.6,35.6,0.3,21.2,69.4,0.0,1020,11.6,4.8,8
28/04/2024,19:00,118,0.7,32.6,0.3,20.8,69.8,0.0,1021,10.9,4.7,9
28/04/2024,20:00,153,0.8,32.3,0.4,20.4,70.9,0.0,1021,11.5,4.6,8
28/04/2024,21:00,172,0.5,55.9,0.4,19.9,73.4,0.0,1021,10.9,4.6,9
28/04/2024,22:00,179,0.6,49.1,0.4,19.4,75.0,0.0,1021,12.0,4.9,10
28/04/2024,23:00,178,0.3,69.7,0.3,19.0,75.8,0.0,1020,9.8,4.5,9
29/04/2024,00:00,172,0.4,73.5,0.4,18.7,75.6,0.0,1020,9.5,4.0,7
29/04/2024,01:00,182,0.6,53.4,0.4,18.3,75.8,0.0,1020,10.0,4.0,7
29/04/2024,02:00,180,0.3,76.8,0.4,18.2,75.5,0.0,1020,9.4,3.7,5
29/04/2024,03:00,172,0.3,80.6,0.4,18.1,75.2,0.0,1020,8.6,3.5,5
29/04/2024,04:00,177,0.4,70.1,0.4,17.8,76.4,0.0,1020,8.9,3.5,4
29/04/2024,05:00,179,0.3,78.4,0.4,17.6,76.8,0.0,1020,8.7,3.5,5
29/04/2024,06:00,174,0.5,67.0,0.5,17.7,75.9,0.0,1020,9.9,3.5,5
29/04/2024,07:00,155,0.4,70.8,0.4,18.8,71.3,0.0,1021,11.9,4.1,7
29/04/2024,08:00,162,0.4,65.7,0.4,20.7,64.3,0.0,1021,16.7,4.8,10
29/04/2024,09:00,140,0.7,64.4,0.5,22.7,58.0,0.0,1021,15.9,4.4,8
29/04/2024,10:00,120,0.8,42.6,0.6,23.7,53.7,0.0,1021,10.6,3.2,4
29/04/2024,11:00,87,0.6,48.0,0.5,24.3,50.6,0.0,1020,9.1,2.9,3
29/04/2024,12:00,97,0.9,47.6,0.6,24.2,50.5,0.0,1018,9.6,3.1,3
29/04/2024,13:00,72,0.8,44.3,0.7,24.4,51.1,0.0,1018,9.6,2.9,3
29/04/2024,14:00,64,0.8,44.9,0.6,24.7,49.4,0.0,1018,10.1,3.0,3
29/04/2024,15:00,71,0.9,43.3,0.5,24.5,49.1,0.0,1018,9.5,2.9,3
29/04/2024,16:00,57,0.9,39.9,0.5,23.4,54.9,0.0,1018,9.5,3.2,4
29/04/2024,17:00,54,0.8,35.5,0.4,22.5,60.7,0.0,1018,10.0,3.4,4
29/04/2024,18:00,58,0.7,32.8,0.3,21.8,64.9,0.0,1019,10.9,4.0,6
29/04/2024,19:00,73,0.7,29.7,0.2,21.4,67.1,0.0,1019,11.1,4.4,8
29/04/2024,20:00,75,0.5,44.1,0.2,21.1,68.0,0.0,1019,10.6,4.0,7
29/04/2024,21:00,111,0.4,42.0,0.2,20.7,69.3,0.0,1019,10.9,4.1,7
29/04/2024,22:00,141,0.3,38.8,0.2,20.2,71.6,0.0,1019,11.7,4.5,9
29/04/2024,23:00,183,0.4,52.8,0.3,19.6,74.7,0.0,1019,12.6,4.9,10
30/04/2024,00:00,169,0.3,69.6,0.3,19.0,76.9,0.0,1018,11.7,4.9,10
30/04/2024,01:00,167,0.2,76.0,0.3,18.5,78.2,0.0,1018,11.4,4.8,8
30/04/2024,02:00,172,0.3,70.3,0.3,18.2,77.4,0.0,1017,11.4,4.6,8
30/04/2024,03:00,174,0.5,69.7,0.4,17.9,78.0,0.0,1017,11.1,4.3,7
30/04/2024,04:00,178,0.4,63.9,0.4,17.4,78.4,0.0,1017,10.9,4.0,6
30/04/2024,05:00,172,0.4,66.8,0.4,17.5,77.3,0.0,1018,9.5,3.7,6
30/04/2024,06:00,157,0.3,71.2,0.3,17.6,77.1,0.0,1018,9.9,3.9,7
30/04/2024,07:00,164,0.5,64.9,0.4,18.8,70.9,0.0,1018,10.0,3.9,7
30/04/2024,08:00,153,0.4,74.7,0.4,20.4,64.6,0.0,1019,12.3,4.0,7
30/04/2024,09:00,152,0.6,66.3,0.5,22.3,59.6,0.0,1019,18.7,4.7,10
30/04/2024,10:00,164,0.9,53.0,0.5,23.5,56.8,0.0,1019,19.2,5.0,10
30/04/2024,11:00,149,0.6,54.5,0.4,24.7,52.9,0.0,1018,15.3,4.3,7
30/04/2024,12:00,69,0.4,64.6,0.4,25.2,49.4,0.0,1017,11.2,3.7,5
30/04/2024,13:00,50,0.8,36.5,0.5,24.4,53.6,0.0,1016,12.0,3.6,5
30/04/2024,14:00,48,0.8,40.8,0.5,23.7,57.2,0.0,1016,10.1,3.2,4
30/04/2024,15:00,43,0.9,36.4,0.5,24.1,56.3,0.0,1016,11.0,3.4,4
30/04/2024,16:00,25,0.7,43.9,0.4,23.5,56.8,0.0,1016,9.7,3.0,4
30/04/2024,17:00,359,0.5,40.5,0.3,22.8,60.5,0.0,1017,10.9,3.4,4
30/04/2024,18:00,46,0.7,39.0,0.3,22.2,64.4,0.0,1017,11.1,3.9,6
30/04/2024,19:00,79,0.4,40.1,0.2,21.7,67.4,0.0,1018,11.6,4.8,10
30/04/2024,20:00,49,0.5,33.2,0.2,21.3,70.0,0.0,1018,11.0,4.5,9
30/04/2024,21:00,102,0.4,33.2,0.2,21.1,71.4,0.0,1018,9.9,4.1,7
30/04/2024,22:00,167,0.4,68.9,0.3,20.0,74.8,0.0,1018,15.1,5.6,13
30/04/2024,23:00,183,0.2,77.5,0.3,19.3,74.0,0.0,1018,14.1,6.0,14
01/05/2024,00:00,182,0.1,81.0,0.2,19.1,74.4,0.0,1018,13.2,4.6,10
01/05/2024,01:00,172,0.5,55.7,0.3,18.8,76.1,0.0,1017,10.3,4.2,8
01/05/2024,02:00,116,0.7,32.0,0.4,17.9,79.4,0.0,1017,10.3,4.3,9
01/05/2024,03:00,164,0.8,55.7,0.5,18.3,75.0,0.0,1017,10.3,3.8,7
01/05/2024,04:00,174,0.5,63.3,0.4,18.0,75.8,0.0,1017,10.2,4.1,8
01/05/2024,05:00,173,0.7,54.7,0.5,17.6,76.5,0.0,1018,10.6,4.1,8
01/05/2024,06:00,166,0.3,74.8,0.4,17.6,76.7,0.0,1019,10.9,4.5,10
01/05/2024,07:00,172,0.5,62.7,0.4,18.9,70.9,0.0,1019,12.3,5.1,12
01/05/2024,08:00,170,0.8,58.0,0.7,20.3,63.7,0.0,1020,13.5,4.8,11
01/05/2024,09:00,173,1.1,54.6,0.7,21.7,56.9,0.0,1020,16.5,4.6,9
01/05/2024,10:00,173,1.5,36.6,0.9,22.9,51.9,0.0,1019,14.1,4.3,8
01/05/2024,11:00,167,1.6,36.1,0.8,23.7,48.5,0.0,1019,17.3,4.5,8
01/05/2024,12:00,171,1.2,46.0,0.8,24.2,46.3,0.0,1018,15.1,4.3,9
01/05/2024,13:00,171,1.4,48.4,0.8,24.1,47.2,0.0,1018,14.1,4.0,8
01/05/2024,14:00,180,1.3,52.1,0.9,24.2,47.1,0.0,1017,12.7,4.0,7
01/05/2024,15:00,176,1.2,51.2,0.8,24.0,48.3,0.0,1018,14.9,4.3,7
01/05/2024,16:00,175,1.8,30.0,0.8,23.2,50.3,0.0,1018,14.0,5.0,8
01/05/2024,17:00,177,1.2,38.3,0.7,22.5,52.2,0.0,1018,16.7,5.7,9
01/05/2024,18:00,182,1.0,43.3,0.6,21.8,53.1,0.0,1019,21.1,6.1,10
01/05/2024,19:00,177,0.7,44.9,0.5,21.1,53.9,0.0,1019,20.2,7.4,14
01/05/2024,20:00,177,0.6,50.9,0.5,20.5,55.4,0.0,1019,18.8,7.1,14
01/05/2024,21:00,178,0.9,43.0,0.6,19.9,57.8,0.0,1020,17.4,5.9,9
01/05/2024,22:00,182,0.9,48.1,0.7,19.5,60.4,0.0,1020,13.2,4.6,6
01/05/2024,23:00,181,0.9,53.9,0.7,19.1,64.0,0.0,1020,9.9,3.4,4
02/05/2024,00:00,175,0.8,48.8,0.6,18.9,65.4,0.0,1019,10.0,3.8,4
02/05/2024,01:00,179,1.0,47.1,0.7,18.7,66.2,0.0,1019,13.2,4.5,4
02/05/2024,02:00,180,0.9,48.8,0.7,18.5,65.7,0.0,1018,11.9,4.4,4
02/05/2024,03:00,178,0.7,53.0,0.5,18.4,65.9,0.0,1018,12.3,4.2,4
02/05/2024,04:00,180,0.8,48.7,0.6,18.2,66.6,0.0,1018,13.4,4.3,3
02/05/2024,05:00,181,0.8,50.6,0.7,18.0,67.8,0.0,1019,12.9,4.0,4
02/05/2024,06:00,175,0.8,54.5,0.6,18.1,67.9,0.0,1020,12.2,3.7,4
02/05/2024,07:00,177,1.0,45.6,0.7,19.1,64.7,0.0,1020,14.4,3.8,5
02/05/2024,08:00,174,0.9,56.8,0.7,20.3,60.9,0.0,1021,15.5,4.0,5
02/05/2024,09:00,157,1.6,34.6,0.8,21.5,58.3,0.0,1021,14.4,3.9,5
02/05/2024,10:00,130,1.9,40.3,0.9,21.4,64.3,0.0,1021,13.1,4.0,5
02/05/2024,11:00,148,2.4,34.6,1.2,22.0,59.4,0.0,1020,12.9,3.6,4
02/05/2024,12:00,136,2.2,34.3,1.1,21.8,59.3,0.0,1019,12.3,3.6,5
02/05/2024,13:00,127,2.0,41.0,1.1,22.8,53.5,0.0,1019,15.1,4.7,6
02/05/2024,14:00,115,2.0,37.3,1.0,22.5,54.3,0.0,1019,19.6,5.7,7
02/05/2024,15:00,139,2.1,35.1,1.1,22.6,48.8,0.0,1019,21.1,5.7,6
02/05/2024,16:00,157,2.0,30.5,0.9,22.5,46.8,0.0,1019,17.3,5.0,5
02/05/2024,17:00,152,1.9,33.5,1.0,22.1,49.5,0.0,1020,16.8,5.2,6
02/05/2024,18:00,154,1.7,30.9,0.8,21.6,51.9,0.0,1020,19.3,5.6,4
02/05/2024,19:00,159,1.2,40.0,0.7,21.2,53.8,0.0,1021,14.9,5.4,4
02/05/2024,20:00,159,1.4,31.1,0.6,20.7,55.3,0.0,1021,14.7,5.0,4
02/05/2024,21:00,170,0.7,48.8,0.5,20.1,58.3,0.0,1021,14.0,5.2,5
02/05/2024,22:00,155,0.4,64.9,0.3,19.4,62.9,0.0,1021,13.4,5.1,6
02/05/2024,23:00,180,0.7,60.0,0.5,19.0,65.3,0.0,1021,11.7,4.3,4
03/05/2024,00:00,157,0.5,58.8,0.4,19.1,66.2,0.0,1021,9.6,3.7,4
03/05/2024,01:00,173,0.5,60.9,0.4,18.9,67.8,0.0,1020,9.1,3.3,2
03/05/2024,02:00,178,0.8,55.1,0.6,18.5,69.6,0.0,1020,7.3,2.5,2
03/05/2024,03:00,181,0.8,55.3,0.6,18.3,70.0,0.0,1019,6.8,2.0,2
03/05/2024,04:00,174,0.8,48.7,0.6,17.9,71.0,0.0,1019,6.9,2.2,2
03/05/2024,05:00,172,0.7,51.4,0.5,17.8,71.9,0.0,1020,6.9,2.0,2
03/05/2024,06:00,171,0.7,54.2,0.6,18.0,71.2,0.0,1020,7.5,1.7,2
03/05/2024,07:00,166,0.6,57.3,0.5,18.4,70.4,0.0,1021,8.3,2.2,2
03/05/2024,08:00,171,0.6,63.5,0.5,19.1,68.1,0.0,1021,11.8,3.1,4
03/05/2024,09:00,163,0.6,65.1,0.5,20.5,63.1,0.0,1021,12.5,3.5,4
03/05/2024,10:00,156,1.0,48.4,0.6,21.4,60.7,0.0,1020,11.6,3.4,3
03/05/2024,11:00,115,1.4,38.9,0.7,22.4,56.2,0.0,1019,12.6,3.8,3
03/05/2024,12:00,109,1.1,48.9,0.8,22.1,60.5,0.1,1019,14.7,4.5,4
03/05/2024,13:00,98,1.2,39.3,0.7,21.4,67.2,0.1,1018,12.9,4.6,4
03/05/2024,14:00,117,1.2,39.4,0.7,21.7,64.7,0.0,1018,13.0,4.6,4
03/05/2024,15:00,115,1.2,38.2,0.7,22.0,60.3,0.0,1018,16.3,5.1,4
03/05/2024,16:00,116,1.2,36.5,0.6,21.7,58.9,0.0,1018,17.0,4.8,4
03/05/2024,17:00,142,1.1,31.7,0.5,21.3,59.2,0.0,1018,16.6,4.8,4
03/05/2024,18:00,150,1.2,31.4,0.6,20.8,60.4,0.0,1019,16.4,5.2,6
03/05/2024,19:00,156,1.1,29.7,0.5,20.6,57.7,0.0,1019,15.5,5.3,7
03/05/2024,20:00,169,0.5,47.0,0.3,20.1,64.4,0.0,1020,16.3,6.2,11
03/05/2024,21:00,165,0.6,56.5,0.4,19.5,69.0,0.0,1019,14.3,5.9,11
03/05/2024,22:00,173,0.7,53.7,0.5,19.0,71.4,0.0,1019,12.0,5.4,9
03/05/2024,23:00,169,0.6,56.4,0.4,18.7,73.3,0.0,1019,13.1,5.4,9
04/05/2024,00:00,172,0.5,53.7,0.4,18.3,73.2,0.0,1018,12.0,4.3,5
04/05/2024,01:00,161,0.4,74.2,0.4,18.1,73.2,0.0,1018,10.1,3.6,4
04/05/2024,02:00,166,0.4,67.6,0.4,17.7,74.6,0.0,1017,9.5,3.4,3
04/05/2024,03:00,160,0.3,84.5,0.4,17.6,75.0,0.0,1017,8.4,3.0,3
04/05/2024,04:00,168,0.3,78.7,0.3,17.3,76.6,0.0,1017,9.1,3.2,3
04/05/2024,05:00,160,0.2,73.3,0.3,17.3,76.6,0.0,1017,8.2,3.4,3
04/05/2024,06:00,164,0.3,73.6,0.4,17.4,75.7,0.0,1017,9.5,3.5,3
04/05/2024,07:00,172,0.2,82.9,0.3,17.9,74.4,0.0,1018,10.7,3.6,4
04/05/2024,08:00,164,0.5,60.5,0.4,18.3,75.1,0.0,1018,10.9,3.9,5
04/05/2024,09:00,162,0.5,68.2,0.4,19.3,73.2,0.0,1018,12.0,4.3,6
04/05/2024,10:00,165,0.6,63.6,0.5,20.0,72.4,0.0,1017,11.7,4.3,6
04/05/2024,11:00,163,0.5,66.8,0.4,21.1,69.6,0.0,1016,12.6,4.2,5
04/05/2024,12:00,110,0.6,42.1,0.6,21.7,67.5,0.0,1015,10.8,3.8,4
04/05/2024,13:00,35,0.6,42.5,0.4,21.5,72.9,0.0,1015,9.3,3.6,3
04/05/2024,14:00,79,0.7,44.8,0.4,21.9,68.8,0.0,1015,9.5,3.7,3
04/05/2024,15:00,65,0.9,33.5,0.4,22.1,66.7,0.0,1014,11.5,3.9,3
04/05/2024,16:00,65,0.8,31.7,0.4,21.5,66.1,0.0,1014,9.5,3.6,3
04/05/2024,17:00,57,0.5,43.2,0.3,20.7,68.6,0.0,1015,8.5,3.6,5
04/05/2024,18:00,63,0.7,41.5,0.4,20.1,75.0,0.0,1015,9.0,4.1,5
04/05/2024,19:00,66,0.9,37.0,0.4,19.6,77.3,0.0,1016,7.5,3.0,4
04/05/2024,20:00,47,0.6,37.8,0.3,19.1,80.0,0.0,1016,5.4,2.4,3
04/05/2024,21:00,106,0.4,46.6,0.2,18.6,83.5,0.0,1016,6.5,3.0,3
04/05/2024,22:00,90,0.4,30.8,0.2,18.7,83.0,0.0,1015,6.3,3.0,4
04/05/2024,23:00,131,0.5,35.9,0.2,18.7,82.4,0.0,1015,7.0,3.6,6
05/05/2024,00:00,160,0.6,35.3,0.2,18.7,82.5,0.0,1015,8.3,3.8,7
05/05/2024,01:00,148,0.4,38.5,0.2,18.5,82.6,0.0,1014,7.7,3.6,6
05/05/2024,02:00,166,0.4,55.3,0.3,18.3,82.9,0.0,1014,7.9,3.6,6
05/05/2024,03:00,174,0.1,86.0,0.2,18.4,82.9,0.0,1014,10.7,4.8,9
05/05/2024,04:00,159,0.1,88.7,0.2,18.3,83.3,0.0,1014,11.5,5.6,12
05/05/2024,05:00,182,0.1,81.7,0.2,18.2,82.5,0.0,1014,10.0,5.4,11
05/05/2024,06:00,161,0.2,85.7,0.3,18.4,80.7,0.0,1015,10.0,4.5,8
05/05/2024,07:00,303,0.2,73.4,0.3,18.7,79.3,0.0,1015,10.3,4.6,8
05/05/2024,08:00,157,0.2,78.7,0.3,18.9,81.5,0.0,1016,9.5,4.1,7
05/05/2024,09:00,158,0.6,53.1,0.4,20.2,73.7,0.0,1016,7.7,3.3,5
05/05/2024,10:00,164,1.3,29.0,0.5,21.3,66.8,0.0,1015,8.4,3.3,4
05/05/2024,11:00,149,0.5,64.7,0.4,23.4,58.7,0.0,1014,7.2,3.2,4
05/05/2024,12:00,156,0.6,56.7,0.4,24.1,55.2,0.0,1013,8.0,2.8,4
05/05/2024,13:00,152,0.5,58.2,0.3,24.3,53.8,0.0,1013,6.6,3.0,4
05/05/2024,14:00,146,0.2,66.8,0.3,24.9,51.8,0.0,1012,6.5,3.0,4
05/05/2024,15:00,327,0.3,69.8,0.2,25.0,51.5,0.0,1012,6.8,3.3,5
05/05/2024,16:00,343,1.0,41.6,0.5,23.6,60.7,0.0,1013,9.0,3.8,5
05/05/2024,17:00,48,0.8,35.9,0.4,22.4,68.5,0.0,1013,9.7,3.6,4
05/05/2024,18:00,28,0.5,38.5,0.4,21.6,72.7,0.0,1014,9.8,3.7,4
05/05/2024,19:00,30,0.6,27.1,0.3,21.2,74.3,0.0,1014,11.6,4.3,6
05/05/2024,20:00,77,0.4,39.3,0.2,21.1,74.1,0.0,1015,10.5,4.8,8
05/05/2024,21:00,97,0.6,34.8,0.3,20.7,75.6,0.0,1015,11.4,5.2,11
05/05/2024,22:00,151,0.5,40.7,0.3,20.2,76.9,0.0,1015,11.0,4.9,9
05/05/2024,23:00,171,0.4,71.7,0.4,20.1,77.1,0.0,1015,11.5,5.9,12
06/05/2024,00:00,172,0.4,72.7,0.4,19.3,76.8,0.0,1015,12.0,5.8,13
06/05/2024,01:00,171,0.6,53.4,0.4,19.0,76.7,0.0,1014,11.0,5.0,10
06/05/2024,02:00,176,0.6,58.9,0.5,18.4,78.4,0.0,1014,9.0,4.2,9
06/05/2024,03:00,169,0.5,60.9,0.4,18.0,79.4,0.0,1014,7.7,3.9,8
06/05/2024,04:00,175,0.8,51.1,0.6,17.8,80.6,0.0,1014,8.6,3.6,6
06/05/2024,05:00,167,0.6,49.5,0.4,17.6,81.4,0.0,1015,7.9,3.7,6
06/05/2024,06:00,169,0.5,61.0,0.4,17.5,82.8,0.0,1015,8.9,4.2,8
06/05/2024,07:00,164,0.7,56.5,0.5,18.5,76.0,0.0,1016,8.4,3.8,6
06/05/2024,08:00,164,0.6,72.0,0.5,20.3,66.9,0.0,1016,9.0,3.4,5
06/05/2024,09:00,162,1.1,35.5,0.6,21.3,62.0,0.0,1017,8.0,2.6,4
06/05/2024,10:00,152,0.3,73.2,0.3,23.5,53.9,0.0,1016,8.3,2.6,4
06/05/2024,11:00,160,0.6,62.4,0.4,24.2,50.3,0.0,1016,7.0,2.6,4
06/05/2024,12:00,146,1.0,35.4,0.5,23.9,48.9,0.0,1015,6.1,2.4,4
06/05/2024,13:00,155,1.0,49.0,0.5,24.5,47.7,0.0,1014,6.4,3.0,4
06/05/2024,14:00,140,1.0,33.3,0.6,24.2,49.9,0.0,1014,7.5,3.4,5
06/05/2024,15:00,124,1.0,33.7,0.6,23.4,54.3,0.0,1014,9.0,3.7,6
06/05/2024,16:00,92,0.8,38.7,0.5,22.7,55.4,0.0,1015,10.5,3.7,6
06/05/2024,17:00,95,0.6,35.4,0.3,22.0,57.7,0.0,1016,8.7,4.1,7
06/05/2024,18:00,131,0.6,31.8,0.3,21.3,59.6,0.0,1016,11.4,4.9,9
06/05/2024,19:00,166,0.5,44.6,0.3,20.7,61.2,0.0,1016,10.8,5.3,11
06/05/2024,20:00,178,0.5,52.5,0.3,20.0,64.0,0.0,1017,14.0,7.3,16
06/05/2024,21:00,182,0.6,61.9,0.4,19.5,61.8,0.0,1017,9.5,4.2,7
06/05/2024,22:00,177,0.8,48.4,0.6,19.0,64.0,0.0,1017,5.5,2.4,3
06/05/2024,23:00,180,0.9,44.3,0.6,18.6,66.5,0.0,1017,6.4,2.0,2
07/05/2024,00:00,178,0.5,63.6,0.4,18.5,67.4,0.0,1017,6.0,1.9,2
07/05/2024,01:00,154,0.4,65.1,0.3,18.2,68.1,0.0,1017,5.1,2.1,2
07/05/2024,02:00,166,0.4,62.3,0.3,18.0,69.7,0.0,1016,4.2,1.6,2
07/05/2024,03:00,170,0.5,57.4,0.4,17.8,71.0,0.0,1016,5.1,1.4,1
07/05/2024,04:00,159,0.5,56.8,0.4,17.8,71.8,0.0,1017,5.2,1.5,1
07/05/2024,05:00,178,0.5,63.6,0.5,17.7,73.1,0.0,1017,3.1,1.2,1
07/05/2024,06:00,162,0.3,75.2,0.4,17.7,73.7,0.0,1017,4.9,1.5,2
07/05/2024,07:00,167,0.3,83.2,0.4,18.7,72.8,0.0,1018,5.2,1.7,2
07/05/2024,08:00,161,0.4,76.4,0.4,19.8,71.5,0.0,1019,8.2,2.6,3
07/05/2024,09:00,167,0.8,56.3,0.6,21.7,62.4,0.0,1019,13.7,3.4,5
07/05/2024,10:00,153,1.8,30.8,0.9,21.9,67.6,0.0,1019,10.1,3.4,4
07/05/2024,11:00,153,2.3,33.0,1.2,22.0,66.8,0.0,1018,10.0,3.1,3
07/05/2024,12:00,133,2.1,36.2,1.1,21.9,68.4,0.0,1018,9.4,3.3,3
07/05/2024,13:00,127,2.1,36.4,1.1,22.7,61.7,0.0,1017,11.7,3.4,3
07/05/2024,14:00,120,1.4,38.3,0.8,22.1,68.0,0.0,1017,10.1,3.8,3
07/05/2024,15:00,133,1.9,36.8,1.0,22.3,63.7,0.0,1017,12.2,4.1,3
07/05/2024,16:00,122,1.4,37.5,0.7,21.4,69.1,0.8,1018,12.8,4.3,3
07/05/2024,17:00,135,1.3,35.6,0.7,19.9,79.8,0.1,1019,11.1,4.5,4
07/05/2024,18:00,150,1.7,32.2,0.8,19.2,81.2,0.0,1019,12.2,4.8,5
07/05/2024,19:00,152,1.1,32.5,0.5,18.8,82.9,0.8,1020,11.0,4.7,5
07/05/2024,20:00,152,1.0,35.8,0.5,18.6,83.9,0.2,1020,10.7,4.5,5
07/05/2024,21:00,133,0.7,37.4,0.4,18.5,83.4,0.0,1020,11.6,4.6,4
07/05/2024,22:00,158,0.5,47.9,0.3,18.6,82.8,0.0,1020,12.7,4.9,4
07/05/2024,23:00,152,0.5,51.5,0.4,18.5,81.1,0.1,1020,14.3,5.3,4
08/05/2024,00:00,161,0.4,69.5,0.3,18.2,83.0,0.5,1020,12.6,4.9,4
08/05/2024,01:00,181,0.3,77.1,0.4,18.2,81.2,0.0,1020,12.0,4.5,3
08/05/2024,02:00,148,0.4,62.7,0.4,17.8,77.0,0.0,1020,10.9,4.0,3
08/05/2024,03:00,163,0.2,76.5,0.3,17.3,76.9,0.0,1020,11.2,3.9,3
08/05/2024,04:00,179,0.4,68.3,0.5,17.1,75.3,0.0,1020,11.4,3.9,3
08/05/2024,05:00,172,0.5,67.4,0.4,16.8,76.2,0.0,1021,9.3,3.7,2
08/05/2024,06:00,181,0.3,72.1,0.4,16.8,76.3,0.0,1021,10.9,3.9,3
08/05/2024,07:00,177,0.6,58.4,0.6,18.0,70.6,0.0,1022,11.8,3.9,4
08/05/2024,08:00,175,0.8,64.2,0.7,19.4,64.7,0.0,1022,11.3,3.8,4
08/05/2024,09:00,160,0.6,67.8,0.5,20.6,62.1,0.0,1022,12.4,3.9,5
08/05/2024,10:00,150,1.7,30.9,0.8,21.6,58.8,0.0,1022,11.1,3.7,3
08/05/2024,11:00,132,1.7,42.6,0.9,22.7,51.5,0.0,1021,13.6,4.1,3
08/05/2024,12:00,103,1.6,37.6,0.9,22.7,50.1,0.0,1020,12.2,3.9,3
08/05/2024,13:00,133,1.4,41.9,0.9,22.5,51.6,0.0,1020,12.9,4.2,4
08/05/2024,14:00,127,1.7,36.4,0.9,22.9,46.2,0.0,1020,13.4,4.3,3
08/05/2024,15:00,115,1.9,30.8,0.9,22.8,48.1,0.0,1019,15.3,4.4,3
08/05/2024,16:00,103,1.3,40.9,0.7,21.9,55.4,0.0,1020,16.2,4.9,3
08/05/2024,17:00,125,0.8,39.0,0.5,21.4,54.4,0.0,1020,14.8,4.8,4
08/05/2024,18:00,153,1.0,39.9,0.5,20.9,57.0,0.0,1021,15.5,5.1,5
08/05/2024,19:00,158,0.9,36.3,0.5,20.4,60.6,0.0,1022,15.1,5.6,6
08/05/2024,20:00,173,0.7,51.9,0.4,20.1,63.1,0.0,1022,17.0,5.8,7
08/05/2024,21:00,175,0.7,52.6,0.5,19.2,68.8,0.0,1022,17.0,5.8,8
08/05/2024,22:00,173,0.4,71.8,0.4,18.7,71.9,0.0,1022,13.2,5.1,7
08/05/2024,23:00,178,0.5,63.5,0.4,18.2,74.2,0.0,1022,10.7,4.1,5
09/05/2024,00:00,179,0.7,57.6,0.5,17.8,75.6,0.0,1021,9.8,3.9,4
09/05/2024,01:00,160,0.4,67.0,0.4,17.8,75.6,0.0,1021,9.6,3.7,3
09/05/2024,02:00,175,0.3,76.9,0.4,17.7,75.7,0.0,1021,8.2,3.3,3
09/05/2024,03:00,181,0.4,69.9,0.4,17.7,76.3,0.0,1021,7.8,3.2,3
09/05/2024,04:00,174,0.3,71.5,0.4,17.6,77.2,0.0,1021,6.5,2.8,2
09/05/2024,05:00,174,0.3,74.2,0.4,17.5,78.2,0.0,1022,7.4,2.5,2
09/05/2024,06:00,174,0.7,51.0,0.4,17.4,80.4,0.0,1022,8.6,2.9,4
09/05/2024,07:00,168,0.2,73.9,0.3,18.2,78.6,0.0,1022,9.6,3.2,5
09/05/2024,08:00,167,0.4,76.2,0.4,19.7,69.8,0.0,1022,11.1,3.6,5
09/05/2024,09:00,158,1.2,41.4,0.6,21.5,62.8,0.0,1023,14.9,4.2,5
09/05/2024,10:00,139,1.8,34.8,0.9,22.4,59.1,0.0,1022,14.5,4.7,4
09/05/2024,11:00,125,1.8,37.3,0.9,22.8,56.1,0.0,1022,13.6,4.7,4
09/05/2024,12:00,112,1.6,40.2,0.9,23.0,55.3,0.0,1021,12.3,4.2,4
09/05/2024,13:00,58,0.9,38.7,0.6,21.5,65.0,0.8,1021,10.2,3.7,3
09/05/2024,14:00,119,0.8,37.8,0.6,20.9,73.2,0.0,1021,10.4,3.9,4
09/05/2024,15:00,116,1.4,39.3,0.8,20.4,73.6,0.0,1021,10.5,4.2,4
09/05/2024,16:00,140,0.9,36.5,0.5,19.7,78.9,0.0,1022,11.0,4.3,4
09/05/2024,17:00,107,0.8,31.8,0.4,19.5,79.3,0.0,1022,12.0,4.6,5
09/05/2024,18:00,128,0.6,38.2,0.5,19.1,78.0,0.0,1022,9.7,4.2,4
09/05/2024,19:00,153,0.8,29.9,0.4,18.9,77.9,0.0,1023,11.7,4.6,5
09/05/2024,20:00,120,0.5,50.0,0.3,18.9,77.6,0.0,1023,12.1,5.1,6
09/05/2024,21:00,162,0.6,49.5,0.3,19.0,77.7,0.0,1023,12.4,5.3,6
09/05/2024,22:00,178,0.5,62.1,0.4,18.9,77.9,0.0,1023,12.8,5.2,6
09/05/2024,23:00,169,0.6,51.3,0.4,18.7,77.5,0.0,1023,14.2,5.3,6
10/05/2024,00:00,175,0.4,64.5,0.3,18.5,75.9,0.0,1022,13.2,5.4,7
10/05/2024,01:00,181,0.5,65.5,0.5,18.2,75.3,0.0,1022,14.5,5.5,7
10/05/2024,02:00,177,0.4,62.7,0.4,18.1,74.5,0.0,1022,11.1,4.5,5
10/05/2024,03:00,175,0.6,58.8,0.5,17.7,74.9,0.0,1022,11.8,4.7,5
10/05/2024,04:00,174,0.3,77.3,0.4,17.6,74.4,0.0,1022,12.3,4.7,5
10/05/2024,05:00,171,0.8,51.5,0.5,17.3,75.4,0.0,1022,11.9,4.5,5
10/05/2024,06:00,174,0.5,69.3,0.5,17.1,75.9,0.0,1023,12.7,4.5,5
10/05/2024,07:00,173,0.6,65.4,0.5,18.2,71.3,0.0,1023,14.1,4.6,6
10/05/2024,08:00,158,0.4,81.2,0.4,20.4,62.4,0.0,1023,12.6,4.1,5
10/05/2024,09:00,144,0.7,53.9,0.5,21.5,58.9,0.0,1023,15.6,4.3,5
10/05/2024,10:00,121,1.5,39.3,0.7,22.5,52.8,0.0,1023,12.8,3.9,3
10/05/2024,11:00,110,1.4,40.1,0.8,23.1,48.4,0.0,1022,13.3,3.9,3
10/05/2024,12:00,114,1.3,36.9,0.8,23.4,47.1,0.0,1021,12.7,3.7,3
10/05/2024,13:00,72,1.0,43.5,0.7,23.1,51.5,0.0,1020,13.0,3.8,3
10/05/2024,14:00,92,1.6,40.1,0.9,22.5,53.9,0.0,1020,10.5,3.5,3
10/05/2024,15:00,108,1.7,34.6,0.8,21.6,54.9,0.0,1020,9.1,3.1,2
10/05/2024,16:00,95,1.1,38.3,0.5,21.4,58.0,0.0,1020,11.0,3.8,2
10/05/2024,17:00,69,0.9,35.0,0.4,20.9,60.6,0.0,1020,14.3,3.9,3
10/05/2024,18:00,76,0.6,35.3,0.3,20.5,64.8,0.0,1020,12.3,4.6,4
10/05/2024,19:00,153,0.6,32.5,0.3,20.2,64.5,0.0,1021,15.5,5.6,8
10/05/2024,20:00,144,0.5,42.0,0.3,20.1,61.5,0.0,1021,16.6,5.6,9
10/05/2024,21:00,154,0.6,35.4,0.3,19.7,62.8,0.0,1021,15.2,5.9,9
10/05/2024,22:00,138,0.6,48.9,0.4,19.3,65.7,0.0,1021,14.0,5.6,9
10/05/2024,23:00,170,0.3,75.4,0.3,18.9,69.7,0.0,1020,13.1,5.8,10
11/05/2024,00:00,158,0.4,67.3,0.3,18.0,77.0,0.0,1020,12.0,5.3,9
11/05/2024,01:00,182,0.5,59.7,0.4,17.2,80.6,0.0,1019,9.9,4.6,6
11/05/2024,02:00,171,0.2,76.7,0.3,17.3,79.1,0.0,1019,9.6,4.0,5
11/05/2024,03:00,168,0.2,71.5,0.3,17.3,78.6,0.0,1019,8.3,3.7,4
11/05/2024,04:00,170,0.2,81.3,0.3,17.4,77.4,0.0,1019,8.7,3.6,4
11/05/2024,05:00,170,0.2,92.4,0.3,17.4,78.1,0.0,1019,8.4,3.6,4
11/05/2024,06:00,185,0.2,79.7,0.4,17.3,78.0,0.0,1019,6.9,3.2,4
11/05/2024,07:00,170,0.4,67.0,0.4,18.6,73.2,0.0,1020,8.0,2.8,3
11/05/2024,08:00,161,0.4,64.3,0.4,19.6,69.2,0.0,1020,8.5,3.1,4
11/05/2024,09:00,160,0.5,68.6,0.4,20.5,68.8,0.0,1020,9.9,3.6,5
11/05/2024,10:00,157,0.9,47.1,0.5,21.8,65.4,0.0,1020,9.4,3.1,4
11/05/2024,11:00,154,1.0,35.4,0.5,22.9,61.8,0.0,1018,10.8,3.3,4
11/05/2024,12:00,66,0.3,42.4,0.4,23.9,57.8,0.0,1017,8.8,3.2,4
11/05/2024,13:00,35,0.6,44.6,0.5,23.8,60.5,0.0,1017,8.4,3.0,4
11/05/2024,14:00,46,0.7,45.5,0.4,23.3,64.9,0.0,1016,6.3,2.5,3
11/05/2024,15:00,47,0.8,45.1,0.5,23.1,65.3,0.0,1016,6.4,2.1,3
11/05/2024,16:00,45,0.8,42.9,0.5,22.2,69.6,0.0,1016,6.8,2.2,3
11/05/2024,17:00,78,0.8,37.7,0.5,21.2,74.0,0.0,1017,6.0,2.2,3
11/05/2024,18:00,106,0.8,38.7,0.5,20.7,75.4,0.0,1017,7.5,2.8,3
11/05/2024,19:00,87,0.6,39.4,0.3,20.4,77.0,0.0,1018,5.7,2.7,4
11/05/2024,20:00,130,0.6,32.3,0.3,20.2,77.4,0.0,1018,7.1,2.7,4
11/05/2024,21:00,155,0.3,55.9,0.2,20.2,76.8,0.0,1018,8.3,3.5,6
11/05/2024,22:00,161,0.5,39.1,0.3,20.1,77.6,0.0,1017,8.1,3.3,5
11/05/2024,23:00,183,0.2,65.7,0.2,19.6,81.6,0.1,1017,9.0,3.9,7
12/05/2024,00:00,265,0.1,64.1,0.2,19.5,83.5,0.0,1016,8.6,4.1,7
12/05/2024,01:00,205,0.1,74.6,0.2,19.3,84.0,0.0,1016,7.4,3.8,6
12/05/2024,02:00,203,0.1,74.4,0.2,19.1,84.8,0.0,1015,7.6,3.8,6
12/05/2024,03:00,175,0.3,69.9,0.3,18.9,85.6,0.0,1015,9.4,5.0,10
12/05/2024,04:00,175,0.2,76.7,0.3,18.8,85.7,0.0,1015,9.9,6.3,16
12/05/2024,05:00,180,0.2,83.4,0.3,18.5,85.5,0.0,1015,8.8,5.2,11
12/05/2024,06:00,163,0.4,57.4,0.3,18.5,85.9,0.0,1015,9.6,5.3,11
12/05/2024,07:00,181,0.1,77.4,0.2,19.3,82.6,0.0,1016,7.4,4.1,9
12/05/2024,08:00,150,0.1,82.1,0.2,20.1,78.3,0.0,1016,7.9,4.0,8
12/05/2024,09:00,156,0.3,60.6,0.3,19.8,81.0,0.5,1017,9.2,4.5,9
12/05/2024,10:00,159,0.5,49.7,0.3,20.0,82.0,0.0,1016,8.8,4.8,10
12/05/2024,11:00,151,0.6,49.4,0.3,21.1,75.3,0.0,1015,8.1,4.3,9
12/05/2024,12:00,,0.0,81.2,0.2,24.2,61.5,0.0,1014,7.9,4.2,8
12/05/2024,13:00,,0.0,88.0,0.2,24.2,63.4,0.1,1013,10.1,3.9,6
12/05/2024,14:00,300,0.2,87.1,0.2,24.6,59.9,0.0,1013,8.8,3.8,6
12/05/2024,15:00,327,0.4,76.5,0.3,24.7,57.1,0.0,1012,8.0,3.7,6
12/05/2024,16:00,336,1.2,25.2,0.5,23.1,68.8,0.0,1012,9.5,4.4,8
12/05/2024,17:00,334,1.5,16.6,0.4,21.7,74.3,0.0,1013,10.7,5.1,9
12/05/2024,18:00,326,1.0,32.9,0.4,21.2,76.9,0.0,1014,11.8,6.1,14
12/05/2024,19:00,320,0.8,43.4,0.4,21.0,78.3,0.0,1014,11.6,6.3,14
12/05/2024,20:00,300,0.1,86.9,0.2,20.4,73.6,0.0,1015,11.1,5.8,14
12/05/2024,21:00,148,0.1,79.4,0.2,19.9,64.6,0.0,1015,9.2,4.4,8
12/05/2024,22:00,124,0.2,83.0,0.2,19.6,61.6,0.0,1015,8.4,3.8,6
12/05/2024,23:00,129,0.2,75.4,0.2,19.2,57.7,0.0,1014,7.0,3.4,5
13/05/2024,00:00,126,0.1,82.0,0.2,18.6,57.9,0.0,1014,6.4,3.5,6
13/05/2024,01:00,134,0.1,80.3,0.3,17.6,62.0,0.0,1014,6.0,3.1,4
13/05/2024,02:00,164,0.3,70.1,0.3,16.9,65.5,0.0,1014,8.1,3.3,4
13/05/2024,03:00,150,0.4,51.2,0.3,16.0,70.6,0.0,1014,6.5,3.4,4
13/05/2024,04:00,151,0.5,39.6,0.3,15.5,71.4,0.0,1014,7.9,3.5,5
13/05/2024,05:00,118,0.5,35.4,0.2,14.9,73.2,0.0,1014,8.8,3.7,5
13/05/2024,06:00,151,0.9,26.5,0.3,14.6,72.9,0.0,1015,9.2,4.1,7
13/05/2024,07:00,161,0.4,56.4,0.3,16.6,63.9,0.0,1015,7.4,3.5,5
13/05/2024,08:00,102,0.1,94.5,0.3,19.4,52.8,0.0,1015,9.3,3.2,5
13/05/2024,09:00,136,0.2,93.2,0.3,20.8,46.9,0.0,1015,8.0,2.4,4
13/05/2024,10:00,93,0.1,96.4,0.3,21.9,44.3,0.0,1015,8.1,2.4,4
13/05/2024,11:00,151,0.2,79.5,0.4,22.5,41.6,0.0,1015,6.4,2.3,4
13/05/2024,12:00,98,0.2,92.7,0.4,23.3,38.6,0.0,1014,6.9,2.4,4
13/05/2024,13:00,117,0.1,91.4,0.3,23.8,37.7,0.0,1013,8.2,2.4,4
13/05/2024,14:00,,0.0,103.8,0.3,23.8,37.1,0.0,1013,8.2,2.6,4
13/05/2024,15:00,,0.0,114.7,0.3,23.6,37.2,0.0,1013,7.4,2.9,4
13/05/2024,16:00,309,0.1,94.6,0.2,22.4,41.0,0.0,1014,8.6,3.0,5
13/05/2024,17:00,295,0.3,48.1,0.2,21.5,44.7,0.0,1014,9.2,3.5,6
13/05/2024,18:00,287,0.2,46.3,0.1,20.4,51.2,0.0,1015,15.9,7.4,19
13/05/2024,19:00,283,0.1,72.0,0.1,19.6,57.2,0.0,1015,18.3,8.4,21
13/05/2024,20:00,231,0.1,83.1,0.1,19.1,58.9,0.0,1016,14.1,7.2,16
13/05/2024,21:00,116,0.4,23.1,0.2,18.5,62.2,0.0,1016,17.4,8.8,22
13/05/2024,22:00,165,0.7,28.3,0.3,17.9,61.1,0.0,1017,14.5,6.1,13
13/05/2024,23:00,168,0.2,69.0,0.3,17.3,62.7,0.0,1017,15.3,6.9,13
14/05/2024,00:00,165,0.2,56.3,0.2,16.5,67.6,0.0,1017,15.6,6.5,13
14/05/2024,01:00,,0.0,77.8,0.2,16.0,71.0,0.0,1017,12.9,5.5,10
14/05/2024,02:00,170,0.3,64.0,0.3,15.5,73.3,0.0,1017,12.7,6.0,11
14/05/2024,03:00,168,0.4,73.2,0.5,15.5,72.5,0.0,1017,12.4,6.1,12
14/05/2024,04:00,159,0.2,86.7,0.3,15.4,73.4,0.0,1018,11.0,5.2,9
14/05/2024,05:00,178,0.5,50.9,0.4,15.0,75.4,0.0,1018,9.3,4.6,8
14/05/2024,06:00,166,0.2,75.2,0.3,14.9,75.6,0.0,1019,10.4,4.4,7
14/05/2024,07:00,167,0.1,91.2,0.2,16.6,68.1,0.0,1020,11.9,4.8,8
14/05/2024,08:00,165,0.7,48.6,0.4,18.2,61.3,0.0,1020,12.1,4.5,8
14/05/2024,09:00,162,0.6,57.1,0.4,20.5,54.5,0.0,1020,10.6,4.1,7
14/05/2024,10:00,166,1.2,36.4,0.6,21.6,52.0,0.0,1020,14.1,4.4,7
14/05/2024,11:00,160,0.9,50.5,0.5,23.3,48.0,0.0,1019,17.2,4.8,8
14/05/2024,12:00,152,1.0,36.7,0.6,24.4,44.1,0.0,1018,14.2,4.7,6
14/05/2024,13:00,154,1.0,39.9,0.5,24.8,43.8,0.0,1018,13.0,4.6,5
14/05/2024,14:00,136,0.7,43.3,0.4,24.8,45.8,0.0,1018,15.1,5.1,7
14/05/2024,15:00,94,0.6,37.2,0.3,24.5,47.7,0.0,1018,14.5,5.5,7
14/05/2024,16:00,66,0.8,34.7,0.4,23.3,55.4,0.0,1018,16.9,5.8,7
14/05/2024,17:00,60,0.8,39.4,0.4,22.3,61.4,0.0,1019,17.6,6.3,7
14/05/2024,18:00,80,0.7,37.1,0.3,21.5,66.0,0.0,1020,22.0,7.8,11
14/05/2024,19:00,101,0.6,45.4,0.4,20.7,67.9,0.0,1020,22.0,7.9,10
14/05/2024,20:00,132,0.5,52.8,0.4,20.4,64.0,0.0,1021,16.8,6.6,8
14/05/2024,21:00,150,0.4,50.9,0.3,20.0,64.2,0.0,1021,18.1,6.7,8
14/05/2024,22:00,169,0.2,76.0,0.3,19.4,68.3,0.0,1021,16.2,7.0,11
14/05/2024,23:00,173,0.2,83.9,0.3,18.8,68.4,0.0,1021,14.6,6.4,10
15/05/2024,00:00,179,0.8,51.2,0.6,18.2,69.1,0.0,1021,14.8,6.0,8
15/05/2024,01:00,178,0.8,47.4,0.5,17.8,70.3,0.0,1021,13.3,5.8,6
15/05/2024,02:00,181,0.4,75.1,0.4,17.7,70.0,0.0,1020,12.0,5.2,6
15/05/2024,03:00,168,0.3,69.4,0.3,17.5,71.1,0.0,1021,12.2,5.2,5
15/05/2024,04:00,180,0.4,73.4,0.4,18.0,69.3,0.0,1021,12.1,4.8,5
15/05/2024,05:00,164,0.4,69.3,0.3,17.5,72.0,0.0,1021,10.5,4.7,5
15/05/2024,06:00,166,0.6,53.3,0.4,17.3,74.0,0.0,1022,12.7,4.9,6
15/05/2024,07:00,161,0.3,72.2,0.3,17.8,74.7,0.0,1023,15.0,5.5,7
15/05/2024,08:00,162,0.4,67.0,0.4,19.8,66.7,0.0,1023,14.8,5.2,7
15/05/2024,09:00,164,0.7,48.7,0.5,20.9,63.9,0.0,1023,16.0,5.3,7
15/05/2024,10:00,160,0.6,58.1,0.4,22.6,58.2,0.0,1022,17.5,5.1,7
15/05/2024,11:00,129,1.1,36.9,0.6,23.4,51.8,0.0,1022,15.5,4.9,5
15/05/2024,12:00,124,1.4,37.8,0.8,24.2,43.3,0.0,1021,13.2,4.3,4
15/05/2024,13:00,78,1.2,40.9,0.8,24.6,43.2,0.0,1020,13.5,4.2,4
15/05/2024,14:00,107,1.0,40.2,0.6,23.9,45.2,0.0,1020,13.4,4.4,4
15/05/2024,15:00,83,0.9,44.5,0.6,23.4,48.8,0.0,1021,12.6,4.3,4
15/05/2024,16:00,89,0.9,36.5,0.5,22.6,54.6,0.0,1021,13.2,4.5,4
15/05/2024,17:00,77,0.7,30.4,0.3,21.7,60.6,0.0,1021,13.0,4.8,5
15/05/2024,18:00,79,0.7,28.1,0.2,21.2,63.7,0.0,1022,21.1,6.0,8
15/05/2024,19:00,72,0.6,30.7,0.2,20.9,65.2,0.0,1022,19.3,7.2,13
15/05/2024,20:00,158,0.5,41.0,0.3,20.5,66.9,0.0,1022,16.9,7.0,13
15/05/2024,21:00,175,0.4,65.6,0.4,19.5,67.6,0.0,1022,16.8,7.4,14
15/05/2024,22:00,179,0.3,68.9,0.4,19.1,67.8,0.0,1022,15.4,6.8,13
15/05/2024,23:00,114,0.4,43.7,0.3,18.9,69.9,0.0,1022,12.5,6.1,12
16/05/2024,00:00,165,0.6,52.1,0.3,18.9,71.4,0.0,1022,12.8,6.2,11
16/05/2024,01:00,166,0.5,53.0,0.4,19.0,70.5,0.0,1021,11.8,5.9,10
16/05/2024,02:00,170,0.2,70.1,0.2,18.7,75.1,0.0,1021,13.4,6.2,11
16/05/2024,03:00,182,0.1,90.4,0.3,18.6,73.8,0.0,1021,11.7,5.5,9
16/05/2024,04:00,143,0.4,52.5,0.3,18.5,73.1,0.0,1021,12.4,5.8,10
16/05/2024,05:00,164,0.5,57.3,0.4,18.3,76.0,0.1,1022,12.1,5.9,11
16/05/2024,06:00,163,0.3,79.4,0.3,17.7,83.2,1.1,1022,8.8,4.6,8
16/05/2024,07:00,167,0.5,59.1,0.4,17.7,85.3,0.0,1023,8.4,4.1,8
16/05/2024,08:00,175,0.4,73.0,0.4,18.5,83.0,0.0,1023,9.8,4.3,9
16/05/2024,09:00,169,0.8,53.6,0.6,19.0,81.1,0.2,1023,9.9,4.5,9
16/05/2024,10:00,156,0.4,64.2,0.3,19.0,83.6,0.0,1023,8.5,3.8,7
16/05/2024,11:00,156,0.4,61.1,0.4,19.6,81.6,0.0,1022,10.5,4.0,7
16/05/2024,12:00,131,1.0,37.2,0.5,19.4,81.3,0.6,1021,7.1,3.2,5
16/05/2024,13:00,151,0.2,58.6,0.3,19.1,84.8,0.3,1021,5.7,2.8,5
16/05/2024,14:00,155,0.4,71.1,0.4,19.5,82.2,0.2,1020,7.6,3.2,6
16/05/2024,15:00,167,0.4,63.6,0.3,19.6,81.9,0.0,1020,10.0,3.6,6
16/05/2024,16:00,173,0.4,65.2,0.4,19.9,82.1,0.0,1020,9.8,4.2,9
16/05/2024,17:00,139,0.1,89.4,0.3,19.6,83.3,0.0,1021,10.3,4.3,9
16/05/2024,18:00,146,0.3,77.8,0.3,19.2,83.5,0.0,1021,12.9,5.8,13
16/05/2024,19:00,137,0.2,86.5,0.3,19.1,83.3,0.0,1021,11.4,5.3,11
16/05/2024,20:00,167,0.2,74.1,0.3,19.0,83.1,0.0,1021,12.8,5.7,12
16/05/2024,21:00,159,0.3,82.6,0.4,18.9,82.1,0.0,1021,11.5,5.0,9
16/05/2024,22:00,146,0.3,73.4,0.3,18.4,82.5,0.0,1021,11.0,4.3,6
16/05/2024,23:00,171,0.4,69.5,0.4,17.9,82.5,0.0,1020,9.9,3.6,4
17/05/2024,00:00,157,0.3,81.8,0.3,17.6,82.4,0.0,1020,10.2,3.5,4
17/05/2024,01:00,168,0.4,71.1,0.4,17.3,81.1,0.0,1019,9.9,3.4,3
17/05/2024,02:00,158,0.3,69.9,0.4,17.1,80.8,0.0,1019,8.6,3.3,3
17/05/2024,03:00,172,0.4,70.8,0.4,17.1,79.8,0.0,1018,9.2,3.3,3
17/05/2024,04:00,167,0.4,67.8,0.4,16.9,79.6,0.0,1018,8.3,3.4,3
17/05/2024,05:00,164,0.2,68.1,0.3,16.5,80.4,0.0,1018,8.4,3.3,3
17/05/2024,06:00,155,0.3,61.8,0.3,16.5,79.9,0.0,1019,8.8,3.4,3
17/05/2024,07:00,166,0.3,74.0,0.4,17.9,74.0,0.0,1019,9.5,3.7,5
17/05/2024,08:00,163,0.5,65.5,0.5,19.1,69.9,0.0,1019,9.8,4.3,7
17/05/2024,09:00,167,0.7,52.6,0.5,19.9,67.9,0.0,1019,9.7,3.9,6
17/05/2024,10:00,169,0.8,53.7,0.6,21.3,63.9,0.0,1018,12.3,4.1,6
17/05/2024,11:00,142,1.3,27.3,0.5,21.5,64.3,0.6,1017,11.0,3.3,4
17/05/2024,12:00,100,1.2,34.2,0.6,20.6,71.7,0.0,1017,10.1,3.6,4
17/05/2024,13:00,122,1.2,39.2,0.7,21.0,68.6,0.0,1016,9.3,3.2,3
17/05/2024,14:00,113,1.4,42.8,0.8,21.2,64.1,0.0,1016,7.3,2.5,3
17/05/2024,15:00,75,0.8,42.0,0.5,21.0,68.1,0.0,1016,10.6,3.5,11
17/05/2024,16:00,78,0.7,40.6,0.4,20.8,68.9,0.0,1016,11.4,3.9,3
17/05/2024,17:00,117,0.7,37.9,0.3,20.4,69.9,0.0,1016,11.0,4.0,4
17/05/2024,18:00,98,0.6,42.2,0.3,20.2,70.3,0.0,1016,10.6,4.5,7
17/05/2024,19:00,72,0.3,59.8,0.2,19.9,70.2,0.0,1017,11.3,4.6,7
17/05/2024,20:00,130,0.6,42.1,0.3,19.7,69.4,0.0,1017,11.9,4.7,8
17/05/2024,21:00,127,0.6,34.2,0.3,19.2,73.0,0.0,1017,12.7,4.8,7
17/05/2024,22:00,192,0.1,82.8,0.2,19.1,74.2,0.0,1016,14.1,5.6,9
17/05/2024,23:00,174,0.5,61.3,0.4,18.7,74.5,0.0,1015,11.0,5.3,10
18/05/2024,00:00,142,0.2,79.7,0.3,18.3,77.1,0.0,1015,11.2,5.2,9
18/05/2024,01:00,157,0.2,78.2,0.3,17.9,75.5,0.0,1014,9.6,4.6,6
18/05/2024,02:00,150,0.3,69.8,0.3,17.4,75.4,0.0,1014,9.1,4.0,5
18/05/2024,03:00,150,0.2,85.0,0.3,17.3,74.5,0.0,1013,8.4,3.6,4
18/05/2024,04:00,178,0.3,70.5,0.3,16.7,76.8,0.0,1013,9.4,3.5,3
18/05/2024,05:00,167,0.4,61.4,0.3,16.4,78.3,0.0,1013,8.6,3.5,3
18/05/2024,06:00,175,0.4,68.2,0.3,16.4,77.2,0.0,1014,8.6,3.5,3
18/05/2024,07:00,182,0.1,83.5,0.3,17.5,72.6,0.0,1014,10.5,3.8,4
18/05/2024,08:00,149,0.2,78.6,0.3,19.9,61.7,0.0,1014,8.9,3.7,4
18/05/2024,09:00,131,0.2,87.4,0.3,21.4,56.2,0.0,1014,9.5,3.3,4
18/05/2024,10:00,154,0.5,65.5,0.4,21.9,52.2,0.0,1013,9.0,3.0,4
18/05/2024,11:00,158,0.7,61.2,0.4,22.7,50.8,0.0,1012,6.5,3.1,4
18/05/2024,12:00,159,0.3,85.7,0.4,24.4,41.3,0.0,1011,9.2,4.9,10
18/05/2024,13:00,165,0.5,80.7,0.5,24.2,41.4,0.0,1010,10.9,5.9,12
18/05/2024,14:00,167,0.1,88.1,0.4,24.1,43.8,0.0,1009,10.9,5.8,12
18/05/2024,15:00,185,0.2,66.4,0.3,24.2,43.6,0.0,1009,10.0,5.6,11
18/05/2024,16:00,106,0.1,53.5,0.2,23.4,47.0,0.0,1009,9.8,5.7,11
18/05/2024,17:00,74,0.4,64.3,0.4,22.2,51.6,0.0,1009,11.6,5.2,9
18/05/2024,18:00,333,0.5,57.1,0.4,21.3,55.8,0.0,1010,14.5,7.2,15
18/05/2024,19:00,155,0.5,68.7,0.4,21.0,47.8,0.0,1011,17.4,10.3,24
18/05/2024,20:00,174,1.3,47.0,0.8,19.8,52.1,0.0,1011,16.4,8.4,17
18/05/2024,21:00,178,2.3,37.4,1.4,16.2,58.5,0.0,1012,9.2,2.6,3
18/05/2024,22:00,176,0.9,52.5,0.6,15.5,57.7,0.0,1012,5.3,2.0,3
18/05/2024,23:00,178,0.7,62.2,0.6,15.3,56.4,0.0,1012,4.4,2.3,3
19/05/2024,00:00,171,0.3,76.5,0.4,14.8,58.1,0.0,1012,4.2,2.2,2
19/05/2024,01:00,160,0.3,71.3,0.3,14.4,59.5,0.0,1012,4.8,2.3,2
19/05/2024,02:00,160,0.3,73.3,0.4,14.4,58.9,0.0,1012,7.0,2.3,2
19/05/2024,03:00,167,0.4,68.2,0.4,14.4,58.2,0.0,1012,4.8,2.0,2
19/05/2024,04:00,148,0.3,70.3,0.4,14.4,57.8,0.0,1012,5.1,2.0,1
19/05/2024,05:00,175,0.5,66.4,0.5,14.6,56.7,0.0,1012,6.2,2.1,1
19/05/2024,06:00,150,0.4,67.4,0.3,14.9,56.1,0.0,1013,6.5,2.6,1
19/05/2024,07:00,163,0.4,75.6,0.4,16.2,51.7,0.0,1013,8.2,3.2,1
19/05/2024,08:00,165,0.3,78.6,0.5,17.5,48.2,0.0,1014,9.7,3.4,2
19/05/2024,09:00,179,1.0,57.7,0.7,18.8,45.5,0.0,1014,9.8,3.7,3
19/05/2024,10:00,180,1.6,41.6,1.0,19.6,42.0,0.0,1014,10.8,3.6,2
19/05/2024,11:00,177,1.3,49.7,1.0,20.4,38.6,0.0,1013,11.1,3.5,2
19/05/2024,12:00,174,2.0,37.4,1.2,20.7,36.6,0.0,1012,10.6,2.9,2
19/05/2024,13:00,177,2.1,33.6,1.1,21.2,35.1,0.0,1012,9.5,2.6,2
19/05/2024,14:00,178,1.6,37.2,1.0,21.2,35.6,0.0,1011,7.6,2.0,2
19/05/2024,15:00,175,1.5,40.1,0.8,21.2,36.8,0.0,1012,7.6,1.8,2
19/05/2024,16:00,169,1.9,22.7,0.9,20.4,40.1,0.0,1012,7.4,2.0,2
19/05/2024,17:00,174,1.4,32.3,0.7,19.5,42.7,0.0,1013,6.8,2.3,2
19/05/2024,18:00,177,0.4,63.7,0.3,18.7,46.9,0.0,1014,9.3,4.0,6
19/05/2024,19:00,174,0.5,47.8,0.3,18.1,49.5,0.0,1015,10.1,5.0,9
19/05/2024,20:00,258,0.1,63.9,0.2,17.5,53.0,0.0,1015,12.4,6.3,13
19/05/2024,21:00,272,0.1,68.5,0.1,17.0,55.3,0.0,1015,12.9,6.5,14
19/05/2024,22:00,177,0.5,55.0,0.3,16.6,57.8,0.0,1015,10.4,5.0,9
19/05/2024,23:00,176,0.3,68.6,0.3,15.5,62.8,0.0,1015,8.4,4.5,8
20/05/2024,00:00,168,0.5,52.8,0.3,14.9,65.1,0.0,1015,8.0,4.2,6
20/05/2024,01:00,159,0.4,68.6,0.3,14.3,67.6,0.0,1015,7.6,3.9,6
20/05/2024,02:00,153,0.4,65.6,0.3,14.0,67.6,0.0,1014,6.8,3.3,4
20/05/2024,03:00,151,0.3,66.9,0.3,14.4,63.6,0.0,1014,6.0,2.4,3
20/05/2024,04:00,161,0.4,57.8,0.3,13.5,68.0,0.0,1014,6.1,2.4,2
20/05/2024,05:00,154,0.3,66.1,0.3,13.2,69.2,0.0,1015,6.0,2.3,2
20/05/2024,06:00,135,0.4,58.6,0.3,13.9,64.9,0.0,1016,6.9,2.2,2
20/05/2024,07:00,153,0.3,65.4,0.3,15.1,59.6,0.0,1017,7.4,2.4,2
20/05/2024,08:00,147,0.3,77.4,0.3,17.0,53.4,0.0,1017,9.4,3.2,4
20/05/2024,09:00,152,0.3,76.8,0.4,18.8,47.8,0.0,1017,9.1,2.4,3
20/05/2024,10:00,150,0.2,88.2,0.4,20.4,42.3,0.0,1017,6.6,2.0,3
20/05/2024,11:00,169,1.2,44.5,0.7,20.1,42.2,0.0,1016,7.2,2.0,3
20/05/2024,12:00,156,0.4,72.3,0.4,21.6,37.1,0.0,1015,12.8,3.0,4
20/05/2024,13:00,153,0.7,59.6,0.5,21.9,34.9,0.0,1014,12.5,3.0,4
20/05/2024,14:00,181,0.3,77.8,0.4,22.0,35.9,0.0,1014,12.1,2.7,3
20/05/2024,15:00,178,0.1,83.9,0.3,22.2,35.5,0.0,1014,10.4,2.6,3
20/05/2024,16:00,142,0.2,59.2,0.2,21.2,38.2,0.0,1015,10.2,2.5,3
20/05/2024,17:00,337,0.5,41.1,0.3,20.0,48.0,0.0,1015,18.9,3.9,5
20/05/2024,18:00,15,0.6,31.8,0.3,19.0,54.6,0.0,1016,22.6,5.5,8
20/05/2024,19:00,66,0.5,41.5,0.3,18.4,49.6,0.0,1017,14.3,5.2,7
20/05/2024,20:00,142,0.6,40.3,0.4,17.5,45.3,0.0,1018,11.6,4.0,5
20/05/2024,21:00,180,0.5,47.2,0.3,16.8,51.2,0.0,1018,13.7,5.1,8
20/05/2024,22:00,168,0.5,58.1,0.4,15.8,53.3,0.0,1018,13.2,5.6,10
20/05/2024,23:00,141,0.3,73.0,0.2,15.5,52.2,0.0,1018,10.5,4.4,7
21/05/2024,00:00,149,0.2,81.3,0.3,15.5,49.6,0.0,1017,8.6,3.7,4
21/05/2024,01:00,161,0.3,79.2,0.3,14.8,52.8,0.0,1017,7.6,3.2,4
21/05/2024,02:00,159,0.5,72.5,0.3,14.3,54.5,0.0,1016,8.6,2.8,3
21/05/2024,03:00,155,0.4,68.4,0.3,13.1,62.6,0.0,1017,9.2,4.2,6
21/05/2024,04:00,160,0.3,68.0,0.3,12.5,67.4,0.0,1017,11.0,4.7,7
21/05/2024,05:00,167,0.4,66.8,0.3,11.9,70.4,0.0,1017,10.0,4.2,6
21/05/2024,06:00,170,0.3,73.2,0.3,12.2,67.2,0.0,1018,9.1,3.9,5
21/05/2024,07:00,170,0.4,58.8,0.3,13.7,61.3,0.0,1018,12.5,4.2,6
21/05/2024,08:00,147,0.4,58.0,0.3,16.8,49.8,0.0,1019,10.7,3.8,5
21/05/2024,09:00,159,0.6,62.3,0.4,17.8,48.7,0.0,1019,11.5,3.9,5
21/05/2024,10:00,167,0.9,49.5,0.6,18.5,49.7,0.0,1019,12.0,4.0,5
21/05/2024,11:00,159,0.7,56.3,0.5,19.9,48.3,0.0,1018,15.7,4.7,6
21/05/2024,12:00,158,1.1,49.4,0.7,21.0,48.4,0.0,1017,15.5,4.7,6
21/05/2024,13:00,151,1.5,34.0,0.8,21.4,47.9,0.0,1017,12.1,4.1,4
21/05/2024,14:00,156,1.3,31.1,0.5,21.6,47.9,0.0,1017,14.0,4.2,4
21/05/2024,15:00,101,1.0,37.4,0.5,21.4,49.8,0.0,1017,12.1,4.0,4
21/05/2024,16:00,114,0.8,39.9,0.4,20.9,51.6,0.0,1017,13.9,4.5,4
21/05/2024,17:00,109,0.7,34.3,0.3,20.5,54.5,0.0,1017,17.2,5.2,5
21/05/2024,18:00,127,0.6,38.7,0.3,19.9,57.1,0.0,1018,20.4,5.9,7
21/05/2024,19:00,178,0.5,43.1,0.3,19.0,60.7,0.0,1019,20.3,6.9,11
21/05/2024,20:00,180,0.5,48.5,0.3,18.2,62.7,0.0,1019,18.9,7.7,13
21/05/2024,21:00,178,0.6,50.7,0.4,17.6,63.1,0.0,1019,17.0,6.8,10
21/05/2024,22:00,173,0.5,69.1,0.5,17.2,63.4,0.0,1019,14.5,5.6,7
21/05/2024,23:00,154,0.4,61.4,0.4,17.1,63.0,0.0,1019,13.4,5.7,7
22/05/2024,00:00,137,0.3,64.4,0.3,16.8,61.5,0.0,1019,11.6,4.7,5
22/05/2024,01:00,151,0.4,70.0,0.4,16.7,61.1,0.0,1018,11.0,4.3,4
22/05/2024,02:00,155,0.4,67.0,0.4,16.2,63.2,0.0,1018,10.8,4.1,3
22/05/2024,03:00,144,0.4,60.6,0.4,16.1,63.0,0.0,1018,10.5,3.9,3
22/05/2024,04:00,149,0.5,58.7,0.4,16.1,62.7,0.0,1018,10.3,3.9,2
22/05/2024,05:00,146,0.4,65.4,0.4,16.2,62.6,0.0,1018,10.3,3.8,2
22/05/2024,06:00,162,0.3,77.0,0.4,16.3,62.5,0.0,1019,9.7,3.8,3
22/05/2024,07:00,171,0.4,70.7,0.5,16.6,60.8,0.0,1020,9.9,3.9,3
22/05/2024,08:00,174,0.4,67.9,0.5,17.8,56.9,0.0,1020,11.0,3.9,3
22/05/2024,09:00,166,0.6,62.2,0.6,18.3,55.6,0.0,1020,12.1,4.1,4
22/05/2024,10:00,183,0.2,86.6,0.4,18.9,56.3,0.0,1020,12.0,4.3,4
22/05/2024,11:00,161,0.5,60.9,0.4,19.5,54.9,0.0,1019,14.0,4.5,5
22/05/2024,12:00,162,0.2,90.3,0.4,20.8,53.0,0.0,1018,16.9,5.2,6
22/05/2024,13:00,160,0.7,60.0,0.5,22.2,47.6,0.0,1018,18.3,4.7,5
22/05/2024,14:00,159,0.9,56.2,0.6,22.3,45.6,0.0,1017,11.6,4.1,4
22/05/2024,15:00,143,0.8,43.3,0.4,22.4,43.0,0.0,1017,11.7,3.9,4
22/05/2024,16:00,85,0.6,36.0,0.4,21.6,49.2,0.0,1017,10.4,3.6,3
22/05/2024,17:00,70,0.7,38.0,0.4,20.2,58.3,0.0,1018,11.4,3.8,3
22/05/2024,18:00,67,0.6,42.0,0.3,19.4,62.2,0.0,1019,13.3,4.7,5
22/05/2024,19:00,97,0.6,41.7,0.4,18.8,63.9,0.0,1019,16.5,5.4,6
22/05/2024,20:00,150,0.4,58.3,0.3,18.3,63.9,0.0,1020,13.9,5.3,7
22/05/2024,21:00,180,0.2,63.0,0.2,17.9,66.3,0.0,1020,15.3,6.6,9
22/05/2024,22:00,155,0.4,58.5,0.3,17.1,71.0,0.0,1020,16.0,7.0,11
22/05/2024,23:00,173,0.4,58.4,0.3,15.9,76.2,0.0,1020,14.4,6.8,11
23/05/2024,00:00,170,0.4,62.4,0.4,15.8,71.5,0.0,1020,13.5,6.0,10
23/05/2024,01:00,171,0.4,71.5,0.3,15.0,74.6,0.0,1020,12.8,5.6,9
23/05/2024,02:00,176,0.4,56.7,0.3,14.7,74.0,0.0,1019,10.4,4.6,7
23/05/2024,03:00,173,0.6,53.7,0.3,14.3,75.4,0.0,1019,9.3,4.3,6
23/05/2024,04:00,152,0.4,70.4,0.4,13.9,75.8,0.0,1019,9.6,4.7,6
23/05/2024,05:00,173,0.4,64.0,0.3,13.4,77.4,0.0,1019,11.1,5.0,7
23/05/2024,06:00,165,0.4,63.4,0.3,13.5,77.2,0.0,1020,10.9,5.2,8
23/05/2024,07:00,167,0.8,41.6,0.3,14.4,72.9,0.0,1021,12.6,5.6,9
23/05/2024,08:00,143,0.3,79.2,0.3,17.3,61.3,0.0,1021,12.0,5.2,8
23/05/2024,09:00,167,0.7,51.8,0.5,18.4,57.3,0.0,1022,12.3,4.6,6
23/05/2024,10:00,167,1.1,39.9,0.7,19.5,53.8,0.0,1021,12.3,4.6,6
23/05/2024,11:00,161,0.5,78.4,0.5,21.5,47.6,0.0,1020,13.0,4.6,6
23/05/2024,12:00,161,0.6,63.6,0.5,22.4,40.6,0.0,1020,10.5,3.9,4
23/05/2024,13:00,173,0.7,63.4,0.5,22.9,38.1,0.0,1019,11.6,4.0,5
23/05/2024,14:00,174,0.6,60.4,0.5,22.8,39.4,0.0,1019,14.0,4.4,6
23/05/2024,15:00,167,0.8,46.1,0.4,22.5,38.7,0.0,1019,14.6,3.8,5
23/05/2024,16:00,135,0.5,42.0,0.3,21.9,40.5,0.0,1019,10.1,3.5,4
23/05/2024,17:00,60,0.6,46.5,0.4,20.2,51.4,0.0,1020,11.7,3.8,4
23/05/2024,18:00,89,0.7,38.4,0.4,19.3,53.6,0.0,1020,13.3,4.3,6
23/05/2024,19:00,133,0.6,39.7,0.4,18.5,53.2,0.0,1021,13.2,4.2,6
23/05/2024,20:00,149,0.7,43.8,0.4,18.2,54.2,0.0,1021,11.4,4.5,7
23/05/2024,21:00,157,0.3,64.6,0.3,17.2,60.1,0.0,1022,16.9,6.7,12
23/05/2024,22:00,148,0.2,72.7,0.3,16.9,58.0,0.0,1022,11.9,5.4,9
23/05/2024,23:00,153,0.4,67.8,0.3,16.7,57.6,0.0,1021,10.0,4.3,6
24/05/2024,00:00,141,0.3,70.3,0.4,16.1,59.8,0.0,1021,8.6,4.3,6
24/05/2024,01:00,144,0.4,67.8,0.4,15.7,61.5,0.0,1021,8.8,3.9,5
24/05/2024,02:00,139,0.4,58.4,0.3,15.6,61.7,0.0,1020,9.4,4.1,6
24/05/2024,03:00,154,0.4,67.0,0.4,15.2,62.6,0.0,1020,8.9,4.1,5
24/05/2024,04:00,140,0.3,80.4,0.3,14.9,64.6,0.0,1020,8.8,4.0,5
24/05/2024,05:00,148,0.4,59.4,0.4,14.4,67.1,0.0,1021,9.7,4.2,5
24/05/2024,06:00,172,0.7,44.0,0.4,13.7,70.1,0.0,1021,10.1,4.4,6
24/05/2024,07:00,172,0.3,69.7,0.3,14.8,66.7,0.0,1021,11.8,4.8,7
24/05/2024,08:00,162,0.5,58.5,0.3,17.0,58.9,0.0,1022,13.3,5.1,7
24/05/2024,09:00,170,0.7,56.9,0.5,18.7,54.4,0.0,1022,14.1,4.7,6
24/05/2024,10:00,165,0.9,41.2,0.5,19.6,52.8,0.0,1022,13.3,4.5,5
24/05/2024,11:00,156,0.5,61.4,0.4,21.1,50.2,0.0,1021,16.2,4.5,5
24/05/2024,12:00,158,0.2,60.6,0.4,22.6,47.6,0.0,1020,18.7,4.9,6
24/05/2024,13:00,107,0.5,49.6,0.5,23.0,47.3,0.0,1019,13.4,4.3,4
24/05/2024,14:00,66,0.8,37.9,0.5,22.5,51.3,0.0,1019,11.4,3.6,3
24/05/2024,15:00,70,0.9,42.4,0.5,21.8,54.4,0.0,1019,10.8,3.6,3
24/05/2024,16:00,70,0.8,43.3,0.4,21.0,59.3,0.0,1019,11.5,3.7,3
24/05/2024,17:00,68,0.7,43.4,0.5,20.2,63.9,0.0,1020,11.2,3.9,4
24/05/2024,18:00,68,0.7,47.7,0.4,19.6,68.2,0.0,1020,9.7,3.9,4
24/05/2024,19:00,106,0.5,41.4,0.3,19.3,68.4,0.0,1021,10.1,4.1,6
24/05/2024,20:00,144,0.7,35.9,0.3,19.3,68.8,0.0,1021,10.7,4.6,7
24/05/2024,21:00,147,0.7,31.8,0.3,19.3,69.7,0.0,1021,11.6,4.5,6
24/05/2024,22:00,156,0.8,30.0,0.4,19.1,68.5,0.0,1021,11.1,4.5,6
24/05/2024,23:00,146,0.9,31.1,0.4,18.7,70.8,0.0,1021,10.2,4.4,6
25/05/2024,00:00,164,0.7,43.8,0.4,18.5,72.0,0.0,1021,11.6,5.0,7
25/05/2024,01:00,137,0.3,46.8,0.3,17.7,79.5,0.0,1021,9.6,4.6,6
25/05/2024,02:00,37,0.2,43.2,0.2,17.3,82.8,0.0,1020,5.9,2.8,3
25/05/2024,03:00,107,0.3,42.0,0.2,17.2,83.9,0.0,1020,6.5,3.2,5
25/05/2024,04:00,302,0.1,72.8,0.2,17.5,83.4,0.0,1020,9.8,4.8,8
25/05/2024,05:00,265,0.1,77.9,0.2,17.1,81.6,0.0,1021,9.1,5.0,8
25/05/2024,06:00,165,0.1,81.4,0.3,16.6,83.2,0.0,1021,9.1,4.3,6
25/05/2024,07:00,157,0.4,69.0,0.4,16.4,84.5,0.0,1022,9.0,4.6,8
25/05/2024,08:00,171,0.9,43.2,0.5,16.5,84.8,0.0,1022,8.3,4.1,7
25/05/2024,09:00,176,0.9,43.6,0.6,17.0,85.5,0.1,1023,7.1,3.9,7
25/05/2024,10:00,170,0.8,56.4,0.6,17.7,83.1,0.0,1023,5.8,3.0,6
25/05/2024,11:00,168,0.7,50.7,0.5,18.7,76.5,0.0,1022,4.3,2.0,3
25/05/2024,12:00,159,0.4,70.3,0.4,19.6,71.4,0.0,1021,5.8,2.4,4
25/05/2024,13:00,162,0.7,45.2,0.4,19.9,69.3,0.0,1020,5.6,2.4,4
25/05/2024,14:00,161,0.9,41.1,0.4,20.4,62.8,0.0,1019,4.8,2.2,4
25/05/2024,15:00,179,0.7,51.3,0.4,20.4,64.2,0.0,1019,6.3,2.5,4
25/05/2024,16:00,172,0.7,34.5,0.4,20.2,63.8,0.0,1019,6.9,2.6,3
25/05/2024,17:00,174,0.4,51.9,0.3,19.7,67.9,0.0,1020,7.8,3.9,7
25/05/2024,18:00,174,0.7,29.6,0.3,19.2,70.6,0.0,1020,11.9,5.7,12
25/05/2024,19:00,163,1.0,35.0,0.6,18.5,74.0,0.0,1021,13.4,7.4,16
25/05/2024,20:00,164,0.5,51.0,0.3,18.1,76.1,0.0,1021,11.5,6.9,15
25/05/2024,21:00,179,0.3,64.8,0.3,17.8,77.4,0.0,1021,13.7,8.1,20
25/05/2024,22:00,158,0.3,68.5,0.3,17.4,78.9,0.0,1021,12.7,6.8,16
25/05/2024,23:00,141,0.1,90.0,0.2,17.4,78.3,0.0,1021,11.6,6.1,14
26/05/2024,00:00,166,0.2,83.7,0.3,17.3,78.6,0.0,1020,10.6,6.2,14
26/05/2024,01:00,141,0.2,77.0,0.3,17.1,78.5,0.0,1020,10.6,5.7,11
26/05/2024,02:00,144,0.2,88.7,0.3,16.9,78.2,0.0,1019,11.1,5.6,11
26/05/2024,03:00,169,0.4,65.6,0.3,17.0,76.8,0.0,1020,8.7,4.7,9
26/05/2024,04:00,176,0.4,63.7,0.3,16.3,80.5,0.0,1019,9.6,5.1,10
26/05/2024,05:00,150,0.2,82.5,0.2,16.5,79.1,0.0,1020,8.8,4.6,8
26/05/2024,06:00,168,0.5,47.0,0.3,16.1,80.9,0.0,1020,9.9,4.8,8
26/05/2024,07:00,179,0.4,67.3,0.4,16.9,77.2,0.0,1021,9.2,4.7,9
26/05/2024,08:00,164,0.6,60.9,0.4,18.4,67.7,0.0,1021,8.3,3.9,6
26/05/2024,09:00,166,0.6,60.1,0.5,19.7,62.7,0.0,1021,7.3,3.8,6
26/05/2024,10:00,165,0.5,65.5,0.5,20.9,58.7,0.0,1021,6.8,3.6,5
26/05/2024,11:00,134,0.4,53.0,0.4,21.7,56.9,0.0,1020,8.6,3.8,6
26/05/2024,12:00,115,0.2,55.4,0.4,22.4,54.3,0.0,1019,7.5,3.8,6
26/05/2024,13:00,136,0.4,49.7,0.5,22.6,54.6,0.0,1018,7.4,3.1,4
26/05/2024,14:00,66,0.4,34.7,0.3,22.2,55.9,0.0,1018,5.5,2.9,4
26/05/2024,15:00,55,1.0,33.3,0.5,21.5,59.2,0.0,1018,6.4,2.4,3
26/05/2024,16:00,73,0.8,33.3,0.4,20.8,64.9,0.0,1018,7.9,3.0,4
26/05/2024,17:00,51,0.7,37.3,0.3,20.1,67.9,0.0,1019,9.9,4.0,5
26/05/2024,18:00,33,0.5,30.2,0.3,19.5,70.8,0.0,1019,10.8,5.4,9
26/05/2024,19:00,343,0.6,49.0,0.3,19.4,71.0,0.0,1020,9.6,4.8,8
26/05/2024,20:00,346,0.1,68.1,0.2,19.1,71.8,0.0,1020,10.5,5.2,12
26/05/2024,21:00,224,0.1,60.6,0.1,18.3,76.1,0.0,1020,18.5,11.1,29
26/05/2024,22:00,181,0.5,47.4,0.3,17.5,79.3,0.0,1020,13.9,8.6,20
26/05/2024,23:00,,0.0,85.3,0.1,17.0,80.4,0.0,1020,12.5,7.3,16
27/05/2024,00:00,179,0.2,64.3,0.2,16.7,80.8,0.0,1020,10.2,5.6,11
27/05/2024,01:00,181,0.3,67.3,0.3,16.2,82.0,0.0,1020,10.4,5.7,10
27/05/2024,02:00,170,0.2,87.9,0.3,16.2,81.2,0.0,1019,11.3,6.0,11
27/05/2024,03:00,163,0.3,81.4,0.3,15.8,82.0,0.0,1019,11.4,6.2,11
27/05/2024,04:00,173,0.6,48.7,0.4,15.6,82.6,0.0,1019,12.4,6.4,12
27/05/2024,05:00,171,0.7,49.2,0.5,15.0,83.6,0.0,1019,14.5,8.4,17
27/05/2024,06:00,174,0.6,49.7,0.4,14.5,84.8,0.0,1020,20.3,10.5,21
27/05/2024,07:00,150,0.2,80.6,0.3,15.4,81.9,0.0,1020,12.0,7.6,18
27/05/2024,08:00,166,0.5,64.7,0.4,16.9,74.7,0.0,1021,12.2,7.0,19
27/05/2024,09:00,158,0.8,52.1,0.4,18.4,69.7,0.0,1021,11.8,6.4,16
27/05/2024,10:00,162,1.0,43.9,0.5,20.1,63.5,0.0,1020,9.9,4.6,9
27/05/2024,11:00,153,0.7,52.8,0.5,21.7,57.2,0.0,1020,13.6,5.5,11
27/05/2024,12:00,134,0.5,54.6,0.4,22.8,51.8,0.0,1019,13.3,5.1,10
27/05/2024,13:00,336,0.5,32.8,0.4,23.4,48.0,0.0,1018,9.5,3.8,6
27/05/2024,14:00,341,0.9,24.4,0.4,22.6,50.2,0.0,1018,8.8,3.0,5
27/05/2024,15:00,350,0.9,37.8,0.5,22.2,55.2,0.0,1018,13.3,3.8,5
27/05/2024,16:00,29,0.8,38.7,0.4,21.7,56.3,0.0,1019,8.4,3.4,4
27/05/2024,17:00,47,0.6,52.9,0.4,20.8,62.2,0.0,1019,9.3,3.5,4
27/05/2024,18:00,17,0.2,62.2,0.2,20.1,66.5,0.0,1019,10.5,3.9,5
27/05/2024,19:00,342,0.5,54.0,0.3,20.1,67.3,0.0,1020,10.2,4.4,7
27/05/2024,20:00,15,0.3,57.8,0.2,19.9,67.3,0.0,1020,11.7,4.8,8
27/05/2024,21:00,219,0.1,64.0,0.2,19.2,70.9,0.0,1020,15.2,8.1,19
27/05/2024,22:00,232,0.2,65.3,0.2,18.6,73.3,0.0,1021,14.3,7.9,19
27/05/2024,23:00,155,0.3,67.7,0.3,17.8,76.3,0.0,1021,12.5,6.7,14
28/05/2024,00:00,150,0.4,52.3,0.3,17.5,77.2,0.0,1020,11.6,5.9,11
28/05/2024,01:00,163,0.3,69.8,0.3,17.2,78.0,0.0,1020,12.1,6.5,13
28/05/2024,02:00,163,0.3,71.4,0.3,16.9,78.7,0.0,1020,13.8,7.1,15
28/05/2024,03:00,159,0.5,53.9,0.3,16.3,80.5,0.0,1020,16.2,8.3,18
28/05/2024,04:00,171,0.8,39.0,0.5,15.9,80.6,0.0,1020,16.9,9.4,20
28/05/2024,05:00,164,0.6,58.7,0.4,16.2,79.2,0.0,1021,15.3,8.7,20
28/05/2024,06:00,171,0.5,64.7,0.4,16.4,77.0,0.0,1022,13.4,6.8,14
28/05/2024,07:00,167,0.5,66.9,0.4,16.6,73.6,0.0,1022,10.4,5.0,9
28/05/2024,08:00,155,0.3,76.0,0.4,17.3,74.0,0.0,1023,15.4,7.1,15
28/05/2024,09:00,161,0.2,66.5,0.3,17.6,75.7,0.0,1023,17.9,7.1,15
28/05/2024,10:00,155,0.2,79.7,0.2,18.5,73.6,0.0,1023,17.8,7.3,16
28/05/2024,11:00,141,0.2,66.6,0.3,19.2,68.8,0.0,1022,15.6,6.2,13
28/05/2024,12:00,311,0.2,79.7,0.3,21.3,60.1,0.0,1022,14.4,5.9,12
28/05/2024,13:00,155,0.3,63.6,0.3,21.7,57.4,0.0,1021,14.0,5.6,11
28/05/2024,14:00,137,0.5,51.7,0.4,22.2,55.9,0.0,1021,15.4,6.0,12
28/05/2024,15:00,92,1.1,36.3,0.6,22.3,54.3,0.0,1021,14.6,6.3,12
28/05/2024,16:00,83,0.9,34.8,0.4,21.5,60.1,0.0,1021,14.9,6.2,12
28/05/2024,17:00,83,0.7,38.8,0.4,21.0,62.9,0.0,1022,18.1,6.8,13
28/05/2024,18:00,113,0.7,34.7,0.3,20.3,64.9,0.0,1022,20.4,8.1,17
28/05/2024,19:00,145,0.6,35.0,0.3,19.9,65.1,0.0,1023,18.4,9.0,20
28/05/2024,20:00,168,0.6,45.1,0.3,19.8,63.4,0.0,1023,17.4,9.4,22
28/05/2024,21:00,173,0.6,45.1,0.3,19.6,63.5,0.0,1023,17.8,9.7,21
28/05/2024,22:00,178,0.5,62.2,0.4,18.8,66.0,0.0,1023,17.1,10.1,23
28/05/2024,23:00,171,0.4,75.4,0.4,18.0,68.1,0.0,1023,16.6,9.8,21
29/05/2024,00:00,177,0.3,78.6,0.4,17.7,68.2,0.0,1023,16.0,9.2,20
29/05/2024,01:00,172,0.4,76.1,0.4,17.5,69.1,0.0,1023,16.9,9.5,19
29/05/2024,02:00,189,0.4,72.8,0.4,17.0,71.8,0.0,1022,16.0,9.8,21
29/05/2024,03:00,173,0.2,77.8,0.3,16.5,73.6,0.0,1023,16.0,9.8,21
29/05/2024,04:00,173,0.3,81.1,0.3,16.4,73.6,0.0,1023,15.7,9.1,20
29/05/2024,05:00,170,0.3,78.2,0.4,16.3,73.5,0.0,1023,14.9,9.4,20
29/05/2024,06:00,156,0.3,68.9,0.3,16.1,73.7,0.0,1023,14.2,8.5,18
29/05/2024,07:00,191,0.2,87.3,0.3,17.1,69.4,0.0,1024,16.1,8.7,18
29/05/2024,08:00,151,0.3,69.6,0.3,18.7,62.9,0.0,1024,17.8,8.5,17
29/05/2024,09:00,160,0.8,51.7,0.5,20.0,58.9,0.0,1025,20.1,8.2,16
29/05/2024,10:00,140,0.8,50.3,0.5,21.7,54.8,0.0,1024,24.6,7.7,14
29/05/2024,11:00,112,1.1,43.9,0.6,22.8,52.1,0.0,1023,15.3,5.8,8
29/05/2024,12:00,111,1.2,42.8,0.7,22.9,53.6,0.0,1022,15.0,5.6,7
29/05/2024,13:00,92,1.4,43.3,0.8,23.1,53.1,0.0,1022,15.0,5.4,7
29/05/2024,14:00,72,1.1,49.1,0.7,22.8,55.6,0.0,1022,15.4,5.6,7
29/05/2024,15:00,103,1.4,37.4,0.8,22.2,59.1,0.0,1022,14.2,5.1,7
29/05/2024,16:00,99,1.0,38.5,0.5,21.5,65.2,0.0,1022,16.3,5.7,7
29/05/2024,17:00,90,0.7,40.2,0.4,20.9,67.3,0.0,1023,15.8,5.9,7
29/05/2024,18:00,84,0.7,33.7,0.3,20.2,68.6,0.0,1023,15.3,5.9,8
29/05/2024,19:00,86,0.5,35.5,0.2,19.8,67.3,0.0,1024,16.0,6.4,9
29/05/2024,20:00,161,0.4,49.9,0.2,19.3,68.1,0.0,1024,16.0,7.1,12
29/05/2024,21:00,169,0.4,58.2,0.3,19.3,67.5,0.0,1024,16.4,6.3,10
29/05/2024,22:00,169,0.6,47.6,0.4,18.8,68.8,0.0,1024,16.6,7.1,11
29/05/2024,23:00,172,0.4,66.2,0.4,18.2,71.0,0.0,1023,16.4,7.9,15
30/05/2024,00:00,157,0.1,70.1,0.3,18.0,71.6,0.0,1023,16.6,7.8,14
30/05/2024,01:00,356,0.2,59.3,0.2,17.3,80.6,0.1,1023,11.8,6.0,10
30/05/2024,02:00,174,0.1,87.8,0.2,17.3,83.0,0.0,1022,11.8,6.2,12
30/05/2024,03:00,170,0.4,62.3,0.3,16.9,84.0,0.0,1022,11.0,5.9,11
30/05/2024,04:00,170,0.3,70.6,0.3,16.7,83.6,0.0,1022,11.7,6.2,10
30/05/2024,05:00,179,0.5,50.5,0.3,16.2,83.1,0.0,1023,13.1,7.1,13
30/05/2024,06:00,173,0.5,60.4,0.4,16.3,79.6,0.0,1023,14.7,7.6,15
30/05/2024,07:00,177,0.3,72.0,0.3,17.2,75.3,0.0,1024,18.6,8.5,19
30/05/2024,08:00,169,0.1,88.6,0.2,18.9,67.4,0.0,1024,17.1,7.5,15
30/05/2024,09:00,163,0.6,44.1,0.3,19.9,63.5,0.0,1024,19.7,6.8,12
30/05/2024,10:00,128,0.6,45.6,0.5,20.9,62.3,0.0,1024,22.4,7.4,13
30/05/2024,11:00,105,1.1,34.9,0.5,21.9,57.9,0.0,1023,13.5,4.9,7
30/05/2024,12:00,75,0.9,35.4,0.5,21.2,64.6,0.0,1022,12.8,4.8,6
30/05/2024,13:00,62,0.6,34.5,0.4,19.0,82.0,0.0,1022,9.8,4.1,6
30/05/2024,14:00,155,0.4,47.4,0.2,19.2,80.3,0.0,1021,11.5,4.9,7
30/05/2024,15:00,166,0.2,86.0,0.2,20.1,77.3,0.0,1021,11.6,4.5,7
30/05/2024,16:00,182,0.3,61.5,0.2,19.8,79.3,0.0,1021,11.9,4.5,8
30/05/2024,17:00,247,0.1,78.8,0.2,19.3,82.1,0.0,1021,11.8,5.4,11
30/05/2024,18:00,188,0.1,81.6,0.2,19.0,82.6,0.0,1021,15.3,7.5,18
30/05/2024,19:00,180,0.2,79.9,0.2,18.8,82.4,0.0,1022,14.5,7.2,16
30/05/2024,20:00,171,0.1,83.7,0.2,18.4,83.5,0.0,1022,15.9,8.6,18
30/05/2024,21:00,167,0.3,47.0,0.2,18.0,84.7,0.0,1022,16.8,9.9,20
30/05/2024,22:00,172,0.3,62.9,0.3,17.6,85.8,0.0,1021,14.7,9.8,18
30/05/2024,23:00,161,0.3,66.8,0.3,17.3,87.0,0.0,1021,15.9,10.9,17
31/05/2024,00:00,191,0.1,71.5,0.2,17.2,87.7,0.0,1021,13.0,8.7,14
31/05/2024,01:00,163,0.1,93.1,0.2,17.1,87.4,0.0,1020,12.9,7.7,13
31/05/2024,02:00,163,0.4,68.5,0.3,17.0,86.9,0.0,1020,10.5,6.3,11
31/05/2024,03:00,148,0.2,80.9,0.2,17.1,86.3,0.0,1020,10.7,6.6,11
31/05/2024,04:00,166,0.6,43.2,0.4,16.8,86.5,0.0,1020,10.4,6.9,11
31/05/2024,05:00,167,0.2,68.4,0.3,16.9,87.0,0.0,1020,11.1,7.6,13
31/05/2024,06:00,171,0.4,59.4,0.3,16.6,87.1,0.0,1020,8.2,5.4,9
31/05/2024,07:00,166,0.4,60.5,0.4,16.7,87.6,0.0,1021,9.0,5.1,9
31/05/2024,08:00,160,0.5,51.4,0.3,17.1,86.9,0.0,1021,11.5,6.6,15
31/05/2024,09:00,164,0.4,59.3,0.3,18.1,83.3,0.0,1021,16.0,9.2,32
31/05/2024,10:00,157,0.6,49.3,0.3,20.9,72.0,0.0,1020,18.3,9.8,31
31/05/2024,11:00,77,0.4,39.0,0.4,22.7,63.7,0.0,1019,19.7,9.1,21
31/05/2024,12:00,325,1.8,31.7,0.9,24.6,52.3,0.0,1018,19.9,6.5,8
31/05/2024,13:00,329,1.9,31.1,0.9,24.1,52.7,0.0,1017,20.7,6.4,7
31/05/2024,14:00,333,1.6,35.9,0.9,23.8,56.2,0.0,1017,19.4,6.5,6
31/05/2024,15:00,340,1.4,35.7,0.8,23.4,59.6,0.0,1017,17.3,6.5,6
31/05/2024,16:00,338,1.2,33.5,0.6,22.9,62.2,0.0,1017,19.6,6.9,7
31/05/2024,17:00,345,0.7,49.0,0.4,22.6,65.0,0.0,1017,19.1,7.0,8
31/05/2024,18:00,329,0.2,87.6,0.3,21.8,69.9,0.0,1018,16.7,6.4,9
31/05/2024,19:00,,0.0,87.5,0.2,20.7,75.8,0.0,1019,13.1,5.6,7
31/05/2024,20:00,,0.0,76.5,0.2,20.0,78.9,0.0,1019,8.9,4.1,6
31/05/2024,21:00,187,0.1,97.2,0.3,19.6,83.6,1.4,1019,10.6,4.9,7
31/05/2024,22:00,21,0.2,73.1,0.2,18.9,83.8,0.2,1018,5.2,2.2,3
31/05/2024,23:00,61,0.6,31.2,0.3,18.9,84.5,0.0,1017,7.2,2.2,3
01/06/2024,00:00,47,0.5,44.2,0.3,18.8,85.6,0.0,1017,7.7,2.6,3
01/06/2024,01:00,72,0.4,44.5,0.2,18.8,85.7,0.0,1016,8.0,3.2,4
01/06/2024,02:00,16,0.5,43.2,0.3,18.8,86.2,0.0,1015,8.2,3.5,5
01/06/2024,03:00,343,0.2,70.7,0.2,19.0,85.9,0.0,1016,7.5,3.3,5
01/06/2024,04:00,165,0.2,53.8,0.2,18.8,85.4,0.0,1016,6.1,2.8,4
01/06/2024,05:00,113,0.4,32.0,0.2,18.6,85.6,0.0,1015,8.0,3.2,4
01/06/2024,06:00,177,0.1,73.0,0.2,18.5,84.7,0.0,1016,7.8,3.4,4
01/06/2024,07:00,85,0.4,39.7,0.2,18.4,85.3,0.0,1016,9.6,4.4,8
01/06/2024,08:00,359,0.1,69.9,0.3,19.1,83.7,0.0,1015,10.6,5.3,14
01/06/2024,09:00,65,0.6,40.2,0.3,19.9,82.0,0.0,1015,12.5,5.5,13
01/06/2024,10:00,343,0.8,42.5,0.4,21.0,75.9,0.0,1014,15.4,5.7,8
01/06/2024,11:00,335,1.1,31.0,0.5,21.3,75.5,0.0,1013,16.8,6.4,8
01/06/2024,12:00,333,0.6,45.8,0.4,21.9,73.7,0.0,1012,19.4,7.1,9
01/06/2024,13:00,323,0.6,53.5,0.4,22.3,72.4,0.0,1011,18.5,7.5,9
01/06/2024,14:00,338,0.6,43.3,0.3,22.3,73.3,0.0,1010,18.1,7.5,10
01/06/2024,15:00,329,1.0,37.5,0.4,22.1,71.7,0.0,1010,18.0,7.1,9
01/06/2024,16:00,323,0.7,59.6,0.6,21.8,72.1,0.0,1010,17.1,6.9,8
01/06/2024,17:00,327,0.5,58.4,0.4,21.0,75.0,1.1,1010,16.9,6.8,8
01/06/2024,18:00,152,0.2,89.8,0.4,18.1,81.0,0.0,1012,8.8,3.5,5
01/06/2024,19:00,140,0.2,87.6,0.3,17.3,80.2,0.0,1012,9.1,3.5,5
01/06/2024,20:00,,0.0,85.8,0.2,16.7,79.5,0.0,1012,9.6,4.4,8
01/06/2024,21:00,,0.0,89.9,0.2,16.5,79.4,0.0,1012,7.1,3.4,5
01/06/2024,22:00,330,0.2,75.9,0.2,16.7,75.3,0.0,1012,6.7,2.9,4
01/06/2024,23:00,288,0.1,81.4,0.3,16.9,71.7,0.0,1012,6.5,2.0,3
02/06/2024,00:00,137,0.4,68.4,0.4,17.0,69.4,0.0,1012,7.0,2.2,3
02/06/2024,01:00,141,0.3,72.6,0.3,17.1,66.8,0.0,1011,5.9,3.0,4
02/06/2024,02:00,144,0.3,73.2,0.4,16.7,66.6,0.0,1011,6.6,3.1,5
02/06/2024,03:00,148,0.4,68.9,0.4,16.6,64.5,0.0,1012,4.6,2.1,3
02/06/2024,04:00,143,0.3,85.1,0.4,16.3,64.0,0.0,1012,3.2,1.2,2
02/06/2024,05:00,142,0.3,65.0,0.3,16.0,65.2,0.0,1012,3.4,1.4,2
02/06/2024,06:00,,0.0,93.4,0.2,15.5,66.9,0.0,1012,4.0,1.4,2
02/06/2024,07:00,142,0.3,69.7,0.3,16.1,64.1,0.0,1013,4.2,1.4,2
02/06/2024,08:00,114,0.1,99.4,0.3,17.7,57.5,0.0,1013,4.4,1.1,1
02/06/2024,09:00,71,0.2,89.1,0.3,19.1,52.2,0.0,1013,4.9,1.4,2
02/06/2024,10:00,133,0.2,84.0,0.4,20.3,48.9,0.0,1013,4.3,1.5,2
02/06/2024,11:00,151,0.6,67.3,0.5,20.6,45.9,0.0,1012,5.5,1.5,3
02/06/2024,12:00,148,0.2,85.2,0.4,21.3,43.3,0.0,1011,5.8,2.1,3
02/06/2024,13:00,120,0.2,85.5,0.4,21.6,41.3,0.0,1010,6.5,2.1,3
02/06/2024,14:00,148,0.1,92.8,0.3,21.0,43.6,0.0,1010,5.6,2.0,3
02/06/2024,15:00,347,0.1,81.0,0.3,20.9,43.2,0.0,1010,6.6,2.1,3
02/06/2024,16:00,305,0.1,78.7,0.2,20.0,46.4,0.0,1011,5.1,2.2,3
02/06/2024,17:00,285,0.2,59.7,0.1,19.0,51.7,0.0,1011,8.1,3.6,6
02/06/2024,18:00,321,0.3,51.0,0.2,18.3,56.6,0.0,1012,10.6,5.7,11
02/06/2024,19:00,304,0.1,79.6,0.3,18.1,52.9,0.0,1012,7.5,3.7,6
02/06/2024,20:00,,0.0,96.9,0.2,17.5,52.8,0.0,1012,9.1,5.5,10
02/06/2024,21:00,156,0.1,94.7,0.2,17.2,54.1,0.0,1012,8.0,4.3,7
02/06/2024,22:00,,0.0,103.6,0.2,16.9,55.7,0.0,1012,9.0,4.1,7
02/06/2024,23:00,166,0.1,82.3,0.2,16.1,58.6,0.0,1011,5.6,3.4,4
03/06/2024,00:00,206,0.1,79.9,0.2,15.5,62.8,0.0,1011,5.4,3.5,4
03/06/2024,01:00,148,0.2,82.7,0.3,15.1,65.0,0.0,1011,5.1,3.5,4
03/06/2024,02:00,138,0.1,86.2,0.3,14.7,66.6,0.0,1010,6.1,3.5,4
03/06/2024,03:00,139,0.1,87.0,0.2,14.4,67.3,0.0,1010,5.8,3.2,4
03/06/2024,04:00,,0.0,95.7,0.2,14.1,67.6,0.0,1010,7.0,3.2,3
03/06/2024,05:00,160,0.5,50.3,0.3,14.1,66.0,0.0,1010,5.5,2.7,3
03/06/2024,06:00,146,0.3,72.4,0.3,14.9,60.4,0.0,1011,5.9,2.7,3
03/06/2024,07:00,142,0.2,82.8,0.3,15.7,57.9,0.0,1011,9.8,3.5,5
03/06/2024,08:00,67,0.1,91.1,0.3,17.0,53.5,0.0,1012,7.3,2.7,3
03/06/2024,09:00,137,0.3,84.1,0.4,17.9,49.8,0.0,1012,7.0,2.2,3
03/06/2024,10:00,129,0.2,76.4,0.4,18.9,44.4,0.0,1012,4.7,1.8,2
03/06/2024,11:00,101,0.2,87.2,0.4,19.5,42.2,0.0,1011,6.4,2.0,3
03/06/2024,12:00,160,0.2,99.9,0.4,20.2,40.2,0.0,1009,7.4,2.3,3
03/06/2024,13:00,171,0.2,88.5,0.4,20.6,38.2,0.0,1009,9.8,3.0,4
03/06/2024,14:00,167,0.4,80.1,0.5,19.4,40.9,0.0,1009,8.6,2.8,4
03/06/2024,15:00,145,0.3,86.3,0.4,19.0,44.4,0.0,1008,11.2,5.2,11
03/06/2024,16:00,,0.0,97.4,0.3,18.3,47.9,0.0,1008,11.1,5.6,11
03/06/2024,17:00,125,0.2,92.6,0.3,17.7,45.9,0.0,1009,9.0,4.3,7
03/06/2024,18:00,,0.0,104.9,0.2,17.4,43.2,0.0,1010,8.9,3.8,6
03/06/2024,19:00,106,0.1,91.8,0.2,16.4,45.3,0.0,1011,10.2,4.3,7
03/06/2024,20:00,149,0.3,66.3,0.3,15.6,47.4,0.0,1012,9.8,4.2,7
03/06/2024,21:00,136,0.3,68.5,0.3,14.7,53.4,0.0,1012,11.2,4.5,7
03/06/2024,22:00,139,0.4,54.0,0.3,14.3,54.4,0.0,1012,10.8,4.3,6
03/06/2024,23:00,157,0.7,36.5,0.3,13.7,55.2,0.0,1011,9.6,3.7,4
04/06/2024,00:00,154,0.9,23.5,0.3,13.1,58.1,0.0,1011,8.8,3.6,4
04/06/2024,01:00,159,0.3,58.1,0.3,12.9,58.7,0.0,1011,8.4,3.4,3
04/06/2024,02:00,145,0.2,76.4,0.2,12.6,61.6,0.0,1011,9.5,3.9,4
04/06/2024,03:00,145,0.2,74.9,0.3,12.4,61.7,0.0,1011,8.0,3.7,4
04/06/2024,04:00,,0.0,60.8,0.2,11.8,63.1,0.0,1011,6.7,3.4,3
04/06/2024,05:00,162,0.3,68.1,0.2,11.6,65.5,0.0,1012,7.4,3.4,3
04/06/2024,06:00,165,0.1,89.9,0.2,12.3,60.0,0.0,1013,8.1,3.5,3
04/06/2024,07:00,145,0.3,67.2,0.3,13.5,55.7,0.0,1013,9.1,3.7,3
04/06/2024,08:00,155,0.8,40.4,0.4,13.8,53.3,0.0,1013,9.5,3.8,4
04/06/2024,09:00,146,0.3,74.0,0.3,16.0,47.6,0.0,1014,10.6,3.6,4
04/06/2024,10:00,164,1.1,37.8,0.6,16.8,44.0,0.0,1014,7.0,3.1,3
04/06/2024,11:00,158,0.3,78.3,0.4,19.0,39.0,0.0,1013,8.6,3.2,3
04/06/2024,12:00,153,0.3,84.7,0.3,20.0,30.9,0.0,1013,8.2,2.9,3
04/06/2024,13:00,167,0.8,52.2,0.4,20.2,28.1,0.0,1012,7.4,2.4,3
04/06/2024,14:00,166,0.6,39.2,0.4,19.8,32.0,0.0,1011,6.7,2.5,3
04/06/2024,15:00,153,0.5,38.9,0.3,20.0,35.4,0.0,1011,6.9,2.8,3
04/06/2024,16:00,349,0.8,25.4,0.3,18.8,42.5,0.0,1012,10.2,3.6,4
04/06/2024,17:00,342,1.0,20.3,0.3,17.6,45.7,0.0,1012,13.5,4.4,6
04/06/2024,18:00,343,0.7,33.0,0.3,17.2,48.9,0.0,1013,13.7,5.8,10
04/06/2024,19:00,331,0.5,46.2,0.3,16.8,50.2,0.0,1013,15.6,8.5,17
04/06/2024,20:00,265,0.1,69.8,0.2,16.0,54.6,0.0,1014,13.3,6.3,11
04/06/2024,21:00,172,0.2,49.4,0.2,15.4,59.1,0.0,1014,14.2,6.2,11
04/06/2024,22:00,131,0.3,52.5,0.2,14.4,65.5,0.0,1013,20.7,11.0,23
04/06/2024,23:00,164,0.4,51.5,0.3,13.1,71.0,0.0,1013,16.5,9.5,21
05/06/2024,00:00,160,0.2,70.8,0.2,12.3,68.7,0.0,1013,12.5,6.8,13
05/06/2024,01:00,165,0.2,78.4,0.3,11.7,71.4,0.0,1013,16.8,9.2,18
05/06/2024,02:00,158,0.4,53.9,0.3,11.0,71.1,0.0,1013,14.4,8.1,16
05/06/2024,03:00,171,0.6,50.9,0.3,10.7,72.5,0.0,1012,16.5,8.8,17
05/06/2024,04:00,146,0.3,76.0,0.3,10.9,70.8,0.0,1012,17.8,9.4,19
05/06/2024,05:00,148,0.3,64.5,0.3,11.4,67.7,0.0,1013,13.7,6.7,11
05/06/2024,06:00,163,0.8,37.2,0.4,10.4,72.5,0.0,1014,11.4,5.3,8
05/06/2024,07:00,167,0.3,66.5,0.3,11.0,70.9,0.0,1014,13.0,6.1,11
05/06/2024,08:00,162,0.9,32.9,0.4,12.7,63.2,0.0,1014,24.6,8.9,18
05/06/2024,09:00,162,0.8,44.6,0.5,15.1,55.0,0.0,1015,18.2,6.8,12
05/06/2024,10:00,163,1.1,36.9,0.5,16.2,52.0,0.0,1014,13.2,5.2,8
05/06/2024,11:00,159,1.0,34.0,0.4,19.2,41.2,0.0,1012,11.6,4.1,5
05/06/2024,12:00,,,,,,,,,,,
05/06/2024,13:00,161,0.3,56.7,0.3,21.0,37.4,0.0,1012,13.3,4.8,7
05/06/2024,14:00,147,0.3,68.5,0.3,20.9,38.9,0.0,1011,12.9,4.9,8
05/06/2024,15:00,354,0.9,32.5,0.4,20.6,39.6,0.0,1011,17.4,5.1,7
05/06/2024,16:00,347,1.1,22.9,0.5,19.5,42.5,0.0,1011,18.3,5.4,8
05/06/2024,17:00,343,0.9,37.3,0.4,18.7,52.1,0.0,1012,13.4,6.2,11
05/06/2024,18:00,0,0.2,48.9,0.2,18.5,57.1,0.0,1013,13.7,6.2,11
05/06/2024,19:00,93,0.1,39.8,0.2,18.2,61.1,0.2,1013,17.4,7.9,15
05/06/2024,20:00,158,0.2,62.0,0.1,17.7,66.0,0.0,1013,19.9,10.9,25
05/06/2024,21:00,,0.0,69.0,0.1,17.1,67.6,0.0,1013,27.2,16.2,42
05/06/2024,22:00,179,0.2,55.0,0.2,16.7,69.5,0.0,1013,27.6,16.3,39
05/06/2024,23:00,166,0.5,49.8,0.3,15.8,70.3,0.0,1013,27.9,14.5,32
06/06/2024,00:00,181,0.1,73.8,0.2,15.5,67.1,0.0,1013,26.4,14.9,33
06/06/2024,01:00,169,0.2,78.0,0.3,15.2,63.1,0.0,1012,19.6,11.0,20
06/06/2024,02:00,133,0.1,89.2,0.2,15.6,65.3,0.0,1012,20.7,10.8,22
06/06/2024,03:00,159,0.3,72.9,0.2,14.9,70.3,0.0,1012,18.6,10.5,21
06/06/2024,04:00,157,0.1,93.6,0.2,14.4,72.4,0.0,1012,16.1,8.0,16
06/06/2024,05:00,141,0.1,84.4,0.2,14.4,71.5,0.0,1012,15.0,6.9,13
06/06/2024,06:00,164,0.7,27.1,0.3,13.6,75.0,0.0,1013,14.9,7.2,14
06/06/2024,07:00,149,0.1,81.1,0.2,14.9,69.8,0.0,1013,18.5,7.8,14
06/06/2024,08:00,138,0.1,85.3,0.3,17.3,58.7,0.0,1014,16.4,6.9,12
06/06/2024,09:00,151,0.2,84.4,0.4,18.9,52.6,0.0,1014,11.0,5.0,8
06/06/2024,10:00,164,0.7,52.8,0.5,19.5,51.5,0.0,1013,10.9,4.7,7
06/06/2024,11:00,139,0.4,81.3,0.4,20.6,48.8,0.0,1013,10.0,4.9,8
06/06/2024,12:00,139,0.3,75.3,0.4,21.4,43.9,0.0,1012,11.8,5.1,8
06/06/2024,13:00,121,0.2,87.3,0.3,22.0,40.5,0.0,1012,,,9
06/06/2024,14:00,166,0.3,72.7,0.4,21.5,37.9,0.0,1011,,,
06/06/2024,15:00,180,0.1,79.7,0.3,21.1,40.7,0.0,1011,,,8
06/06/2024,16:00,264,0.1,92.4,0.2,20.3,42.9,0.0,1011,,,9
06/06/2024,17:00,,0.0,90.7,0.2,19.3,48.3,0.0,1012,,,13
06/06/2024,18:00,140,0.2,91.6,0.3,18.4,48.0,0.0,1013,,,10
06/06/2024,19:00,132,0.1,98.4,0.3,17.5,48.1,0.0,1013,,,7
06/06/2024,20:00,160,0.2,87.0,0.3,16.6,48.5,0.0,1014,,,7
06/06/2024,21:00,156,0.3,71.7,0.3,16.1,48.9,0.0,1014,,,5
06/06/2024,22:00,155,0.2,81.9,0.3,15.6,49.8,0.0,1014,,,4
06/06/2024,23:00,143,0.2,78.0,0.3,15.1,51.7,0.0,1014,,,3
07/06/2024,00:00,144,0.5,61.8,0.3,14.6,52.8,0.0,1013,,,2
07/06/2024,01:00,150,0.5,55.9,0.3,14.3,52.5,0.0,1013,,,2
07/06/2024,02:00,141,0.2,83.0,0.3,13.8,53.8,0.0,1012,,,2
07/06/2024,03:00,168,0.4,62.9,0.3,13.2,56.5,0.0,1012,,,2
07/06/2024,04:00,170,0.4,65.2,0.4,12.9,56.4,0.0,1012,,,2
07/06/2024,05:00,181,0.1,81.6,0.2,12.3,58.6,0.0,1012,,,2
07/06/2024,06:00,142,0.2,80.4,0.3,12.3,56.5,0.0,1013,,,3
07/06/2024,07:00,169,0.1,84.9,0.3,13.7,52.1,0.0,1013,,,3
07/06/2024,08:00,39,0.3,75.2,0.3,14.9,47.8,0.0,1013,,,3
07/06/2024,09:00,136,0.2,79.3,0.3,16.5,43.2,0.0,1013,,,3
07/06/2024,10:00,74,0.2,85.8,0.3,17.6,40.3,0.0,1012,,,3
07/06/2024,11:00,84,0.1,81.1,0.3,18.6,38.6,0.0,1011,,,3
07/06/2024,12:00,144,0.2,90.3,0.4,19.4,35.1,0.0,1010,,,4
07/06/2024,13:00,171,0.2,95.0,0.5,19.4,35.8,0.0,1010,,,4
07/06/2024,14:00,155,0.3,80.3,0.5,18.2,39.7,0.0,1010,,,7
07/06/2024,15:00,171,0.3,90.3,0.5,17.2,41.4,0.0,1010,,,14
07/06/2024,16:00,165,0.3,79.5,0.3,16.4,43.8,0.0,1010,,,9
07/06/2024,17:00,166,0.2,91.0,0.4,15.6,45.8,0.0,1010,,,8
07/06/2024,18:00,163,0.1,80.9,0.4,14.9,46.9,0.0,1011,,,7
07/06/2024,19:00,149,0.3,76.4,0.4,14.8,47.1,0.0,1012,,,7
07/06/2024,20:00,154,0.3,75.3,0.3,14.4,48.1,0.0,1012,,,6
07/06/2024,21:00,156,0.5,58.9,0.4,13.9,49.6,0.0,1012,,,5
07/06/2024,22:00,139,0.2,86.6,0.3,13.5,50.9,0.0,1012,,,4
07/06/2024,23:00,158,0.2,88.0,0.3,13.3,51.8,0.0,1012,,,4
08/06/2024,00:00,169,0.2,71.4,0.3,12.8,54.0,0.0,1012,,,4
08/06/2024,01:00,175,0.3,70.2,0.3,12.4,57.3,0.0,1012,,,4
08/06/2024,02:00,138,0.1,88.7,0.2,12.5,58.6,0.0,1011,,,4
08/06/2024,03:00,137,0.2,84.4,0.3,13.0,57.0,0.0,1011,,,4
08/06/2024,04:00,127,0.2,80.3,0.2,13.0,56.8,0.0,1011,,,4
08/06/2024,05:00,127,0.2,73.3,0.2,13.3,56.3,0.0,1011,,,6
08/06/2024,06:00,,0.0,92.8,0.2,13.0,57.7,0.0,1012,,,6
08/06/2024,07:00,105,0.1,82.4,0.2,14.3,53.3,0.0,1012,,,6
08/06/2024,08:00,,0.0,87.8,0.3,15.7,49.3,0.0,1013,,,6
08/06/2024,09:00,132,0.3,80.7,0.4,16.8,47.5,0.0,1013,,,5
08/06/2024,10:00,113,0.2,82.5,0.4,17.8,46.4,0.0,1013,,,4
08/06/2024,11:00,69,0.2,95.8,0.4,18.6,45.9,0.0,1012,,,5
08/06/2024,12:00,157,0.3,80.0,0.4,19.8,44.0,0.0,1011,,,5
08/06/2024,13:00,135,0.2,88.7,0.4,20.8,39.9,0.0,1010,,,5
08/06/2024,14:00,147,0.3,85.0,0.5,20.5,40.0,0.0,1010,,,4
08/06/2024,15:00,108,0.1,99.4,0.4,20.5,40.7,0.0,1010,,,5
08/06/2024,16:00,136,0.3,75.9,0.3,20.0,42.4,0.0,1011,,,5
08/06/2024,17:00,92,0.1,90.9,0.2,19.5,43.6,0.0,1012,,,5
08/06/2024,18:00,130,0.1,83.4,0.2,18.6,46.0,0.0,1012,,,12
08/06/2024,19:00,171,0.1,87.5,0.2,17.8,49.3,0.0,1013,,,16
08/06/2024,20:00,118,0.2,63.3,0.2,17.1,53.1,0.0,1013,,,18
08/06/2024,21:00,139,0.1,87.7,0.2,17.1,55.7,0.0,1014,,,11
08/06/2024,22:00,120,0.1,96.3,0.2,17.0,55.3,0.0,1014,,,6
08/06/2024,23:00,117,0.2,71.4,0.2,16.9,55.5,0.0,1014,,,5
09/06/2024,00:00,130,0.2,72.7,0.2,16.4,56.8,0.0,1013,,,5
09/06/2024,01:00,103,0.1,82.6,0.2,16.4,56.9,0.0,1013,,,4
09/06/2024,02:00,139,0.1,84.5,0.2,15.6,60.5,0.0,1013,,,5
09/06/2024,03:00,152,0.2,76.5,0.2,15.0,63.6,0.0,1013,,,4
09/06/2024,04:00,98,0.1,90.5,0.2,15.2,61.8,0.0,1014,,,3
09/06/2024,05:00,163,0.3,56.2,0.3,14.6,63.9,0.0,1014,,,3
09/06/2024,06:00,156,0.6,25.4,0.2,13.8,68.5,0.0,1014,,,3
09/06/2024,07:00,165,0.3,50.3,0.2,14.7,64.8,0.0,1015,,,4
09/06/2024,08:00,,0.0,95.9,0.2,17.6,53.7,0.0,1016,,,5
09/06/2024,09:00,138,0.1,99.0,0.3,19.3,47.2,0.0,1016,,,3
09/06/2024,10:00,148,0.2,96.9,0.3,20.4,43.9,0.0,1015,,,3
09/06/2024,11:00,121,0.2,92.1,0.3,21.3,41.5,0.0,1015,,,3
09/06/2024,12:00,134,0.2,91.6,0.4,21.9,39.2,0.0,1014,,,4
09/06/2024,13:00,111,0.1,99.9,0.4,22.3,38.4,0.0,1013,,,5
09/06/2024,14:00,,0.0,92.8,0.2,22.1,38.6,0.0,1012,,,4
09/06/2024,15:00,326,0.2,84.5,0.3,22.0,39.3,0.0,1013,,,3
09/06/2024,16:00,310,0.3,72.4,0.3,21.5,40.4,0.0,1013,,,3
09/06/2024,17:00,292,0.2,74.2,0.2,20.4,42.6,0.0,1013,,,5
09/06/2024,18:00,310,0.2,82.0,0.3,19.7,42.0,0.0,1014,,,9
09/06/2024,19:00,126,0.1,93.5,0.2,19.2,40.1,0.0,1015,,,5
09/06/2024,20:00,,0.0,98.6,0.2,18.4,43.2,0.0,1015,,,5
09/06/2024,21:00,133,0.1,91.8,0.2,17.5,47.6,0.0,1016,,,5
09/06/2024,22:00,136,0.2,84.1,0.2,16.7,50.0,0.0,1016,,,4
09/06/2024,23:00,165,0.4,51.3,0.3,16.1,53.0,0.0,1016,,,3
10/06/2024,00:00,173,0.4,58.5,0.3,15.5,56.4,0.0,1016,,,3
10/06/2024,01:00,144,0.1,90.1,0.2,15.1,58.0,0.0,1016,,,3
10/06/2024,02:00,179,0.2,60.7,0.3,14.4,60.5,0.0,1015,,,4
10/06/2024,03:00,167,0.2,76.1,0.2,14.2,60.9,0.0,1015,,,3
10/06/2024,04:00,179,0.1,77.7,0.2,14.0,60.9,0.0,1015,,,3
10/06/2024,05:00,159,0.3,71.2,0.3,13.8,62.1,0.0,1015,,,3
10/06/2024,06:00,169,0.4,70.4,0.3,13.4,64.2,0.0,1016,,,4
10/06/2024,07:00,172,0.8,38.6,0.4,13.8,63.3,0.0,1016,,,5
10/06/2024,08:00,125,0.1,97.3,0.3,16.7,53.6,0.0,1016,,,5
10/06/2024,09:00,92,0.2,83.1,0.3,18.7,45.3,0.0,1016,,,4
10/06/2024,10:00,154,0.2,77.9,0.4,19.3,42.9,0.0,1016,,,5
10/06/2024,11:00,141,0.3,84.9,0.4,20.1,41.1,0.0,1015,,,5
10/06/2024,12:00,129,0.2,81.5,0.3,21.6,36.2,0.0,1014,,,5
10/06/2024,13:00,124,0.1,85.6,0.4,22.5,30.3,0.0,1013,,,5
10/06/2024,14:00,113,0.1,100.8,0.3,22.4,28.2,0.0,1013,,,7
10/06/2024,15:00,59,0.1,98.0,0.3,21.8,29.9,0.0,1013,,,4
10/06/2024,16:00,292,0.1,96.7,0.3,20.8,35.4,0.0,1014,,,7
10/06/2024,17:00,100,0.1,90.5,0.2,19.7,38.6,0.0,1014,,,8
10/06/2024,18:00,169,0.6,61.6,0.4,18.8,38.9,0.0,1015,,,9
10/06/2024,19:00,166,0.6,35.6,0.3,18.0,41.2,0.0,1016,,,10
10/06/2024,20:00,177,0.2,78.3,0.2,17.5,43.7,0.0,1016,,,12
10/06/2024,21:00,,0.0,91.5,0.2,16.5,46.3,0.0,1017,,,10
10/06/2024,22:00,168,0.2,85.1,0.3,15.4,51.7,0.0,1017,,,12
10/06/2024,23:00,147,0.3,77.7,0.3,14.9,54.5,0.0,1017,,,13
11/06/2024,00:00,168,0.5,55.9,0.3,14.2,58.5,0.0,1017,,,9
11/06/2024,01:00,167,0.5,49.3,0.3,13.2,63.8,0.0,1017,,,11
11/06/2024,02:00,167,0.3,74.7,0.3,12.7,65.5,0.0,1017,,,14
11/06/2024,03:00,196,0.1,78.7,0.2,12.9,64.1,0.0,1017,,,10
11/06/2024,04:00,168,0.5,56.0,0.3,12.4,67.0,0.0,1017,,,11
11/06/2024,05:00,159,0.2,80.3,0.2,12.2,66.6,0.0,1017,,,10
11/06/2024,06:00,169,0.6,51.7,0.4,11.8,69.5,0.0,1018,,,10
11/06/2024,07:00,190,0.2,72.7,0.3,13.3,63.3,0.0,1018,,,9
11/06/2024,08:00,144,0.3,73.6,0.3,15.7,54.8,0.0,1018,,,8
11/06/2024,09:00,159,0.4,74.8,0.4,17.7,48.0,0.0,1019,,,6
11/06/2024,10:00,162,0.3,73.8,0.4,19.2,43.3,0.0,1018,,,6
11/06/2024,11:00,163,0.3,78.3,0.3,20.6,40.6,0.0,1017,,,6
11/06/2024,12:00,167,0.4,71.6,0.4,21.2,37.7,0.0,1016,,,5
11/06/2024,13:00,,0.0,84.5,0.4,22.2,33.8,0.0,1015,,,5
11/06/2024,14:00,80,0.1,103.5,0.3,21.8,33.4,0.0,1014,,,4
11/06/2024,15:00,316,0.2,72.5,0.2,21.3,34.9,0.0,1014,,,4
11/06/2024,16:00,332,0.6,53.1,0.3,20.4,40.2,0.0,1014,,,6
11/06/2024,17:00,342,1.1,17.4,0.4,19.0,49.2,0.0,1014,,,9
11/06/2024,18:00,329,0.6,42.8,0.3,18.4,52.3,0.0,1015,,,17
11/06/2024,19:00,322,1.0,36.2,0.5,17.9,55.6,0.0,1015,,,19
11/06/2024,20:00,305,0.1,93.8,0.2,17.0,57.9,0.0,1015,,,12
11/06/2024,21:00,292,0.2,70.5,0.2,16.9,59.2,0.0,1014,,,10
11/06/2024,22:00,324,0.7,55.8,0.3,17.3,56.8,0.0,1014,,,8
11/06/2024,23:00,316,0.3,78.6,0.3,16.6,55.9,0.0,1013,,,8
12/06/2024,00:00,,0.0,88.8,0.2,16.4,50.5,0.0,1013,,,7
12/06/2024,01:00,334,0.1,91.0,0.2,16.5,48.3,0.0,1012,,,5
12/06/2024,02:00,,0.0,79.5,0.2,16.1,48.1,0.0,1011,,,4
12/06/2024,03:00,163,0.4,58.5,0.3,15.1,54.6,0.0,1011,,,7
12/06/2024,04:00,136,0.5,33.7,0.2,14.2,60.3,0.0,1010,,,9
12/06/2024,05:00,107,0.5,27.9,0.2,13.3,61.5,0.0,1010,,,10
12/06/2024,06:00,156,0.5,55.8,0.3,14.5,55.3,0.0,1011,,,7
12/06/2024,07:00,138,0.4,63.4,0.3,17.8,42.3,0.0,1011,,,3
12/06/2024,08:00,134,0.3,77.4,0.3,19.2,39.8,0.0,1011,,,3
12/06/2024,09:00,132,0.1,95.5,0.3,20.7,37.1,0.0,1011,,,3
12/06/2024,10:00,145,0.2,86.0,0.4,21.5,36.0,0.0,1010,,,3
12/06/2024,11:00,137,0.2,89.0,0.4,21.9,35.2,0.0,1009,,,4
12/06/2024,12:00,143,0.1,92.1,0.4,22.5,34.2,0.0,1008,,,4
12/06/2024,13:00,,0.0,98.1,0.4,23.3,33.5,0.0,1007,,,7
12/06/2024,14:00,146,0.2,88.1,0.5,23.4,30.2,0.0,1006,,,4
12/06/2024,15:00,129,0.3,84.1,0.4,23.3,29.6,0.0,1006,,,3
12/06/2024,16:00,154,0.5,74.8,0.5,22.4,30.7,0.0,1007,,,3
12/06/2024,17:00,158,0.4,72.0,0.4,21.4,32.0,0.0,1007,,,3
12/06/2024,18:00,160,0.6,65.4,0.5,20.9,33.8,0.0,1008,,,4
12/06/2024,19:00,162,0.6,66.4,0.5,20.4,35.6,0.0,1008,,,4
12/06/2024,20:00,156,0.4,70.4,0.4,19.8,35.7,0.0,1009,,,3
12/06/2024,21:00,142,0.3,95.8,0.5,19.1,36.8,0.0,1009,,,3
12/06/2024,22:00,167,0.1,85.4,0.3,18.3,39.6,0.0,1010,,,3
12/06/2024,23:00,154,0.4,66.7,0.5,17.6,41.0,0.0,1011,,,3
13/06/2024,00:00,163,0.2,89.4,0.2,16.8,43.2,0.0,1011,,,2
13/06/2024,01:00,141,0.1,86.4,0.3,16.0,45.9,0.0,1011,,,2
13/06/2024,02:00,137,0.3,68.8,0.3,15.5,47.7,0.0,1011,,,2
13/06/2024,03:00,133,0.2,83.9,0.3,15.1,48.5,0.0,1011,,,2
13/06/2024,04:00,140,0.3,65.5,0.3,14.5,50.5,0.0,1011,,,2
13/06/2024,05:00,138,0.3,74.0,0.3,14.2,51.2,0.0,1012,,,2
13/06/2024,06:00,135,0.4,59.1,0.3,13.8,52.0,0.0,1013,,,2
13/06/2024,07:00,143,0.2,87.3,0.3,15.1,46.2,0.0,1013,,,2
13/06/2024,08:00,161,0.4,72.9,0.4,16.1,42.0,0.0,1014,,,3
13/06/2024,09:00,164,0.9,55.3,0.7,16.5,39.3,0.0,1015,,,3
13/06/2024,10:00,171,1.2,47.5,0.7,17.4,37.3,0.0,1015,,,4
13/06/2024,11:00,165,0.5,63.2,0.5,19.6,32.9,0.0,1014,,,4
13/06/2024,12:00,159,0.5,77.0,0.4,20.1,30.6,0.0,1013,,,4
13/06/2024,13:00,160,0.4,69.8,0.3,21.0,29.3,0.0,1013,,,4
13/06/2024,14:00,163,0.7,56.7,0.6,19.8,32.1,0.0,1012,,,4
13/06/2024,15:00,161,0.5,60.1,0.4,19.7,34.8,0.0,1013,,,4
13/06/2024,16:00,170,0.7,30.6,0.4,19.2,36.8,0.0,1013,,,4
13/06/2024,17:00,163,0.7,30.5,0.3,18.8,38.9,0.0,1014,,,4
13/06/2024,18:00,126,0.1,55.3,0.1,17.7,44.6,0.0,1014,,,10
13/06/2024,19:00,142,0.1,80.6,0.2,16.5,51.3,0.0,1015,,,18
13/06/2024,20:00,163,0.3,66.8,0.2,15.6,55.7,0.0,1015,,,32
13/06/2024,21:00,179,0.2,67.1,0.2,15.0,59.1,0.0,1015,,,28
13/06/2024,22:00,144,0.2,65.4,0.2,14.3,61.1,0.0,1015,,,31
13/06/2024,23:00,160,0.4,50.3,0.3,13.6,61.2,0.0,1015,,,15
14/06/2024,00:00,168,0.4,56.6,0.3,12.1,66.7,0.0,1014,,,9
14/06/2024,01:00,171,0.5,55.5,0.3,11.8,67.2,0.0,1014,,,13
14/06/2024,02:00,203,0.1,74.0,0.3,11.3,68.6,0.0,1014,,,15
14/06/2024,03:00,227,0.1,71.2,0.3,11.0,68.8,0.0,1013,,,14
14/06/2024,04:00,175,0.2,76.5,0.3,11.1,65.3,0.0,1013,,,8
14/06/2024,05:00,168,0.4,65.5,0.3,10.8,66.7,0.0,1014,,,8
14/06/2024,06:00,,0.0,85.4,0.3,10.3,69.9,0.0,1014,,,9
14/06/2024,07:00,170,0.2,75.7,0.3,11.1,67.2,0.0,1015,,,10
14/06/2024,08:00,160,0.4,63.5,0.3,13.4,57.5,0.0,1015,,,9
14/06/2024,09:00,157,0.4,63.1,0.3,16.1,47.6,0.0,1015,,,8
14/06/2024,10:00,155,0.3,78.9,0.4,18.6,40.9,0.0,1014,,,6
14/06/2024,11:00,146,0.3,80.6,0.4,20.1,36.9,0.0,1013,,,5
14/06/2024,12:00,164,0.9,52.1,0.5,20.5,34.4,0.0,1012,,,5
14/06/2024,13:00,165,1.0,39.6,0.5,20.9,34.6,0.0,1011,,,4
14/06/2024,14:00,158,1.0,37.6,0.5,21.0,36.4,0.0,1011,,,4
14/06/2024,15:00,157,0.6,37.7,0.4,21.1,37.6,0.0,1011,,,4
14/06/2024,16:00,341,0.8,31.0,0.4,20.3,40.7,0.0,1011,,,5
14/06/2024,17:00,51,0.4,41.6,0.2,19.1,46.3,0.0,1011,,,8
14/06/2024,18:00,30,0.2,52.0,0.2,18.5,51.2,0.0,1012,,,9
14/06/2024,19:00,349,0.1,75.6,0.2,18.1,52.0,0.0,1013,,,17
14/06/2024,20:00,355,0.3,52.4,0.2,18.0,54.1,0.0,1011,,,20
14/06/2024,21:00,350,0.1,84.2,0.2,17.7,54.9,0.0,1012,,,18
14/06/2024,22:00,341,0.2,64.1,0.2,17.5,55.7,0.0,1012,,,19
14/06/2024,23:00,166,0.2,54.6,0.2,17.3,58.5,0.0,1011,,,22
15/06/2024,00:00,132,0.6,31.4,0.2,16.6,62.2,0.0,1010,,,29
15/06/2024,01:00,171,0.2,62.7,0.2,15.4,67.0,0.0,1010,,,30
15/06/2024,02:00,141,0.1,83.9,0.2,14.7,67.7,0.0,1010,,,25
15/06/2024,03:00,176,0.2,79.7,0.3,14.3,67.5,0.0,1010,,,22
15/06/2024,04:00,162,0.3,58.6,0.3,14.0,64.2,0.0,1009,,,14
15/06/2024,05:00,162,0.4,50.6,0.3,13.0,69.0,0.0,1009,,,13
15/06/2024,06:00,164,0.4,51.3,0.3,13.1,68.2,0.0,1010,,,15
15/06/2024,07:00,150,0.4,61.7,0.3,13.5,63.2,0.0,1010,,,11
15/06/2024,08:00,156,0.6,56.0,0.4,14.6,55.8,0.0,1010,,,8
15/06/2024,09:00,151,0.4,66.8,0.4,17.1,46.2,0.0,1010,,,7
15/06/2024,10:00,166,0.4,75.6,0.4,19.4,38.0,0.0,1009,,,5
15/06/2024,11:00,166,0.7,61.4,0.5,19.4,37.5,0.0,1008,,,5
15/06/2024,12:00,147,0.1,85.1,0.3,20.9,34.2,0.0,1007,,,6
15/06/2024,13:00,98,0.1,89.8,0.3,21.7,29.9,0.0,1006,,,5
15/06/2024,14:00,349,0.1,101.8,0.3,21.5,27.4,0.0,1006,,,4
15/06/2024,15:00,290,0.1,86.9,0.2,21.2,26.6,0.0,1006,,,4
15/06/2024,16:00,,0.0,91.4,0.3,20.7,28.4,0.0,1006,,,4
15/06/2024,17:00,126,0.3,63.6,0.3,20.0,32.0,0.0,1006,,,4
15/06/2024,18:00,126,0.3,79.5,0.3,19.1,35.4,0.0,1007,,,6
15/06/2024,19:00,144,0.2,81.1,0.3,18.0,38.7,0.0,1008,,,9
15/06/2024,20:00,176,0.5,69.5,0.3,16.8,42.0,0.0,1009,,,12
15/06/2024,21:00,165,0.3,71.1,0.3,15.9,45.5,0.0,1009,,,14
15/06/2024,22:00,176,0.5,62.9,0.4,15.4,47.7,0.0,1009,,,7
15/06/2024,23:00,151,0.2,83.7,0.3,15.0,49.1,0.0,1009,,,4
16/06/2024,00:00,157,0.1,81.6,0.2,14.6,51.4,0.0,1009,,,3
16/06/2024,01:00,125,0.1,86.8,0.2,14.1,53.9,0.0,1008,,,3
16/06/2024,02:00,,0.0,85.2,0.2,13.9,54.4,0.0,1008,,,3
16/06/2024,03:00,155,0.2,77.1,0.2,13.8,54.5,0.0,1008,,,2
16/06/2024,04:00,136,0.2,76.2,0.3,13.2,57.6,0.0,1008,,,2
16/06/2024,05:00,142,0.1,98.7,0.2,13.0,58.0,0.0,1009,,,2
16/06/2024,06:00,199,0.1,87.9,0.2,13.0,59.1,0.0,1009,,,2
16/06/2024,07:00,148,0.1,86.1,0.2,14.0,56.1,0.0,1010,,,2
16/06/2024,08:00,131,0.2,89.7,0.4,15.9,49.6,0.0,1010,,,2
16/06/2024,09:00,143,0.3,76.8,0.4,17.0,46.2,0.0,1010,,,2
16/06/2024,10:00,171,0.5,62.1,0.4,17.8,44.3,0.0,1010,,,3
16/06/2024,11:00,159,0.4,79.7,0.5,18.9,41.5,0.0,1009,,,4
16/06/2024,12:00,172,0.4,82.1,0.5,19.7,39.2,0.0,1008,,,4
16/06/2024,13:00,154,0.2,90.5,0.4,20.3,37.1,0.0,1008,,,4
16/06/2024,14:00,167,0.3,79.0,0.4,19.9,37.4,0.0,1008,,,3
16/06/2024,15:00,170,0.2,85.0,0.4,19.9,37.4,0.0,1008,,,3
16/06/2024,16:00,310,0.2,71.8,0.2,19.3,39.8,0.0,1008,,,3
16/06/2024,17:00,339,0.2,71.7,0.3,18.7,40.7,0.0,1009,,,5
16/06/2024,18:00,129,0.3,69.5,0.3,18.0,39.9,0.0,1009,,,5
16/06/2024,19:00,142,0.4,69.7,0.4,17.6,40.6,0.0,1010,,,5
16/06/2024,20:00,143,0.3,70.7,0.4,17.2,41.6,0.0,1010,,,5
16/06/2024,21:00,144,0.1,93.8,0.3,16.2,44.6,0.0,1010,,,5
16/06/2024,22:00,151,0.1,88.2,0.2,15.6,47.5,0.0,1010,,,4
16/06/2024,23:00,143,0.1,84.6,0.2,15.0,50.4,0.0,1010,,,4
17/06/2024,00:00,202,0.1,89.6,0.2,14.4,53.4,0.0,1010,,,4
17/06/2024,01:00,149,0.2,74.6,0.3,14.0,55.2,0.0,1010,,,3
17/06/2024,02:00,142,0.3,69.8,0.3,13.8,56.0,0.0,1009,,,3
17/06/2024,03:00,174,0.1,81.6,0.2,13.2,58.3,0.0,1009,,,2
17/06/2024,04:00,171,0.1,76.8,0.2,12.5,60.5,0.0,1009,,,2
17/06/2024,05:00,149,0.3,76.5,0.3,12.4,59.7,0.0,1009,,,2
17/06/2024,06:00,145,0.3,76.8,0.3,12.1,60.3,0.0,1010,,,2
17/06/2024,07:00,158,0.2,82.4,0.3,13.0,55.7,0.0,1010,,,3
17/06/2024,08:00,144,0.1,98.0,0.4,14.5,48.0,0.0,1011,,,3
17/06/2024,09:00,131,0.2,89.8,0.4,15.3,40.9,0.0,1011,,,2
17/06/2024,10:00,173,0.4,82.7,0.5,16.5,36.1,0.0,1010,,,2
17/06/2024,11:00,120,0.2,94.7,0.4,18.1,28.1,0.0,1009,,,2
17/06/2024,12:00,159,0.3,78.1,0.5,18.9,24.8,0.0,1008,,,2
17/06/2024,13:00,170,0.2,89.4,0.4,19.6,23.6,0.0,1008,,,2
17/06/2024,14:00,143,0.2,93.7,0.4,19.3,21.5,0.0,1008,,,2
17/06/2024,15:00,160,0.4,78.4,0.5,18.8,20.6,0.0,1008,,,2
17/06/2024,16:00,149,0.3,86.7,0.4,18.0,21.5,0.0,1008,,,2
17/06/2024,17:00,148,0.2,92.0,0.3,16.9,24.2,0.0,1009,,,3
17/06/2024,18:00,160,0.3,76.9,0.4,16.2,27.7,0.0,1010,,,3
17/06/2024,19:00,148,0.2,90.2,0.4,15.4,33.0,0.0,1010,,,3
17/06/2024,20:00,149,0.3,73.6,0.3,14.7,38.0,0.0,1011,,,4
17/06/2024,21:00,155,0.4,65.7,0.4,14.2,41.3,0.0,1011,,,4
17/06/2024,22:00,147,0.3,72.7,0.3,13.8,43.7,0.0,1012,,,5
17/06/2024,23:00,118,0.2,92.6,0.3,13.6,44.9,0.0,1011,,,10
18/06/2024,00:00,185,0.1,97.1,0.2,13.1,47.2,0.0,1011,,,12
18/06/2024,01:00,,0.0,93.7,0.2,12.9,49.3,0.0,1011,,,21
18/06/2024,02:00,154,0.1,83.1,0.2,12.5,51.7,0.0,1011,,,16
18/06/2024,03:00,122,0.1,83.8,0.3,12.3,53.1,0.0,1011,,,22
18/06/2024,04:00,170,0.3,70.9,0.4,11.7,56.0,0.0,1011,,,15
18/06/2024,05:00,146,0.1,90.1,0.2,11.4,58.0,0.0,1011,,,16
18/06/2024,06:00,168,0.1,85.3,0.3,11.4,58.2,0.0,1012,,,18
18/06/2024,07:00,172,0.1,89.0,0.2,12.6,54.9,0.0,1013,,,14
18/06/2024,08:00,159,0.3,84.9,0.3,14.7,47.9,0.0,1013,,,14
18/06/2024,09:00,161,0.4,73.3,0.4,16.1,44.6,0.0,1013,,,11
18/06/2024,10:00,171,0.8,55.5,0.6,16.9,42.1,0.0,1013,,,7
18/06/2024,11:00,144,0.4,74.0,0.4,18.4,38.2,0.0,1012,,,4
18/06/2024,12:00,127,0.1,104.8,0.3,19.9,35.5,0.0,1011,,,4
18/06/2024,13:00,132,0.2,88.2,0.3,20.3,34.2,0.0,1010,,,3
18/06/2024,14:00,,0.0,102.0,0.3,20.2,35.4,0.0,1010,,,22
18/06/2024,15:00,313,0.2,81.2,0.3,19.7,35.7,0.0,1010,,,53
18/06/2024,16:00,325,0.2,91.8,0.3,19.1,36.4,0.0,1010,,,62
18/06/2024,17:00,323,0.2,96.5,0.3,18.3,36.4,0.0,1010,,,58
18/06/2024,18:00,115,0.1,95.5,0.3,17.6,34.5,0.0,1011,,,9
18/06/2024,19:00,145,0.4,73.0,0.4,17.0,35.2,0.0,1012,,,3
18/06/2024,20:00,136,0.2,80.5,0.3,16.3,36.8,0.0,1012,,,3
18/06/2024,21:00,126,0.2,84.0,0.3,15.7,38.9,0.0,1012,,,3
18/06/2024,22:00,,0.0,89.8,0.3,15.0,41.7,0.0,1013,,,2
18/06/2024,23:00,135,0.1,92.8,0.2,14.4,44.4,0.0,1012,,,3
19/06/2024,00:00,130,0.2,83.0,0.3,14.3,45.7,0.0,1012,,,5
19/06/2024,01:00,142,0.1,83.7,0.2,13.8,47.4,0.0,1012,,,19
19/06/2024,02:00,,0.0,102.6,0.2,13.5,48.7,0.0,1012,,,28
19/06/2024,03:00,114,0.1,98.9,0.3,13.1,50.4,0.0,1011,,,21
19/06/2024,04:00,97,0.1,105.6,0.2,12.8,51.7,0.0,1012,,,21
19/06/2024,05:00,125,0.2,91.3,0.3,12.8,52.3,0.0,1012,,,24
19/06/2024,06:00,,0.0,101.2,0.2,12.6,54.4,0.0,1013,,,26
19/06/2024,07:00,341,0.1,96.0,0.3,13.8,50.7,0.0,1013,,,22
19/06/2024,08:00,153,0.1,95.3,0.3,15.5,45.2,0.0,1014,,,15
19/06/2024,09:00,135,0.1,88.0,0.4,16.3,42.9,0.0,1014,,,7
19/06/2024,10:00,109,0.2,91.4,0.4,17.6,39.9,0.0,1014,,,6
19/06/2024,11:00,156,0.2,88.7,0.4,18.9,36.7,0.0,1013,,,5
19/06/2024,12:00,155,0.2,85.3,0.3,20.0,30.6,0.0,1012,,,8
19/06/2024,13:00,120,0.1,89.3,0.2,20.8,30.4,0.0,1011,,,37
19/06/2024,14:00,315,0.3,81.6,0.3,20.6,30.6,0.0,1011,,,50
19/06/2024,15:00,304,0.2,78.1,0.3,20.1,30.1,0.0,1011,,,73
19/06/2024,16:00,313,0.4,64.8,0.3,19.6,29.3,0.0,1011,,,145
19/06/2024,17:00,304,0.3,57.7,0.2,18.8,30.5,0.0,1012,,,102
19/06/2024,18:00,327,1.2,21.4,0.5,18.2,33.9,0.0,1013,,,44
19/06/2024,19:00,320,0.9,36.1,0.3,17.6,37.2,0.0,1013,,,24
19/06/2024,20:00,131,0.2,52.0,0.1,16.1,42.8,0.0,1013,,,25
19/06/2024,21:00,212,0.1,72.8,0.1,15.0,48.9,0.0,1014,,,60
19/06/2024,22:00,264,0.1,90.2,0.2,14.6,45.7,0.0,1014,,,119
19/06/2024,23:00,152,0.2,67.2,0.2,14.3,46.1,0.0,1014,,,130
20/06/2024,00:00,186,0.1,75.4,0.2,13.6,46.8,0.0,1014,,,77
20/06/2024,01:00,200,0.1,83.0,0.2,12.9,50.1,0.0,1013,,,69
20/06/2024,02:00,,0.0,96.1,0.2,12.2,50.4,0.0,1013,,,49
20/06/2024,03:00,163,0.6,43.0,0.3,11.7,51.8,0.0,1013,,,44
20/06/2024,04:00,167,0.6,51.0,0.3,11.7,51.3,0.0,1013,,,33
20/06/2024,05:00,194,0.2,67.6,0.2,11.6,53.4,0.0,1014,,,16
20/06/2024,06:00,165,0.3,71.2,0.3,11.3,58.3,0.0,1014,,,13
20/06/2024,07:00,144,0.3,67.7,0.3,11.7,58.4,0.0,1015,,,19
20/06/2024,08:00,138,0.5,41.9,0.3,12.9,55.3,0.0,1015,,,35
20/06/2024,09:00,155,0.8,37.7,0.3,14.1,51.3,0.0,1016,,,52
20/06/2024,10:00,151,0.7,44.1,0.3,16.7,42.7,0.0,1015,,,70
20/06/2024,11:00,164,1.0,17.5,0.3,18.2,37.7,0.0,1014,,,85
20/06/2024,12:00,164,0.9,32.2,0.4,19.8,31.1,0.0,1013,,,94
20/06/2024,13:00,160,0.6,46.5,0.3,20.4,31.1,0.0,1013,,,108
20/06/2024,14:00,167,0.5,56.3,0.3,20.5,34.2,0.0,1013,,,48
20/06/2024,15:00,158,0.4,53.7,0.3,21.0,32.7,0.0,1013,,,18
20/06/2024,16:00,350,0.6,30.8,0.3,20.2,36.4,0.0,1014,,,32
20/06/2024,17:00,357,0.6,35.6,0.3,18.8,37.9,0.0,1014,,,45
20/06/2024,18:00,109,0.3,34.0,0.2,18.6,37.6,0.0,1015,,,49
20/06/2024,19:00,333,0.5,37.9,0.2,18.7,37.3,0.0,1015,,,51
20/06/2024,20:00,324,1.0,21.7,0.4,18.5,34.6,0.0,1015,,,25
20/06/2024,21:00,324,0.6,43.9,0.3,18.0,41.0,0.0,1015,,,18
20/06/2024,22:00,316,0.4,52.5,0.3,18.1,49.9,0.0,1015,,,11
20/06/2024,23:00,164,0.2,47.1,0.2,16.7,52.4,0.0,1014,,,19
21/06/2024,00:00,146,0.3,65.5,0.2,15.7,57.0,0.0,1014,,,23
21/06/2024,01:00,186,0.2,77.2,0.3,14.9,62.2,0.0,1014,,,23
21/06/2024,02:00,191,0.1,87.7,0.2,14.2,63.6,0.0,1014,,,20
21/06/2024,03:00,148,0.1,87.9,0.2,13.9,64.4,0.0,1014,,,22
21/06/2024,04:00,166,0.3,60.2,0.3,13.4,68.0,0.0,1014,,,35
21/06/2024,05:00,167,0.1,71.8,0.2,12.9,70.2,0.0,1014,,,59
21/06/2024,06:00,166,0.8,29.3,0.3,12.3,71.6,0.0,1015,,,74
21/06/2024,07:00,156,0.2,63.7,0.2,13.2,67.0,0.0,1016,,,79
21/06/2024,08:00,130,0.3,64.8,0.3,14.4,61.9,0.0,1016,,,73
21/06/2024,09:00,156,0.3,64.0,0.2,15.8,58.3,0.0,1016,,,93
21/06/2024,10:00,148,0.5,41.5,0.3,18.3,47.1,0.0,1016,,,82
21/06/2024,11:00,146,0.5,44.1,0.3,20.2,41.4,0.0,1015,,,55
21/06/2024,12:00,324,0.6,51.8,0.5,22.6,36.8,0.0,1014,,,15
21/06/2024,13:00,333,1.3,36.6,0.7,22.9,38.0,0.0,1013,,,10
21/06/2024,14:00,351,0.9,41.4,0.5,21.9,45.9,0.0,1012,,,13
21/06/2024,15:00,339,0.8,35.5,0.4,21.5,52.3,0.0,1013,,,11
21/06/2024,16:00,11,0.4,51.9,0.3,21.1,56.8,0.0,1013,,,10
21/06/2024,17:00,342,0.5,38.1,0.3,20.5,60.4,0.0,1014,,,12
21/06/2024,18:00,126,0.1,73.7,0.2,19.9,62.9,0.0,1014,,,22
21/06/2024,19:00,88,0.2,80.1,0.2,20.0,52.5,0.0,1015,,,33
21/06/2024,20:00,109,0.1,85.7,0.2,19.8,48.5,0.0,1016,,,25
21/06/2024,21:00,104,0.2,96.6,0.2,19.4,48.4,0.0,1016,,,12
21/06/2024,22:00,94,0.2,79.3,0.2,18.8,49.7,0.0,1016,,,7
21/06/2024,23:00,127,0.2,79.6,0.3,18.2,53.3,0.0,1016,,,6
22/06/2024,00:00,117,0.3,70.3,0.3,17.7,55.5,0.0,1016,,,4
22/06/2024,01:00,150,0.2,83.9,0.3,17.4,54.5,0.0,1016,,,2
22/06/2024,02:00,165,0.2,87.2,0.3,17.2,54.8,0.0,1016,,,3
22/06/2024,03:00,163,0.3,69.1,0.3,16.7,56.7,0.0,1016,,,3
22/06/2024,04:00,163,0.6,37.2,0.3,16.2,58.6,0.0,1016,,,3
22/06/2024,05:00,159,0.2,83.8,0.3,16.1,57.9,0.0,1017,,,3
22/06/2024,06:00,118,0.2,78.9,0.3,16.3,53.5,0.0,1017,,,2
22/06/2024,07:00,174,0.3,76.2,0.3,16.1,49.2,0.0,1018,,,2
22/06/2024,08:00,165,0.4,66.5,0.3,16.1,49.5,0.0,1018,,,2
22/06/2024,09:00,137,0.1,99.4,0.3,17.0,43.8,0.0,1019,,,3
22/06/2024,10:00,164,0.3,83.1,0.4,17.0,43.7,0.0,1018,,,3
22/06/2024,11:00,151,0.3,77.5,0.4,16.9,42.5,0.0,1018,,,5
22/06/2024,12:00,140,0.2,87.3,0.4,17.5,39.6,0.0,1017,,,4
22/06/2024,13:00,87,0.1,89.9,0.3,18.3,38.4,0.0,1016,,,4
22/06/2024,14:00,158,0.3,55.6,0.3,18.7,38.6,0.0,1016,,,4
22/06/2024,15:00,332,0.6,21.6,0.2,18.7,41.4,0.0,1016,,,3
22/06/2024,16:00,2,0.4,46.3,0.3,18.2,45.5,0.0,1016,,,4
22/06/2024,17:00,84,0.1,42.0,0.1,17.7,49.6,0.0,1016,,,7
22/06/2024,18:00,326,0.1,72.5,0.2,16.5,56.0,0.0,1016,,,23
22/06/2024,19:00,85,0.1,67.0,0.1,15.7,59.6,0.0,1017,,,23
22/06/2024,20:00,149,0.3,51.2,0.3,14.8,63.4,0.0,1017,,,37
22/06/2024,21:00,128,0.2,68.6,0.2,14.4,64.7,0.0,1017,,,32
22/06/2024,22:00,161,0.4,62.5,0.3,13.8,63.2,0.0,1017,,,20
22/06/2024,23:00,163,0.4,70.5,0.3,13.1,64.5,0.0,1017,,,20
23/06/2024,00:00,177,0.4,64.9,0.4,12.2,65.4,0.0,1017,,,25
23/06/2024,01:00,182,0.8,43.4,0.6,11.2,67.8,0.0,1016,,,21
23/06/2024,02:00,181,0.4,69.2,0.5,11.0,66.4,0.0,1016,,,17
23/06/2024,03:00,146,0.3,72.5,0.4,11.0,64.3,0.0,1015,,,12
23/06/2024,04:00,161,0.5,63.4,0.4,11.0,64.3,0.0,1015,,,8
23/06/2024,05:00,161,0.4,60.7,0.3,10.6,66.5,0.0,1016,,,7
23/06/2024,06:00,167,0.9,32.9,0.4,9.8,70.1,0.0,1016,,,8
23/06/2024,07:00,156,0.4,66.6,0.3,11.2,64.2,0.0,1016,,,8
23/06/2024,08:00,145,0.4,62.7,0.4,13.6,53.8,0.0,1017,,,6
23/06/2024,09:00,155,0.3,78.1,0.5,15.7,47.6,0.0,1017,,,5
23/06/2024,10:00,172,0.8,53.2,0.5,16.9,44.8,0.0,1016,,,4
23/06/2024,11:00,150,0.5,74.5,0.5,18.4,42.3,0.0,1015,,,4
23/06/2024,12:00,156,0.1,93.1,0.3,19.6,40.4,0.0,1014,,,4
23/06/2024,13:00,148,0.1,89.8,0.3,20.4,38.3,0.0,1013,,,3
23/06/2024,14:00,177,0.9,56.5,0.6,20.0,36.7,0.0,1013,,,2
23/06/2024,15:00,171,1.6,33.2,0.8,19.5,39.4,0.0,1013,,,1
23/06/2024,16:00,182,1.5,37.0,0.9,18.6,41.7,0.0,1014,,,1
23/06/2024,17:00,178,1.4,42.0,0.9,17.4,46.6,0.0,1014,,,2
23/06/2024,18:00,183,1.1,44.7,0.7,16.2,50.0,0.0,1015,,,2
23/06/2024,19:00,149,0.3,71.8,0.3,15.4,53.9,0.0,1015,,,5
23/06/2024,20:00,134,0.3,73.2,0.3,14.8,56.3,0.0,1015,,,4
23/06/2024,21:00,163,0.3,70.9,0.4,14.2,57.7,0.0,1015,,,3
23/06/2024,22:00,154,0.2,75.2,0.2,13.9,58.6,0.0,1015,,,2
23/06/2024,23:00,152,0.3,65.4,0.3,14.0,57.6,0.0,1015,,,1
24/06/2024,00:00,137,0.4,60.4,0.3,13.8,57.8,0.0,1015,,,1
24/06/2024,01:00,143,0.3,66.6,0.3,14.0,56.8,0.0,1014,,,1
24/06/2024,02:00,174,0.7,44.9,0.4,12.9,61.4,0.0,1014,,,1
24/06/2024,03:00,142,0.5,53.4,0.4,12.8,61.4,0.0,1014,,,1
24/06/2024,04:00,149,0.6,46.9,0.4,12.6,61.5,0.0,1014,,,1
24/06/2024,05:00,142,0.4,60.4,0.3,12.4,61.5,0.0,1015,,,2
24/06/2024,06:00,165,0.7,45.6,0.4,11.5,66.4,0.0,1015,,,2
24/06/2024,07:00,136,0.4,56.1,0.3,13.1,59.6,0.0,1016,,,3
24/06/2024,08:00,144,0.3,76.4,0.3,15.1,52.3,0.0,1016,,,3
24/06/2024,09:00,160,0.3,78.6,0.4,16.8,46.9,0.0,1016,,,3
24/06/2024,10:00,164,0.9,54.0,0.6,17.5,46.1,0.0,1016,,,2
24/06/2024,11:00,157,0.7,48.2,0.5,18.8,45.6,0.0,1016,,,3
24/06/2024,12:00,160,0.4,57.5,0.4,20.3,44.4,0.0,1015,,,3
24/06/2024,13:00,6,0.5,45.7,0.5,21.2,45.7,0.0,1014,,,3
24/06/2024,14:00,0,0.8,46.3,0.6,21.4,48.0,0.0,1014,,,3
24/06/2024,15:00,39,0.8,47.9,0.6,20.5,53.5,0.0,1014,,,2
24/06/2024,16:00,71,0.9,40.5,0.5,19.7,56.6,0.0,1014,,,2
24/06/2024,17:00,46,0.6,41.0,0.3,18.6,63.1,0.0,1015,,,3
24/06/2024,18:00,21,0.3,56.3,0.3,18.1,65.7,0.0,1016,,,4
24/06/2024,19:00,325,0.2,68.2,0.2,17.8,66.8,0.0,1016,,,6
24/06/2024,20:00,275,0.1,68.2,0.2,17.4,68.7,0.0,1017,,,15
24/06/2024,21:00,153,0.2,46.1,0.2,17.2,69.1,0.0,1017,,,13
24/06/2024,22:00,145,0.3,61.3,0.2,16.9,69.1,0.0,1017,,,10
24/06/2024,23:00,136,0.1,71.0,0.2,16.4,70.9,0.0,1017,,,12
25/06/2024,00:00,1,0.1,80.1,0.2,16.4,70.9,0.0,1017,,,13
25/06/2024,01:00,316,1.2,42.4,0.6,16.2,74.7,0.0,1017,,,8
25/06/2024,02:00,332,0.1,75.1,0.3,15.5,83.3,0.1,1017,,,8
25/06/2024,03:00,151,0.3,62.2,0.3,15.4,84.6,0.0,1017,,,8
25/06/2024,04:00,156,0.1,81.0,0.3,15.1,85.0,0.0,1017,,,9
25/06/2024,05:00,156,0.1,82.1,0.2,14.6,84.8,0.0,1017,,,18
25/06/2024,06:00,200,0.1,100.7,0.2,14.1,85.0,0.0,1018,,,23
25/06/2024,07:00,170,0.2,76.8,0.3,14.3,84.8,0.0,1019,,,24
25/06/2024,08:00,152,0.3,68.7,0.3,14.8,82.8,0.0,1019,,,27
25/06/2024,09:00,160,0.5,69.5,0.4,15.5,78.9,0.0,1019,,,26
25/06/2024,10:00,157,0.5,69.5,0.4,17.1,72.5,0.0,1019,,,18
25/06/2024,11:00,152,0.4,73.3,0.4,19.0,65.9,0.0,1019,,,19
25/06/2024,12:00,159,0.4,63.5,0.3,20.8,59.5,0.0,1018,,,15
25/06/2024,13:00,117,0.1,44.5,0.4,21.6,54.0,0.0,1017,,,9
25/06/2024,14:00,336,1.3,31.8,0.6,22.1,48.0,0.0,1016,,,4
25/06/2024,15:00,340,1.6,24.8,0.6,21.4,50.3,0.0,1017,,,3
25/06/2024,16:00,339,1.0,35.8,0.5,20.5,56.2,0.0,1017,,,3
25/06/2024,17:00,335,0.7,35.9,0.3,19.6,62.8,0.0,1017,,,5
25/06/2024,18:00,5,0.4,42.7,0.3,19.1,66.0,0.0,1018,,,8
25/06/2024,19:00,69,0.5,28.3,0.2,18.7,69.4,0.0,1018,,,10
25/06/2024,20:00,356,0.4,36.9,0.2,18.4,72.7,0.0,1018,,,10
25/06/2024,21:00,127,0.1,60.2,0.1,18.1,74.9,0.0,1019,,,10
25/06/2024,22:00,139,0.1,86.7,0.1,17.4,75.3,0.0,1019,,,20
25/06/2024,23:00,202,0.1,76.9,0.2,16.8,77.5,0.0,1019,,,20
26/06/2024,00:00,159,0.1,78.2,0.2,16.4,79.9,0.0,1018,,,16
26/06/2024,01:00,238,0.1,88.2,0.2,16.4,79.8,0.0,1018,,,20
26/06/2024,02:00,165,0.3,66.5,0.3,16.0,80.2,0.0,1018,,,23
26/06/2024,03:00,175,0.1,95.6,0.2,15.2,81.3,0.0,1018,,,20
26/06/2024,04:00,168,0.6,45.8,0.3,14.5,82.1,0.0,1018,,,14
26/06/2024,05:00,170,0.5,54.5,0.3,14.1,81.9,0.0,1019,,,16
26/06/2024,06:00,162,0.3,67.7,0.3,13.9,81.7,0.0,1019,,,16
26/06/2024,07:00,168,0.5,50.6,0.3,14.1,81.2,0.0,1020,,,14
26/06/2024,08:00,149,0.3,63.1,0.3,16.2,73.1,0.0,1020,,,14
26/06/2024,09:00,158,0.6,53.3,0.4,18.5,65.2,0.0,1020,,,11
26/06/2024,10:00,157,0.9,32.2,0.4,19.8,61.7,0.0,1020,,,8
26/06/2024,11:00,160,0.5,51.7,0.4,21.7,56.0,0.0,1018,,,7
26/06/2024,12:00,149,0.4,60.3,0.3,22.7,52.9,0.0,1017,,,6
26/06/2024,13:00,154,0.6,43.2,0.3,22.9,52.1,0.0,1017,,,7
26/06/2024,14:00,4,0.6,36.4,0.4,23.4,51.9,0.0,1016,,,6
26/06/2024,15:00,351,0.8,37.2,0.4,22.5,56.0,0.0,1016,,,6
26/06/2024,16:00,341,1.1,25.0,0.5,21.7,59.2,0.0,1017,,,6
26/06/2024,17:00,343,1.0,28.3,0.5,20.2,64.4,0.0,1017,,,6
26/06/2024,18:00,344,0.7,35.9,0.4,19.6,67.7,0.0,1017,,,8
26/06/2024,19:00,316,1.3,21.0,0.5,19.4,70.3,0.0,1017,,,16
26/06/2024,20:00,306,0.1,78.7,0.2,19.0,73.1,0.0,1017,,,15
26/06/2024,21:00,60,0.4,46.8,0.2,18.3,76.3,0.0,1017,,,18
26/06/2024,22:00,335,0.3,53.2,0.2,17.7,77.9,0.0,1017,,,25
26/06/2024,23:00,167,0.4,59.0,0.2,17.3,79.8,0.0,1017,,,24
27/06/2024,00:00,166,0.5,45.4,0.3,16.6,81.7,0.0,1017,,,19
27/06/2024,01:00,160,0.1,82.7,0.1,16.3,82.5,0.0,1017,,,21
27/06/2024,02:00,157,0.1,85.4,0.2,16.5,81.1,0.0,1017,,,24
27/06/2024,03:00,161,0.3,69.6,0.3,16.3,81.1,0.0,1017,,,25
27/06/2024,04:00,145,0.1,82.8,0.2,16.3,80.8,0.0,1017,,,27
27/06/2024,05:00,163,0.3,63.5,0.2,16.3,80.7,0.0,1017,,,21
27/06/2024,06:00,169,0.8,29.2,0.3,15.8,82.2,0.0,1018,,,21
27/06/2024,07:00,169,0.3,70.2,0.2,15.8,82.1,0.0,1018,,,20
27/06/2024,08:00,149,0.3,75.4,0.2,16.6,78.3,0.0,1018,,,21
27/06/2024,09:00,157,0.9,25.9,0.4,18.0,70.4,0.0,1018,,,15
27/06/2024,10:00,155,0.8,37.4,0.4,20.4,61.0,0.0,1018,,,11
27/06/2024,11:00,142,0.1,81.3,0.3,23.0,51.9,0.0,1017,,,14
27/06/2024,12:00,152,0.3,48.9,0.3,23.5,49.9,0.0,1016,,,12
27/06/2024,13:00,1,0.7,33.0,0.3,23.4,51.7,0.0,1015,,,11
27/06/2024,14:00,341,0.9,33.9,0.5,22.9,56.6,0.0,1015,,,11
27/06/2024,15:00,336,1.1,20.8,0.4,22.2,59.3,0.0,1015,,,13
27/06/2024,16:00,335,1.1,22.7,0.5,21.7,62.3,0.0,1016,,,13
27/06/2024,17:00,332,1.1,26.4,0.4,20.8,67.9,0.0,1016,,,15
27/06/2024,18:00,328,0.3,44.5,0.3,20.6,70.7,0.0,1016,,,18
27/06/2024,19:00,176,0.1,74.0,0.2,20.3,71.6,0.0,1017,,,20
27/06/2024,20:00,175,0.5,66.1,0.4,19.9,67.5,0.0,1017,,,17
27/06/2024,21:00,162,0.4,66.5,0.3,18.9,72.0,0.0,1018,,,21
27/06/2024,22:00,177,0.1,72.2,0.2,18.4,74.0,0.0,1018,,,20
27/06/2024,23:00,,0.0,75.5,0.1,17.9,76.2,0.0,1018,,,19
28/06/2024,00:00,152,0.3,63.8,0.2,17.1,78.5,0.0,1018,,,17
28/06/2024,01:00,180,0.2,81.8,0.3,16.4,80.3,0.0,1018,,,16
28/06/2024,02:00,167,0.1,81.3,0.2,16.2,79.3,0.0,1018,,,18
28/06/2024,03:00,174,0.7,51.4,0.4,15.9,81.2,0.0,1018,,,17
28/06/2024,04:00,164,0.3,74.1,0.3,15.7,81.5,0.0,1018,,,16
28/06/2024,05:00,151,0.2,76.3,0.3,15.3,80.0,0.0,1018,,,15
28/06/2024,06:00,178,0.8,34.6,0.4,14.5,82.4,0.0,1019,,,15
28/06/2024,07:00,158,0.2,72.2,0.3,15.4,77.8,0.0,1020,,,15
28/06/2024,08:00,165,0.4,70.9,0.3,17.2,69.7,0.0,1021,,,17
28/06/2024,09:00,171,0.6,65.4,0.5,18.6,64.6,0.0,1021,,,17
28/06/2024,10:00,159,0.8,54.6,0.6,20.2,59.1,0.0,1020,,,15
28/06/2024,11:00,142,1.1,39.0,0.6,21.7,53.4,0.0,1020,,,10
28/06/2024,12:00,143,1.1,41.8,0.6,22.7,50.6,0.0,1019,,,9
28/06/2024,13:00,105,1.0,41.7,0.6,22.4,51.9,0.0,1019,,,7
28/06/2024,14:00,86,1.3,35.5,0.7,21.8,55.5,0.0,1019,,,6
28/06/2024,15:00,84,1.4,37.0,0.7,21.6,55.3,0.0,1019,,,5
28/06/2024,16:00,78,1.0,43.2,0.6,20.8,60.7,0.0,1019,,,6
28/06/2024,17:00,64,0.8,40.5,0.4,20.1,63.0,0.0,1020,,,6
28/06/2024,18:00,51,0.7,36.0,0.3,19.5,64.4,0.0,1020,,,7
28/06/2024,19:00,21,0.4,50.1,0.3,19.0,65.1,0.0,1021,,,8
28/06/2024,20:00,126,0.4,30.3,0.2,18.6,65.7,0.0,1021,,,10
28/06/2024,21:00,144,0.5,30.8,0.2,18.2,66.0,0.0,1021,,,10
28/06/2024,22:00,122,0.3,52.6,0.2,17.9,66.7,0.0,1021,,,10
28/06/2024,23:00,95,0.4,44.2,0.2,17.6,66.9,0.0,1020,,,13
29/06/2024,00:00,147,0.2,68.5,0.2,16.8,71.3,0.0,1020,,,17
29/06/2024,01:00,130,0.2,83.0,0.2,16.6,71.2,0.0,1020,,,16
29/06/2024,02:00,174,0.5,45.6,0.3,15.9,74.8,0.0,1020,,,16
29/06/2024,03:00,174,0.6,44.8,0.3,14.9,78.6,0.0,1020,,,17
29/06/2024,04:00,166,0.5,51.3,0.3,14.7,79.6,0.0,1020,,,20
29/06/2024,05:00,156,0.3,59.3,0.3,14.8,78.3,0.0,1020,,,17
29/06/2024,06:00,167,0.3,59.6,0.3,14.3,80.3,0.0,1020,,,16
29/06/2024,07:00,164,0.2,72.1,0.2,14.8,77.0,0.0,1021,,,19
29/06/2024,08:00,157,0.4,70.4,0.3,15.8,73.3,0.0,1021,,,16
29/06/2024,09:00,163,1.0,32.7,0.5,17.0,68.1,0.0,1021,,,17
29/06/2024,10:00,159,0.6,44.4,0.3,19.4,60.8,0.0,1021,,,23
29/06/2024,11:00,353,0.7,33.9,0.4,21.6,54.2,0.0,1020,,,13
29/06/2024,12:00,337,1.2,38.1,0.6,21.6,54.6,0.0,1019,,,5
29/06/2024,13:00,347,1.3,31.2,0.6,21.7,54.6,0.0,1018,,,4
29/06/2024,14:00,334,1.5,25.9,0.6,21.3,56.4,0.0,1018,,,4
29/06/2024,15:00,335,1.5,25.3,0.7,21.0,58.0,0.0,1018,,,4
29/06/2024,16:00,334,1.3,23.1,0.6,20.7,60.0,0.0,1018,,,5
29/06/2024,17:00,334,1.3,16.9,0.5,20.4,61.5,0.0,1018,,,6
29/06/2024,18:00,351,0.5,52.0,0.4,20.4,63.0,0.0,1018,,,11
29/06/2024,19:00,60,0.4,61.0,0.3,20.1,66.0,0.0,1019,,,11
29/06/2024,20:00,21,0.2,54.8,0.3,19.9,68.5,0.0,1019,,,15
29/06/2024,21:00,2,0.3,59.8,0.3,19.9,68.7,0.0,1018,,,19
29/06/2024,22:00,337,0.8,47.3,0.4,19.6,69.5,0.0,1018,,,22
29/06/2024,23:00,336,0.8,27.2,0.3,19.3,69.9,0.0,1017,,,24
30/06/2024,00:00,122,0.1,56.9,0.2,19.2,70.0,0.0,1017,,,17
30/06/2024,01:00,11,0.2,76.1,0.2,18.9,71.1,0.0,1016,,,16
30/06/2024,02:00,1,0.1,65.6,0.2,19.0,69.0,0.0,1016,,,9
30/06/2024,03:00,163,0.5,41.8,0.3,18.1,73.4,0.0,1016,,,16
30/06/2024,04:00,118,0.1,81.7,0.2,17.3,77.6,0.0,1016,,,24
30/06/2024,05:00,147,0.2,72.7,0.2,16.5,81.5,0.0,1016,,,25
30/06/2024,06:00,158,0.6,29.6,0.2,16.1,82.8,0.0,1016,,,24
30/06/2024,07:00,139,0.1,68.3,0.2,16.6,81.1,0.0,1016,,,26
30/06/2024,08:00,97,0.2,57.1,0.2,17.8,75.9,0.0,1016,,,26
30/06/2024,09:00,136,0.5,45.6,0.3,20.5,64.1,0.0,1016,,,16
30/06/2024,10:00,323,0.1,94.6,0.3,23.4,54.9,0.0,1015,,,6
30/06/2024,11:00,331,0.2,94.2,0.4,24.9,50.4,0.0,1014,,,4
30/06/2024,12:00,335,0.4,82.7,0.4,25.9,47.1,0.0,1012,,,4
30/06/2024,13:00,314,0.5,89.3,0.6,26.4,45.8,0.0,1011,,,4
30/06/2024,14:00,324,0.6,63.7,0.5,26.0,47.5,0.0,1010,,,4
30/06/2024,15:00,325,0.7,59.7,0.5,26.0,47.8,0.0,1010,,,4
30/06/2024,16:00,328,0.4,79.3,0.4,25.7,48.4,0.0,1010,,,5
30/06/2024,17:00,333,1.4,14.5,0.4,24.1,56.5,0.0,1010,,,6
30/06/2024,18:00,334,1.1,21.2,0.4,23.0,60.8,0.0,1011,,,9
30/06/2024,19:00,333,1.4,17.7,0.5,22.4,62.7,0.0,1011,,,11
30/06/2024,20:00,323,0.9,47.5,0.5,21.9,65.5,0.1,1012,,,12
30/06/2024,21:00,155,0.2,82.0,0.3,21.4,69.3,0.0,1013,12.2,5.3,14
30/06/2024,22:00,122,0.1,97.8,0.3,20.0,77.3,0.0,1014,6.5,3.4,9
30/06/2024,23:00,323,0.3,63.8,0.2,19.8,74.1,0.0,1013,5.9,3.2,6
01/07/2024,00:00,322,0.5,70.1,0.4,20.0,69.0,0.0,1012,3.8,1.5,
01/07/2024,01:00,115,0.2,76.8,0.2,20.1,66.5,0.0,1012,2.2,1.1,0
01/07/2024,02:00,127,0.2,61.0,0.3,20.0,65.5,0.0,1012,3.6,1.2,0
01/07/2024,03:00,161,0.6,40.8,0.3,19.4,70.6,0.0,1012,6.2,2.5,2
01/07/2024,04:00,157,0.5,39.8,0.3,18.8,75.4,0.0,1012,5.2,2.2,2
01/07/2024,05:00,174,0.6,59.5,0.4,18.7,76.9,0.0,1013,6.0,2.2,2
01/07/2024,06:00,167,0.1,85.0,0.2,18.8,76.9,0.0,1014,6.6,2.7,3
01/07/2024,07:00,167,0.3,51.7,0.2,19.1,74.8,0.0,1014,6.3,2.5,3
01/07/2024,08:00,162,0.9,29.4,0.4,19.2,73.9,0.0,1015,10.7,3.3,4
01/07/2024,09:00,,,,,,,,,12.7,3.8,6
01/07/2024,10:00,,,,,,,,,6.6,2.4,3
01/07/2024,11:00,,,,,,,,,5.8,2.4,2
01/07/2024,12:00,,,,,,,,,8.3,3.3,4
01/07/2024,13:00,,,,,,,,,11.6,4.4,7
01/07/2024,14:00,,,,,,,,,12.8,4.8,10
01/07/2024,15:00,,,,,,,,,14.7,4.4,8
01/07/2024,16:00,,,,,,,,,13.8,5.0,10
01/07/2024,17:00,,,,,,,,,8.7,4.1,8
01/07/2024,18:00,,,,,,,,,7.2,3.3,5
01/07/2024,19:00,,,,,,,,,7.5,3.7,5
01/07/2024,20:00,,,,,,,,,7.0,2.8,3
01/07/2024,21:00,,,,,,,,,5.1,2.2,2
01/07/2024,22:00,,,,,,,,,3.3,1.4,1
01/07/2024,23:00,,,,,,,,,4.4,1.4,0
02/07/2024,00:00,,,,,,,,,3.5,1.5,0
02/07/2024,01:00,,,,,,,,,4.4,2.1,0
02/07/2024,02:00,,,,,,,,,5.0,2.0,0
02/07/2024,03:00,,,,,,,,,4.2,1.7,0
02/07/2024,04:00,,,,,,,,,3.8,1.1,0
02/07/2024,05:00,,,,,,,,,3.0,1.1,0
02/07/2024,06:00,,,,,,,,,4.1,1.5,0
02/07/2024,07:00,,,,,,,,,5.0,1.7,1
02/07/2024,08:00,,,,,,,,,6.0,2.1,1
02/07/2024,09:00,,,,,,,,,5.5,2.2,2
02/07/2024,10:00,,,,,,,,,6.2,2.7,2
02/07/2024,11:00,,,,,,,,,5.9,2.2,2
02/07/2024,12:00,,,,,,,,,6.8,3.0,3
02/07/2024,13:00,,,,,,,,,7.4,2.7,4
02/07/2024,14:00,,,,,,,,,8.6,3.0,3
02/07/2024,15:00,,,,,,,,,7.1,2.7,3
02/07/2024,16:00,,,,,,,,,7.7,2.6,2
02/07/2024,17:00,,,,,,,,,7.7,2.7,2
02/07/2024,18:00,,,,,,,,,6.7,3.1,3
02/07/2024,19:00,,,,,,,,,7.2,3.0,3
02/07/2024,20:00,,,,,,,,,7.2,3.3,3
02/07/2024,21:00,,,,,,,,,6.0,3.1,3
02/07/2024,22:00,,,,,,,,,5.7,2.9,2
02/07/2024,23:00,,,,,,,,,4.9,2.0,1
03/07/2024,00:00,,,,,,,,,4.7,2.0,1
03/07/2024,01:00,,,,,,,,,5.1,2.2,1
03/07/2024,02:00,,,,,,,,,6.6,2.7,2
03/07/2024,03:00,,,,,,,,,5.7,2.3,2
03/07/2024,04:00,,,,,,,,,5.8,2.4,1
03/07/2024,05:00,,,,,,,,,7.3,3.1,1
03/07/2024,06:00,,,,,,,,,8.2,3.2,2
03/07/2024,07:00,,,,,,,,,7.9,2.9,2
03/07/2024,08:00,,,,,,,,,8.5,3.2,3
03/07/2024,09:00,,,,,,,,,8.8,3.2,3
03/07/2024,10:00,,,,,,,,,8.8,3.4,3
03/07/2024,11:00,,,,,,,,,8.8,3.6,4
03/07/2024,12:00,,,,,,,,,9.7,4.2,6
03/07/2024,13:00,,,,,,,,,11.6,4.5,8
03/07/2024,14:00,,,,,,,,,12.9,4.4,5
03/07/2024,15:00,,,,,,,,,12.6,4.5,6
03/07/2024,16:00,,,,,,,,,10.8,3.4,3
03/07/2024,17:00,,,,,,,,,9.9,3.6,2
03/07/2024,18:00,,,,,,,,,10.7,4.3,4
03/07/2024,19:00,,,,,,,,,11.3,4.4,6
03/07/2024,20:00,,,,,,,,,9.8,3.8,5
03/07/2024,21:00,,,,,,,,,7.3,2.6,2
03/07/2024,22:00,,,,,,,,,7.0,2.5,1
03/07/2024,23:00,,,,,,,,,7.2,2.5,1
04/07/2024,00:00,,,,,,,,,5.9,1.9,0
04/07/2024,01:00,,,,,,,,,6.2,2.4,1
04/07/2024,02:00,,,,,,,,,7.7,2.7,1
04/07/2024,03:00,,,,,,,,,9.1,3.2,1
04/07/2024,04:00,,,,,,,,,8.8,3.4,1
04/07/2024,05:00,,,,,,,,,8.1,3.3,2
04/07/2024,06:00,,,,,,,,,9.0,3.0,2
04/07/2024,07:00,,,,,,,,,9.2,3.2,2
04/07/2024,08:00,,,,,,,,,11.4,3.8,3
04/07/2024,09:00,,,,,,,,,16.4,4.8,5
04/07/2024,10:00,,,,,,,,,20.0,5.5,5
04/07/2024,11:00,,,,,,,,,17.4,5.3,4
04/07/2024,12:00,,,,,,,,,16.1,4.7,4
04/07/2024,13:00,,,,,,,,,15.0,4.6,3
04/07/2024,14:00,,,,,,,,,13.2,4.1,3
04/07/2024,15:00,,,,,,,,,12.0,3.7,3
04/07/2024,16:00,,,,,,,,,9.8,3.3,2
04/07/2024,17:00,,,,,,,,,11.2,4.2,3
04/07/2024,18:00,,,,,,,,,10.6,4.5,4
04/07/2024,19:00,,,,,,,,,10.3,4.1,4
04/07/2024,20:00,,,,,,,,,11.3,4.5,4
04/07/2024,21:00,,,,,,,,,14.0,5.1,5
04/07/2024,22:00,,,,,,,,,11.1,4.5,5
04/07/2024,23:00,,,,,,,,,10.5,4.1,4
05/07/2024,00:00,,,,,,,,,9.0,3.7,3
05/07/2024,01:00,,,,,,,,,9.4,3.6,2
05/07/2024,02:00,,,,,,,,,8.5,3.5,2
05/07/2024,03:00,,,,,,,,,8.6,3.6,2
05/07/2024,04:00,,,,,,,,,9.5,3.9,3
05/07/2024,05:00,,,,,,,,,9.3,3.9,3
05/07/2024,06:00,,,,,,,,,11.1,4.5,4
05/07/2024,07:00,,,,,,,,,10.8,4.4,4
05/07/2024,08:00,,,,,,,,,12.6,4.5,4
05/07/2024,09:00,,,,,,,,,14.5,5.2,6
05/07/2024,10:00,,,,,,,,,16.1,5.6,7
05/07/2024,11:00,,,,,,,,,15.4,5.3,5
05/07/2024,12:00,,,,,,,,,15.8,4.7,4
05/07/2024,13:00,,,,,,,,,12.7,4.2,3
05/07/2024,14:00,,,,,,,,,13.7,4.1,3
05/07/2024,15:00,,,,,,,,,11.8,3.3,2
05/07/2024,16:00,,,,,,,,,9.7,3.3,2
05/07/2024,17:00,,,,,,,,,9.7,3.5,2
05/07/2024,18:00,,,,,,,,,9.5,4.0,4
05/07/2024,19:00,,,,,,,,,9.5,4.3,5
05/07/2024,20:00,,,,,,,,,10.7,4.8,6
05/07/2024,21:00,,,,,,,,,12.7,5.7,8
05/07/2024,22:00,,,,,,,,,10.9,5.5,9
05/07/2024,23:00,,,,,,,,,10.8,5.5,9
06/07/2024,00:00,,,,,,,,,11.4,5.2,6
06/07/2024,01:00,,,,,,,,,12.0,5.8,8
06/07/2024,02:00,,,,,,,,,12.9,5.8,8
06/07/2024,03:00,,,,,,,,,9.8,4.5,6
06/07/2024,04:00,,,,,,,,,8.8,3.7,4
06/07/2024,05:00,,,,,,,,,8.3,3.4,3
06/07/2024,06:00,,,,,,,,,6.4,2.9,2
06/07/2024,07:00,,,,,,,,,7.3,3.2,2
06/07/2024,08:00,,,,,,,,,7.8,3.2,2
06/07/2024,09:00,,,,,,,,,9.7,3.6,2
06/07/2024,10:00,,,,,,,,,14.0,5.0,3
06/07/2024,11:00,,,,,,,,,16.8,5.6,5
06/07/2024,12:00,,,,,,,,,14.7,5.4,5
06/07/2024,13:00,,,,,,,,,13.8,5.1,4
06/07/2024,14:00,,,,,,,,,13.3,4.7,4
06/07/2024,15:00,,,,,,,,,14.8,5.3,4
06/07/2024,16:00,,,,,,,,,17.6,5.8,4
06/07/2024,17:00,,,,,,,,,16.8,6.0,5
06/07/2024,18:00,,,,,,,,,15.1,5.9,5
06/07/2024,19:00,,,,,,,,,15.4,6.3,6
06/07/2024,20:00,,,,,,,,,16.7,6.6,8
06/07/2024,21:00,,,,,,,,,15.7,6.9,9
06/07/2024,22:00,,,,,,,,,10.7,4.4,5
06/07/2024,23:00,,,,,,,,,9.8,3.9,3
07/07/2024,00:00,,,,,,,,,10.1,4.0,3
07/07/2024,01:00,,,,,,,,,10.4,4.2,3
07/07/2024,02:00,,,,,,,,,9.8,3.9,3
07/07/2024,03:00,,,,,,,,,9.8,4.1,3
07/07/2024,04:00,,,,,,,,,9.4,4.1,3
07/07/2024,05:00,,,,,,,,,9.5,3.5,2
07/07/2024,06:00,,,,,,,,,7.8,3.2,2
07/07/2024,07:00,,,,,,,,,7.5,3.0,1
07/07/2024,08:00,,,,,,,,,7.9,3.0,1
07/07/2024,09:00,,,,,,,,,9.0,3.3,2
07/07/2024,10:00,,,,,,,,,10.3,3.8,2
07/07/2024,11:00,,,,,,,,,13.4,4.2,2
07/07/2024,12:00,,,,,,,,,11.7,3.8,2
07/07/2024,13:00,,,,,,,,,11.9,4.1,2
07/07/2024,14:00,,,,,,,,,11.1,4.0,2
07/07/2024,15:00,,,,,,,,,10.8,3.6,2
07/07/2024,16:00,,,,,,,,,11.1,3.9,2
07/07/2024,17:00,,,,,,,,,11.7,4.4,3
07/07/2024,18:00,,,,,,,,,11.8,5.2,6
07/07/2024,19:00,,,,,,,,,11.4,5.2,8
07/07/2024,20:00,,,,,,,,,14.4,7.1,13
07/07/2024,21:00,,,,,,,,,12.9,6.8,14
07/07/2024,22:00,,,,,,,,,12.5,6.0,11
07/07/2024,23:00,,,,,,,,,10.4,5.1,10
08/07/2024,00:00,,,,,,,,,9.8,4.7,7
08/07/2024,01:00,,,,,,,,,9.2,4.6,6
08/07/2024,02:00,,,,,,,,,10.0,4.5,6
08/07/2024,03:00,,,,,,,,,8.4,3.7,4
08/07/2024,04:00,,,,,,,,,8.2,3.4,3
08/07/2024,05:00,,,,,,,,,7.1,3.4,3
08/07/2024,06:00,,,,,,,,,9.6,4.1,5
08/07/2024,07:00,,,,,,,,,9.4,4.2,6
08/07/2024,08:00,,,,,,,,,11.2,4.7,7
08/07/2024,09:00,,,,,,,,,13.9,5.0,8
08/07/2024,10:00,,,,,,,,,11.9,4.7,8
08/07/2024,11:00,,,,,,,,,8.6,3.4,6
08/07/2024,12:00,,,,,,,,,9.6,3.3,4
08/07/2024,13:00,,,,,,,,,9.6,3.5,3
08/07/2024,14:00,,,,,,,,,8.4,3.3,3
08/07/2024,15:00,,,,,,,,,9.1,3.2,3
08/07/2024,16:00,,,,,,,,,9.8,3.4,3
08/07/2024,17:00,,,,,,,,,11.0,4.1,5
08/07/2024,18:00,,,,,,,,,11.5,5.1,8
08/07/2024,19:00,,,,,,,,,8.9,4.2,8
08/07/2024,20:00,,,,,,,,,11.7,6.1,11
08/07/2024,21:00,,,,,,,,,9.8,5.1,10
08/07/2024,22:00,,,,,,,,,11.3,6.1,12
08/07/2024,23:00,,,,,,,,,12.3,7.0,14
09/07/2024,00:00,,,,,,,,,13.0,7.2,12
09/07/2024,01:00,,,,,,,,,14.2,7.9,14
09/07/2024,02:00,,,,,,,,,14.8,8.5,16
09/07/2024,03:00,,,,,,,,,15.6,8.8,16
09/07/2024,04:00,,,,,,,,,15.3,9.5,16
09/07/2024,05:00,,,,,,,,,15.0,9.5,17
09/07/2024,06:00,,,,,,,,,13.5,8.2,15
09/07/2024,07:00,,,,,,,,,14.4,7.8,14
09/07/2024,08:00,,,,,,,,,13.8,6.5,12
09/07/2024,09:00,,,,,,,,,14.0,6.8,11
09/07/2024,10:00,,,,,,,,,14.3,6.4,10
09/07/2024,11:00,,,,,,,,,14.0,6.2,10
09/07/2024,12:00,,,,,,,,,17.2,7.7,14
09/07/2024,13:00,,,,,,,,,16.9,5.9,12
09/07/2024,14:00,,,,,,,,,14.1,5.7,10
09/07/2024,15:00,,,,,,,,,15.0,5.8,11
09/07/2024,16:00,,,,,,,,,15.9,5.4,11
09/07/2024,17:00,,,,,,,,,11.8,4.7,10
09/07/2024,18:00,,,,,,,,,11.1,4.9,7
09/07/2024,19:00,,,,,,,,,18.5,7.7,15
09/07/2024,20:00,,,,,,,,,22.0,8.4,19
09/07/2024,21:00,,,,,,,,,16.6,7.2,16
09/07/2024,22:00,,,,,,,,,14.6,7.0,14
09/07/2024,23:00,,,,,,,,,18.0,8.7,20
10/07/2024,00:00,,,,,,,,,16.5,8.2,18
10/07/2024,01:00,,,,,,,,,16.7,8.7,20
10/07/2024,02:00,,,,,,,,,15.7,8.9,19
10/07/2024,03:00,,,,,,,,,14.8,9.8,23
10/07/2024,04:00,,,,,,,,,19.0,11.9,28
10/07/2024,05:00,,,,,,,,,16.8,11.2,31
10/07/2024,06:00,,,,,,,,,16.4,10.7,30
10/07/2024,07:00,,,,,,,,,12.8,8.5,24
10/07/2024,08:00,,,,,,,,,14.8,9.7,25
10/07/2024,09:00,,,,,,,,,16.9,10.8,30
10/07/2024,10:00,,,,,,,,,11.1,7.0,19
10/07/2024,11:00,,,,,,,,,10.1,6.4,15
10/07/2024,12:00,,,,,,,,,11.5,6.4,16
10/07/2024,13:00,,,,,,,,,9.7,5.3,15
10/07/2024,14:00,,,,,,,,,10.2,5.0,12
10/07/2024,15:00,,,,,,,,,9.6,5.0,12
10/07/2024,16:00,,,,,,,,,12.2,5.9,14
10/07/2024,17:00,,,,,,,,,14.4,7.3,18
10/07/2024,18:00,,,,,,,,,11.5,5.4,12
10/07/2024,19:00,,,,,,,,,10.2,5.1,10
10/07/2024,20:00,,,,,,,,,13.4,5.8,12
10/07/2024,21:00,,,,,,,,,11.4,5.3,12
10/07/2024,22:00,,,,,,,,,13.6,6.6,14
10/07/2024,23:00,,,,,,,,,12.9,6.5,14
11/07/2024,00:00,,,,,,,,,13.3,6.4,13
11/07/2024,01:00,,,,,,,,,10.1,4.4,9
11/07/2024,02:00,,,,,,,,,9.6,3.8,6
11/07/2024,03:00,,,,,,,,,8.7,3.5,4
11/07/2024,04:00,,,,,,,,,6.7,3.3,4
11/07/2024,05:00,,,,,,,,,7.5,3.4,4
11/07/2024,06:00,,,,,,,,,7.7,3.7,5
11/07/2024,07:00,,,,,,,,,10.0,4.0,6
11/07/2024,08:00,,,,,,,,,11.7,4.4,7
11/07/2024,09:00,,,,,,,,,10.3,4.4,7
11/07/2024,10:00,,,,,,,,,12.1,4.7,8
11/07/2024,11:00,,,,,,,,,14.7,4.9,9
11/07/2024,12:00,,,,,,,,,9.8,4.1,6
11/07/2024,13:00,,,,,,,,,9.4,4.2,6
11/07/2024,14:00,,,,,,,,,10.2,4.2,7
11/07/2024,15:00,,,,,,,,,10.0,4.1,6
11/07/2024,16:00,,,,,,,,,10.5,4.1,6
11/07/2024,17:00,,,,,,,,,11.9,4.0,5
11/07/2024,18:00,,,,,,,,,13.0,5.0,6
11/07/2024,19:00,,,,,,,,,15.0,5.9,11
11/07/2024,20:00,,,,,,,,,11.7,5.1,10
11/07/2024,21:00,,,,,,,,,13.8,6.3,12
11/07/2024,22:00,,,,,,,,,14.9,7.1,15
11/07/2024,23:00,,,,,,,,,11.5,5.5,12
12/07/2024,00:00,,,,,,,,,10.0,5.0,8
12/07/2024,01:00,,,,,,,,,8.9,4.2,6
12/07/2024,02:00,,,,,,,,,8.9,3.9,5
12/07/2024,03:00,,,,,,,,,7.8,3.7,5
12/07/2024,04:00,,,,,,,,,7.6,3.7,5
12/07/2024,05:00,,,,,,,,,9.9,4.7,7
12/07/2024,06:00,,,,,,,,,13.7,5.6,9
12/07/2024,07:00,,,,,,,,,10.1,4.6,8
12/07/2024,08:00,,,,,,,,,9.5,4.2,7
12/07/2024,09:00,,,,,,,,,10.2,3.9,6
12/07/2024,10:00,,,,,,,,,8.8,3.6,5
12/07/2024,11:00,,,,,,,,,8.3,3.7,5
12/07/2024,12:00,,,,,,,,,10.1,4.3,8
12/07/2024,13:00,,,,,,,,,8.6,3.5,6
12/07/2024,14:00,,,,,,,,,9.2,3.6,5
12/07/2024,15:00,,,,,,,,,9.0,3.7,6
12/07/2024,16:00,,,,,,,,,9.0,4.0,7
12/07/2024,17:00,,,,,,,,,8.7,3.9,7
12/07/2024,18:00,,,,,,,,,11.6,4.6,8
12/07/2024,19:00,,,,,,,,,10.1,4.2,8
12/07/2024,20:00,,,,,,,,,11.1,4.6,9
12/07/2024,21:00,,,,,,,,,15.4,8.1,20
12/07/2024,22:00,,,,,,,,,16.2,9.3,23
12/07/2024,23:00,,,,,,,,,12.3,6.6,15
13/07/2024,00:00,,,,,,,,,12.3,6.0,14
13/07/2024,01:00,,,,,,,,,7.7,3.7,7
13/07/2024,02:00,,,,,,,,,8.4,3.9,6
13/07/2024,03:00,,,,,,,,,8.8,4.5,8
13/07/2024,04:00,,,,,,,,,8.0,4.0,8
13/07/2024,05:00,,,,,,,,,5.3,2.5,3
13/07/2024,06:00,,,,,,,,,6.0,2.8,3
13/07/2024,07:00,,,,,,,,,5.2,2.6,2
13/07/2024,08:00,,,,,,,,,8.2,2.6,3
13/07/2024,09:00,,,,,,,,,8.6,3.5,4
13/07/2024,10:00,,,,,,,,,8.1,3.8,6
13/07/2024,11:00,,,,,,,,,10.7,4.2,8
13/07/2024,12:00,,,,,,,,,9.6,3.0,5
13/07/2024,13:00,,,,,,,,,7.6,2.6,3
13/07/2024,14:00,,,,,,,,,8.2,2.5,3
13/07/2024,15:00,,,,,,,,,7.1,2.1,2
13/07/2024,16:00,,,,,,,,,6.2,2.0,2
13/07/2024,17:00,,,,,,,,,8.6,2.7,3
13/07/2024,18:00,,,,,,,,,8.8,3.4,5
13/07/2024,19:00,,,,,,,,,8.6,3.6,5
13/07/2024,20:00,,,,,,,,,8.1,3.4,5
13/07/2024,21:00,,,,,,,,,7.6,2.8,3
13/07/2024,22:00,,,,,,,,,6.3,2.4,2
13/07/2024,23:00,,,,,,,,,5.7,1.8,2
14/07/2024,00:00,,,,,,,,,4.7,1.6,0
14/07/2024,01:00,,,,,,,,,4.0,1.3,0
14/07/2024,02:00,,,,,,,,,4.8,1.3,0
14/07/2024,03:00,,,,,,,,,2.8,1.2,0
14/07/2024,04:00,,,,,,,,,3.3,1.1,0
14/07/2024,05:00,,,,,,,,,3.6,1.1,0
14/07/2024,06:00,,,,,,,,,3.4,1.1,0
14/07/2024,07:00,,,,,,,,,4.7,1.2,0
14/07/2024,08:00,,,,,,,,,5.4,1.3,0
14/07/2024,09:00,,,,,,,,,4.7,1.3,0
14/07/2024,10:00,,,,,,,,,4.1,1.4,0
14/07/2024,11:00,,,,,,,,,6.4,1.8,1
14/07/2024,12:00,,,,,,,,,5.4,1.8,1
14/07/2024,13:00,,,,,,,,,7.6,2.1,2
14/07/2024,14:00,,,,,,,,,6.9,1.8,1
14/07/2024,15:00,,,,,,,,,7.1,2.2,2
14/07/2024,16:00,,,,,,,,,7.2,2.4,2
14/07/2024,17:00,,,,,,,,,9.2,3.2,4
14/07/2024,18:00,,,,,,,,,8.7,2.9,3
14/07/2024,19:00,,,,,,,,,8.4,2.8,2
14/07/2024,20:00,,,,,,,,,7.4,2.7,2
14/07/2024,21:00,,,,,,,,,6.6,2.7,1
14/07/2024,22:00,,,,,,,,,7.0,2.3,1
14/07/2024,23:00,,,,,,,,,6.6,2.4,1
15/07/2024,00:00,,,,,,,,,6.0,2.4,1
15/07/2024,01:00,,,,,,,,,6.3,2.6,1
15/07/2024,02:00,,,,,,,,,7.3,2.6,1
15/07/2024,03:00,,,,,,,,,6.2,2.6,1
15/07/2024,04:00,,,,,,,,,7.8,2.8,1
15/07/2024,05:00,,,,,,,,,7.8,2.9,1
15/07/2024,06:00,,,,,,,,,8.0,3.1,2
15/07/2024,07:00,,,,,,,,,9.2,3.3,2
15/07/2024,08:00,,,,,,,,,9.4,3.5,3
15/07/2024,09:00,,,,,,,,,8.9,3.2,2
15/07/2024,10:00,,,,,,,,,7.2,2.7,2
15/07/2024,11:00,,,,,,,,,8.3,2.7,2
15/07/2024,12:00,,,,,,,,,8.7,2.9,2
15/07/2024,13:00,,,,,,,,,8.5,2.5,2
15/07/2024,14:00,,,,,,,,,7.8,2.1,1
15/07/2024,15:00,,,,,,,,,7.1,2.0,1
15/07/2024,16:00,,,,,,,,,6.7,2.2,1
15/07/2024,17:00,,,,,,,,,7.6,2.8,2
15/07/2024,18:00,,,,,,,,,9.0,4.1,6
15/07/2024,19:00,,,,,,,,,7.8,3.2,5
15/07/2024,20:00,,,,,,,,,6.9,3.0,3
15/07/2024,21:00,,,,,,,,,5.9,2.5,2
15/07/2024,22:00,,,,,,,,,5.9,2.6,2
15/07/2024,23:00,,,,,,,,,7.4,3.6,4
16/07/2024,00:00,,,,,,,,,6.6,3.0,3
16/07/2024,01:00,,,,,,,,,5.2,1.8,1
16/07/2024,02:00,,,,,,,,,4.3,2.0,1
16/07/2024,03:00,,,,,,,,,4.4,1.9,1
16/07/2024,04:00,,,,,,,,,6.6,3.2,3
16/07/2024,05:00,,,,,,,,,6.8,2.7,2
16/07/2024,06:00,,,,,,,,,7.3,3.3,3
16/07/2024,07:00,,,,,,,,,9.2,3.1,3
16/07/2024,08:00,,,,,,,,,7.1,2.4,2
16/07/2024,09:00,,,,,,,,,6.8,1.7,0
16/07/2024,10:00,,,,,,,,,8.3,1.7,0
16/07/2024,11:00,,,,,,,,,11.8,2.0,1
16/07/2024,12:00,,,,,,,,,14.4,2.2,1
16/07/2024,13:00,,,,,,,,,15.0,2.2,1
16/07/2024,14:00,,,,,,,,,11.0,1.7,1
16/07/2024,15:00,,,,,,,,,11.7,2.0,1
16/07/2024,16:00,,,,,,,,,9.2,1.8,1
16/07/2024,17:00,,,,,,,,,7.3,2.3,2
16/07/2024,18:00,,,,,,,,,9.1,2.7,3
16/07/2024,19:00,,,,,,,,,8.5,2.8,3
16/07/2024,20:00,,,,,,,,,8.1,2.3,2
16/07/2024,21:00,,,,,,,,,7.2,1.7,1
16/07/2024,22:00,,,,,,,,,8.3,1.5,0
16/07/2024,23:00,,,,,,,,,6.5,1.5,0
17/07/2024,00:00,,,,,,,,,6.6,2.7,3
17/07/2024,01:00,,,,,,,,,60.4,44.7,128
17/07/2024,02:00,,,,,,,,,8.8,3.8,19
17/07/2024,03:00,,,,,,,,,6.6,2.5,4
17/07/2024,04:00,,,,,,,,,9.8,3.2,2
17/07/2024,05:00,,,,,,,,,8.6,3.2,2
17/07/2024,06:00,,,,,,,,,9.1,3.3,3
17/07/2024,07:00,,,,,,,,,10.1,2.7,1
17/07/2024,08:00,,,,,,,,,7.0,1.7,0
17/07/2024,09:00,,,,,,,,,7.3,1.4,0
17/07/2024,10:00,,,,,,,,,7.3,1.8,0
17/07/2024,11:00,,,,,,,,,7.3,2.9,2
17/07/2024,12:00,,,,,,,,,8.3,3.6,4
17/07/2024,13:00,,,,,,,,,10.0,3.3,4
17/07/2024,14:00,,,,,,,,,10.0,3.7,6
17/07/2024,15:00,,,,,,,,,7.4,1.8,2
17/07/2024,16:00,,,,,,,,,7.6,2.0,1
17/07/2024,17:00,,,,,,,,,7.5,3.1,5
17/07/2024,18:00,,,,,,,,,7.7,3.0,3
17/07/2024,19:00,,,,,,,,,8.5,3.7,5
17/07/2024,20:00,,,,,,,,,7.4,3.4,4
17/07/2024,21:00,,,,,,,,,7.7,3.4,3
17/07/2024,22:00,,,,,,,,,5.7,2.7,2
17/07/2024,23:00,,,,,,,,,4.5,2.0,1
18/07/2024,00:00,,,,,,,,,4.4,1.7,0
18/07/2024,01:00,,,,,,,,,4.3,2.0,0
18/07/2024,02:00,,,,,,,,,7.2,2.5,0
18/07/2024,03:00,,,,,,,,,6.5,3.1,2
18/07/2024,04:00,,,,,,,,,6.5,3.0,2
18/07/2024,05:00,,,,,,,,,5.6,3.0,2
18/07/2024,06:00,,,,,,,,,5.0,2.7,2
18/07/2024,07:00,,,,,,,,,5.6,2.3,2
18/07/2024,08:00,,,,,,,,,5.2,1.9,2
18/07/2024,09:00,,,,,,,,,5.4,1.8,1
18/07/2024,10:00,,,,,,,,,5.4,1.4,1
18/07/2024,11:00,,,,,,,,,6.2,1.0,0
18/07/2024,12:00,,,,,,,,,4.9,1.2,0
18/07/2024,13:00,,,,,,,,,6.9,1.3,0
18/07/2024,14:00,,,,,,,,,7.3,1.5,1
18/07/2024,15:00,,,,,,,,,7.5,1.8,1
18/07/2024,16:00,,,,,,,,,5.1,1.6,1
18/07/2024,17:00,,,,,,,,,5.6,2.4,2
18/07/2024,18:00,,,,,,,,,6.8,3.1,4
18/07/2024,19:00,,,,,,,,,7.3,2.8,3
18/07/2024,20:00,,,,,,,,,6.0,2.9,3
18/07/2024,21:00,,,,,,,,,6.7,3.3,3
18/07/2024,22:00,,,,,,,,,6.8,3.4,4
18/07/2024,23:00,,,,,,,,,6.7,3.4,3
19/07/2024,00:00,,,,,,,,,7.2,3.5,3
19/07/2024,01:00,,,,,,,,,6.9,3.5,3
19/07/2024,02:00,,,,,,,,,8.3,3.5,3
19/07/2024,03:00,,,,,,,,,7.4,3.7,4
19/07/2024,04:00,,,,,,,,,8.6,4.0,4
19/07/2024,05:00,,,,,,,,,8.1,4.1,5
19/07/2024,06:00,,,,,,,,,9.9,4.5,6
19/07/2024,07:00,,,,,,,,,10.5,4.4,6
19/07/2024,08:00,,,,,,,,,12.5,4.3,6
19/07/2024,09:00,,,,,,,,,7.4,3.1,3
19/07/2024,10:00,,,,,,,,,8.7,2.8,2
19/07/2024,11:00,,,,,,,,,8.2,2.6,3
19/07/2024,12:00,,,,,,,,,7.3,2.8,3
19/07/2024,13:00,,,,,,,,,8.5,2.6,2
19/07/2024,14:00,,,,,,,,,9.1,3.2,5
19/07/2024,15:00,,,,,,,,,8.2,2.7,3
19/07/2024,16:00,,,,,,,,,8.9,2.6,2
19/07/2024,17:00,,,,,,,,,10.3,3.4,4
19/07/2024,18:00,,,,,,,,,11.1,4.3,7
19/07/2024,19:00,,,,,,,,,10.2,4.1,7
19/07/2024,20:00,,,,,,,,,11.4,4.7,8
19/07/2024,21:00,,,,,,,,,9.8,4.3,7
19/07/2024,22:00,,,,,,,,,8.2,3.6,6
19/07/2024,23:00,,,,,,,,,7.3,3.4,5
20/07/2024,00:00,,,,,,,,,7.0,3.6,4
20/07/2024,01:00,,,,,,,,,6.3,3.0,4
20/07/2024,02:00,,,,,,,,,7.5,3.4,3
20/07/2024,03:00,,,,,,,,,6.9,3.4,4
20/07/2024,04:00,,,,,,,,,6.9,3.4,4
20/07/2024,05:00,,,,,,,,,6.5,3.0,4
20/07/2024,06:00,,,,,,,,,6.3,2.6,2
20/07/2024,07:00,,,,,,,,,6.3,2.0,1
20/07/2024,08:00,,,,,,,,,6.0,2.6,2
20/07/2024,09:00,,,,,,,,,6.8,2.5,2
20/07/2024,10:00,,,,,,,,,7.0,2.3,2
20/07/2024,11:00,,,,,,,,,9.4,2.4,2
20/07/2024,12:00,,,,,,,,,9.9,2.4,2
20/07/2024,13:00,,,,,,,,,10.9,2.5,1
20/07/2024,14:00,,,,,,,,,10.6,2.3,1
20/07/2024,15:00,,,,,,,,,11.2,2.6,2
20/07/2024,16:00,,,,,,,,,9.2,2.7,3
20/07/2024,17:00,,,,,,,,,8.6,2.5,2
20/07/2024,18:00,,,,,,,,,10.1,3.7,5
20/07/2024,19:00,,,,,,,,,12.6,4.5,9
20/07/2024,20:00,,,,,,,,,11.7,3.5,5
20/07/2024,21:00,,,,,,,,,10.2,2.7,2
20/07/2024,22:00,,,,,,,,,10.4,2.5,1
20/07/2024,23:00,,,,,,,,,8.9,2.7,1
21/07/2024,00:00,,,,,,,,,10.8,3.1,1
21/07/2024,01:00,,,,,,,,,11.3,3.6,2
21/07/2024,02:00,,,,,,,,,12.3,4.1,3
21/07/2024,03:00,,,,,,,,,13.9,4.8,4
21/07/2024,04:00,,,,,,,,,13.1,4.9,4
21/07/2024,05:00,,,,,,,,,16.0,5.3,5
21/07/2024,06:00,,,,,,,,,16.7,5.6,5
21/07/2024,07:00,,,,,,,,,18.4,6.2,6
21/07/2024,08:00,,,,,,,,,18.1,6.5,7
21/07/2024,09:00,,,,,,,,,17.7,6.6,7
21/07/2024,10:00,,,,,,,,,19.5,6.9,8
21/07/2024,11:00,,,,,,,,,19.6,6.6,8
21/07/2024,12:00,,,,,,,,,18.5,5.7,7
21/07/2024,13:00,,,,,,,,,14.9,4.7,5
21/07/2024,14:00,,,,,,,,,14.6,4.6,5
21/07/2024,15:00,,,,,,,,,16.0,4.1,4
21/07/2024,16:00,,,,,,,,,15.0,4.4,4
21/07/2024,17:00,,,,,,,,,14.0,4.7,5
21/07/2024,18:00,,,,,,,,,14.7,5.6,7
21/07/2024,19:00,,,,,,,,,15.5,6.7,11
21/07/2024,20:00,,,,,,,,,15.1,6.8,12
21/07/2024,21:00,,,,,,,,,15.2,6.2,9
21/07/2024,22:00,,,,,,,,,15.1,6.2,9
21/07/2024,23:00,,,,,,,,,15.2,5.6,7
22/07/2024,00:00,,,,,,,,,14.5,5.7,6
22/07/2024,01:00,,,,,,,,,14.5,5.6,6
22/07/2024,02:00,,,,,,,,,13.2,5.5,6
22/07/2024,03:00,,,,,,,,,12.6,5.5,6
22/07/2024,04:00,,,,,,,,,14.5,5.6,6
22/07/2024,05:00,,,,,,,,,13.9,5.8,6
22/07/2024,06:00,,,,,,,,,15.7,6.2,7
22/07/2024,07:00,,,,,,,,,15.7,6.5,8
22/07/2024,08:00,,,,,,,,,18.4,6.2,8
22/07/2024,09:00,,,,,,,,,14.2,5.3,7
22/07/2024,10:00,,,,,,,,,13.7,5.1,6
22/07/2024,11:00,,,,,,,,,17.3,5.6,7
22/07/2024,12:00,,,,,,,,,24.5,6.4,9
22/07/2024,13:00,,,,,,,,,23.9,6.2,9
22/07/2024,14:00,,,,,,,,,19.8,5.8,8
22/07/2024,15:00,,,,,,,,,14.8,4.7,7
22/07/2024,16:00,,,,,,,,,16.4,5.4,6
22/07/2024,17:00,,,,,,,,,17.2,5.9,7
22/07/2024,18:00,,,,,,,,,17.1,6.3,8
22/07/2024,19:00,,,,,,,,,20.3,7.4,12
22/07/2024,20:00,,,,,,,,,19.2,7.7,13
22/07/2024,21:00,,,,,,,,,23.4,10.7,20
22/07/2024,22:00,,,,,,,,,27.8,12.6,30
22/07/2024,23:00,,,,,,,,,24.1,11.5,28
23/07/2024,00:00,,,,,,,,,24.0,11.5,23
23/07/2024,01:00,,,,,,,,,25.5,12.4,25
23/07/2024,02:00,,,,,,,,,28.4,13.2,26
23/07/2024,03:00,,,,,,,,,27.6,13.1,27
23/07/2024,04:00,,,,,,,,,28.0,13.6,28
23/07/2024,05:00,,,,,,,,,24.2,12.3,26
23/07/2024,06:00,,,,,,,,,22.9,11.1,22
23/07/2024,07:00,,,,,,,,,26.2,12.3,25
23/07/2024,08:00,,,,,,,,,24.7,11.2,23
23/07/2024,09:00,,,,,,,,,22.7,9.0,18
23/07/2024,10:00,,,,,,,,,19.2,8.3,16
23/07/2024,11:00,,,,,,,,,26.4,9.5,17
23/07/2024,12:00,,,,,,,,,25.4,8.5,16
23/07/2024,13:00,,,,,,,,,27.4,8.6,16
23/07/2024,14:00,,,,,,,,,20.7,7.3,15
23/07/2024,15:00,,,,,,,,,23.7,7.3,13
23/07/2024,16:00,,,,,,,,,16.2,6.0,11
23/07/2024,17:00,,,,,,,,,14.6,5.6,7
23/07/2024,18:00,,,,,,,,,15.6,6.5,9
23/07/2024,19:00,,,,,,,,,16.9,7.8,12
23/07/2024,20:00,,,,,,,,,16.7,7.5,13
23/07/2024,21:00,,,,,,,,,16.5,7.4,12
23/07/2024,22:00,,,,,,,,,19.2,9.9,17
23/07/2024,23:00,,,,,,,,,18.7,10.2,21
24/07/2024,00:00,,,,,,,,,26.1,16.1,34
24/07/2024,01:00,,,,,,,,,23.8,13.7,32
24/07/2024,02:00,,,,,,,,,26.4,15.2,33
24/07/2024,03:00,,,,,,,,,25.4,14.1,32
24/07/2024,04:00,,,,,,,,,28.7,14.8,31
24/07/2024,05:00,,,,,,,,,26.9,14.7,33
24/07/2024,06:00,,,,,,,,,28.4,15.1,33
24/07/2024,07:00,,,,,,,,,28.2,15.7,35
24/07/2024,08:00,,,,,,,,,29.3,17.4,38
24/07/2024,09:00,,,,,,,,,26.5,15.7,39
24/07/2024,10:00,,,,,,,,,25.7,12.8,31
24/07/2024,11:00,,,,,,,,,29.3,11.1,25
24/07/2024,12:00,,,,,,,,,16.4,7.0,17
24/07/2024,13:00,,,,,,,,,12.2,4.3,7
24/07/2024,14:00,,,,,,,,,13.8,4.3,4
24/07/2024,15:00,,,,,,,,,13.1,4.3,4
24/07/2024,16:00,,,,,,,,,11.7,4.0,4
24/07/2024,17:00,,,,,,,,,9.8,3.7,4
24/07/2024,18:00,,,,,,,,,11.3,4.4,5
24/07/2024,19:00,,,,,,,,,11.8,5.1,8
24/07/2024,20:00,,,,,,,,,14.1,7.4,14
24/07/2024,21:00,,,,,,,,,20.9,12.0,28
24/07/2024,22:00,,,,,,,,,23.5,14.5,37
24/07/2024,23:00,,,,,,,,,23.2,13.6,35
25/07/2024,00:00,,,,,,,,,22.2,12.8,30
25/07/2024,01:00,,,,,,,,,21.4,12.4,30
25/07/2024,02:00,,,,,,,,,19.1,10.2,24
25/07/2024,03:00,,,,,,,,,16.4,9.0,20
25/07/2024,04:00,,,,,,,,,18.8,10.6,21
25/07/2024,05:00,,,,,,,,,20.5,11.0,24
25/07/2024,06:00,,,,,,,,,22.1,12.3,26
25/07/2024,07:00,,,,,,,,,25.4,13.8,30
25/07/2024,08:00,,,,,,,,,24.6,12.8,28
25/07/2024,09:00,,,,,,,,,28.0,12.2,24
25/07/2024,10:00,,,,,,,,,27.4,10.3,22
25/07/2024,11:00,,,,,,,,,18.2,5.9,8
25/07/2024,12:00,,,,,,,,,16.6,5.9,6
25/07/2024,13:00,,,,,,,,,16.4,5.8,5
25/07/2024,14:00,,,,,,,,,17.3,5.8,5
25/07/2024,15:00,,,,,,,,,18.6,6.0,5
25/07/2024,16:00,,,,,,,,,20.6,6.3,5
25/07/2024,17:00,,,,,,,,,19.7,6.4,6
25/07/2024,18:00,,,,,,,,,17.6,6.9,9
25/07/2024,19:00,,,,,,,,,29.2,8.4,13
25/07/2024,20:00,,,,,,,,,29.8,9.5,15
25/07/2024,21:00,,,,,,,,,21.5,9.5,21
25/07/2024,22:00,,,,,,,,,18.6,8.1,17
25/07/2024,23:00,,,,,,,,,18.3,7.9,14
26/07/2024,00:00,,,,,,,,,20.9,8.0,12
26/07/2024,01:00,,,,,,,,,19.5,8.2,13
26/07/2024,02:00,,,,,,,,,17.8,8.1,15
26/07/2024,03:00,,,,,,,,,18.3,8.6,16
26/07/2024,04:00,,,,,,,,,18.8,8.5,16
26/07/2024,05:00,,,,,,,,,15.5,8.4,16
26/07/2024,06:00,,,,,,,,,15.9,10.2,21
26/07/2024,07:00,,,,,,,,,18.3,11.2,26
26/07/2024,08:00,,,,,,,,,20.3,12.0,25
26/07/2024,09:00,,,,,,,,,23.6,12.7,25
26/07/2024,10:00,,,,,,,,,23.8,10.5,23
26/07/2024,11:00,,,,,,,,,24.2,8.3,17
26/07/2024,12:00,,,,,,,,,19.6,6.4,9
26/07/2024,13:00,,,,,,,,,20.4,6.1,8
26/07/2024,14:00,,,,,,,,,18.8,5.8,7
26/07/2024,15:00,,,,,,,,,17.2,5.6,6
26/07/2024,16:00,,,,,,,,,17.6,5.9,6
26/07/2024,17:00,,,,,,,,,17.6,6.2,7
26/07/2024,18:00,,,,,,,,,18.1,6.6,9
26/07/2024,19:00,,,,,,,,,19.4,7.8,12
26/07/2024,20:00,,,,,,,,,20.1,8.7,15
26/07/2024,21:00,,,,,,,,,19.9,8.5,15
26/07/2024,22:00,,,,,,,,,20.5,9.1,16
26/07/2024,23:00,,,,,,,,,20.6,9.5,19
27/07/2024,00:00,,,,,,,,,20.5,10.1,18
27/07/2024,01:00,,,,,,,,,19.4,9.8,19
27/07/2024,02:00,,,,,,,,,19.1,9.5,19
27/07/2024,03:00,,,,,,,,,18.2,9.8,18
27/07/2024,04:00,,,,,,,,,17.7,9.5,18
27/07/2024,05:00,,,,,,,,,12.4,7.5,15
27/07/2024,06:00,,,,,,,,,10.4,6.6,13
27/07/2024,07:00,,,,,,,,,11.6,7.5,16
27/07/2024,08:00,,,,,,,,,12.8,8.2,18
27/07/2024,09:00,,,,,,,,,15.0,9.7,20
27/07/2024,10:00,,,,,,,,,16.5,9.3,21
27/07/2024,11:00,,,,,,,,,15.9,7.9,17
27/07/2024,12:00,,,,,,,,,18.2,6.8,13
27/07/2024,13:00,,,,,,,,,18.6,8.1,15
27/07/2024,14:00,,,,,,,,,12.9,4.6,9
27/07/2024,15:00,,,,,,,,,10.7,4.0,5
27/07/2024,16:00,,,,,,,,,10.3,3.9,4
27/07/2024,17:00,,,,,,,,,11.9,4.7,6
27/07/2024,18:00,,,,,,,,,14.1,6.3,10
27/07/2024,19:00,,,,,,,,,16.6,8.3,17
27/07/2024,20:00,,,,,,,,,22.6,11.0,23
27/07/2024,21:00,,,,,,,,,22.7,12.5,30
27/07/2024,22:00,,,,,,,,,21.0,12.3,31
27/07/2024,23:00,,,,,,,,,17.1,9.5,25
28/07/2024,00:00,,,,,,,,,15.1,7.1,14
28/07/2024,01:00,,,,,,,,,8.9,3.7,7
28/07/2024,02:00,,,,,,,,,4.7,1.5,1
28/07/2024,03:00,,,,,,,,,4.3,1.8,1
28/07/2024,04:00,,,,,,,,,6.0,3.0,3
28/07/2024,05:00,,,,,,,,,4.4,2.6,4
28/07/2024,06:00,,,,,,,,,3.4,2.0,2
28/07/2024,07:00,,,,,,,,,4.9,2.7,2
28/07/2024,08:00,,,,,,,,,6.1,3.5,4
28/07/2024,09:00,,,,,,,,,6.5,3.3,4
28/07/2024,10:00,,,,,,,,,6.9,3.5,5
28/07/2024,11:00,,,,,,,,,7.3,3.2,4
28/07/2024,12:00,,,,,,,,,8.5,2.9,3
28/07/2024,13:00,,,,,,,,,7.8,2.8,3
28/07/2024,14:00,,,,,,,,,7.7,2.4,2
28/07/2024,15:00,,,,,,,,,8.7,2.1,1
28/07/2024,16:00,,,,,,,,,8.2,2.2,1
28/07/2024,17:00,,,,,,,,,8.8,3.2,3
28/07/2024,18:00,,,,,,,,,9.1,2.6,2
28/07/2024,19:00,,,,,,,,,7.7,2.5,2
28/07/2024,20:00,,,,,,,,,6.3,2.1,2
28/07/2024,21:00,,,,,,,,,6.1,1.6,0
28/07/2024,22:00,,,,,,,,,6.7,1.4,0
28/07/2024,23:00,,,,,,,,,5.8,1.2,0
29/07/2024,00:00,,,,,,,,,5.6,1.5,0
29/07/2024,01:00,,,,,,,,,5.6,1.6,0
29/07/2024,02:00,,,,,,,,,5.2,1.2,0
29/07/2024,03:00,,,,,,,,,5.0,1.3,0
29/07/2024,04:00,,,,,,,,,5.3,1.4,0
29/07/2024,05:00,,,,,,,,,4.5,1.5,0
29/07/2024,06:00,,,,,,,,,5.7,1.8,0
29/07/2024,07:00,,,,,,,,,7.0,2.1,0
29/07/2024,08:00,,,,,,,,,6.5,1.9,0
29/07/2024,09:00,,,,,,,,,7.9,1.9,0
29/07/2024,10:00,,,,,,,,,6.1,1.8,0
29/07/2024,11:00,,,,,,,,,8.3,1.7,0
29/07/2024,12:00,,,,,,,,,8.0,1.7,0
29/07/2024,13:00,,,,,,,,,10.9,2.1,1
29/07/2024,14:00,,,,,,,,,9.4,2.2,1
29/07/2024,15:00,,,,,,,,,9.3,1.8,1
29/07/2024,16:00,,,,,,,,,7.4,1.9,0
29/07/2024,17:00,,,,,,,,,9.1,2.7,2
29/07/2024,18:00,,,,,,,,,10.3,3.4,4
29/07/2024,19:00,,,,,,,,,10.2,4.3,6
29/07/2024,20:00,,,,,,,,,9.3,3.9,6
29/07/2024,21:00,,,,,,,,,7.5,3.2,3
29/07/2024,22:00,,,,,,,,,7.9,2.9,2
29/07/2024,23:00,,,,,,,,,7.4,2.6,1
30/07/2024,00:00,,,,,,,,,5.6,2.2,0
30/07/2024,01:00,,,,,,,,,6.6,2.4,0
30/07/2024,02:00,,,,,,,,,7.6,2.4,0
30/07/2024,03:00,,,,,,,,,6.4,2.4,1
30/07/2024,04:00,,,,,,,,,7.0,2.4,0
30/07/2024,05:00,,,,,,,,,7.8,2.8,1
30/07/2024,06:00,,,,,,,,,10.4,3.4,2
30/07/2024,07:00,,,,,,,,,13.4,4.2,4
30/07/2024,08:00,,,,,,,,,13.6,4.0,4
30/07/2024,09:00,,,,,,,,,10.0,3.0,2
30/07/2024,10:00,,,,,,,,,8.1,2.9,2
30/07/2024,11:00,,,,,,,,,14.8,3.4,3
30/07/2024,12:00,,,,,,,,,14.2,3.7,3
30/07/2024,13:00,,,,,,,,,13.6,4.1,3
30/07/2024,14:00,,,,,,,,,13.5,4.0,3
30/07/2024,15:00,,,,,,,,,15.7,4.1,4
30/07/2024,16:00,,,,,,,,,15.9,4.3,5
30/07/2024,17:00,,,,,,,,,15.1,4.4,6
30/07/2024,18:00,,,,,,,,,24.1,15.7,34
30/07/2024,19:00,,,,,,,,,30.4,21.8,53
30/07/2024,20:00,,,,,,,,,34.5,24.4,65
30/07/2024,21:00,,,,,,,,,24.2,12.9,34
30/07/2024,22:00,,,,,,,,,21.0,10.8,26
30/07/2024,23:00,,,,,,,,,15.8,7.6,19
31/07/2024,00:00,,,,,,,,,17.8,7.7,14
31/07/2024,01:00,,,,,,,,,12.9,6.1,12
31/07/2024,02:00,,,,,,,,,10.9,5.4,9
31/07/2024,03:00,,,,,,,,,10.4,5.1,7
31/07/2024,04:00,,,,,,,,,8.9,4.7,6
31/07/2024,05:00,,,,,,,,,10.3,5.0,7
31/07/2024,06:00,,,,,,,,,11.0,5.1,8
31/07/2024,07:00,,,,,,,,,10.7,4.9,6
31/07/2024,08:00,,,,,,,,,11.2,4.5,6
31/07/2024,09:00,,,,,,,,,10.2,4.2,5
31/07/2024,10:00,,,,,,,,,17.1,5.4,7
31/07/2024,11:00,,,,,,,,,18.6,5.5,8
31/07/2024,12:00,,,,,,,,,15.9,5.2,6
31/07/2024,13:00,,,,,,,,,17.9,5.0,6
31/07/2024,14:00,,,,,,,,,15.0,4.3,4
31/07/2024,15:00,,,,,,,,,14.7,4.7,5
31/07/2024,16:00,,,,,,,,,16.0,4.8,5
31/07/2024,17:00,,,,,,,,,16.3,5.0,6
31/07/2024,18:00,,,,,,,,,20.0,7.1,10
31/07/2024,19:00,,,,,,,,,23.0,10.0,18
31/07/2024,20:00,,,,,,,,,24.3,11.0,23
31/07/2024,21:00,,,,,,,,,32.1,17.4,40
31/07/2024,22:00,,,,,,,,,42.0,27.3,66
31/07/2024,23:00,,,,,,,,,26.9,16.5,50
01/08/2024,00:00,,,,,,,,,19.4,11.5,26
01/08/2024,01:00,,,,,,,,,17.7,10.7,24
01/08/2024,02:00,,,,,,,,,14.4,7.4,16
01/08/2024,03:00,,,,,,,,,13.5,6.6,12
01/08/2024,04:00,,,,,,,,,12.1,6.2,10
01/08/2024,05:00,,,,,,,,,11.4,5.6,8
01/08/2024,06:00,,,,,,,,,13.0,5.6,8
01/08/2024,07:00,,,,,,,,,12.1,5.6,8
01/08/2024,08:00,,,,,,,,,12.9,5.2,7
01/08/2024,09:00,,,,,,,,,12.0,4.9,6
01/08/2024,10:00,,,,,,,,,17.2,5.4,7
01/08/2024,11:00,,,,,,,,,18.5,5.5,8
01/08/2024,12:00,,,,,,,,,15.2,4.6,6
01/08/2024,13:00,,,,,,,,,13.8,4.3,5
01/08/2024,14:00,,,,,,,,,13.2,3.9,4
01/08/2024,15:00,,,,,,,,,12.8,3.9,4
01/08/2024,16:00,,,,,,,,,12.5,3.8,4
01/08/2024,17:00,,,,,,,,,21.7,6.3,6
01/08/2024,18:00,,,,,,,,,20.6,7.1,9
01/08/2024,19:00,,,,,,,,,24.9,10.0,14
01/08/2024,20:00,,,,,,,,,28.7,12.8,24
01/08/2024,21:00,,,,,,,,,21.6,9.0,20
01/08/2024,22:00,,,,,,,,,21.5,9.5,18
01/08/2024,23:00,,,,,,,,,29.9,15.7,28
02/08/2024,00:00,,,,,,,,,24.2,12.9,29
02/08/2024,01:00,,,,,,,,,19.4,9.5,21
02/08/2024,02:00,,,,,,,,,19.7,9.1,18
02/08/2024,03:00,,,,,,,,,18.8,8.6,17
02/08/2024,04:00,,,,,,,,,17.6,8.9,16
02/08/2024,05:00,,,,,,,,,19.8,10.1,19
02/08/2024,06:00,,,,,,,,,20.7,11.6,23
02/08/2024,07:00,,,,,,,,,20.1,11.3,23
02/08/2024,08:00,,,,,,,,,16.1,7.2,15
02/08/2024,09:00,,,,,,,,,12.9,5.6,9
02/08/2024,10:00,,,,,,,,,12.5,5.5,8
02/08/2024,11:00,,,,,,,,,15.2,5.6,9
02/08/2024,12:00,,,,,,,,,15.2,5.3,9
02/08/2024,13:00,,,,,,,,,16.8,4.5,6
02/08/2024,14:00,,,,,,,,,11.0,3.6,4
02/08/2024,15:00,,,,,,,,,13.8,3.8,3
02/08/2024,16:00,,,,,,,,,16.6,4.9,5
02/08/2024,17:00,,,,,,,,,17.5,6.0,7
02/08/2024,18:00,,,,,,,,,19.6,6.7,10
02/08/2024,19:00,,,,,,,,,22.1,9.0,16
02/08/2024,20:00,,,,,,,,,18.4,8.6,20
02/08/2024,21:00,,,,,,,,,19.3,9.0,19
02/08/2024,22:00,,,,,,,,,19.0,9.9,21
02/08/2024,23:00,,,,,,,,,20.2,10.9,25
03/08/2024,00:00,,,,,,,,,17.3,9.0,20
03/08/2024,01:00,,,,,,,,,15.5,7.3,14
03/08/2024,02:00,,,,,,,,,13.6,6.4,10
03/08/2024,03:00,,,,,,,,,14.1,6.6,10
03/08/2024,04:00,,,,,,,,,14.0,6.8,10
03/08/2024,05:00,,,,,,,,,14.0,6.6,9
03/08/2024,06:00,,,,,,,,,13.3,5.9,8
03/08/2024,07:00,,,,,,,,,13.7,5.8,7
03/08/2024,08:00,,,,,,,,,14.8,5.6,7
03/08/2024,09:00,,,,,,,,,14.9,5.3,7
03/08/2024,10:00,,,,,,,,,15.4,5.5,7
03/08/2024,11:00,,,,,,,,,17.7,7.8,11
03/08/2024,12:00,,,,,,,,,24.2,15.6,35
03/08/2024,13:00,,,,,,,,,15.8,8.0,22
03/08/2024,14:00,,,,,,,,,13.3,5.4,10
03/08/2024,15:00,,,,,,,,,17.5,5.4,6
03/08/2024,16:00,,,,,,,,,17.8,5.6,5
03/08/2024,17:00,,,,,,,,,17.1,6.4,7
03/08/2024,18:00,,,,,,,,,18.6,7.1,8
03/08/2024,19:00,,,,,,,,,17.9,7.6,10
03/08/2024,20:00,,,,,,,,,17.6,7.4,9
03/08/2024,21:00,,,,,,,,,17.1,7.5,9
03/08/2024,22:00,,,,,,,,,16.4,6.9,9
03/08/2024,23:00,,,,,,,,,16.6,7.5,12
04/08/2024,00:00,,,,,,,,,17.2,8.5,
04/08/2024,01:00,,,,,,,,,18.4,9.6,
04/08/2024,02:00,,,,,,,,,20.8,11.0,20
04/08/2024,03:00,,,,,,,,,21.9,12.2,24
04/08/2024,04:00,,,,,,,,,20.1,11.5,24
04/08/2024,05:00,,,,,,,,,20.5,11.5,24
04/08/2024,06:00,,,,,,,,,18.6,11.1,23
04/08/2024,07:00,,,,,,,,,19.7,12.0,25
04/08/2024,08:00,,,,,,,,,21.3,12.7,27
04/08/2024,09:00,,,,,,,,,18.5,9.8,21
04/08/2024,10:00,,,,,,,,,20.7,11.3,24
04/08/2024,11:00,,,,,,,,,20.7,11.0,25
04/08/2024,12:00,,,,,,,,,10.6,5.3,12
04/08/2024,13:00,,,,,,,,,11.1,5.1,9
04/08/2024,14:00,,,,,,,,,12.1,4.5,6
04/08/2024,15:00,,,,,,,,,11.2,4.4,5
04/08/2024,16:00,,,,,,,,,11.4,4.0,4
04/08/2024,17:00,,,,,,,,,11.9,4.5,4
04/08/2024,18:00,,,,,,,,,14.0,5.2,6
04/08/2024,19:00,,,,,,,,,14.5,6.9,11
04/08/2024,20:00,,,,,,,,,15.4,7.5,13
04/08/2024,21:00,,,,,,,,,13.8,7.0,14
04/08/2024,22:00,,,,,,,,,14.7,6.4,13
04/08/2024,23:00,,,,,,,,,14.1,6.8,12
05/08/2024,00:00,,,,,,,,,16.9,9.2,
05/08/2024,01:00,,,,,,,,,15.9,8.8,
05/08/2024,02:00,,,,,,,,,14.5,7.2,15
05/08/2024,03:00,,,,,,,,,14.2,6.7,13
05/08/2024,04:00,,,,,,,,,13.2,6.8,13
05/08/2024,05:00,,,,,,,,,13.4,6.2,12
05/08/2024,06:00,,,,,,,,,12.6,5.8,10
05/08/2024,07:00,,,,,,,,,12.9,5.7,9
05/08/2024,08:00,,,,,,,,,15.9,5.7,9
05/08/2024,09:00,,,,,,,,,15.6,6.0,10
05/08/2024,10:00,,,,,,,,,24.6,7.4,13
05/08/2024,11:00,,,,,,,,,32.6,8.1,16
05/08/2024,12:00,,,,,,,,,16.9,4.7,8
05/08/2024,13:00,,,,,,,,,13.1,3.3,4
05/08/2024,14:00,,,,,,,,,8.8,2.7,1
05/08/2024,15:00,,,,,,,,,9.0,2.3,1
05/08/2024,16:00,,,,,,,,,7.5,2.0,0
05/08/2024,17:00,,,,,,,,,8.5,2.7,1
05/08/2024,18:00,,,,,,,,,12.3,3.7,4
05/08/2024,19:00,,,,,,,,,12.0,5.1,8
05/08/2024,20:00,,,,,,,,,12.5,5.4,10
05/08/2024,21:00,,,,,,,,,12.8,5.9,11
05/08/2024,22:00,,,,,,,,,11.9,5.5,10
05/08/2024,23:00,,,,,,,,,16.2,8.8,15
06/08/2024,00:00,,,,,,,,,20.3,12.4,
06/08/2024,01:00,,,,,,,,,17.9,10.7,
06/08/2024,02:00,,,,,,,,,11.8,5.7,13
06/08/2024,03:00,,,,,,,,,8.7,3.6,5
06/08/2024,04:00,,,,,,,,,9.7,4.0,4
06/08/2024,05:00,,,,,,,,,13.5,6.5,11
06/08/2024,06:00,,,,,,,,,14.8,7.0,13
06/08/2024,07:00,,,,,,,,,16.5,6.8,13
06/08/2024,08:00,,,,,,,,,13.6,6.1,11
06/08/2024,09:00,,,,,,,,,13.4,5.7,10
06/08/2024,10:00,,,,,,,,,11.1,4.3,7
06/08/2024,11:00,,,,,,,,,9.4,3.6,5
06/08/2024,12:00,,,,,,,,,8.0,4.4,10
06/08/2024,13:00,,,,,,,,,8.1,4.0,9
06/08/2024,14:00,,,,,,,,,7.6,3.8,7
06/08/2024,15:00,,,,,,,,,8.1,4.5,10
06/08/2024,16:00,,,,,,,,,10.1,5.8,17
06/08/2024,17:00,,,,,,,,,9.9,6.2,18
06/08/2024,18:00,,,,,,,,,11.1,6.9,19
06/08/2024,19:00,,,,,,,,,15.8,9.9,27
06/08/2024,20:00,,,,,,,,,14.1,9.0,26
06/08/2024,21:00,,,,,,,,,14.5,8.1,22
06/08/2024,22:00,,,,,,,,,12.9,6.5,14
06/08/2024,23:00,,,,,,,,,13.1,6.3,12
07/08/2024,00:00,,,,,,,,,14.5,7.6,
07/08/2024,01:00,,,,,,,,,16.5,9.1,
07/08/2024,02:00,,,,,,,,,12.5,7.1,16
07/08/2024,03:00,,,,,,,,,10.0,5.5,10
07/08/2024,04:00,,,,,,,,,9.4,5.6,11
07/08/2024,05:00,,,,,,,,,8.9,4.6,9
07/08/2024,06:00,,,,,,,,,10.1,5.2,8
07/08/2024,07:00,,,,,,,,,11.8,5.9,10
07/08/2024,08:00,,,,,,,,,14.1,6.5,12
07/08/2024,09:00,,,,,,,,,12.8,6.7,13
07/08/2024,10:00,,,,,,,,,15.2,7.3,14
07/08/2024,11:00,,,,,,,,,20.0,7.7,16
07/08/2024,12:00,,,,,,,,,19.2,7.7,17
07/08/2024,13:00,,,,,,,,,16.7,6.4,12
07/08/2024,14:00,,,,,,,,,15.7,6.4,11
07/08/2024,15:00,,,,,,,,,15.8,6.5,11
07/08/2024,16:00,,,,,,,,,15.0,6.4,11
07/08/2024,17:00,,,,,,,,,15.6,7.0,12
07/08/2024,18:00,,,,,,,,,16.5,7.6,14
07/08/2024,19:00,,,,,,,,,16.2,7.9,16
07/08/2024,20:00,,,,,,,,,16.1,8.5,16
07/08/2024,21:00,,,,,,,,,16.2,8.0,16
07/08/2024,22:00,,,,,,,,,14.9,7.3,13
07/08/2024,23:00,,,,,,,,,17.3,9.6,18
08/08/2024,00:00,,,,,,,,,15.6,8.8,
08/08/2024,01:00,,,,,,,,,14.3,7.7,
08/08/2024,02:00,,,,,,,,,12.8,7.3,13
08/08/2024,03:00,,,,,,,,,12.9,7.2,13
08/08/2024,04:00,,,,,,,,,12.3,7.1,13
08/08/2024,05:00,,,,,,,,,12.5,7.2,13
08/08/2024,06:00,,,,,,,,,13.0,7.4,13
08/08/2024,07:00,,,,,,,,,13.0,7.1,12
08/08/2024,08:00,,,,,,,,,16.9,7.5,13
08/08/2024,09:00,,,,,,,,,20.8,8.9,15
08/08/2024,10:00,,,,,,,,,15.0,6.9,14
08/08/2024,11:00,,,,,,,,,15.0,6.9,13
08/08/2024,12:00,,,,,,,,,17.3,7.5,13
08/08/2024,13:00,,,,,,,,,17.1,6.7,13
08/08/2024,14:00,,,,,,,,,14.9,5.5,8
08/08/2024,15:00,,,,,,,,,15.4,5.4,6
08/08/2024,16:00,,,,,,,,,15.6,5.9,8
08/08/2024,17:00,,,,,,,,,15.7,5.5,6
08/08/2024,18:00,,,,,,,,,15.4,5.8,6
08/08/2024,19:00,,,,,,,,,21.9,7.9,11
08/08/2024,20:00,,,,,,,,,20.0,9.1,16
08/08/2024,21:00,,,,,,,,,18.4,8.6,15
08/08/2024,22:00,,,,,,,,,18.0,8.4,14
08/08/2024,23:00,,,,,,,,,20.3,10.8,21
09/08/2024,00:00,,,,,,,,,15.8,7.8,
09/08/2024,01:00,,,,,,,,,14.4,6.6,
09/08/2024,02:00,,,,,,,,,12.7,6.1,9
09/08/2024,03:00,,,,,,,,,13.1,6.2,9
09/08/2024,04:00,,,,,,,,,12.7,6.1,10
09/08/2024,05:00,,,,,,,,,13.6,6.8,10
09/08/2024,06:00,,,,,,,,,13.6,6.2,10
09/08/2024,07:00,,,,,,,,,12.9,5.6,9
09/08/2024,08:00,,,,,,,,,13.2,5.8,9
09/08/2024,09:00,,,,,,,,,13.4,5.7,8
09/08/2024,10:00,,,,,,,,,17.9,6.2,9
09/08/2024,11:00,,,,,,,,,18.4,6.9,11
09/08/2024,12:00,,,,,,,,,20.6,7.3,12
09/08/2024,13:00,,,,,,,,,17.6,5.9,8
09/08/2024,14:00,,,,,,,,,14.1,4.9,5
09/08/2024,15:00,,,,,,,,,14.6,4.8,4
09/08/2024,16:00,,,,,,,,,14.0,5.0,4
09/08/2024,17:00,,,,,,,,,17.2,5.8,6
09/08/2024,18:00,,,,,,,,,17.6,7.1,10
09/08/2024,19:00,,,,,,,,,18.6,7.9,13
09/08/2024,20:00,,,,,,,,,18.5,8.0,14
09/08/2024,21:00,,,,,,,,,20.9,9.7,18
09/08/2024,22:00,,,,,,,,,22.7,12.1,23
09/08/2024,23:00,,,,,,,,,20.7,11.0,23
10/08/2024,00:00,,,,,,,,,18.5,10.2,
10/08/2024,01:00,,,,,,,,,16.5,8.2,
10/08/2024,02:00,,,,,,,,,16.0,8.2,14
10/08/2024,03:00,,,,,,,,,15.2,7.9,15
10/08/2024,04:00,,,,,,,,,15.2,7.9,14
10/08/2024,05:00,,,,,,,,,14.8,7.9,15
10/08/2024,06:00,,,,,,,,,15.4,8.2,15
10/08/2024,07:00,,,,,,,,,15.0,8.8,16
10/08/2024,08:00,,,,,,,,,16.2,8.9,17
10/08/2024,09:00,,,,,,,,,19.7,9.3,18
10/08/2024,10:00,,,,,,,,,17.3,6.1,12
10/08/2024,11:00,,,,,,,,,13.2,4.7,6
10/08/2024,12:00,,,,,,,,,11.3,4.3,4
10/08/2024,13:00,,,,,,,,,12.3,4.5,4
10/08/2024,14:00,,,,,,,,,12.2,4.5,4
10/08/2024,15:00,,,,,,,,,12.1,4.4,3
10/08/2024,16:00,,,,,,,,,12.2,4.8,4
10/08/2024,17:00,,,,,,,,,11.9,4.7,5
10/08/2024,18:00,,,,,,,,,14.6,5.7,7
10/08/2024,19:00,,,,,,,,,14.1,6.2,9
10/08/2024,20:00,,,,,,,,,13.1,5.8,9
10/08/2024,21:00,,,,,,,,,12.1,5.5,9
10/08/2024,22:00,,,,,,,,,12.2,5.6,8
10/08/2024,23:00,,,,,,,,,14.3,6.4,10
11/08/2024,00:00,,,,,,,,,15.7,7.9,13
11/08/2024,01:00,,,,,,,,,13.4,7.0,12
11/08/2024,02:00,,,,,,,,,13.9,6.9,11
11/08/2024,03:00,,,,,,,,,13.5,6.9,12
11/08/2024,04:00,,,,,,,,,12.6,7.0,12
11/08/2024,05:00,,,,,,,,,13.0,6.8,12
11/08/2024,06:00,,,,,,,,,12.0,6.3,11
11/08/2024,07:00,,,,,,,,,12.2,6.4,10
11/08/2024,08:00,,,,,,,,,13.5,6.7,11
11/08/2024,09:00,,,,,,,,,12.4,5.7,9
11/08/2024,10:00,,,,,,,,,11.4,4.5,6
11/08/2024,11:00,,,,,,,,,9.3,3.2,3
11/08/2024,12:00,,,,,,,,,8.7,2.9,1
11/08/2024,13:00,,,,,,,,,9.9,3.5,2
11/08/2024,14:00,,,,,,,,,10.7,3.4,3
11/08/2024,15:00,,,,,,,,,8.3,2.7,1
11/08/2024,16:00,,,,,,,,,7.9,3.1,2
11/08/2024,17:00,,,,,,,,,8.0,3.1,3
11/08/2024,18:00,,,,,,,,,8.3,4.3,6
11/08/2024,19:00,,,,,,,,,8.0,3.6,6
11/08/2024,20:00,,,,,,,,,6.7,2.9,3
11/08/2024,21:00,,,,,,,,,5.5,2.2,2
11/08/2024,22:00,,,,,,,,,3.5,1.5,0
11/08/2024,23:00,,,,,,,,,2.7,1.1,0
12/08/2024,00:00,,,,,,,,,3.7,0.8,0
12/08/2024,01:00,,,,,,,,,1.7,0.5,0
12/08/2024,02:00,,,,,,,,,4.8,0.9,0
12/08/2024,03:00,,,,,,,,,2.6,0.8,0
12/08/2024,04:00,,,,,,,,,4.5,1.2,0
12/08/2024,05:00,,,,,,,,,5.8,2.2,1
12/08/2024,06:00,,,,,,,,,6.8,2.6,1
12/08/2024,07:00,,,,,,,,,7.9,3.5,3
12/08/2024,08:00,,,,,,,,,10.2,3.9,5
12/08/2024,09:00,,,,,,,,,11.6,4.7,6
12/08/2024,10:00,,,,,,,,,14.1,5.8,9
12/08/2024,11:00,,,,,,,,,13.9,5.6,9
12/08/2024,12:00,,,,,,,,,17.1,5.5,7
12/08/2024,13:00,,,,,,,,,17.3,6.5,9
12/08/2024,14:00,,,,,,,,,13.0,5.1,6
12/08/2024,15:00,,,,,,,,,23.4,8.8,13
12/08/2024,16:00,,,,,,,,,24.2,8.8,12
12/08/2024,17:00,,,,,,,,,19.8,7.5,10
12/08/2024,18:00,,,,,,,,,21.5,8.1,11
12/08/2024,19:00,,,,,,,,,19.8,7.7,10
12/08/2024,20:00,,,,,,,,,20.6,7.4,9
12/08/2024,21:00,,,,,,,,,19.7,7.2,8
12/08/2024,22:00,,,,,,,,,19.3,7.2,8
12/08/2024,23:00,,,,,,,,,19.2,7.2,7
13/08/2024,00:00,,,,,,,,,21.0,7.6,8
13/08/2024,01:00,,,,,,,,,21.1,8.0,7
13/08/2024,02:00,,,,,,,,,21.3,7.6,7
13/08/2024,03:00,,,,,,,,,20.7,7.3,8
13/08/2024,04:00,,,,,,,,,15.3,6.5,8
13/08/2024,05:00,,,,,,,,,14.1,6.1,8
13/08/2024,06:00,,,,,,,,,16.2,7.1,10
13/08/2024,07:00,,,,,,,,,17.7,7.6,12
13/08/2024,08:00,,,,,,,,,20.9,8.5,13
13/08/2024,09:00,,,,,,,,,21.0,8.5,14
13/08/2024,10:00,,,,,,,,,19.7,7.9,12
13/08/2024,11:00,,,,,,,,,21.4,8.1,12
13/08/2024,12:00,,,,,,,,,20.4,7.8,13
13/08/2024,13:00,,,,,,,,,21.2,8.9,15
13/08/2024,14:00,,,,,,,,,25.4,9.9,15
13/08/2024,15:00,,,,,,,,,24.7,9.7,15
13/08/2024,16:00,,,,,,,,,23.8,9.8,16
13/08/2024,17:00,,,,,,,,,22.1,9.4,17
13/08/2024,18:00,,,,,,,,,21.8,9.6,18
13/08/2024,19:00,,,,,,,,,22.7,9.9,18
13/08/2024,20:00,,,,,,,,,18.8,8.0,16
13/08/2024,21:00,,,,,,,,,13.5,5.9,12
13/08/2024,22:00,,,,,,,,,8.0,3.7,7
13/08/2024,23:00,,,,,,,,,7.8,3.4,5
14/08/2024,00:00,,,,,,,,,11.8,5.3,7
14/08/2024,01:00,,,,,,,,,15.3,7.1,11
14/08/2024,02:00,,,,,,,,,19.5,8.6,16
14/08/2024,03:00,,,,,,,,,20.9,8.8,15
14/08/2024,04:00,,,,,,,,,17.4,7.6,14
14/08/2024,05:00,,,,,,,,,19.1,8.3,14
14/08/2024,06:00,,,,,,,,,14.5,6.7,14
14/08/2024,07:00,,,,,,,,,11.7,5.3,11
14/08/2024,08:00,,,,,,,,,9.2,4.1,8
14/08/2024,09:00,,,,,,,,,8.9,4.1,7
14/08/2024,10:00,,,,,,,,,12.2,5.8,10
14/08/2024,11:00,,,,,,,,,11.7,5.6,12
14/08/2024,12:00,,,,,,,,,18.8,8.4,15
14/08/2024,13:00,,,,,,,,,21.7,9.2,17
14/08/2024,14:00,,,,,,,,,21.0,8.8,16
14/08/2024,15:00,,,,,,,,,22.3,9.4,17
14/08/2024,16:00,,,,,,,,,18.5,8.0,15
14/08/2024,17:00,,,,,,,,,20.1,8.6,15
14/08/2024,18:00,,,,,,,,,23.8,10.3,19
14/08/2024,19:00,,,,,,,,,26.5,11.9,25
14/08/2024,20:00,,,,,,,,,22.4,10.9,27
14/08/2024,21:00,,,,,,,,,17.1,8.9,24
14/08/2024,22:00,,,,,,,,,16.1,8.5,22
14/08/2024,23:00,,,,,,,,,11.6,6.4,18
15/08/2024,00:00,,,,,,,,,9.3,5.1,14
15/08/2024,01:00,,,,,,,,,10.8,6.3,11
15/08/2024,02:00,,,,,,,,,12.6,7.1,15
15/08/2024,03:00,,,,,,,,,7.9,4.6,8
15/08/2024,04:00,,,,,,,,,10.4,6.3,12
15/08/2024,05:00,,,,,,,,,10.5,6.1,15
15/08/2024,06:00,,,,,,,,,9.8,5.8,12
15/08/2024,07:00,,,,,,,,,12.0,6.9,17
15/08/2024,08:00,,,,,,,,,10.4,5.4,14
15/08/2024,09:00,,,,,,,,,9.9,4.6,10
15/08/2024,10:00,,,,,,,,,8.7,4.0,8
15/08/2024,11:00,,,,,,,,,7.1,3.2,6
15/08/2024,12:00,,,,,,,,,7.5,3.4,5
15/08/2024,13:00,,,,,,,,,7.4,3.2,5
15/08/2024,14:00,,,,,,,,,9.3,3.3,4
15/08/2024,15:00,,,,,,,,,10.1,3.7,5
15/08/2024,16:00,,,,,,,,,9.8,4.0,6
15/08/2024,17:00,,,,,,,,,15.2,4.0,6
15/08/2024,18:00,,,,,,,,,16.0,4.7,8
15/08/2024,19:00,,,,,,,,,16.8,5.3,10
15/08/2024,20:00,,,,,,,,,14.4,5.3,10
15/08/2024,21:00,,,,,,,,,13.9,6.1,12
15/08/2024,22:00,,,,,,,,,15.0,6.4,15
15/08/2024,23:00,,,,,,,,,14.4,6.4,16
16/08/2024,00:00,,,,,,,,,14.4,5.9,13
16/08/2024,01:00,,,,,,,,,15.0,6.2,13
16/08/2024,02:00,,,,,,,,,12.0,4.8,10
16/08/2024,03:00,,,,,,,,,13.0,5.2,9
16/08/2024,04:00,,,,,,,,,13.6,6.3,12
16/08/2024,05:00,,,,,,,,,14.8,7.4,17
16/08/2024,06:00,,,,,,,,,13.8,6.6,15
16/08/2024,07:00,,,,,,,,,9.9,5.0,12
16/08/2024,08:00,,,,,,,,,8.0,4.2,10
16/08/2024,09:00,,,,,,,,,7.7,3.9,9
16/08/2024,10:00,,,,,,,,,8.8,4.2,10
16/08/2024,11:00,,,,,,,,,9.9,4.7,11
16/08/2024,12:00,,,,,,,,,8.5,4.2,10
16/08/2024,13:00,,,,,,,,,6.9,2.8,5
16/08/2024,14:00,,,,,,,,,8.2,3.2,5
16/08/2024,15:00,,,,,,,,,5.8,2.5,5
16/08/2024,16:00,,,,,,,,,7.4,3.2,5
16/08/2024,17:00,,,,,,,,,11.5,5.8,15
16/08/2024,18:00,,,,,,,,,14.4,7.0,17
16/08/2024,19:00,,,,,,,,,19.2,11.0,30
16/08/2024,20:00,,,,,,,,,20.9,11.6,36
16/08/2024,21:00,,,,,,,,,20.0,12.0,38
16/08/2024,22:00,,,,,,,,,19.5,10.8,36
16/08/2024,23:00,,,,,,,,,16.3,7.8,26
17/08/2024,00:00,,,,,,,,,13.4,6.8,19
17/08/2024,01:00,,,,,,,,,12.9,6.1,15
17/08/2024,02:00,,,,,,,,,9.6,4.4,11
17/08/2024,03:00,,,,,,,,,9.7,4.1,7
17/08/2024,04:00,,,,,,,,,9.0,3.8,6
17/08/2024,05:00,,,,,,,,,10.9,4.7,8
17/08/2024,06:00,,,,,,,,,11.0,4.7,8
17/08/2024,07:00,,,,,,,,,11.2,4.6,8
17/08/2024,08:00,,,,,,,,,12.9,5.9,11
17/08/2024,09:00,,,,,,,,,10.9,5.0,12
17/08/2024,10:00,,,,,,,,,9.0,3.1,6
17/08/2024,11:00,,,,,,,,,8.0,2.7,3
17/08/2024,12:00,,,,,,,,,6.8,2.6,3
17/08/2024,13:00,,,,,,,,,12.0,3.2,4
17/08/2024,14:00,,,,,,,,,13.2,3.4,5
17/08/2024,15:00,,,,,,,,,12.1,3.4,5
17/08/2024,16:00,,,,,,,,,10.5,3.6,5
17/08/2024,17:00,,,,,,,,,10.4,3.6,5
17/08/2024,18:00,,,,,,,,,10.2,3.7,5
17/08/2024,19:00,,,,,,,,,11.2,4.3,7
17/08/2024,20:00,,,,,,,,,9.6,3.7,6
17/08/2024,21:00,,,,,,,,,9.0,3.1,3
17/08/2024,22:00,,,,,,,,,9.7,3.1,3
17/08/2024,23:00,,,,,,,,,9.5,3.3,3
18/08/2024,00:00,,,,,,,,,8.9,3.0,2
18/08/2024,01:00,,,,,,,,,8.6,3.1,2
18/08/2024,02:00,,,,,,,,,7.8,3.1,2
18/08/2024,03:00,,,,,,,,,8.2,3.1,2
18/08/2024,04:00,,,,,,,,,8.9,3.3,2
18/08/2024,05:00,,,,,,,,,9.4,3.8,3
18/08/2024,06:00,,,,,,,,,10.9,4.0,4
18/08/2024,07:00,,,,,,,,,10.1,3.8,3
18/08/2024,08:00,,,,,,,,,9.0,3.4,2
18/08/2024,09:00,,,,,,,,,8.5,3.2,2
18/08/2024,10:00,,,,,,,,,9.2,3.2,1
18/08/2024,11:00,,,,,,,,,8.7,3.2,2
18/08/2024,12:00,,,,,,,,,8.6,3.1,2
18/08/2024,13:00,,,,,,,,,7.3,3.2,2
18/08/2024,14:00,,,,,,,,,11.3,4.6,7
18/08/2024,15:00,,,,,,,,,8.7,3.3,4
18/08/2024,16:00,,,,,,,,,8.0,3.2,3
18/08/2024,17:00,,,,,,,,,8.9,3.7,4
18/08/2024,18:00,,,,,,,,,10.7,4.2,6
18/08/2024,19:00,,,,,,,,,9.7,4.1,5
18/08/2024,20:00,,,,,,,,,10.7,4.3,5
18/08/2024,21:00,,,,,,,,,11.0,5.2,8
18/08/2024,22:00,,,,,,,,,13.6,6.4,12
18/08/2024,23:00,,,,,,,,,12.7,5.9,12
19/08/2024,00:00,,,,,,,,,11.1,5.6,10
19/08/2024,01:00,,,,,,,,,12.0,5.5,10
19/08/2024,02:00,,,,,,,,,15.2,7.2,14
19/08/2024,03:00,,,,,,,,,12.7,6.3,11
19/08/2024,04:00,,,,,,,,,12.2,5.8,10
19/08/2024,05:00,,,,,,,,,12.7,5.8,10
19/08/2024,06:00,,,,,,,,,12.3,5.0,9
19/08/2024,07:00,,,,,,,,,10.8,4.7,7
19/08/2024,08:00,,,,,,,,,16.4,5.6,8
19/08/2024,09:00,,,,,,,,,17.1,5.0,9
19/08/2024,10:00,,,,,,,,,13.6,4.4,7
19/08/2024,11:00,,,,,,,,,12.3,4.3,6
19/08/2024,12:00,,,,,,,,,11.2,4.0,5
19/08/2024,13:00,,,,,,,,,10.2,3.9,5
19/08/2024,14:00,,,,,,,,,11.9,3.8,4
19/08/2024,15:00,,,,,,,,,10.7,3.5,3
19/08/2024,16:00,,,,,,,,,8.7,2.8,2
19/08/2024,17:00,,,,,,,,,8.0,2.8,1
19/08/2024,18:00,,,,,,,,,7.7,3.2,2
19/08/2024,19:00,,,,,,,,,8.8,3.6,4
19/08/2024,20:00,,,,,,,,,8.1,3.3,3
19/08/2024,21:00,,,,,,,,,7.2,3.2,3
19/08/2024,22:00,,,,,,,,,5.8,3.0,2
19/08/2024,23:00,,,,,,,,,6.9,2.8,1
20/08/2024,00:00,,,,,,,,,9.7,4.5,3
20/08/2024,01:00,,,,,,,,,10.9,6.1,11
20/08/2024,02:00,,,,,,,,,10.9,5.3,9
20/08/2024,03:00,,,,,,,,,9.2,4.4,7
20/08/2024,04:00,,,,,,,,,8.8,4.7,7
20/08/2024,05:00,,,,,,,,,13.0,7.8,14
20/08/2024,06:00,,,,,,,,,15.5,8.9,23
20/08/2024,07:00,,,,,,,,,12.6,6.6,14
20/08/2024,08:00,,,,,,,,,13.3,7.0,13
20/08/2024,09:00,,,,,,,,,12.4,5.6,11
20/08/2024,10:00,,,,,,,,,13.6,5.2,10
20/08/2024,11:00,,,,,,,,,11.6,4.4,7
20/08/2024,12:00,,,,,,,,,12.8,4.1,6
20/08/2024,13:00,,,,,,,,,15.1,4.3,6
20/08/2024,14:00,,,,,,,,,14.1,4.1,5
20/08/2024,15:00,,,,,,,,,12.8,3.9,4
20/08/2024,16:00,,,,,,,,,10.9,3.7,4
20/08/2024,17:00,,,,,,,,,13.3,4.2,5
20/08/2024,18:00,,,,,,,,,15.0,4.9,6
20/08/2024,19:00,,,,,,,,,18.0,5.5,8
20/08/2024,20:00,,,,,,,,,14.1,5.7,10
20/08/2024,21:00,,,,,,,,,12.0,5.2,8
20/08/2024,22:00,,,,,,,,,11.9,5.3,8
20/08/2024,23:00,,,,,,,,,12.7,5.2,8
21/08/2024,00:00,,,,,,,,,12.6,5.1,9
21/08/2024,01:00,,,,,,,,,12.8,5.8,9
21/08/2024,02:00,,,,,,,,,14.5,6.7,14
21/08/2024,03:00,,,,,,,,,13.7,6.8,16
21/08/2024,04:00,,,,,,,,,10.2,6.3,14
21/08/2024,05:00,,,,,,,,,8.9,5.6,12
21/08/2024,06:00,,,,,,,,,10.1,6.2,13
21/08/2024,07:00,,,,,,,,,8.9,5.5,13
21/08/2024,08:00,,,,,,,,,13.0,7.6,15
21/08/2024,09:00,,,,,,,,,19.6,11.0,27
21/08/2024,10:00,,,,,,,,,,,
21/08/2024,11:00,,,,,,,,,,,
21/08/2024,12:00,,,,,,,,,13.4,4.8,11
21/08/2024,13:00,,,,,,,,,15.0,4.7,7
21/08/2024,14:00,,,,,,,,,15.5,5.0,7
21/08/2024,15:00,,,,,,,,,17.8,5.5,8
21/08/2024,16:00,,,,,,,,,16.9,5.7,8
21/08/2024,17:00,,,,,,,,,15.8,5.7,8
21/08/2024,18:00,,,,,,,,,15.9,6.4,9
21/08/2024,19:00,,,,,,,,,17.1,6.9,11
21/08/2024,20:00,,,,,,,,,16.5,6.8,11
21/08/2024,21:00,,,,,,,,,17.8,6.9,10
21/08/2024,22:00,,,,,,,,,16.0,6.6,10
21/08/2024,23:00,,,,,,,,,16.4,6.8,10
22/08/2024,00:00,,,,,,,,,16.7,6.8,11
22/08/2024,01:00,,,,,,,,,17.3,6.6,10
22/08/2024,02:00,,,,,,,,,16.0,6.9,12
22/08/2024,03:00,,,,,,,,,16.2,7.5,13
22/08/2024,04:00,,,,,,,,,14.4,6.8,13
22/08/2024,05:00,,,,,,,,,14.6,7.1,14
22/08/2024,06:00,,,,,,,,,13.1,6.5,15
22/08/2024,07:00,,,,,,,,,13.8,7.6,15
22/08/2024,08:00,,,,,,,,,21.0,11.4,23
22/08/2024,09:00,,,,,,,,,22.8,11.9,28
22/08/2024,10:00,,,,,,,,,14.9,6.6,17
22/08/2024,11:00,,,,,,,,,16.7,7.2,14
22/08/2024,12:00,,,,,,,,,18.3,7.0,16
22/08/2024,13:00,,,,,,,,,18.3,5.9,12
22/08/2024,14:00,,,,,,,,,15.8,5.2,9
22/08/2024,15:00,,,,,,,,,17.3,5.3,9
22/08/2024,16:00,,,,,,,,,14.3,5.1,8
22/08/2024,17:00,,,,,,,,,14.3,5.5,8
22/08/2024,18:00,,,,,,,,,16.3,6.5,11
22/08/2024,19:00,,,,,,,,,13.9,6.0,11
22/08/2024,20:00,,,,,,,,,14.7,6.0,10
22/08/2024,21:00,,,,,,,,,14.2,5.8,10
22/08/2024,22:00,,,,,,,,,13.1,5.1,9
22/08/2024,23:00,,,,,,,,,12.8,5.4,9
23/08/2024,00:00,,,,,,,,,13.8,6.1,12
23/08/2024,01:00,,,,,,,,,15.3,6.8,13
23/08/2024,02:00,,,,,,,,,17.5,9.0,17
23/08/2024,03:00,,,,,,,,,20.7,10.5,23
23/08/2024,04:00,,,,,,,,,21.2,11.1,25
23/08/2024,05:00,,,,,,,,,22.8,13.0,28
23/08/2024,06:00,,,,,,,,,34.2,19.6,45
23/08/2024,07:00,,,,,,,,,31.5,17.2,45
23/08/2024,08:00,,,,,,,,,27.8,15.0,38
23/08/2024,09:00,,,,,,,,,31.4,16.6,42
23/08/2024,10:00,,,,,,,,,25.8,15.8,42
23/08/2024,11:00,,,,,,,,,26.6,14.2,41
23/08/2024,12:00,,,,,,,,,26.8,10.0,25
23/08/2024,13:00,,,,,,,,,22.4,8.1,16
23/08/2024,14:00,,,,,,,,,19.3,7.1,11
23/08/2024,15:00,,,,,,,,,19.0,6.7,9
23/08/2024,16:00,,,,,,,,,18.8,6.8,9
23/08/2024,17:00,,,,,,,,,18.6,7.3,10
23/08/2024,18:00,,,,,,,,,21.0,7.8,12
23/08/2024,19:00,,,,,,,,,21.9,8.3,13
23/08/2024,20:00,,,,,,,,,20.6,8.6,15
23/08/2024,21:00,,,,,,,,,20.2,8.2,15
23/08/2024,22:00,,,,,,,,,21.0,8.4,14
23/08/2024,23:00,,,,,,,,,21.0,8.8,16
24/08/2024,00:00,,,,,,,,,18.7,8.0,15
24/08/2024,01:00,,,,,,,,,18.6,8.3,14
24/08/2024,02:00,,,,,,,,,17.7,8.8,16
24/08/2024,03:00,,,,,,,,,17.9,8.6,16
24/08/2024,04:00,,,,,,,,,18.4,9.4,18
24/08/2024,05:00,,,,,,,,,21.6,11.3,23
24/08/2024,06:00,,,,,,,,,22.5,12.5,27
24/08/2024,07:00,,,,,,,,,23.1,12.6,28
24/08/2024,08:00,,,,,,,,,19.6,10.1,22
24/08/2024,09:00,,,,,,,,,21.3,10.0,21
24/08/2024,10:00,,,,,,,,,19.5,7.9,17
24/08/2024,11:00,,,,,,,,,17.5,7.3,14
24/08/2024,12:00,,,,,,,,,17.5,8.1,15
24/08/2024,13:00,,,,,,,,,18.4,8.9,17
24/08/2024,14:00,,,,,,,,,20.4,8.6,19
24/08/2024,15:00,,,,,,,,,18.4,7.2,15
24/08/2024,16:00,,,,,,,,,17.9,6.9,16
24/08/2024,17:00,,,,,,,,,15.1,6.0,11
24/08/2024,18:00,,,,,,,,,15.9,6.7,12
24/08/2024,19:00,,,,,,,,,18.5,8.6,18
24/08/2024,20:00,,,,,,,,,17.6,8.8,20
24/08/2024,21:00,,,,,,,,,19.9,10.8,24
24/08/2024,22:00,,,,,,,,,18.4,9.2,21
24/08/2024,23:00,,,,,,,,,15.3,7.9,18
25/08/2024,00:00,,,,,,,,,14.0,7.1,15
25/08/2024,01:00,,,,,,,,,14.5,7.5,
25/08/2024,02:00,,,,,,,,,19.6,11.1,23
25/08/2024,03:00,,,,,,,,,20.1,12.0,27
25/08/2024,04:00,,,,,,,,,21.4,12.6,29
25/08/2024,05:00,,,,,,,,,22.1,13.1,29
25/08/2024,06:00,,,,,,,,,22.3,13.6,30
25/08/2024,07:00,,,,,,,,,24.6,15.4,34
25/08/2024,08:00,,,,,,,,,25.4,16.4,38
25/08/2024,09:00,,,,,,,,,28.3,16.7,42
25/08/2024,10:00,,,,,,,,,31.2,20.1,48
25/08/2024,11:00,,,,,,,,,33.7,21.4,55
25/08/2024,12:00,,,,,,,,,30.0,18.1,51
25/08/2024,13:00,,,,,,,,,27.2,16.0,46
25/08/2024,14:00,,,,,,,,,25.0,13.5,40
25/08/2024,15:00,,,,,,,,,20.7,11.1,31
25/08/2024,16:00,,,,,,,,,18.5,9.0,24
25/08/2024,17:00,,,,,,,,,18.6,8.1,20
25/08/2024,18:00,,,,,,,,,18.2,8.5,19
25/08/2024,19:00,,,,,,,,,18.3,8.9,21
25/08/2024,20:00,,,,,,,,,17.6,8.8,21
25/08/2024,21:00,,,,,,,,,16.0,8.2,19
25/08/2024,22:00,,,,,,,,,16.8,8.0,19
25/08/2024,23:00,,,,,,,,,15.3,7.8,18
26/08/2024,00:00,,,,,,,,,16.3,7.6,17
26/08/2024,01:00,,,,,,,,,14.8,7.6,16
26/08/2024,02:00,,,,,,,,,17.6,9.3,21
26/08/2024,03:00,,,,,,,,,16.9,9.5,22
26/08/2024,04:00,,,,,,,,,20.5,12.8,31
26/08/2024,05:00,,,,,,,,,16.2,10.4,29
26/08/2024,06:00,,,,,,,,,18.1,12.2,34
26/08/2024,07:00,,,,,,,,,17.5,11.6,32
26/08/2024,08:00,,,,,,,,,21.2,15.9,40
26/08/2024,09:00,,,,,,,,,30.7,20.1,54
26/08/2024,10:00,,,,,,,,,,,
26/08/2024,11:00,,,,,,,,,34.4,22.5,35
26/08/2024,12:00,,,,,,,,,34.6,21.2,31
26/08/2024,13:00,,,,,,,,,34.6,19.4,30
26/08/2024,14:00,,,,,,,,,26.0,12.8,26
26/08/2024,15:00,,,,,,,,,20.7,9.2,22
26/08/2024,16:00,,,,,,,,,20.3,7.8,17
26/08/2024,17:00,,,,,,,,,19.6,7.8,15
26/08/2024,18:00,,,,,,,,,19.1,8.4,17
26/08/2024,19:00,,,,,,,,,19.7,9.3,20
26/08/2024,20:00,,,,,,,,,20.2,9.4,21
26/08/2024,21:00,,,,,,,,,20.7,9.0,20
26/08/2024,22:00,,,,,,,,,20.1,9.0,20
26/08/2024,23:00,,,,,,,,,18.2,8.4,19
27/08/2024,00:00,,,,,,,,,20.3,9.2,20
27/08/2024,01:00,,,,,,,,,22.8,10.8,21
27/08/2024,02:00,,,,,,,,,23.4,10.7,22
27/08/2024,03:00,,,,,,,,,23.3,12.1,27
27/08/2024,04:00,,,,,,,,,27.7,16.3,38
27/08/2024,05:00,,,,,,,,,32.8,20.9,54
27/08/2024,06:00,,,,,,,,,26.7,16.9,57
27/08/2024,07:00,,,,,,,,,24.0,14.8,48
27/08/2024,08:00,,,,,,,,,31.4,18.6,53
27/08/2024,09:00,,,,,,,,,36.5,21.2,60
27/08/2024,10:00,,,,,,,,,40.0,25.8,73
27/08/2024,11:00,,,,,,,,,46.7,27.2,81
27/08/2024,12:00,,,,,,,,,44.0,28.6,85
27/08/2024,13:00,,,,,,,,,46.5,29.2,87
27/08/2024,14:00,,,,,,,,,36.6,23.7,77
27/08/2024,15:00,,,,,,,,,29.5,18.3,59
27/08/2024,16:00,,,,,,,,,22.9,13.6,43
27/08/2024,17:00,,,,,,,,,19.0,9.9,30
27/08/2024,18:00,,,,,,,,,13.5,5.9,14
27/08/2024,19:00,,,,,,,,,14.4,6.4,12
27/08/2024,20:00,,,,,,,,,15.6,6.7,12
27/08/2024,21:00,,,,,,,,,15.7,6.9,12
27/08/2024,22:00,,,,,,,,,15.3,6.6,12
27/08/2024,23:00,,,,,,,,,14.5,6.6,12
28/08/2024,00:00,,,,,,,,,13.9,6.5,13
28/08/2024,01:00,,,,,,,,,17.3,7.8,15
28/08/2024,02:00,,,,,,,,,20.1,11.1,24
28/08/2024,03:00,,,,,,,,,22.4,12.8,33
28/08/2024,04:00,,,,,,,,,24.5,14.3,35
28/08/2024,05:00,,,,,,,,,23.0,15.9,44
28/08/2024,06:00,,,,,,,,,25.9,18.3,54
28/08/2024,07:00,,,,,,,,,27.9,20.3,60
28/08/2024,08:00,,,,,,,,,32.9,21.5,68
28/08/2024,09:00,,,,,,,,,27.2,13.6,47
28/08/2024,10:00,,,,,,,,,23.6,12.4,33
28/08/2024,11:00,,,,,,,,,22.3,11.9,35
28/08/2024,12:00,,,,,,,,,20.5,10.0,28
28/08/2024,13:00,,,,,,,,,22.9,8.7,23
28/08/2024,14:00,,,,,,,,,26.6,7.1,17
28/08/2024,15:00,,,,,,,,,23.4,8.1,16
28/08/2024,16:00,,,,,,,,,24.4,8.1,17
28/08/2024,17:00,,,,,,,,,22.8,8.2,16
28/08/2024,18:00,,,,,,,,,24.4,10.1,23
28/08/2024,19:00,,,,,,,,,26.3,11.3,30
28/08/2024,20:00,,,,,,,,,24.6,10.9,28
28/08/2024,21:00,,,,,,,,,23.6,11.3,27
28/08/2024,22:00,,,,,,,,,25.0,13.4,32
28/08/2024,23:00,,,,,,,,,26.4,14.3,36
29/08/2024,00:00,,,,,,,,,26.1,15.4,39
29/08/2024,01:00,,,,,,,,,27.2,16.7,42
29/08/2024,02:00,,,,,,,,,29.6,20.2,52
29/08/2024,03:00,,,,,,,,,31.8,21.7,57
29/08/2024,04:00,,,,,,,,,30.4,21.6,57
29/08/2024,05:00,,,,,,,,,31.2,23.1,61
29/08/2024,06:00,,,,,,,,,31.6,22.3,61
29/08/2024,07:00,,,,,,,,,35.5,22.8,62
29/08/2024,08:00,,,,,,,,,42.0,27.0,67
29/08/2024,09:00,,,,,,,,,45.1,28.3,73
29/08/2024,10:00,,,,,,,,,39.5,25.2,70
29/08/2024,11:00,,,,,,,,,32.8,19.8,58
29/08/2024,12:00,,,,,,,,,34.8,17.3,47
29/08/2024,13:00,,,,,,,,,35.7,16.8,46
29/08/2024,14:00,,,,,,,,,37.2,14.7,43
29/08/2024,15:00,,,,,,,,,32.5,13.6,39
29/08/2024,16:00,,,,,,,,,30.8,13.4,38
29/08/2024,17:00,,,,,,,,,32.3,14.3,41
29/08/2024,18:00,,,,,,,,,31.6,14.6,42
29/08/2024,19:00,,,,,,,,,33.4,15.0,42
29/08/2024,20:00,,,,,,,,,31.4,16.1,44
29/08/2024,21:00,,,,,,,,,36.2,16.7,46
29/08/2024,22:00,,,,,,,,,25.9,13.4,43
29/08/2024,23:00,,,,,,,,,20.9,10.8,30
30/08/2024,00:00,,,,,,,,,25.2,12.9,33
30/08/2024,01:00,,,,,,,,,28.3,13.8,35
30/08/2024,02:00,,,,,,,,,23.4,11.0,32
30/08/2024,03:00,,,,,,,,,19.8,9.4,24
30/08/2024,04:00,,,,,,,,,19.5,9.3,23
30/08/2024,05:00,,,,,,,,,19.6,9.6,23
30/08/2024,06:00,,,,,,,,,32.4,14.9,32
30/08/2024,07:00,,,,,,,,,41.3,21.3,47
30/08/2024,08:00,,,,,,,,,49.0,27.9,66
30/08/2024,09:00,,,,,,,,,47.5,25.1,63
30/08/2024,10:00,,,,,,,,,50.4,21.8,56
30/08/2024,11:00,,,,,,,,,39.9,16.7,41
30/08/2024,12:00,,,,,,,,,44.3,21.8,52
30/08/2024,13:00,,,,,,,,,43.2,22.2,62
30/08/2024,14:00,,,,,,,,,39.7,19.6,57
30/08/2024,15:00,,,,,,,,,34.8,18.0,55
30/08/2024,16:00,,,,,,,,,33.3,17.3,50
30/08/2024,17:00,,,,,,,,,36.6,16.7,46
30/08/2024,18:00,,,,,,,,,37.8,19.6,51
30/08/2024,19:00,,,,,,,,,37.7,19.3,56
30/08/2024,20:00,,,,,,,,,32.9,16.6,47
30/08/2024,21:00,,,,,,,,,32.8,17.2,48
30/08/2024,22:00,,,,,,,,,33.2,17.9,49
30/08/2024,23:00,,,,,,,,,34.5,22.3,57
31/08/2024,00:00,,,,,,,,,35.6,22.7,64
31/08/2024,01:00,,,,,,,,,36.4,23.8,61
31/08/2024,02:00,,,,,,,,,37.9,25.8,69
31/08/2024,03:00,,,,,,,,,33.5,22.9,64
31/08/2024,04:00,,,,,,,,,35.4,25.2,65
31/08/2024,05:00,,,,,,,,,35.4,25.0,69
31/08/2024,06:00,,,,,,,,,41.5,30.4,79
31/08/2024,07:00,,,,,,,,,49.5,34.7,90
31/08/2024,08:00,,,,,,,,,41.5,27.9,79
31/08/2024,09:00,,,,,,,,,37.1,22.9,64
31/08/2024,10:00,,,,,,,,,26.3,15.0,46
31/08/2024,11:00,,,,,,,,,32.5,15.6,37
31/08/2024,12:00,,,,,,,,,33.7,16.7,44
31/08/2024,13:00,,,,,,,,,34.0,17.2,46
31/08/2024,14:00,,,,,,,,,32.6,16.4,44
31/08/2024,15:00,,,,,,,,,35.1,16.4,43
31/08/2024,16:00,,,,,,,,,38.3,14.9,38
31/08/2024,17:00,,,,,,,,,36.3,14.9,34
31/08/2024,18:00,,,,,,,,,37.3,16.0,37
31/08/2024,19:00,,,,,,,,,77.2,48.1,151
31/08/2024,20:00,,,,,,,,,37.8,18.1,82
31/08/2024,21:00,,,,,,,,,33.9,16.1,40
31/08/2024,22:00,,,,,,,,,33.9,15.8,38
31/08/2024,23:00,,,,,,,,,34.0,15.2,36
01/09/2024,00:00,,,,,,,,,32.4,15.5,36
01/09/2024,01:00,,,,,,,,,30.1,14.9,33
01/09/2024,02:00,,,,,,,,,28.3,14.8,37
01/09/2024,03:00,,,,,,,,,28.2,14.6,38
01/09/2024,04:00,,,,,,,,,28.3,15.4,41
01/09/2024,05:00,,,,,,,,,32.8,17.7,49
01/09/2024,06:00,,,,,,,,,31.8,16.9,48
01/09/2024,07:00,,,,,,,,,35.1,19.9,51
01/09/2024,08:00,,,,,,,,,45.5,31.1,76
01/09/2024,09:00,,,,,,,,,54.2,38.7,98
01/09/2024,10:00,,,,,,,,,53.2,37.4,102
01/09/2024,11:00,,,,,,,,,46.1,33.2,94
01/09/2024,12:00,,,,,,,,,43.5,30.0,87
01/09/2024,13:00,,,,,,,,,38.7,25.9,79
01/09/2024,14:00,,,,,,,,,34.4,22.1,71
01/09/2024,15:00,,,,,,,,,32.1,17.8,61
01/09/2024,16:00,,,,,,,,,28.5,14.0,44
01/09/2024,17:00,,,,,,,,,30.0,13.4,34
01/09/2024,18:00,,,,,,,,,30.2,13.8,34
01/09/2024,19:00,,,,,,,,,31.9,15.1,36
01/09/2024,20:00,,,,,,,,,33.3,17.4,47
01/09/2024,21:00,,,,,,,,,31.4,17.5,50
01/09/2024,22:00,,,,,,,,,27.0,14.9,45
01/09/2024,23:00,,,,,,,,,24.1,12.6,38
02/09/2024,00:00,,,,,,,,,22.4,12.0,35
02/09/2024,01:00,,,,,,,,,21.3,11.9,32
02/09/2024,02:00,,,,,,,,,21.0,11.5,34
02/09/2024,03:00,,,,,,,,,19.2,11.7,35
02/09/2024,04:00,,,,,,,,,22.8,13.3,38
02/09/2024,05:00,,,,,,,,,23.3,14.3,41
02/09/2024,06:00,,,,,,,,,24.6,15.2,45
02/09/2024,07:00,,,,,,,,,29.4,16.9,49
02/09/2024,08:00,,,,,,,,,35.1,18.7,53
02/09/2024,09:00,,,,,,,,,37.2,19.2,56
02/09/2024,10:00,,,,,,,,,31.3,17.5,54
02/09/2024,11:00,,,,,,,,,32.8,12.8,38
02/09/2024,12:00,,,,,,,,,26.4,12.0,32
02/09/2024,13:00,,,,,,,,,26.8,10.0,27
02/09/2024,14:00,,,,,,,,,26.3,7.9,18
02/09/2024,15:00,,,,,,,,,23.8,7.3,16
02/09/2024,16:00,,,,,,,,,17.1,5.6,11
02/09/2024,17:00,,,,,,,,,19.7,6.0,10
02/09/2024,18:00,,,,,,,,,18.5,5.7,9
02/09/2024,19:00,,,,,,,,,15.5,5.1,9
02/09/2024,20:00,,,,,,,,,15.0,4.7,7
02/09/2024,21:00,,,,,,,,,16.0,4.8,7
02/09/2024,22:00,,,,,,,,,16.2,5.0,8
02/09/2024,23:00,,,,,,,,,12.8,4.4,7
03/09/2024,00:00,,,,,,,,,14.6,4.5,7
03/09/2024,01:00,,,,,,,,,16.8,4.5,7
03/09/2024,02:00,,,,,,,,,12.9,4.5,7
03/09/2024,03:00,,,,,,,,,13.1,4.4,7
03/09/2024,04:00,,,,,,,,,15.7,5.1,7
03/09/2024,05:00,,,,,,,,,26.3,14.6,29
03/09/2024,06:00,,,,,,,,,36.3,19.6,44
03/09/2024,07:00,,,,,,,,,42.8,17.4,39
03/09/2024,08:00,,,,,,,,,53.4,20.4,42
03/09/2024,09:00,,,,,,,,,55.1,16.7,38
03/09/2024,10:00,,,,,,,,,42.3,12.1,20
03/09/2024,11:00,,,,,,,,,41.5,12.1,18
03/09/2024,12:00,,,,,,,,,47.9,11.6,17
03/09/2024,13:00,,,,,,,,,48.9,11.1,16
03/09/2024,14:00,,,,,,,,,43.9,9.9,13
03/09/2024,15:00,,,,,,,,,39.0,9.7,15
03/09/2024,16:00,,,,,,,,,35.7,9.1,13
03/09/2024,17:00,,,,,,,,,37.9,9.0,12
03/09/2024,18:00,,,,,,,,,25.8,7.7,10
03/09/2024,19:00,,,,,,,,,25.6,7.8,9
03/09/2024,20:00,,,,,,,,,25.6,7.8,9
03/09/2024,21:00,,,,,,,,,20.3,7.4,10
03/09/2024,22:00,,,,,,,,,21.6,8.2,11
03/09/2024,23:00,,,,,,,,,19.0,7.4,11
04/09/2024,00:00,,,,,,,,,21.2,7.8,10
04/09/2024,01:00,,,,,,,,,25.4,13.9,25
04/09/2024,02:00,,,,,,,,,49.4,33.4,69
04/09/2024,03:00,,,,,,,,,38.9,24.2,56
04/09/2024,04:00,,,,,,,,,34.8,20.6,46
04/09/2024,05:00,,,,,,,,,30.5,18.1,40
04/09/2024,06:00,,,,,,,,,30.2,16.6,36
04/09/2024,07:00,,,,,,,,,31.5,16.0,34
04/09/2024,08:00,,,,,,,,,37.4,16.8,33
04/09/2024,09:00,,,,,,,,,41.2,15.7,32
04/09/2024,10:00,,,,,,,,,26.4,8.7,16
04/09/2024,11:00,,,,,,,,,24.0,7.5,11
04/09/2024,12:00,,,,,,,,,25.1,8.5,11
04/09/2024,13:00,,,,,,,,,50.8,11.5,17
04/09/2024,14:00,,,,,,,,,28.8,7.6,11
04/09/2024,15:00,,,,,,,,,16.1,5.7,7
04/09/2024,16:00,,,,,,,,,15.6,5.9,7
04/09/2024,17:00,,,,,,,,,19.3,7.5,10
04/09/2024,18:00,,,,,,,,,23.1,8.3,11
04/09/2024,19:00,,,,,,,,,18.5,7.3,11
04/09/2024,20:00,,,,,,,,,20.3,8.0,11
04/09/2024,21:00,,,,,,,,,23.7,8.6,15
04/09/2024,22:00,,,,,,,,,20.0,7.2,12
04/09/2024,23:00,,,,,,,,,18.5,6.9,10
05/09/2024,00:00,,,,,,,,,17.2,7.5,10
05/09/2024,01:00,,,,,,,,,33.9,21.2,41
05/09/2024,02:00,,,,,,,,,59.5,42.8,88
05/09/2024,03:00,,,,,,,,,59.1,42.5,94
05/09/2024,04:00,,,,,,,,,50.0,35.4,82
05/09/2024,05:00,,,,,,,,,42.7,28.8,65
05/09/2024,06:00,,,,,,,,,41.1,28.1,62
05/09/2024,07:00,,,,,,,,,62.8,27.8,59
05/09/2024,08:00,,,,,,,,,49.1,24.3,54
05/09/2024,09:00,,,,,,,,,35.1,18.9,44
05/09/2024,10:00,,,,,,,,,26.6,12.0,28
05/09/2024,11:00,,,,,,,,,20.8,8.4,17
05/09/2024,12:00,,,,,,,,,17.6,7.2,12
05/09/2024,13:00,,,,,,,,,17.5,6.9,10
05/09/2024,14:00,,,,,,,,,20.0,7.0,10
05/09/2024,15:00,,,,,,,,,19.5,7.0,10
05/09/2024,16:00,,,,,,,,,20.1,7.0,10
05/09/2024,17:00,,,,,,,,,18.6,6.6,9
05/09/2024,18:00,,,,,,,,,20.0,9.0,17
05/09/2024,19:00,,,,,,,,,18.3,7.7,15
05/09/2024,20:00,,,,,,,,,21.3,9.3,19
05/09/2024,21:00,,,,,,,,,20.5,8.7,20
05/09/2024,22:00,,,,,,,,,17.0,6.8,12
05/09/2024,23:00,,,,,,,,,16.4,5.9,9
06/09/2024,00:00,,,,,,,,,15.2,5.6,8
06/09/2024,01:00,,,,,,,,,13.5,5.2,6
06/09/2024,02:00,,,,,,,,,18.3,6.9,10
06/09/2024,03:00,,,,,,,,,22.7,10.2,18
06/09/2024,04:00,,,,,,,,,27.9,15.1,30
06/09/2024,05:00,,,,,,,,,25.5,14.8,31
06/09/2024,06:00,,,,,,,,,24.5,12.9,29
06/09/2024,07:00,,,,,,,,,25.4,13.6,27
06/09/2024,08:00,,,,,,,,,26.3,15.2,32
06/09/2024,09:00,,,,,,,,,22.1,9.6,22
06/09/2024,10:00,,,,,,,,,20.4,6.7,11
06/09/2024,11:00,,,,,,,,,21.2,7.2,11
06/09/2024,12:00,,,,,,,,,20.8,6.9,11
06/09/2024,13:00,,,,,,,,,20.4,6.3,10
06/09/2024,14:00,,,,,,,,,21.0,6.0,8
06/09/2024,15:00,,,,,,,,,20.2,6.1,8
06/09/2024,16:00,,,,,,,,,19.1,5.9,8
06/09/2024,17:00,,,,,,,,,16.6,6.4,9
06/09/2024,18:00,,,,,,,,,18.3,7.0,10
06/09/2024,19:00,,,,,,,,,19.0,7.9,13
06/09/2024,20:00,,,,,,,,,22.0,9.0,16
06/09/2024,21:00,,,,,,,,,22.3,9.7,19
06/09/2024,22:00,,,,,,,,,27.6,13.8,26
06/09/2024,23:00,,,,,,,,,23.9,12.2,26
07/09/2024,00:00,,,,,,,,,20.3,9.3,20
07/09/2024,01:00,,,,,,,,,19.3,8.9,15
07/09/2024,02:00,,,,,,,,,18.1,9.4,17
07/09/2024,03:00,,,,,,,,,22.1,12.3,23
07/09/2024,04:00,,,,,,,,,24.6,14.4,30
07/09/2024,05:00,,,,,,,,,21.2,12.1,28
07/09/2024,06:00,,,,,,,,,20.0,11.9,25
07/09/2024,07:00,,,,,,,,,22.7,13.1,27
07/09/2024,08:00,,,,,,,,,27.5,14.4,29
07/09/2024,09:00,,,,,,,,,24.0,11.6,26
07/09/2024,10:00,,,,,,,,,22.8,11.5,25
07/09/2024,11:00,,,,,,,,,20.5,10.8,24
07/09/2024,12:00,,,,,,,,,20.5,10.4,22
07/09/2024,13:00,,,,,,,,,23.8,11.0,24
07/09/2024,14:00,,,,,,,,,21.6,10.4,22
07/09/2024,15:00,,,,,,,,,23.4,10.5,22
07/09/2024,16:00,,,,,,,,,23.1,9.3,19
07/09/2024,17:00,,,,,,,,,20.8,9.3,18
07/09/2024,18:00,,,,,,,,,22.3,10.2,20
07/09/2024,19:00,,,,,,,,,23.8,10.6,23
07/09/2024,20:00,,,,,,,,,22.8,10.8,24
07/09/2024,21:00,,,,,,,,,22.2,10.3,23
07/09/2024,22:00,,,,,,,,,19.4,9.3,21
07/09/2024,23:00,,,,,,,,,21.5,10.5,21
08/09/2024,00:00,,,,,,,,,25.7,13.2,28
08/09/2024,01:00,,,,,,,,,23.0,12.7,29
08/09/2024,02:00,,,,,,,,,23.6,13.2,29
08/09/2024,03:00,,,,,,,,,38.1,26.6,58
08/09/2024,04:00,,,,,,,,,41.8,27.9,68
08/09/2024,05:00,,,,,,,,,41.1,27.7,68
08/09/2024,06:00,,,,,,,,,38.7,25.4,64
08/09/2024,07:00,,,,,,,,,34.9,22.6,58
08/09/2024,08:00,,,,,,,,,38.2,25.4,58
08/09/2024,09:00,,,,,,,,,39.1,26.6,64
08/09/2024,10:00,,,,,,,,,37.6,25.8,64
08/09/2024,11:00,,,,,,,,,37.9,24.1,62
08/09/2024,12:00,,,,,,,,,31.6,19.7,53
08/09/2024,13:00,,,,,,,,,28.3,16.8,44
08/09/2024,14:00,,,,,,,,,27.4,16.0,40
08/09/2024,15:00,,,,,,,,,26.0,10.8,28
08/09/2024,16:00,,,,,,,,,23.3,10.4,22
08/09/2024,17:00,,,,,,,,,24.6,12.1,25
08/09/2024,18:00,,,,,,,,,26.1,14.1,34
08/09/2024,19:00,,,,,,,,,21.2,10.5,27
08/09/2024,20:00,,,,,,,,,20.1,9.9,23
08/09/2024,21:00,,,,,,,,,20.8,10.1,22
08/09/2024,22:00,,,,,,,,,22.9,12.0,25
08/09/2024,23:00,,,,,,,,,25.3,14.0,32
09/09/2024,00:00,,,,,,,,,27.1,15.5,37
09/09/2024,01:00,,,,,,,,,26.1,15.2,35
09/09/2024,02:00,,,,,,,,,26.7,16.3,40
09/09/2024,03:00,,,,,,,,,26.7,16.6,41
09/09/2024,04:00,,,,,,,,,28.5,16.9,40
09/09/2024,05:00,,,,,,,,,30.4,20.0,47
09/09/2024,06:00,,,,,,,,,37.7,24.9,57
09/09/2024,07:00,,,,,,,,,50.4,33.2,77
09/09/2024,08:00,,,,,,,,,54.9,35.0,86
09/09/2024,09:00,,,,,,,,,57.4,33.0,81
09/09/2024,10:00,,,,,,,,,59.8,30.8,75
09/09/2024,11:00,,,,,,,,,51.0,27.8,72
09/09/2024,12:00,,,,,,,,,57.0,26.8,68
09/09/2024,13:00,,,,,,,,,51.7,23.6,62
09/09/2024,14:00,,,,,,,,,50.3,22.1,55
09/09/2024,15:00,,,,,,,,,40.6,20.1,53
09/09/2024,16:00,,,,,,,,,29.2,15.3,43
09/09/2024,17:00,,,,,,,,,23.9,10.6,28
09/09/2024,18:00,,,,,,,,,22.6,10.5,23
09/09/2024,19:00,,,,,,,,,21.3,10.0,21
09/09/2024,20:00,,,,,,,,,24.0,10.1,20
09/09/2024,21:00,,,,,,,,,21.9,9.8,20
09/09/2024,22:00,,,,,,,,,19.6,9.6,20
09/09/2024,23:00,,,,,,,,,25.2,13.6,28
10/09/2024,00:00,,,,,,,,,29.9,18.9,46
10/09/2024,01:00,,,,,,,,,33.5,22.4,60
10/09/2024,02:00,,,,,,,,,29.4,17.6,53
10/09/2024,03:00,,,,,,,,,23.1,13.0,38
10/09/2024,04:00,,,,,,,,,18.8,10.1,26
10/09/2024,05:00,,,,,,,,,19.9,10.2,25
10/09/2024,06:00,,,,,,,,,23.4,11.6,27
10/09/2024,07:00,,,,,,,,,26.8,12.7,33
10/09/2024,08:00,,,,,,,,,22.3,9.5,23
10/09/2024,09:00,,,,,,,,,25.9,10.4,23
10/09/2024,10:00,,,,,,,,,25.6,10.8,24
10/09/2024,11:00,,,,,,,,,27.3,13.1,31
10/09/2024,12:00,,,,,,,,,28.1,13.4,35
10/09/2024,13:00,,,,,,,,,31.0,12.7,33
10/09/2024,14:00,,,,,,,,,23.8,10.7,28
10/09/2024,15:00,,,,,,,,,18.8,9.3,23
10/09/2024,16:00,,,,,,,,,17.7,9.0,22
10/09/2024,17:00,,,,,,,,,21.3,9.3,23
10/09/2024,18:00,,,,,,,,,18.3,7.5,22
10/09/2024,19:00,,,,,,,,,15.5,8.2,20
10/09/2024,20:00,,,,,,,,,16.7,8.9,22
10/09/2024,21:00,,,,,,,,,19.6,10.9,25
10/09/2024,22:00,,,,,,,,,22.8,13.4,35
10/09/2024,23:00,,,,,,,,,17.0,9.3,26
11/09/2024,00:00,,,,,,,,,20.5,9.3,22
11/09/2024,01:00,,,,,,,,,17.4,8.4,17
11/09/2024,02:00,,,,,,,,,17.7,8.3,18
11/09/2024,03:00,,,,,,,,,18.3,8.5,19
11/09/2024,04:00,,,,,,,,,19.2,8.8,20
11/09/2024,05:00,,,,,,,,,21.1,9.7,22
11/09/2024,06:00,,,,,,,,,21.5,10.2,23
11/09/2024,07:00,,,,,,,,,23.9,10.6,24
11/09/2024,08:00,,,,,,,,,23.0,10.1,24
11/09/2024,09:00,,,,,,,,,16.4,7.3,18
11/09/2024,10:00,,,,,,,,,16.2,7.1,16
11/09/2024,11:00,,,,,,,,,18.5,7.3,17
11/09/2024,12:00,,,,,,,,,17.8,7.1,16
11/09/2024,13:00,,,,,,,,,17.6,6.8,14
11/09/2024,14:00,,,,,,,,,17.4,6.5,14
11/09/2024,15:00,,,,,,,,,17.7,6.6,13
11/09/2024,16:00,,,,,,,,,17.6,6.9,14
11/09/2024,17:00,,,,,,,,,18.1,7.3,15
11/09/2024,18:00,,,,,,,,,18.1,7.6,16
11/09/2024,19:00,,,,,,,,,17.7,7.6,16
11/09/2024,20:00,,,,,,,,,17.8,7.5,16
11/09/2024,21:00,,,,,,,,,20.1,7.6,16
11/09/2024,22:00,,,,,,,,,16.6,7.4,17
11/09/2024,23:00,,,,,,,,,16.1,7.2,16
12/09/2024,00:00,,,,,,,,,15.7,7.3,17
12/09/2024,01:00,,,,,,,,,15.1,7.5,16
12/09/2024,02:00,,,,,,,,,15.6,7.7,18
12/09/2024,03:00,,,,,,,,,20.3,10.7,23
12/09/2024,04:00,,,,,,,,,20.6,11.5,27
12/09/2024,05:00,,,,,,,,,17.8,9.5,23
12/09/2024,06:00,,,,,,,,,20.3,10.5,23
12/09/2024,07:00,,,,,,,,,22.4,11.2,24
12/09/2024,08:00,,,,,,,,,24.0,10.7,26
12/09/2024,09:00,,,,,,,,,17.0,7.7,19
12/09/2024,10:00,,,,,,,,,18.7,8.3,18
12/09/2024,11:00,,,,,,,,,16.7,8.2,19
12/09/2024,12:00,,,,,,,,,16.6,8.0,19
12/09/2024,13:00,,,,,,,,,21.7,8.3,20
12/09/2024,14:00,,,,,,,,,18.2,7.8,18
12/09/2024,15:00,,,,,,,,,15.7,7.4,17
12/09/2024,16:00,,,,,,,,,13.9,6.5,16
12/09/2024,17:00,,,,,,,,,11.6,6.5,16
12/09/2024,18:00,,,,,,,,,15.8,8.3,21
12/09/2024,19:00,,,,,,,,,15.9,9.6,28
12/09/2024,20:00,,,,,,,,,11.3,6.4,19
12/09/2024,21:00,,,,,,,,,9.0,4.2,10
12/09/2024,22:00,,,,,,,,,6.5,2.3,5
12/09/2024,23:00,,,,,,,,,6.1,2.5,4
13/09/2024,00:00,,,,,,,,,6.4,2.9,4
13/09/2024,01:00,,,,,,,,,7.2,3.3,5
13/09/2024,02:00,,,,,,,,,7.8,3.6,6
13/09/2024,03:00,,,,,,,,,7.9,3.7,6
13/09/2024,04:00,,,,,,,,,10.4,5.3,10
13/09/2024,05:00,,,,,,,,,12.4,6.3,13
13/09/2024,06:00,,,,,,,,,13.9,7.1,15
13/09/2024,07:00,,,,,,,,,15.9,7.5,16
13/09/2024,08:00,,,,,,,,,16.1,6.3,14
13/09/2024,09:00,,,,,,,,,14.5,4.8,10
13/09/2024,10:00,,,,,,,,,10.9,3.8,7
13/09/2024,11:00,,,,,,,,,11.3,3.8,6
13/09/2024,12:00,,,,,,,,,15.2,5.4,9
13/09/2024,13:00,,,,,,,,,15.7,6.1,10
13/09/2024,14:00,,,,,,,,,18.2,7.2,12
13/09/2024,15:00,,,,,,,,,14.8,6.0,9
13/09/2024,16:00,,,,,,,,,13.7,5.0,7
13/09/2024,17:00,,,,,,,,,11.0,4.4,6
13/09/2024,18:00,,,,,,,,,11.4,4.8,6
13/09/2024,19:00,,,,,,,,,10.5,4.4,7
13/09/2024,20:00,,,,,,,,,8.1,3.5,5
13/09/2024,21:00,,,,,,,,,8.7,3.5,4
13/09/2024,22:00,,,,,,,,,9.4,3.8,5
13/09/2024,23:00,,,,,,,,,10.9,4.6,6
14/09/2024,00:00,,,,,,,,,14.1,6.5,9
14/09/2024,01:00,,,,,,,,,14.6,5.9,8
14/09/2024,02:00,,,,,,,,,12.8,5.4,7
14/09/2024,03:00,,,,,,,,,13.5,5.5,8
14/09/2024,04:00,,,,,,,,,10.8,4.5,6
14/09/2024,05:00,,,,,,,,,9.3,3.9,5
14/09/2024,06:00,,,,,,,,,8.5,3.5,4
14/09/2024,07:00,,,,,,,,,7.4,3.0,4
14/09/2024,08:00,,,,,,,,,8.0,3.0,4
14/09/2024,09:00,,,,,,,,,9.4,3.3,3
14/09/2024,10:00,,,,,,,,,13.1,3.8,4
14/09/2024,11:00,,,,,,,,,11.1,4.1,4
14/09/2024,12:00,,,,,,,,,12.5,4.5,5
14/09/2024,13:00,,,,,,,,,13.4,4.5,5
14/09/2024,14:00,,,,,,,,,12.7,4.8,6
14/09/2024,15:00,,,,,,,,,13.6,4.8,5
14/09/2024,16:00,,,,,,,,,11.9,4.7,5
14/09/2024,17:00,,,,,,,,,14.2,4.9,5
14/09/2024,18:00,,,,,,,,,14.0,5.6,6
14/09/2024,19:00,,,,,,,,,15.9,5.8,7
14/09/2024,20:00,,,,,,,,,16.0,6.0,8
14/09/2024,21:00,,,,,,,,,15.7,6.5,10
14/09/2024,22:00,,,,,,,,,15.8,6.3,9
14/09/2024,23:00,,,,,,,,,16.4,7.0,10
15/09/2024,00:00,,,,,,,,,17.9,8.3,18
15/09/2024,01:00,,,,,,,,,14.9,7.1,12
15/09/2024,02:00,,,,,,,,,15.7,7.9,15
15/09/2024,03:00,,,,,,,,,17.2,8.8,17
15/09/2024,04:00,,,,,,,,,17.8,9.1,19
15/09/2024,05:00,,,,,,,,,15.9,8.0,17
15/09/2024,06:00,,,,,,,,,16.3,8.6,16
15/09/2024,07:00,,,,,,,,,17.1,8.9,17
15/09/2024,08:00,,,,,,,,,15.6,7.6,14
15/09/2024,09:00,,,,,,,,,13.5,5.9,10
15/09/2024,10:00,,,,,,,,,14.4,5.7,9
15/09/2024,11:00,,,,,,,,,13.6,6.4,10
15/09/2024,12:00,,,,,,,,,11.8,5.5,10
15/09/2024,13:00,,,,,,,,,12.4,5.6,10
15/09/2024,14:00,,,,,,,,,11.0,5.7,10
15/09/2024,15:00,,,,,,,,,15.4,6.0,11
15/09/2024,16:00,,,,,,,,,16.0,6.2,10
15/09/2024,17:00,,,,,,,,,24.0,9.3,14
15/09/2024,18:00,,,,,,,,,29.8,11.7,19
15/09/2024,19:00,,,,,,,,,29.2,11.3,19
15/09/2024,20:00,,,,,,,,,26.5,9.7,16
15/09/2024,21:00,,,,,,,,,23.4,8.1,12
15/09/2024,22:00,,,,,,,,,21.3,7.5,9
15/09/2024,23:00,,,,,,,,,20.4,7.3,9
16/09/2024,00:00,,,,,,,,,20.8,6.8,9
16/09/2024,01:00,,,,,,,,,14.8,5.2,6
16/09/2024,02:00,,,,,,,,,10.7,3.7,5
16/09/2024,03:00,,,,,,,,,11.0,4.1,6
16/09/2024,04:00,,,,,,,,,9.4,3.5,4
16/09/2024,05:00,,,,,,,,,9.3,3.4,4
16/09/2024,06:00,,,,,,,,,10.0,3.4,4
16/09/2024,07:00,,,,,,,,,16.8,4.2,4
16/09/2024,08:00,,,,,,,,,12.4,4.1,5
16/09/2024,09:00,,,,,,,,,14.5,4.6,5
16/09/2024,10:00,,,,,,,,,15.4,4.7,5
16/09/2024,11:00,,,,,,,,,12.8,4.4,5
16/09/2024,12:00,,,,,,,,,15.0,5.1,7
16/09/2024,13:00,,,,,,,,,15.7,4.3,6
16/09/2024,14:00,,,,,,,,,16.5,4.3,5
16/09/2024,15:00,,,,,,,,,15.9,5.2,5
16/09/2024,16:00,,,,,,,,,16.9,5.4,6
16/09/2024,17:00,,,,,,,,,16.0,5.7,6
16/09/2024,18:00,,,,,,,,,16.3,5.7,6
16/09/2024,19:00,,,,,,,,,18.3,7.1,8
16/09/2024,20:00,,,,,,,,,19.8,7.5,12
16/09/2024,21:00,,,,,,,,,23.0,8.1,12
16/09/2024,22:00,,,,,,,,,16.8,6.9,13
16/09/2024,23:00,,,,,,,,,18.1,6.7,11
17/09/2024,00:00,,,,,,,,,15.8,6.8,11
17/09/2024,01:00,,,,,,,,,16.8,6.5,10
17/09/2024,02:00,,,,,,,,,21.3,9.2,15
17/09/2024,03:00,,,,,,,,,17.6,8.1,15
17/09/2024,04:00,,,,,,,,,19.8,8.8,15
17/09/2024,05:00,,,,,,,,,21.0,10.8,19
17/09/2024,06:00,,,,,,,,,19.4,8.6,17
17/09/2024,07:00,,,,,,,,,23.4,11.9,20
17/09/2024,08:00,,,,,,,,,31.3,16.1,32
17/09/2024,09:00,,,,,,,,,33.2,15.5,33
17/09/2024,10:00,,,,,,,,,22.8,9.6,21
17/09/2024,11:00,,,,,,,,,18.9,8.0,15
17/09/2024,12:00,,,,,,,,,19.2,7.1,12
17/09/2024,13:00,,,,,,,,,24.1,6.2,9
17/09/2024,14:00,,,,,,,,,24.6,5.8,7
17/09/2024,15:00,,,,,,,,,19.1,5.5,7
17/09/2024,16:00,,,,,,,,,18.0,6.1,7
17/09/2024,17:00,,,,,,,,,18.8,6.5,8
17/09/2024,18:00,,,,,,,,,18.4,6.6,9
17/09/2024,19:00,,,,,,,,,16.7,6.5,9
17/09/2024,20:00,,,,,,,,,14.6,5.6,8
17/09/2024,21:00,,,,,,,,,15.4,5.4,7
17/09/2024,22:00,,,,,,,,,14.4,5.7,7
17/09/2024,23:00,,,,,,,,,16.3,5.8,8
18/09/2024,00:00,,,,,,,,,16.7,6.8,10
18/09/2024,01:00,,,,,,,,,16.7,7.0,11
18/09/2024,02:00,,,,,,,,,18.7,7.8,12
18/09/2024,03:00,,,,,,,,,21.2,10.6,20
18/09/2024,04:00,,,,,,,,,23.5,11.4,22
18/09/2024,05:00,,,,,,,,,29.2,17.4,29
18/09/2024,06:00,,,,,,,,,34.3,21.3,46
18/09/2024,07:00,,,,,,,,,29.0,16.2,37
18/09/2024,08:00,,,,,,,,,25.4,12.8,28
18/09/2024,09:00,,,,,,,,,21.0,9.0,19
18/09/2024,10:00,,,,,,,,,18.1,8.8,17
18/09/2024,11:00,,,,,,,,,17.5,8.1,16
18/09/2024,12:00,,,,,,,,,18.2,7.0,13
18/09/2024,13:00,,,,,,,,,21.2,7.3,13
18/09/2024,14:00,,,,,,,,,18.7,6.6,12
18/09/2024,15:00,,,,,,,,,17.7,6.5,11
18/09/2024,16:00,,,,,,,,,15.9,6.2,11
18/09/2024,17:00,,,,,,,,,15.6,6.4,11
18/09/2024,18:00,,,,,,,,,16.7,7.4,15
18/09/2024,19:00,,,,,,,,,17.5,7.4,14
18/09/2024,20:00,,,,,,,,,17.6,7.8,15
18/09/2024,21:00,,,,,,,,,16.3,7.2,14
18/09/2024,22:00,,,,,,,,,14.9,6.4,12
18/09/2024,23:00,,,,,,,,,16.9,6.4,11
19/09/2024,00:00,,,,,,,,,16.0,6.9,12
19/09/2024,01:00,,,,,,,,,15.9,6.9,11
19/09/2024,02:00,,,,,,,,,17.3,7.4,13
19/09/2024,03:00,,,,,,,,,17.7,7.6,14
19/09/2024,04:00,,,,,,,,,17.1,7.7,14
19/09/2024,05:00,,,,,,,,,17.6,8.2,15
19/09/2024,06:00,,,,,,,,,24.3,11.6,24
19/09/2024,07:00,,,,,,,,,22.4,10.2,23
19/09/2024,08:00,,,,,,,,,24.3,10.5,22
19/09/2024,09:00,,,,,,,,,21.0,9.3,20
19/09/2024,10:00,,,,,,,,,19.7,9.2,20
19/09/2024,11:00,,,,,,,,,22.4,9.8,21
19/09/2024,12:00,,,,,,,,,23.8,9.6,21
19/09/2024,13:00,,,,,,,,,27.6,10.8,23
19/09/2024,14:00,,,,,,,,,40.8,22.6,49
19/09/2024,15:00,,,,,,,,,36.3,20.5,56
19/09/2024,16:00,,,,,,,,,32.0,14.0,34
19/09/2024,17:00,,,,,,,,,29.7,13.1,30
19/09/2024,18:00,,,,,,,,,33.9,15.2,37
19/09/2024,19:00,,,,,,,,,31.2,15.6,39
19/09/2024,20:00,,,,,,,,,31.3,16.0,38
19/09/2024,21:00,,,,,,,,,34.0,17.4,41
19/09/2024,22:00,,,,,,,,,34.6,19.6,49
19/09/2024,23:00,,,,,,,,,35.2,18.1,46
20/09/2024,00:00,,,,,,,,,30.3,15.9,41
20/09/2024,01:00,,,,,,,,,28.2,15.1,35
20/09/2024,02:00,,,,,,,,,29.9,14.9,34
20/09/2024,03:00,,,,,,,,,32.7,18.5,45
20/09/2024,04:00,,,,,,,,,36.3,21.4,51
20/09/2024,05:00,,,,,,,,,42.9,28.0,62
20/09/2024,06:00,,,,,,,,,45.7,30.7,71
20/09/2024,07:00,,,,,,,,,39.4,25.0,64
20/09/2024,08:00,,,,,,,,,34.2,20.1,51
20/09/2024,09:00,,,,,,,,,34.7,18.4,45
20/09/2024,10:00,,,,,,,,,30.2,14.3,36
20/09/2024,11:00,,,,,,,,,24.7,10.7,26
20/09/2024,12:00,,,,,,,,,27.2,9.9,21
20/09/2024,13:00,,,,,,,,,28.5,9.9,23
20/09/2024,14:00,,,,,,,,,26.0,8.0,18
20/09/2024,15:00,,,,,,,,,18.4,6.4,14
20/09/2024,16:00,,,,,,,,,22.1,9.6,18
20/09/2024,17:00,,,,,,,,,20.1,9.3,19
20/09/2024,18:00,,,,,,,,,27.9,13.3,28
20/09/2024,19:00,,,,,,,,,32.9,18.3,44
20/09/2024,20:00,,,,,,,,,29.9,16.1,43
20/09/2024,21:00,,,,,,,,,28.8,14.5,37
20/09/2024,22:00,,,,,,,,,28.2,14.3,35
20/09/2024,23:00,,,,,,,,,24.8,13.4,33
21/09/2024,00:00,,,,,,,,,26.4,14.3,33
21/09/2024,01:00,,,,,,,,,41.9,28.5,68
21/09/2024,02:00,,,,,,,,,50.6,36.7,87
21/09/2024,03:00,,,,,,,,,50.1,36.5,90
21/09/2024,04:00,,,,,,,,,49.5,35.1,86
21/09/2024,05:00,,,,,,,,,40.7,28.3,73
21/09/2024,06:00,,,,,,,,,41.3,28.0,68
21/09/2024,07:00,,,,,,,,,37.1,23.1,58
21/09/2024,08:00,,,,,,,,,34.5,22.2,53
21/09/2024,09:00,,,,,,,,,30.1,18.0,47
21/09/2024,10:00,,,,,,,,,33.6,19.7,46
21/09/2024,11:00,,,,,,,,,35.6,22.1,53
21/09/2024,12:00,,,,,,,,,37.7,22.6,55
21/09/2024,13:00,,,,,,,,,37.7,22.6,59
21/09/2024,14:00,,,,,,,,,30.3,14.3,41
21/09/2024,15:00,,,,,,,,,24.3,12.0,29
21/09/2024,16:00,,,,,,,,,23.3,11.9,27
21/09/2024,17:00,,,,,,,,,24.0,10.6,25
21/09/2024,18:00,,,,,,,,,23.5,11.5,25
21/09/2024,19:00,,,,,,,,,23.3,11.4,26
21/09/2024,20:00,,,,,,,,,22.8,11.4,26
21/09/2024,21:00,,,,,,,,,25.5,11.9,27
21/09/2024,22:00,,,,,,,,,25.8,11.2,26
21/09/2024,23:00,,,,,,,,,24.6,11.7,25
22/09/2024,00:00,,,,,,,,,22.5,11.5,27
22/09/2024,01:00,,,,,,,,,23.1,12.3,27
22/09/2024,02:00,,,,,,,,,25.0,14.8,32
22/09/2024,03:00,,,,,,,,,64.2,48.0,88
22/09/2024,04:00,,,,,,,,,100.7,84.6,186
22/09/2024,05:00,,,,,,,,,86.1,70.8,182
22/09/2024,06:00,,,,,,,,,23.3,14.9,47
22/09/2024,07:00,,,,,,,,,24.6,15.8,33
22/09/2024,08:00,,,,,,,,,40.2,28.4,63
22/09/2024,09:00,,,,,,,,,57.0,42.4,96
22/09/2024,10:00,,,,,,,,,34.7,23.4,68
22/09/2024,11:00,,,,,,,,,19.8,7.8,25
22/09/2024,12:00,,,,,,,,,14.0,5.2,10
22/09/2024,13:00,,,,,,,,,14.7,5.4,8
22/09/2024,14:00,,,,,,,,,15.0,5.5,8
22/09/2024,15:00,,,,,,,,,14.8,5.4,7
22/09/2024,16:00,,,,,,,,,15.4,5.3,8
22/09/2024,17:00,,,,,,,,,13.8,5.1,7
22/09/2024,18:00,,,,,,,,,15.1,5.4,7
22/09/2024,19:00,,,,,,,,,17.0,6.8,11
22/09/2024,20:00,,,,,,,,,15.5,6.0,12
22/09/2024,21:00,,,,,,,,,15.9,6.7,12
22/09/2024,22:00,,,,,,,,,16.5,7.0,13
22/09/2024,23:00,,,,,,,,,23.0,8.2,16
23/09/2024,00:00,,,,,,,,,26.1,12.8,23
23/09/2024,01:00,,,,,,,,,32.1,18.5,39
23/09/2024,02:00,,,,,,,,,30.4,19.6,46
23/09/2024,03:00,,,,,,,,,22.9,12.8,33
23/09/2024,04:00,,,,,,,,,17.3,8.4,19
23/09/2024,05:00,,,,,,,,,22.0,11.1,21
23/09/2024,06:00,,,,,,,,,29.3,15.4,31
23/09/2024,07:00,,,,,,,,,29.0,14.1,30
23/09/2024,08:00,,,,,,,,,29.8,12.9,28
23/09/2024,09:00,,,,,,,,,21.0,10.9,24
23/09/2024,10:00,,,,,,,,,21.6,11.4,25
23/09/2024,11:00,,,,,,,,,21.7,11.0,24
23/09/2024,12:00,,,,,,,,,21.1,11.8,26
23/09/2024,13:00,,,,,,,,,30.3,15.5,33
23/09/2024,14:00,,,,,,,,,29.6,14.9,35
23/09/2024,15:00,,,,,,,,,28.5,13.6,31
23/09/2024,16:00,,,,,,,,,24.8,12.2,30
23/09/2024,17:00,,,,,,,,,20.0,9.3,22
23/09/2024,18:00,,,,,,,,,19.8,9.7,23
23/09/2024,19:00,,,,,,,,,19.5,9.2,23
23/09/2024,20:00,,,,,,,,,16.3,8.4,20
23/09/2024,21:00,,,,,,,,,18.5,9.1,21
23/09/2024,22:00,,,,,,,,,20.2,10.4,23
23/09/2024,23:00,,,,,,,,,18.2,8.9,21
24/09/2024,00:00,,,,,,,,,17.2,8.7,19
24/09/2024,01:00,,,,,,,,,16.7,8.2,17
24/09/2024,02:00,,,,,,,,,16.1,8.4,18
24/09/2024,03:00,,,,,,,,,17.6,9.7,21
24/09/2024,04:00,,,,,,,,,20.3,11.6,25
24/09/2024,05:00,,,,,,,,,18.0,10.0,23
24/09/2024,06:00,,,,,,,,,19.6,11.4,24
24/09/2024,07:00,,,,,,,,,20.7,10.4,23
24/09/2024,08:00,,,,,,,,,21.6,10.0,23
24/09/2024,09:00,,,,,,,,,20.0,8.8,21
24/09/2024,10:00,,,,,,,,,19.1,8.5,19
24/09/2024,11:00,,,,,,,,,20.0,7.9,17
24/09/2024,12:00,,,,,,,,,21.4,7.6,16
24/09/2024,13:00,,,,,,,,,17.3,7.7,16
24/09/2024,14:00,,,,,,,,,16.5,7.7,16
24/09/2024,15:00,,,,,,,,,16.6,5.8,12
24/09/2024,16:00,,,,,,,,,15.8,5.6,11
24/09/2024,17:00,,,,,,,,,13.2,5.7,10
24/09/2024,18:00,,,,,,,,,14.8,7.1,15
24/09/2024,19:00,,,,,,,,,15.5,7.5,16
24/09/2024,20:00,,,,,,,,,16.7,7.6,18
24/09/2024,21:00,,,,,,,,,15.4,7.2,16
24/09/2024,22:00,,,,,,,,,15.6,7.5,16
24/09/2024,23:00,,,,,,,,,17.4,8.8,18
25/09/2024,00:00,,,,,,,,,15.9,8.5,17
25/09/2024,01:00,,,,,,,,,14.6,8.0,17
25/09/2024,02:00,,,,,,,,,13.4,6.7,15
25/09/2024,03:00,,,,,,,,,11.9,6.3,13
25/09/2024,04:00,,,,,,,,,14.1,7.2,15
25/09/2024,05:00,,,,,,,,,17.2,8.8,18
25/09/2024,06:00,,,,,,,,,16.1,8.5,18
25/09/2024,07:00,,,,,,,,,16.3,7.9,17
25/09/2024,08:00,,,,,,,,,14.3,5.9,14
25/09/2024,09:00,,,,,,,,,17.0,5.4,10
25/09/2024,10:00,,,,,,,,,14.8,5.7,10
25/09/2024,11:00,,,,,,,,,16.2,5.8,10
25/09/2024,12:00,,,,,,,,,18.4,5.8,10
25/09/2024,13:00,,,,,,,,,18.6,5.5,9
25/09/2024,14:00,,,,,,,,,18.6,5.5,9
25/09/2024,15:00,,,,,,,,,15.2,5.4,9
25/09/2024,16:00,,,,,,,,,15.4,5.8,9
25/09/2024,17:00,,,,,,,,,16.8,6.2,10
25/09/2024,18:00,,,,,,,,,17.0,7.2,13
25/09/2024,19:00,,,,,,,,,16.1,7.1,14
25/09/2024,20:00,,,,,,,,,16.1,6.8,13
25/09/2024,21:00,,,,,,,,,17.4,7.1,13
25/09/2024,22:00,,,,,,,,,16.5,6.7,13
25/09/2024,23:00,,,,,,,,,13.8,6.3,11
26/09/2024,00:00,,,,,,,,,15.7,6.5,11
26/09/2024,01:00,,,,,,,,,16.5,7.2,12
26/09/2024,02:00,,,,,,,,,18.1,8.0,14
26/09/2024,03:00,,,,,,,,,16.4,7.4,14
26/09/2024,04:00,,,,,,,,,15.7,7.7,14
26/09/2024,05:00,,,,,,,,,16.6,8.3,16
26/09/2024,06:00,,,,,,,,,21.4,9.8,20
26/09/2024,07:00,,,,,,,,,22.8,10.1,22
26/09/2024,08:00,,,,,,,,,20.9,7.9,17
26/09/2024,09:00,,,,,,,,,19.5,7.9,15
26/09/2024,10:00,,,,,,,,,19.9,8.3,16
26/09/2024,11:00,,,,,,,,,20.9,9.3,18
26/09/2024,12:00,,,,,,,,,22.6,9.2,19
26/09/2024,13:00,,,,,,,,,23.4,8.2,16
26/09/2024,14:00,,,,,,,,,25.1,8.1,15
26/09/2024,15:00,,,,,,,,,22.8,8.4,15
26/09/2024,16:00,,,,,,,,,22.7,8.3,15
26/09/2024,17:00,,,,,,,,,23.4,8.5,15
26/09/2024,18:00,,,,,,,,,21.3,8.7,15
26/09/2024,19:00,,,,,,,,,21.5,9.0,16
26/09/2024,20:00,,,,,,,,,25.9,9.5,17
26/09/2024,21:00,,,,,,,,,27.1,9.8,18
26/09/2024,22:00,,,,,,,,,21.6,9.1,17
26/09/2024,23:00,,,,,,,,,17.7,8.9,18
27/09/2024,00:00,,,,,,,,,17.4,10.4,25
27/09/2024,01:00,,,,,,,,,15.2,9.8,23
27/09/2024,02:00,,,,,,,,,11.8,7.6,21
27/09/2024,03:00,,,,,,,,,8.1,4.3,11
27/09/2024,04:00,,,,,,,,,5.3,1.8,3
27/09/2024,05:00,,,,,,,,,4.1,1.9,3
27/09/2024,06:00,,,,,,,,,5.5,1.9,3
27/09/2024,07:00,,,,,,,,,5.9,2.1,3
27/09/2024,08:00,,,,,,,,,5.8,1.8,3
27/09/2024,09:00,,,,,,,,,5.5,1.6,3
27/09/2024,10:00,,,,,,,,,5.5,1.5,3
27/09/2024,11:00,,,,,,,,,5.0,1.3,2
27/09/2024,12:00,,,,,,,,,5.6,1.8,3
27/09/2024,13:00,,,,,,,,,6.3,3.0,5
27/09/2024,14:00,,,,,,,,,5.8,3.0,6
27/09/2024,15:00,,,,,,,,,5.1,1.5,4
27/09/2024,16:00,,,,,,,,,3.9,1.1,2
27/09/2024,17:00,,,,,,,,,5.4,1.6,3
27/09/2024,18:00,,,,,,,,,4.4,1.9,3
27/09/2024,19:00,,,,,,,,,5.5,2.4,4
27/09/2024,20:00,,,,,,,,,5.2,2.6,4
27/09/2024,21:00,,,,,,,,,3.9,1.6,3
27/09/2024,22:00,,,,,,,,,2.8,1.1,2
27/09/2024,23:00,,,,,,,,,4.2,1.2,1
28/09/2024,00:00,,,,,,,,,4.4,1.5,1
28/09/2024,01:00,,,,,,,,,4.3,1.5,2
28/09/2024,02:00,,,,,,,,,4.2,1.5,2
28/09/2024,03:00,,,,,,,,,3.8,1.5,2
28/09/2024,04:00,,,,,,,,,3.6,1.1,1
28/09/2024,05:00,,,,,,,,,2.9,1.0,1
28/09/2024,06:00,,,,,,,,,1.7,0.6,1
28/09/2024,07:00,,,,,,,,,2.7,0.7,1
28/09/2024,08:00,,,,,,,,,2.9,0.9,1
28/09/2024,09:00,,,,,,,,,3.6,0.9,1
28/09/2024,10:00,,,,,,,,,4.1,0.9,2
28/09/2024,11:00,,,,,,,,,4.0,0.8,1
28/09/2024,12:00,,,,,,,,,5.6,0.8,1
28/09/2024,13:00,,,,,,,,,8.6,0.8,1
28/09/2024,14:00,,,,,,,,,7.2,1.2,1
28/09/2024,15:00,,,,,,,,,7.0,1.5,2
28/09/2024,16:00,,,,,,,,,9.4,1.4,2
28/09/2024,17:00,,,,,,,,,7.8,1.7,2
28/09/2024,18:00,,,,,,,,,7.3,1.8,2
28/09/2024,19:00,,,,,,,,,8.2,1.8,2
28/09/2024,20:00,,,,,,,,,6.1,3.0,4
28/09/2024,21:00,,,,,,,,,4.6,1.8,3
28/09/2024,22:00,,,,,,,,,4.2,1.2,2
28/09/2024,23:00,,,,,,,,,3.2,1.3,2
29/09/2024,00:00,,,,,,,,,4.9,1.6,2
29/09/2024,01:00,,,,,,,,,4.9,2.0,2
29/09/2024,02:00,,,,,,,,,5.9,2.7,3
29/09/2024,03:00,,,,,,,,,7.2,3.3,4
29/09/2024,04:00,,,,,,,,,10.9,4.5,6
29/09/2024,05:00,,,,,,,,,12.0,5.2,8
29/09/2024,06:00,,,,,,,,,12.8,5.5,8
29/09/2024,07:00,,,,,,,,,16.4,6.1,9
29/09/2024,08:00,,,,,,,,,13.7,5.3,8
29/09/2024,09:00,,,,,,,,,12.1,4.9,7
29/09/2024,10:00,,,,,,,,,13.4,5.1,8
29/09/2024,11:00,,,,,,,,,11.2,4.7,7
29/09/2024,12:00,,,,,,,,,10.8,4.6,7
29/09/2024,13:00,,,,,,,,,13.2,5.1,8
29/09/2024,14:00,,,,,,,,,13.7,5.4,8
29/09/2024,15:00,,,,,,,,,16.6,6.6,10
29/09/2024,16:00,,,,,,,,,15.0,6.1,10
29/09/2024,17:00,,,,,,,,,18.0,7.5,12
29/09/2024,18:00,,,,,,,,,20.0,8.2,14
29/09/2024,19:00,,,,,,,,,22.7,8.8,15
29/09/2024,20:00,,,,,,,,,22.9,9.3,16
29/09/2024,21:00,,,,,,,,,24.4,9.7,18
29/09/2024,22:00,,,,,,,,,23.2,9.5,18
29/09/2024,23:00,,,,,,,,,22.3,9.4,19
30/09/2024,00:00,,,,,,,,,16.5,7.6,17
30/09/2024,01:00,,,,,,,,,15.9,7.3,12
30/09/2024,02:00,,,,,,,,,13.8,6.4,13
30/09/2024,03:00,,,,,,,,,10.2,5.0,10
30/09/2024,04:00,,,,,,,,,11.2,5.1,9
30/09/2024,05:00,,,,,,,,,10.5,5.0,9
30/09/2024,06:00,,,,,,,,,9.7,4.5,9
30/09/2024,07:00,,,,,,,,,9.7,4.2,7
30/09/2024,08:00,,,,,,,,,11.1,4.6,8
30/09/2024,09:00,,,,,,,,,10.7,4.4,8
30/09/2024,10:00,,,,,,,,,9.1,4.3,7
30/09/2024,11:00,,,,,,,,,9.8,4.6,8
30/09/2024,12:00,,,,,,,,,12.8,4.7,9
30/09/2024,13:00,,,,,,,,,13.7,4.9,9
30/09/2024,14:00,,,,,,,,,12.7,4.6,8
30/09/2024,15:00,,,,,,,,,13.0,4.8,8
30/09/2024,16:00,,,,,,,,,17.7,6.2,11
30/09/2024,17:00,,,,,,,,,15.6,6.1,11
30/09/2024,18:00,,,,,,,,,12.4,4.5,9
30/09/2024,19:00,,,,,,,,,8.7,3.7,5
30/09/2024,20:00,,,,,,,,,12.0,5.0,8
30/09/2024,21:00,,,,,,,,,14.7,6.3,10
30/09/2024,22:00,,,,,,,,,15.7,6.5,11
30/09/2024,23:00,,,,,,,,,14.8,6.4,11
01/10/2024,00:00,,,,,,,,,13.9,6.3,11
01/10/2024,01:00,,,,,,,,,14.2,5.9,10
01/10/2024,02:00,,,,,,,,,12.2,5.5,10
01/10/2024,03:00,,,,,,,,,13.6,5.0,9
01/10/2024,04:00,,,,,,,,,13.1,5.4,9
01/10/2024,05:00,,,,,,,,,14.2,6.2,10
01/10/2024,06:00,,,,,,,,,18.2,7.4,13
01/10/2024,07:00,,,,,,,,,16.0,6.3,12
01/10/2024,08:00,,,,,,,,,17.4,6.6,12
01/10/2024,09:00,,,,,,,,,16.6,6.5,11
01/10/2024,10:00,,,,,,,,,16.0,6.3,10
01/10/2024,11:00,,,,,,,,,16.1,6.3,10
01/10/2024,12:00,,,,,,,,,14.9,6.2,10
01/10/2024,13:00,,,,,,,,,21.6,7.3,11
01/10/2024,14:00,,,,,,,,,22.3,8.4,12
01/10/2024,15:00,,,,,,,,,27.3,9.4,12
01/10/2024,16:00,,,,,,,,,26.2,9.4,12
01/10/2024,17:00,,,,,,,,,24.3,9.3,12
01/10/2024,18:00,,,,,,,,,25.2,9.5,12
01/10/2024,19:00,,,,,,,,,25.6,9.1,12
01/10/2024,20:00,,,,,,,,,23.6,8.8,11
01/10/2024,21:00,,,,,,,,,24.2,8.8,12
01/10/2024,22:00,,,,,,,,,23.0,8.4,10
01/10/2024,23:00,,,,,,,,,21.9,8.1,10
02/10/2024,00:00,,,,,,,,,20.8,8.1,10
02/10/2024,01:00,,,,,,,,,21.2,8.8,11
02/10/2024,02:00,,,,,,,,,20.4,9.0,12
02/10/2024,03:00,,,,,,,,,20.8,8.3,11
02/10/2024,04:00,,,,,,,,,20.0,7.9,11
02/10/2024,05:00,,,,,,,,,18.2,7.9,11
02/10/2024,06:00,,,,,,,,,20.3,8.2,12
02/10/2024,07:00,,,,,,,,,20.9,8.1,12
02/10/2024,08:00,,,,,,,,,24.2,8.6,13
02/10/2024,09:00,,,,,,,,,21.6,8.5,13
02/10/2024,10:00,,,,,,,,,22.7,8.6,13
02/10/2024,11:00,,,,,,,,,23.5,9.1,14
02/10/2024,12:00,,,,,,,,,25.4,9.3,14
02/10/2024,13:00,,,,,,,,,24.9,9.2,14
02/10/2024,14:00,,,,,,,,,26.0,9.8,15
02/10/2024,15:00,,,,,,,,,24.8,9.5,15
02/10/2024,16:00,,,,,,,,,25.5,9.6,14
02/10/2024,17:00,,,,,,,,,23.5,8.8,13
02/10/2024,18:00,,,,,,,,,23.3,9.0,12
02/10/2024,19:00,,,,,,,,,25.0,9.7,14
02/10/2024,20:00,,,,,,,,,24.3,9.3,13
02/10/2024,21:00,,,,,,,,,23.0,8.9,13
02/10/2024,22:00,,,,,,,,,18.1,7.7,13
02/10/2024,23:00,,,,,,,,,16.6,7.7,13
03/10/2024,00:00,,,,,,,,,17.4,7.6,13
03/10/2024,01:00,,,,,,,,,18.6,8.0,12
03/10/2024,02:00,,,,,,,,,17.7,7.9,13
03/10/2024,03:00,,,,,,,,,17.7,7.5,11
03/10/2024,04:00,,,,,,,,,16.1,7.0,11
03/10/2024,05:00,,,,,,,,,17.4,7.8,12
03/10/2024,06:00,,,,,,,,,16.2,7.6,15
03/10/2024,07:00,,,,,,,,,15.7,6.3,10
03/10/2024,08:00,,,,,,,,,24.5,8.9,11
03/10/2024,09:00,,,,,,,,,28.7,10.2,12
03/10/2024,10:00,,,,,,,,,25.0,9.5,14
03/10/2024,11:00,,,,,,,,,23.0,8.2,10
03/10/2024,12:00,,,,,,,,,22.1,7.6,8
03/10/2024,13:00,,,,,,,,,18.2,6.8,7
03/10/2024,14:00,,,,,,,,,20.4,6.8,7
03/10/2024,15:00,,,,,,,,,21.5,7.6,7
03/10/2024,16:00,,,,,,,,,23.4,8.4,8
03/10/2024,17:00,,,,,,,,,23.8,9.0,9
03/10/2024,18:00,,,,,,,,,23.5,8.8,10
03/10/2024,19:00,,,,,,,,,22.7,8.6,10
03/10/2024,20:00,,,,,,,,,21.9,7.9,10
03/10/2024,21:00,,,,,,,,,18.1,7.1,8
03/10/2024,22:00,,,,,,,,,17.9,6.8,8
03/10/2024,23:00,,,,,,,,,19.0,7.3,8
04/10/2024,00:00,,,,,,,,,19.3,7.5,9
04/10/2024,01:00,,,,,,,,,18.9,7.8,10
04/10/2024,02:00,,,,,,,,,19.8,8.8,12
04/10/2024,03:00,,,,,,,,,19.3,8.4,12
04/10/2024,04:00,,,,,,,,,17.6,7.3,10
04/10/2024,05:00,,,,,,,,,18.1,7.8,11
04/10/2024,06:00,,,,,,,,,20.5,9.0,14
04/10/2024,07:00,,,,,,,,,23.7,11.5,18
04/10/2024,08:00,,,,,,,,,29.3,14.2,26
04/10/2024,09:00,,,,,,,,,21.6,9.3,18
04/10/2024,10:00,,,,,,,,,21.3,7.5,10
04/10/2024,11:00,,,,,,,,,20.7,6.9,9
04/10/2024,12:00,,,,,,,,,17.8,6.5,7
04/10/2024,13:00,,,,,,,,,18.7,6.3,7
04/10/2024,14:00,,,,,,,,,17.5,6.1,7
04/10/2024,15:00,,,,,,,,,16.7,6.1,7
04/10/2024,16:00,,,,,,,,,17.3,6.2,7
04/10/2024,17:00,,,,,,,,,13.1,5.4,7
04/10/2024,18:00,,,,,,,,,17.0,7.0,10
04/10/2024,19:00,,,,,,,,,17.7,7.8,13
04/10/2024,20:00,,,,,,,,,18.8,8.0,14
04/10/2024,21:00,,,,,,,,,17.3,7.1,12
04/10/2024,22:00,,,,,,,,,17.5,7.3,11
04/10/2024,23:00,,,,,,,,,17.9,7.1,10
05/10/2024,00:00,,,,,,,,,16.1,6.6,9
05/10/2024,01:00,,,,,,,,,15.2,6.0,7
05/10/2024,02:00,,,,,,,,,15.9,6.3,7
05/10/2024,03:00,,,,,,,,,14.8,5.8,7
05/10/2024,04:00,,,,,,,,,13.8,5.7,7
05/10/2024,05:00,,,,,,,,,12.9,5.5,8
05/10/2024,06:00,,,,,,,,,13.5,5.9,9
05/10/2024,07:00,,,,,,,,,14.9,5.9,9
05/10/2024,08:00,,,,,,,,,14.5,5.6,8
05/10/2024,09:00,,,,,,,,,14.6,5.9,8
05/10/2024,10:00,,,,,,,,,16.2,6.4,10
05/10/2024,11:00,,,,,,,,,16.1,6.6,11
05/10/2024,12:00,,,,,,,,,18.0,6.9,11
05/10/2024,13:00,,,,,,,,,22.8,7.8,14
05/10/2024,14:00,,,,,,,,,24.8,7.5,11
05/10/2024,15:00,,,,,,,,,22.6,7.9,12
05/10/2024,16:00,,,,,,,,,22.4,8.4,13
05/10/2024,17:00,,,,,,,,,26.9,9.2,14
05/10/2024,18:00,,,,,,,,,27.1,10.1,17
05/10/2024,19:00,,,,,,,,,27.5,10.5,19
05/10/2024,20:00,,,,,,,,,24.4,9.1,19
05/10/2024,21:00,,,,,,,,,19.9,8.2,17
05/10/2024,22:00,,,,,,,,,18.5,7.4,15
05/10/2024,23:00,,,,,,,,,17.1,7.2,14
06/10/2024,00:00,,,,,,,,,18.4,7.2,13
06/10/2024,01:00,,,,,,,,,16.5,7.1,13
06/10/2024,02:00,,,,,,,,,16.9,6.9,13
06/10/2024,03:00,,,,,,,,,17.3,7.4,14
06/10/2024,04:00,,,,,,,,,17.7,7.7,14
06/10/2024,05:00,,,,,,,,,15.6,7.0,14
06/10/2024,06:00,,,,,,,,,13.8,6.6,12
06/10/2024,07:00,,,,,,,,,17.6,7.6,14
06/10/2024,08:00,,,,,,,,,20.4,9.4,18
06/10/2024,09:00,,,,,,,,,20.5,10.2,22
06/10/2024,10:00,,,,,,,,,22.7,10.6,24
06/10/2024,11:00,,,,,,,,,20.5,10.0,23
06/10/2024,12:00,,,,,,,,,20.7,9.9,22
06/10/2024,13:00,,,,,,,,,23.2,10.2,21
06/10/2024,14:00,,,,,,,,,24.3,9.9,20
06/10/2024,15:00,,,,,,,,,21.7,9.8,19
06/10/2024,16:00,,,,,,,,,26.2,10.4,18
06/10/2024,17:00,,,,,,,,,31.4,11.5,19
06/10/2024,18:00,,,,,,,,,28.3,11.7,22
06/10/2024,19:00,,,,,,,,,26.9,11.2,21
06/10/2024,20:00,,,,,,,,,29.2,11.4,20
06/10/2024,21:00,,,,,,,,,29.4,11.5,20
06/10/2024,22:00,,,,,,,,,26.3,10.8,19
06/10/2024,23:00,,,,,,,,,25.5,10.9,19
07/10/2024,00:00,,,,,,,,,24.4,10.8,19
07/10/2024,01:00,,,,,,,,,25.0,11.4,20
07/10/2024,02:00,,,,,,,,,24.3,11.5,23
07/10/2024,03:00,,,,,,,,,25.9,12.2,25
07/10/2024,04:00,,,,,,,,,33.5,18.9,39
07/10/2024,05:00,,,,,,,,,30.6,17.3,44
07/10/2024,06:00,,,,,,,,,31.7,18.5,41
07/10/2024,07:00,,,,,,,,,33.8,19.9,48
07/10/2024,08:00,,,,,,,,,35.6,21.5,49
07/10/2024,09:00,,,,,,,,,35.8,24.1,60
07/10/2024,10:00,,,,,,,,,26.6,16.0,47
07/10/2024,11:00,,,,,,,,,17.5,7.8,21
07/10/2024,12:00,,,,,,,,,14.9,6.6,14
07/10/2024,13:00,,,,,,,,,16.4,7.0,14
07/10/2024,14:00,,,,,,,,,16.3,6.9,13
07/10/2024,15:00,,,,,,,,,19.7,8.4,16
07/10/2024,16:00,,,,,,,,,24.3,10.1,21
07/10/2024,17:00,,,,,,,,,25.1,10.8,24
07/10/2024,18:00,,,,,,,,,25.7,13.9,37
07/10/2024,19:00,,,,,,,,,20.3,10.4,32
07/10/2024,20:00,,,,,,,,,17.1,8.0,18
07/10/2024,21:00,,,,,,,,,17.9,8.1,14
07/10/2024,22:00,,,,,,,,,21.3,8.7,14
07/10/2024,23:00,,,,,,,,,23.0,9.1,14
08/10/2024,00:00,,,,,,,,,21.1,9.5,15
08/10/2024,01:00,,,,,,,,,22.4,11.4,24
08/10/2024,02:00,,,,,,,,,22.0,11.7,28
08/10/2024,03:00,,,,,,,,,28.3,14.6,35
08/10/2024,04:00,,,,,,,,,28.0,15.0,37
08/10/2024,05:00,,,,,,,,,26.4,14.3,37
08/10/2024,06:00,,,,,,,,,28.3,14.7,38
08/10/2024,07:00,,,,,,,,,30.1,15.2,39
08/10/2024,08:00,,,,,,,,,31.6,16.1,43
08/10/2024,09:00,,,,,,,,,27.0,13.9,39
08/10/2024,10:00,,,,,,,,,30.7,12.6,35
08/10/2024,11:00,,,,,,,,,27.9,11.2,30
08/10/2024,12:00,,,,,,,,,24.2,10.8,28
08/10/2024,13:00,,,,,,,,,33.5,9.9,25
08/10/2024,14:00,,,,,,,,,32.5,8.3,19
08/10/2024,15:00,,,,,,,,,24.0,9.7,22
08/10/2024,16:00,,,,,,,,,16.9,8.3,20
08/10/2024,17:00,,,,,,,,,11.6,6.3,16
08/10/2024,18:00,,,,,,,,,13.4,7.9,20
08/10/2024,19:00,,,,,,,,,16.4,9.8,25
08/10/2024,20:00,,,,,,,,,19.5,11.2,31
08/10/2024,21:00,,,,,,,,,17.1,9.5,27
08/10/2024,22:00,,,,,,,,,18.2,9.2,24
08/10/2024,23:00,,,,,,,,,19.9,10.6,26
09/10/2024,00:00,,,,,,,,,26.9,12.2,28
09/10/2024,01:00,,,,,,,,,31.8,14.0,24
09/10/2024,02:00,,,,,,,,,34.3,13.7,27
09/10/2024,03:00,,,,,,,,,33.1,13.4,26
09/10/2024,04:00,,,,,,,,,32.4,13.0,24
09/10/2024,05:00,,,,,,,,,31.5,12.5,25
09/10/2024,06:00,,,,,,,,,30.3,12.6,24
09/10/2024,07:00,,,,,,,,,25.5,10.6,22
09/10/2024,08:00,,,,,,,,,25.9,10.1,19
09/10/2024,09:00,,,,,,,,,28.5,11.5,22
09/10/2024,10:00,,,,,,,,,27.7,11.3,22
09/10/2024,11:00,,,,,,,,,31.6,11.8,22
09/10/2024,12:00,,,,,,,,,29.3,11.0,22
09/10/2024,13:00,,,,,,,,,28.2,10.9,21
09/10/2024,14:00,,,,,,,,,19.1,7.5,16
09/10/2024,15:00,,,,,,,,,10.6,4.9,11
09/10/2024,16:00,,,,,,,,,11.1,4.6,8
09/10/2024,17:00,,,,,,,,,8.5,3.3,5
09/10/2024,18:00,,,,,,,,,7.6,3.6,7
09/10/2024,19:00,,,,,,,,,7.0,3.0,5
09/10/2024,20:00,,,,,,,,,8.6,3.6,6
09/10/2024,21:00,,,,,,,,,9.4,3.5,6
09/10/2024,22:00,,,,,,,,,8.6,3.8,6
09/10/2024,23:00,,,,,,,,,11.8,4.8,7
10/10/2024,00:00,,,,,,,,,12.8,5.4,9
10/10/2024,01:00,,,,,,,,,13.0,5.6,9
10/10/2024,02:00,,,,,,,,,12.3,5.6,10
10/10/2024,03:00,,,,,,,,,12.4,5.1,9
10/10/2024,04:00,,,,,,,,,9.6,4.4,8
10/10/2024,05:00,,,,,,,,,9.9,4.4,8
10/10/2024,06:00,,,,,,,,,10.0,4.2,7
10/10/2024,07:00,,,,,,,,,7.7,3.6,6
10/10/2024,08:00,,,,,,,,,7.5,3.5,6
10/10/2024,09:00,,,,,,,,,7.2,3.4,6
10/10/2024,10:00,,,,,,,,,5.6,2.9,5
10/10/2024,11:00,,,,,,,,,5.9,2.9,5
10/10/2024,12:00,,,,,,,,,17.1,6.6,10
10/10/2024,13:00,,,,,,,,,20.2,7.6,11
10/10/2024,14:00,,,,,,,,,19.9,7.1,10
10/10/2024,15:00,,,,,,,,,18.8,7.0,9
10/10/2024,16:00,,,,,,,,,19.4,7.1,9
10/10/2024,17:00,,,,,,,,,20.2,7.1,9
10/10/2024,18:00,,,,,,,,,20.8,7.3,10
10/10/2024,19:00,,,,,,,,,21.6,8.2,12
10/10/2024,20:00,,,,,,,,,20.2,7.8,13
10/10/2024,21:00,,,,,,,,,19.6,7.3,11
10/10/2024,22:00,,,,,,,,,18.9,7.2,11
10/10/2024,23:00,,,,,,,,,19.0,7.1,11
11/10/2024,00:00,,,,,,,,,16.5,6.5,11
11/10/2024,01:00,,,,,,,,,16.9,6.8,9
11/10/2024,02:00,,,,,,,,,16.7,6.5,10
11/10/2024,03:00,,,,,,,,,14.9,5.7,8
11/10/2024,04:00,,,,,,,,,15.5,5.7,8
11/10/2024,05:00,,,,,,,,,14.2,5.5,8
11/10/2024,06:00,,,,,,,,,13.5,5.1,8
11/10/2024,07:00,,,,,,,,,16.3,5.7,9
11/10/2024,08:00,,,,,,,,,16.7,5.6,9
11/10/2024,09:00,,,,,,,,,15.1,5.2,7
11/10/2024,10:00,,,,,,,,,14.7,5.1,7
11/10/2024,11:00,,,,,,,,,13.5,4.6,6
11/10/2024,12:00,,,,,,,,,12.8,4.5,6
11/10/2024,13:00,,,,,,,,,13.5,4.6,6
11/10/2024,14:00,,,,,,,,,11.7,4.5,6
11/10/2024,15:00,,,,,,,,,13.0,4.2,5
11/10/2024,16:00,,,,,,,,,11.7,4.1,5
11/10/2024,17:00,,,,,,,,,11.8,4.3,5
11/10/2024,18:00,,,,,,,,,11.6,4.4,6
11/10/2024,19:00,,,,,,,,,13.8,5.4,8
11/10/2024,20:00,,,,,,,,,14.2,5.6,9
11/10/2024,21:00,,,,,,,,,17.1,7.0,14
11/10/2024,22:00,,,,,,,,,14.3,6.3,12
11/10/2024,23:00,,,,,,,,,16.4,7.6,15
12/10/2024,00:00,,,,,,,,,15.0,7.2,17
12/10/2024,01:00,,,,,,,,,15.2,7.2,15
12/10/2024,02:00,,,,,,,,,16.3,7.5,14
12/10/2024,03:00,,,,,,,,,17.3,7.8,16
12/10/2024,04:00,,,,,,,,,15.7,7.3,15
12/10/2024,05:00,,,,,,,,,13.9,6.5,13
12/10/2024,06:00,,,,,,,,,13.0,6.1,11
12/10/2024,07:00,,,,,,,,,13.9,6.2,11
12/10/2024,08:00,,,,,,,,,13.2,6.1,10
12/10/2024,09:00,,,,,,,,,13.2,5.7,10
12/10/2024,10:00,,,,,,,,,14.8,6.1,10
12/10/2024,11:00,,,,,,,,,12.9,5.8,11
12/10/2024,12:00,,,,,,,,,14.4,5.6,9
12/10/2024,13:00,,,,,,,,,13.5,5.4,8
12/10/2024,14:00,,,,,,,,,14.4,5.4,9
12/10/2024,15:00,,,,,,,,,14.3,5.4,9
12/10/2024,16:00,,,,,,,,,14.7,5.5,9
12/10/2024,17:00,,,,,,,,,14.7,5.9,10
12/10/2024,18:00,,,,,,,,,14.8,6.1,12
12/10/2024,19:00,,,,,,,,,13.9,6.4,13
12/10/2024,20:00,,,,,,,,,11.1,6.0,14
12/10/2024,21:00,,,,,,,,,10.0,4.9,12
12/10/2024,22:00,,,,,,,,,9.4,4.8,10
12/10/2024,23:00,,,,,,,,,11.6,5.7,11
13/10/2024,00:00,,,,,,,,,13.1,6.1,12
13/10/2024,01:00,,,,,,,,,12.5,6.5,12
13/10/2024,02:00,,,,,,,,,13.3,6.2,13
13/10/2024,03:00,,,,,,,,,11.7,5.5,11
13/10/2024,04:00,,,,,,,,,10.4,5.1,10
13/10/2024,05:00,,,,,,,,,9.0,4.2,9
13/10/2024,06:00,,,,,,,,,11.4,5.0,8
13/10/2024,07:00,,,,,,,,,10.3,4.6,8
13/10/2024,08:00,,,,,,,,,15.0,6.9,12
13/10/2024,09:00,,,,,,,,,17.3,7.7,14
13/10/2024,10:00,,,,,,,,,23.1,9.0,15
13/10/2024,11:00,,,,,,,,,26.4,10.0,15
13/10/2024,12:00,,,,,,,,,27.0,9.7,14
13/10/2024,13:00,,,,,,,,,25.4,9.2,12
13/10/2024,14:00,,,,,,,,,21.9,8.1,10
13/10/2024,15:00,,,,,,,,,21.4,7.9,10
13/10/2024,16:00,,,,,,,,,20.2,7.5,9
13/10/2024,17:00,,,,,,,,,23.5,8.7,11
13/10/2024,18:00,,,,,,,,,24.9,9.8,12
13/10/2024,19:00,,,,,,,,,26.6,10.6,13
13/10/2024,20:00,,,,,,,,,24.8,10.2,13
13/10/2024,21:00,,,,,,,,,26.0,9.5,13
13/10/2024,22:00,,,,,,,,,24.0,8.3,12
13/10/2024,23:00,,,,,,,,,21.4,8.4,11
14/10/2024,00:00,,,,,,,,,22.0,8.4,11
14/10/2024,01:00,,,,,,,,,23.4,9.3,13
14/10/2024,02:00,,,,,,,,,21.6,8.6,12
14/10/2024,03:00,,,,,,,,,19.1,7.7,11
14/10/2024,04:00,,,,,,,,,18.0,7.1,10
14/10/2024,05:00,,,,,,,,,19.5,7.2,10
14/10/2024,06:00,,,,,,,,,17.8,6.7,10
14/10/2024,07:00,,,,,,,,,20.9,7.4,12
14/10/2024,08:00,,,,,,,,,20.2,6.8,11
14/10/2024,09:00,,,,,,,,,21.0,6.9,9
14/10/2024,10:00,,,,,,,,,23.1,7.0,9
14/10/2024,11:00,,,,,,,,,22.7,7.1,9
14/10/2024,12:00,,,,,,,,,26.2,7.2,9
14/10/2024,13:00,,,,,,,,,23.1,7.1,9
14/10/2024,14:00,,,,,,,,,22.0,7.2,9
14/10/2024,15:00,,,,,,,,,19.5,6.8,9
14/10/2024,16:00,,,,,,,,,17.9,6.5,9
14/10/2024,17:00,,,,,,,,,19.0,6.7,8
14/10/2024,18:00,,,,,,,,,18.7,6.8,8
14/10/2024,19:00,,,,,,,,,19.4,7.0,9
14/10/2024,20:00,,,,,,,,,18.0,6.6,9
14/10/2024,21:00,,,,,,,,,17.7,6.2,8
14/10/2024,22:00,,,,,,,,,16.2,6.0,7
14/10/2024,23:00,,,,,,,,,17.3,6.2,7
15/10/2024,00:00,,,,,,,,,17.2,6.5,10
15/10/2024,01:00,,,,,,,,,18.4,6.8,10
15/10/2024,02:00,,,,,,,,,17.6,6.6,11
15/10/2024,03:00,,,,,,,,,18.6,7.1,12
15/10/2024,04:00,,,,,,,,,22.3,8.8,17
15/10/2024,05:00,,,,,,,,,23.3,9.3,17
15/10/2024,06:00,,,,,,,,,24.6,9.9,18
15/10/2024,07:00,,,,,,,,,23.6,7.9,15
15/10/2024,08:00,,,,,,,,,21.2,6.8,12
15/10/2024,09:00,,,,,,,,,19.5,7.0,11
15/10/2024,10:00,,,,,,,,,19.7,6.9,11
15/10/2024,11:00,,,,,,,,,18.2,6.5,10
15/10/2024,12:00,,,,,,,,,16.8,6.1,9
15/10/2024,13:00,,,,,,,,,17.3,6.0,9
15/10/2024,14:00,,,,,,,,,17.1,5.9,8
15/10/2024,15:00,,,,,,,,,16.2,5.8,8
15/10/2024,16:00,,,,,,,,,15.1,5.6,8
15/10/2024,17:00,,,,,,,,,10.8,4.6,9
15/10/2024,18:00,,,,,,,,,9.5,4.7,9
15/10/2024,19:00,,,,,,,,,13.2,6.4,13
15/10/2024,20:00,,,,,,,,,15.6,7.1,14
15/10/2024,21:00,,,,,,,,,16.4,7.4,15
15/10/2024,22:00,,,,,,,,,16.5,7.6,15
15/10/2024,23:00,,,,,,,,,16.8,7.7,16
16/10/2024,00:00,,,,,,,,,17.7,7.7,16
16/10/2024,01:00,,,,,,,,,17.8,7.9,14
16/10/2024,02:00,,,,,,,,,18.1,9.0,15
16/10/2024,03:00,,,,,,,,,15.3,7.6,15
16/10/2024,04:00,,,,,,,,,14.6,6.8,13
16/10/2024,05:00,,,,,,,,,15.6,6.8,12
16/10/2024,06:00,,,,,,,,,15.5,6.6,12
16/10/2024,07:00,,,,,,,,,17.8,7.2,13
16/10/2024,08:00,,,,,,,,,19.3,7.5,14
16/10/2024,09:00,,,,,,,,,19.2,7.1,11
16/10/2024,10:00,,,,,,,,,17.7,6.9,10
16/10/2024,11:00,,,,,,,,,18.2,6.8,10
16/10/2024,12:00,,,,,,,,,15.5,5.7,9
16/10/2024,13:00,,,,,,,,,14.6,4.8,7
16/10/2024,14:00,,,,,,,,,12.8,5.1,8
16/10/2024,15:00,,,,,,,,,14.1,5.5,8
16/10/2024,16:00,,,,,,,,,15.0,5.5,7
16/10/2024,17:00,,,,,,,,,15.1,5.9,8
16/10/2024,18:00,,,,,,,,,14.7,5.8,9
16/10/2024,19:00,,,,,,,,,12.7,5.5,10
16/10/2024,20:00,,,,,,,,,11.3,5.1,10
16/10/2024,21:00,,,,,,,,,11.4,5.1,10
16/10/2024,22:00,,,,,,,,,12.2,5.3,10
16/10/2024,23:00,,,,,,,,,12.6,6.0,11
17/10/2024,00:00,,,,,,,,,11.1,5.2,12
17/10/2024,01:00,,,,,,,,,13.2,6.4,10
17/10/2024,02:00,,,,,,,,,16.9,9.4,15
17/10/2024,03:00,,,,,,,,,17.8,10.3,19
17/10/2024,04:00,,,,,,,,,18.5,10.6,23
17/10/2024,05:00,,,,,,,,,19.6,10.6,25
17/10/2024,06:00,,,,,,,,,15.5,8.2,21
17/10/2024,07:00,,,,,,,,,14.0,7.2,17
17/10/2024,08:00,,,,,,,,,14.3,6.7,15
17/10/2024,09:00,,,,,,,,,13.8,5.3,12
17/10/2024,10:00,,,,,,,,,11.5,5.0,8
17/10/2024,11:00,,,,,,,,,14.4,5.7,9
17/10/2024,12:00,,,,,,,,,13.7,5.9,10
17/10/2024,13:00,,,,,,,,,13.9,5.4,9
17/10/2024,14:00,,,,,,,,,15.1,5.5,8
17/10/2024,15:00,,,,,,,,,13.6,5.4,8
17/10/2024,16:00,,,,,,,,,14.9,5.6,8
17/10/2024,17:00,,,,,,,,,13.9,5.6,8
17/10/2024,18:00,,,,,,,,,14.2,5.8,8
17/10/2024,19:00,,,,,,,,,14.0,5.7,9
17/10/2024,20:00,,,,,,,,,13.9,5.5,8
17/10/2024,21:00,,,,,,,,,14.3,5.7,8
17/10/2024,22:00,,,,,,,,,13.7,5.4,7
17/10/2024,23:00,,,,,,,,,14.9,5.3,7
18/10/2024,00:00,,,,,,,,,14.3,5.3,7
18/10/2024,01:00,,,,,,,,,15.5,5.4,6
18/10/2024,02:00,,,,,,,,,15.6,5.7,8
18/10/2024,03:00,,,,,,,,,15.4,5.8,8
18/10/2024,04:00,,,,,,,,,15.3,6.2,9
18/10/2024,05:00,,,,,,,,,17.0,6.6,10
18/10/2024,06:00,,,,,,,,,16.5,6.5,11
18/10/2024,07:00,,,,,,,,,17.6,6.3,11
18/10/2024,08:00,,,,,,,,,15.6,5.9,10
18/10/2024,09:00,,,,,,,,,15.6,6.0,10
18/10/2024,10:00,,,,,,,,,15.3,6.1,10
18/10/2024,11:00,,,,,,,,,16.6,6.0,10
18/10/2024,12:00,,,,,,,,,18.9,6.3,10
18/10/2024,13:00,,,,,,,,,18.2,6.3,10
18/10/2024,14:00,,,,,,,,,19.4,6.6,10
18/10/2024,15:00,,,,,,,,,17.3,6.3,10
18/10/2024,16:00,,,,,,,,,17.3,6.3,10
18/10/2024,17:00,,,,,,,,,17.3,6.4,10
18/10/2024,18:00,,,,,,,,,17.9,6.8,11
18/10/2024,19:00,,,,,,,,,17.6,7.1,12
18/10/2024,20:00,,,,,,,,,18.4,7.2,12
18/10/2024,21:00,,,,,,,,,17.6,7.1,12
18/10/2024,22:00,,,,,,,,,16.4,6.8,12
18/10/2024,23:00,,,,,,,,,15.5,6.7,12
19/10/2024,00:00,,,,,,,,,13.8,6.0,11
19/10/2024,01:00,,,,,,,,,12.8,5.8,10
19/10/2024,02:00,,,,,,,,,14.0,5.9,10
19/10/2024,03:00,,,,,,,,,13.2,5.9,10
19/10/2024,04:00,,,,,,,,,12.4,6.0,11
19/10/2024,05:00,,,,,,,,,13.2,6.4,12
19/10/2024,06:00,,,,,,,,,14.7,6.8,12
19/10/2024,07:00,,,,,,,,,17.5,7.8,15
19/10/2024,08:00,,,,,,,,,18.7,9.0,18
19/10/2024,09:00,,,,,,,,,19.7,10.0,21
19/10/2024,10:00,,,,,,,,,21.3,10.0,23
19/10/2024,11:00,,,,,,,,,21.1,9.5,21
19/10/2024,12:00,,,,,,,,,23.6,9.9,21
19/10/2024,13:00,,,,,,,,,25.1,10.4,22
19/10/2024,14:00,,,,,,,,,28.8,11.2,22
19/10/2024,15:00,,,,,,,,,33.4,11.9,23
19/10/2024,16:00,,,,,,,,,33.0,12.3,24
19/10/2024,17:00,,,,,,,,,35.7,13.2,23
19/10/2024,18:00,,,,,,,,,39.4,14.5,26
19/10/2024,19:00,,,,,,,,,39.4,15.0,27
19/10/2024,20:00,,,,,,,,,39.6,16.4,34
19/10/2024,21:00,,,,,,,,,36.6,15.3,34
19/10/2024,22:00,,,,,,,,,25.5,10.9,25
19/10/2024,23:00,,,,,,,,,26.2,12.2,27
20/10/2024,00:00,,,,,,,,,22.4,11.4,28
20/10/2024,01:00,,,,,,,,,19.1,8.1,17
20/10/2024,02:00,,,,,,,,,15.8,6.9,14
20/10/2024,03:00,,,,,,,,,15.9,6.9,13
20/10/2024,04:00,,,,,,,,,19.1,7.8,13
20/10/2024,05:00,,,,,,,,,21.8,8.5,14
20/10/2024,06:00,,,,,,,,,22.6,8.5,15
20/10/2024,07:00,,,,,,,,,20.9,7.9,14
20/10/2024,08:00,,,,,,,,,20.8,7.6,12
20/10/2024,09:00,,,,,,,,,23.9,7.6,12
20/10/2024,10:00,,,,,,,,,14.7,5.7,9
20/10/2024,11:00,,,,,,,,,14.7,5.4,8
20/10/2024,12:00,,,,,,,,,15.3,5.9,9
20/10/2024,13:00,,,,,,,,,17.3,6.9,11
20/10/2024,14:00,,,,,,,,,21.1,7.8,13
20/10/2024,15:00,,,,,,,,,20.3,7.9,14
20/10/2024,16:00,,,,,,,,,22.7,8.8,15
20/10/2024,17:00,,,,,,,,,22.0,8.9,16
20/10/2024,18:00,,,,,,,,,26.4,10.2,18
20/10/2024,19:00,,,,,,,,,29.1,11.8,21
20/10/2024,20:00,,,,,,,,,33.7,14.2,25
20/10/2024,21:00,,,,,,,,,35.5,14.2,26
20/10/2024,22:00,,,,,,,,,31.4,13.2,24
20/10/2024,23:00,,,,,,,,,32.9,13.2,24
21/10/2024,00:00,,,,,,,,,32.5,12.7,24
21/10/2024,01:00,,,,,,,,,31.5,12.4,19
21/10/2024,02:00,,,,,,,,,30.7,12.0,21
21/10/2024,03:00,,,,,,,,,28.2,11.6,21
21/10/2024,04:00,,,,,,,,,28.1,11.6,21
21/10/2024,05:00,,,,,,,,,27.8,11.7,24
21/10/2024,06:00,,,,,,,,,29.7,11.8,24
21/10/2024,07:00,,,,,,,,,28.4,10.7,23
21/10/2024,08:00,,,,,,,,,28.1,11.0,23
21/10/2024,09:00,,,,,,,,,22.0,9.0,21
21/10/2024,10:00,,,,,,,,,20.2,9.2,21
21/10/2024,11:00,,,,,,,,,19.3,8.8,20
21/10/2024,12:00,,,,,,,,,23.7,8.3,18
21/10/2024,13:00,,,,,,,,,22.1,7.2,14
21/10/2024,14:00,,,,,,,,,18.3,6.6,12
21/10/2024,15:00,,,,,,,,,17.0,6.5,12
21/10/2024,16:00,,,,,,,,,15.8,5.9,10
21/10/2024,17:00,,,,,,,,,18.1,6.8,10
21/10/2024,18:00,,,,,,,,,20.5,7.7,12
21/10/2024,19:00,,,,,,,,,20.3,7.7,12
21/10/2024,20:00,,,,,,,,,21.5,7.7,13
21/10/2024,21:00,,,,,,,,,22.0,8.3,13
21/10/2024,22:00,,,,,,,,,20.6,7.9,13
21/10/2024,23:00,,,,,,,,,17.1,7.2,12
22/10/2024,00:00,,,,,,,,,16.5,7.1,11
22/10/2024,01:00,,,,,,,,,17.6,7.0,10
22/10/2024,02:00,,,,,,,,,20.5,7.3,12
22/10/2024,03:00,,,,,,,,,18.2,7.4,12
22/10/2024,04:00,,,,,,,,,17.5,7.4,13
22/10/2024,05:00,,,,,,,,,16.5,7.3,13
22/10/2024,06:00,,,,,,,,,19.6,8.4,15
22/10/2024,07:00,,,,,,,,,20.4,8.1,15
22/10/2024,08:00,,,,,,,,,21.2,7.8,14
22/10/2024,09:00,,,,,,,,,19.8,8.2,15
22/10/2024,10:00,,,,,,,,,17.4,7.3,14
22/10/2024,11:00,,,,,,,,,17.6,7.2,13
22/10/2024,12:00,,,,,,,,,37.7,9.8,17
22/10/2024,13:00,,,,,,,,,24.6,8.7,17
22/10/2024,14:00,,,,,,,,,31.4,9.8,19
22/10/2024,15:00,,,,,,,,,26.1,7.6,16
22/10/2024,16:00,,,,,,,,,20.7,6.2,12
22/10/2024,17:00,,,,,,,,,15.2,5.8,9
22/10/2024,18:00,,,,,,,,,15.5,5.5,8
22/10/2024,19:00,,,,,,,,,17.1,6.1,9
22/10/2024,20:00,,,,,,,,,18.2,7.0,11
22/10/2024,21:00,,,,,,,,,20.6,7.8,12
22/10/2024,22:00,,,,,,,,,20.9,8.4,14
22/10/2024,23:00,,,,,,,,,25.0,9.5,15
23/10/2024,00:00,,,,,,,,,26.2,10.5,17
23/10/2024,01:00,,,,,,,,,25.7,10.5,16
23/10/2024,02:00,,,,,,,,,24.0,10.1,17
23/10/2024,03:00,,,,,,,,,28.0,11.7,20
23/10/2024,04:00,,,,,,,,,24.3,10.3,22
23/10/2024,05:00,,,,,,,,,22.6,9.6,18
23/10/2024,06:00,,,,,,,,,21.4,8.6,15
23/10/2024,07:00,,,,,,,,,23.3,8.6,15
23/10/2024,08:00,,,,,,,,,25.2,9.8,17
23/10/2024,09:00,,,,,,,,,24.8,10.4,20
23/10/2024,10:00,,,,,,,,,23.2,10.5,22
23/10/2024,11:00,,,,,,,,,26.5,11.0,23
23/10/2024,12:00,,,,,,,,,27.4,10.4,22
23/10/2024,13:00,,,,,,,,,24.1,9.8,21
23/10/2024,14:00,,,,,,,,,21.7,9.2,20
23/10/2024,15:00,,,,,,,,,24.9,8.5,18
23/10/2024,16:00,,,,,,,,,17.8,7.4,15
23/10/2024,17:00,,,,,,,,,18.3,7.8,15
23/10/2024,18:00,,,,,,,,,19.2,8.3,17
23/10/2024,19:00,,,,,,,,,19.0,8.8,18
23/10/2024,20:00,,,,,,,,,18.7,8.5,18
23/10/2024,21:00,,,,,,,,,20.4,9.0,18
23/10/2024,22:00,,,,,,,,,21.5,9.9,19
23/10/2024,23:00,,,,,,,,,25.5,10.6,22
24/10/2024,00:00,,,,,,,,,25.0,10.8,22
24/10/2024,01:00,,,,,,,,,25.2,11.4,22
24/10/2024,02:00,,,,,,,,,23.8,12.0,27
24/10/2024,03:00,,,,,,,,,22.6,12.2,30
24/10/2024,04:00,,,,,,,,,24.5,13.0,32
24/10/2024,05:00,,,,,,,,,20.9,11.1,31
24/10/2024,06:00,,,,,,,,,19.4,10.9,30
24/10/2024,07:00,,,,,,,,,23.7,13.2,37
24/10/2024,08:00,,,,,,,,,25.5,14.9,44
24/10/2024,09:00,,,,,,,,,24.3,15.0,44
24/10/2024,10:00,,,,,,,,,26.1,15.7,50
24/10/2024,11:00,,,,,,,,,30.5,16.9,52
24/10/2024,12:00,,,,,,,,,30.0,16.5,51
24/10/2024,13:00,,,,,,,,,34.1,16.9,52
24/10/2024,14:00,,,,,,,,,35.8,17.1,53
24/10/2024,15:00,,,,,,,,,27.9,14.2,47
24/10/2024,16:00,,,,,,,,,27.4,11.6,30
24/10/2024,17:00,,,,,,,,,29.3,11.9,25
24/10/2024,18:00,,,,,,,,,29.6,13.0,27
24/10/2024,19:00,,,,,,,,,24.5,14.0,37
24/10/2024,20:00,,,,,,,,,16.8,9.6,30
24/10/2024,21:00,,,,,,,,,19.0,9.3,24
24/10/2024,22:00,,,,,,,,,13.5,6.7,17
24/10/2024,23:00,,,,,,,,,12.5,7.3,18
25/10/2024,00:00,,,,,,,,,12.4,6.8,16
25/10/2024,01:00,,,,,,,,,12.5,7.3,18
25/10/2024,02:00,,,,,,,,,13.4,7.1,17
25/10/2024,03:00,,,,,,,,,15.9,6.5,16
25/10/2024,04:00,,,,,,,,,15.4,6.4,13
25/10/2024,05:00,,,,,,,,,15.0,7.4,17
25/10/2024,06:00,,,,,,,,,14.5,6.0,14
25/10/2024,07:00,,,,,,,,,12.9,4.9,9
25/10/2024,08:00,,,,,,,,,15.0,4.6,8
25/10/2024,09:00,,,,,,,,,14.0,4.3,6
25/10/2024,10:00,,,,,,,,,13.0,4.2,6
25/10/2024,11:00,,,,,,,,,13.7,4.6,6
25/10/2024,12:00,,,,,,,,,14.7,4.1,6
25/10/2024,13:00,,,,,,,,,16.6,4.7,6
25/10/2024,14:00,,,,,,,,,24.4,7.0,9
25/10/2024,15:00,,,,,,,,,22.0,6.8,10
25/10/2024,16:00,,,,,,,,,21.0,7.1,10
25/10/2024,17:00,,,,,,,,,21.4,7.1,9
25/10/2024,18:00,,,,,,,,,21.7,7.3,9
25/10/2024,19:00,,,,,,,,,21.8,7.3,10
25/10/2024,20:00,,,,,,,,,21.4,7.1,10
25/10/2024,21:00,,,,,,,,,19.3,6.8,9
25/10/2024,22:00,,,,,,,,,20.0,6.7,9
25/10/2024,23:00,,,,,,,,,18.4,6.4,9
26/10/2024,00:00,,,,,,,,,16.0,6.1,8
26/10/2024,01:00,,,,,,,,,16.0,6.0,7
26/10/2024,02:00,,,,,,,,,15.1,6.2,9
26/10/2024,03:00,,,,,,,,,15.2,6.1,9
26/10/2024,04:00,,,,,,,,,16.7,7.2,11
26/10/2024,05:00,,,,,,,,,19.3,8.5,15
26/10/2024,06:00,,,,,,,,,17.1,7.3,13
26/10/2024,07:00,,,,,,,,,19.0,7.4,12
26/10/2024,08:00,,,,,,,,,21.8,8.0,13
26/10/2024,09:00,,,,,,,,,20.7,7.0,11
26/10/2024,10:00,,,,,,,,,19.7,7.3,11
26/10/2024,11:00,,,,,,,,,20.0,7.2,11
26/10/2024,12:00,,,,,,,,,18.8,7.2,10
26/10/2024,13:00,,,,,,,,,18.3,6.8,10
26/10/2024,14:00,,,,,,,,,17.0,6.2,9
26/10/2024,15:00,,,,,,,,,16.8,5.8,8
26/10/2024,16:00,,,,,,,,,14.7,5.5,8
26/10/2024,17:00,,,,,,,,,16.6,5.5,8
26/10/2024,18:00,,,,,,,,,14.6,5.6,8
26/10/2024,19:00,,,,,,,,,14.6,5.8,9
26/10/2024,20:00,,,,,,,,,15.3,5.7,9
26/10/2024,21:00,,,,,,,,,14.0,5.4,8
26/10/2024,22:00,,,,,,,,,15.2,5.5,8
26/10/2024,23:00,,,,,,,,,13.5,5.3,9
27/10/2024,00:00,,,,,,,,,12.8,5.4,9
27/10/2024,01:00,,,,,,,,,14.4,5.8,9
27/10/2024,02:00,,,,,,,,,11.9,5.2,9
27/10/2024,03:00,,,,,,,,,10.4,4.9,9
27/10/2024,04:00,,,,,,,,,9.6,4.7,9
27/10/2024,05:00,,,,,,,,,10.2,4.8,10
27/10/2024,06:00,,,,,,,,,12.9,5.7,11
27/10/2024,07:00,,,,,,,,,15.4,6.6,13
27/10/2024,08:00,,,,,,,,,18.5,7.1,13
27/10/2024,09:00,,,,,,,,,18.9,7.4,13
27/10/2024,10:00,,,,,,,,,19.9,7.5,14
27/10/2024,11:00,,,,,,,,,18.9,7.8,14
27/10/2024,12:00,,,,,,,,,20.5,8.0,15
27/10/2024,13:00,,,,,,,,,19.1,7.0,13
27/10/2024,14:00,,,,,,,,,17.9,6.7,11
27/10/2024,15:00,,,,,,,,,17.9,6.7,11
27/10/2024,16:00,,,,,,,,,18.8,6.4,10
27/10/2024,17:00,,,,,,,,,17.6,6.6,9
27/10/2024,18:00,,,,,,,,,17.3,6.7,10
27/10/2024,19:00,,,,,,,,,19.2,6.8,10
27/10/2024,20:00,,,,,,,,,19.5,7.3,10
27/10/2024,21:00,,,,,,,,,20.5,7.5,10
27/10/2024,22:00,,,,,,,,,20.0,7.5,11
27/10/2024,23:00,,,,,,,,,20.5,7.5,11
28/10/2024,00:00,,,,,,,,,22.4,9.7,14
28/10/2024,01:00,,,,,,,,,36.9,23.8,50
28/10/2024,02:00,,,,,,,,,33.4,21.1,50
28/10/2024,03:00,,,,,,,,,24.7,11.6,27
28/10/2024,04:00,,,,,,,,,25.6,10.6,21
28/10/2024,05:00,,,,,,,,,20.9,9.5,19
28/10/2024,06:00,,,,,,,,,13.9,6.9,16
28/10/2024,07:00,,,,,,,,,11.5,5.8,13
28/10/2024,08:00,,,,,,,,,10.5,4.7,10
28/10/2024,09:00,,,,,,,,,11.2,5.5,11
28/10/2024,10:00,,,,,,,,,13.8,5.7,12
28/10/2024,11:00,,,,,,,,,13.9,6.1,14
28/10/2024,12:00,,,,,,,,,12.9,6.2,14
28/10/2024,13:00,,,,,,,,,14.1,6.5,15
28/10/2024,14:00,,,,,,,,,12.8,6.6,15
28/10/2024,15:00,,,,,,,,,12.1,6.2,14
28/10/2024,16:00,,,,,,,,,13.1,6.6,15
28/10/2024,17:00,,,,,,,,,17.1,8.1,18
28/10/2024,18:00,,,,,,,,,18.3,8.3,16
28/10/2024,19:00,,,,,,,,,15.7,7.8,18
28/10/2024,20:00,,,,,,,,,12.8,6.3,16
28/10/2024,21:00,,,,,,,,,10.5,4.6,10
28/10/2024,22:00,,,,,,,,,12.9,4.9,9
28/10/2024,23:00,,,,,,,,,11.8,5.2,9
29/10/2024,00:00,,,,,,,,,14.0,5.4,10
29/10/2024,01:00,,,,,,,,,12.9,5.3,9
29/10/2024,02:00,,,,,,,,,13.2,5.3,9
29/10/2024,03:00,,,,,,,,,16.7,7.1,11
29/10/2024,04:00,,,,,,,,,15.5,7.2,12
29/10/2024,05:00,,,,,,,,,14.3,6.0,10
29/10/2024,06:00,,,,,,,,,12.8,6.3,11
29/10/2024,07:00,,,,,,,,,13.3,6.1,12
29/10/2024,08:00,,,,,,,,,17.3,6.5,14
29/10/2024,09:00,,,,,,,,,12.2,5.4,11
29/10/2024,10:00,,,,,,,,,12.3,5.1,10
29/10/2024,11:00,,,,,,,,,12.5,5.4,10
29/10/2024,12:00,,,,,,,,,13.7,5.9,11
29/10/2024,13:00,,,,,,,,,26.2,9.6,17
29/10/2024,14:00,,,,,,,,,25.9,10.2,19
29/10/2024,15:00,,,,,,,,,26.8,10.4,19
29/10/2024,16:00,,,,,,,,,25.8,10.2,18
29/10/2024,17:00,,,,,,,,,26.0,10.1,18
29/10/2024,18:00,,,,,,,,,31.1,12.0,21
29/10/2024,19:00,,,,,,,,,32.3,12.7,24
29/10/2024,20:00,,,,,,,,,30.4,11.8,24
29/10/2024,21:00,,,,,,,,,26.8,10.8,21
29/10/2024,22:00,,,,,,,,,24.9,10.6,19
29/10/2024,23:00,,,,,,,,,24.8,10.3,19
30/10/2024,00:00,,,,,,,,,24.6,10.3,19
30/10/2024,01:00,,,,,,,,,24.6,10.0,16
30/10/2024,02:00,,,,,,,,,23.7,10.0,17
30/10/2024,03:00,,,,,,,,,23.7,9.5,16
30/10/2024,04:00,,,,,,,,,24.9,9.1,15
30/10/2024,05:00,,,,,,,,,24.2,9.2,15
30/10/2024,06:00,,,,,,,,,26.1,9.5,17
30/10/2024,07:00,,,,,,,,,27.3,9.3,17
30/10/2024,08:00,,,,,,,,,28.4,9.5,16
30/10/2024,09:00,,,,,,,,,27.6,9.5,16
30/10/2024,10:00,,,,,,,,,25.0,9.0,16
30/10/2024,11:00,,,,,,,,,28.7,9.8,18
30/10/2024,12:00,,,,,,,,,29.1,10.1,20
30/10/2024,13:00,,,,,,,,,31.2,10.4,19
30/10/2024,14:00,,,,,,,,,28.3,10.1,18
30/10/2024,15:00,,,,,,,,,24.9,9.4,17
30/10/2024,16:00,,,,,,,,,22.5,8.9,16
30/10/2024,17:00,,,,,,,,,21.5,8.9,16
30/10/2024,18:00,,,,,,,,,21.7,9.2,16
30/10/2024,19:00,,,,,,,,,22.2,9.3,17
30/10/2024,20:00,,,,,,,,,22.9,9.2,17
30/10/2024,21:00,,,,,,,,,21.3,9.0,17
30/10/2024,22:00,,,,,,,,,20.8,8.5,16
30/10/2024,23:00,,,,,,,,,20.6,8.6,16
31/10/2024,00:00,,,,,,,,,21.4,8.8,16
31/10/2024,01:00,,,,,,,,,21.0,8.9,14
31/10/2024,02:00,,,,,,,,,19.7,8.9,17
31/10/2024,03:00,,,,,,,,,17.1,7.8,17
31/10/2024,04:00,,,,,,,,,17.2,7.5,15
31/10/2024,05:00,,,,,,,,,16.2,7.5,16
31/10/2024,06:00,,,,,,,,,16.6,7.5,16
31/10/2024,07:00,,,,,,,,,15.6,6.4,16
31/10/2024,08:00,,,,,,,,,15.8,6.3,14
31/10/2024,09:00,,,,,,,,,16.9,6.6,15
31/10/2024,10:00,,,,,,,,,16.8,7.1,16
31/10/2024,11:00,,,,,,,,,21.3,7.4,17
31/10/2024,12:00,,,,,,,,,25.0,8.0,17
31/10/2024,13:00,,,,,,,,,26.8,8.7,18
31/10/2024,14:00,,,,,,,,,23.4,8.8,19
31/10/2024,15:00,,,,,,,,,25.4,9.3,20
31/10/2024,16:00,,,,,,,,,24.1,9.5,20
31/10/2024,17:00,,,,,,,,,24.5,9.6,20
31/10/2024,18:00,,,,,,,,,20.3,8.4,20
31/10/2024,19:00,,,,,,,,,15.0,8.3,20
31/10/2024,20:00,,,,,,,,,14.0,7.5,19
31/10/2024,21:00,,,,,,,,,11.4,6.2,16
31/10/2024,22:00,,,,,,,,,12.4,6.1,14
31/10/2024,23:00,,,,,,,,,12.0,6.0,13
01/11/2024,00:00,,,,,,,,,12.3,6.0,12
01/11/2024,01:00,,,,,,,,,17.0,7.1,13
01/11/2024,02:00,,,,,,,,,18.4,7.7,15
01/11/2024,03:00,,,,,,,,,18.4,7.9,16
01/11/2024,04:00,,,,,,,,,17.7,8.2,17
01/11/2024,05:00,,,,,,,,,17.3,8.1,17
01/11/2024,06:00,,,,,,,,,18.2,8.4,18
01/11/2024,07:00,,,,,,,,,16.1,7.4,18
01/11/2024,08:00,,,,,,,,,14.1,7.2,16
01/11/2024,09:00,,,,,,,,,15.5,7.9,18
01/11/2024,10:00,,,,,,,,,17.1,9.0,22
01/11/2024,11:00,,,,,,,,,18.5,9.5,24
01/11/2024,12:00,,,,,,,,,20.5,8.9,23
01/11/2024,13:00,,,,,,,,,19.7,8.9,22
01/11/2024,14:00,,,,,,,,,26.4,10.1,24
01/11/2024,15:00,,,,,,,,,23.8,9.7,25
01/11/2024,16:00,,,,,,,,,19.2,9.2,23
01/11/2024,17:00,,,,,,,,,16.9,8.2,20
01/11/2024,18:00,,,,,,,,,16.7,8.8,21
01/11/2024,19:00,,,,,,,,,19.2,8.8,19
01/11/2024,20:00,,,,,,,,,21.0,10.1,20
01/11/2024,21:00,,,,,,,,,19.9,9.2,20
01/11/2024,22:00,,,,,,,,,20.3,9.3,19
01/11/2024,23:00,,,,,,,,,19.6,8.4,16
02/11/2024,00:00,,,,,,,,,20.4,8.2,14
02/11/2024,01:00,,,,,,,,,18.7,9.0,18
02/11/2024,02:00,,,,,,,,,20.6,9.6,20
02/11/2024,03:00,,,,,,,,,18.9,9.2,20
02/11/2024,04:00,,,,,,,,,15.7,7.7,17
02/11/2024,05:00,,,,,,,,,16.2,7.2,15
02/11/2024,06:00,,,,,,,,,14.1,6.5,13
02/11/2024,07:00,,,,,,,,,15.0,5.5,10
02/11/2024,08:00,,,,,,,,,16.3,5.8,9
02/11/2024,09:00,,,,,,,,,16.3,5.9,10
02/11/2024,10:00,,,,,,,,,15.0,5.4,9
02/11/2024,11:00,,,,,,,,,14.3,5.2,8
02/11/2024,12:00,,,,,,,,,15.0,5.7,9
02/11/2024,13:00,,,,,,,,,14.5,5.4,9
02/11/2024,14:00,,,,,,,,,13.3,5.1,8
02/11/2024,15:00,,,,,,,,,13.3,5.2,8
02/11/2024,16:00,,,,,,,,,16.2,5.6,8
02/11/2024,17:00,,,,,,,,,14.5,5.5,8
02/11/2024,18:00,,,,,,,,,15.6,5.7,8
02/11/2024,19:00,,,,,,,,,15.0,6.0,10
02/11/2024,20:00,,,,,,,,,14.8,6.0,11
02/11/2024,21:00,,,,,,,,,15.8,6.2,10
02/11/2024,22:00,,,,,,,,,16.4,6.5,11
02/11/2024,23:00,,,,,,,,,14.8,6.0,10
03/11/2024,00:00,,,,,,,,,15.2,5.9,10
03/11/2024,01:00,,,,,,,,,17.3,6.0,9
03/11/2024,02:00,,,,,,,,,21.7,6.8,10
03/11/2024,03:00,,,,,,,,,18.7,6.5,10
03/11/2024,04:00,,,,,,,,,15.0,6.1,10
03/11/2024,05:00,,,,,,,,,18.5,7.1,12
03/11/2024,06:00,,,,,,,,,20.0,7.5,13
03/11/2024,07:00,,,,,,,,,21.9,7.9,14
03/11/2024,08:00,,,,,,,,,19.7,7.4,14
03/11/2024,09:00,,,,,,,,,17.7,6.6,12
03/11/2024,10:00,,,,,,,,,16.5,6.1,11
03/11/2024,11:00,,,,,,,,,15.5,6.1,11
03/11/2024,12:00,,,,,,,,,15.4,6.2,11
03/11/2024,13:00,,,,,,,,,15.6,6.0,11
03/11/2024,14:00,,,,,,,,,13.9,5.8,10
03/11/2024,15:00,,,,,,,,,14.6,5.7,10
03/11/2024,16:00,,,,,,,,,15.8,5.9,10
03/11/2024,17:00,,,,,,,,,15.1,6.0,10
03/11/2024,18:00,,,,,,,,,15.3,6.4,11
03/11/2024,19:00,,,,,,,,,16.2,6.7,12
03/11/2024,20:00,,,,,,,,,16.9,6.8,13
03/11/2024,21:00,,,,,,,,,15.8,6.5,12
03/11/2024,22:00,,,,,,,,,16.3,6.4,11
03/11/2024,23:00,,,,,,,,,16.4,6.4,12
04/11/2024,00:00,,,,,,,,,16.3,6.7,12
04/11/2024,01:00,,,,,,,,,17.4,6.9,12
04/11/2024,02:00,,,,,,,,,19.0,7.3,14
04/11/2024,03:00,,,,,,,,,16.6,7.6,14
04/11/2024,04:00,,,,,,,,,15.6,7.5,15
04/11/2024,05:00,,,,,,,,,17.1,7.7,16
04/11/2024,06:00,,,,,,,,,17.6,7.7,16
04/11/2024,07:00,,,,,,,,,17.9,8.5,18
04/11/2024,08:00,,,,,,,,,18.7,8.5,19
04/11/2024,09:00,,,,,,,,,17.8,8.4,19
04/11/2024,10:00,,,,,,,,,18.6,8.7,20
04/11/2024,11:00,,,,,,,,,20.1,9.0,21
04/11/2024,12:00,,,,,,,,,18.5,8.3,19
04/11/2024,13:00,,,,,,,,,21.0,7.8,17
04/11/2024,14:00,,,,,,,,,22.1,7.5,16
04/11/2024,15:00,,,,,,,,,20.7,7.4,15
04/11/2024,16:00,,,,,,,,,19.9,7.5,15
04/11/2024,17:00,,,,,,,,,19.8,7.7,15
04/11/2024,18:00,,,,,,,,,18.4,7.6,15
04/11/2024,19:00,,,,,,,,,19.7,7.8,15
04/11/2024,20:00,,,,,,,,,19.5,7.8,14
04/11/2024,21:00,,,,,,,,,19.2,7.7,14
04/11/2024,22:00,,,,,,,,,17.5,6.9,13
04/11/2024,23:00,,,,,,,,,21.2,8.1,14
05/11/2024,00:00,,,,,,,,,18.3,7.2,15
05/11/2024,01:00,,,,,,,,,18.1,6.9,12
05/11/2024,02:00,,,,,,,,,15.2,6.8,12
05/11/2024,03:00,,,,,,,,,17.4,9.9,20
05/11/2024,04:00,,,,,,,,,20.4,12.1,29
05/11/2024,05:00,,,,,,,,,22.1,12.3,31
05/11/2024,06:00,,,,,,,,,19.7,11.2,29
05/11/2024,07:00,,,,,,,,,18.6,9.8,24
05/11/2024,08:00,,,,,,,,,20.7,10.0,24
05/11/2024,09:00,,,,,,,,,17.8,9.8,26
05/11/2024,10:00,,,,,,,,,16.8,8.7,19
05/11/2024,11:00,,,,,,,,,21.6,9.5,18
05/11/2024,12:00,,,,,,,,,21.8,8.9,17
05/11/2024,13:00,,,,,,,,,21.3,8.3,16
05/11/2024,14:00,,,,,,,,,25.2,8.4,16
05/11/2024,15:00,,,,,,,,,28.6,9.4,17
05/11/2024,16:00,,,,,,,,,25.5,9.3,17
05/11/2024,17:00,,,,,,,,,24.4,9.2,17
05/11/2024,18:00,,,,,,,,,25.3,10.0,17
05/11/2024,19:00,,,,,,,,,26.8,11.1,17
05/11/2024,20:00,,,,,,,,,25.0,10.0,17
05/11/2024,21:00,,,,,,,,,21.1,8.7,16
05/11/2024,22:00,,,,,,,,,18.7,8.2,15
05/11/2024,23:00,,,,,,,,,19.2,8.3,15
06/11/2024,00:00,,,,,,,,,19.2,8.7,16
06/11/2024,01:00,,,,,,,,,19.9,8.9,15
06/11/2024,02:00,,,,,,,,,22.5,11.0,19
06/11/2024,03:00,,,,,,,,,23.7,14.3,32
06/11/2024,04:00,,,,,,,,,21.0,10.7,27
06/11/2024,05:00,,,,,,,,,22.1,10.7,26
06/11/2024,06:00,,,,,,,,,20.1,9.8,20
06/11/2024,07:00,,,,,,,,,19.8,10.0,21
06/11/2024,08:00,,,,,,,,,19.1,10.0,22
06/11/2024,09:00,,,,,,,,,19.0,10.3,23
06/11/2024,10:00,,,,,,,,,20.0,9.4,22
06/11/2024,11:00,,,,,,,,,20.8,8.0,16
06/11/2024,12:00,,,,,,,,,19.7,7.7,14
06/11/2024,13:00,,,,,,,,,23.7,8.1,14
06/11/2024,14:00,,,,,,,,,22.9,7.8,14
06/11/2024,15:00,,,,,,,,,22.7,8.0,13
06/11/2024,16:00,,,,,,,,,22.6,8.2,13
06/11/2024,17:00,,,,,,,,,22.0,8.5,13
06/11/2024,18:00,,,,,,,,,23.3,8.6,14
06/11/2024,19:00,,,,,,,,,23.3,9.1,14
06/11/2024,20:00,,,,,,,,,24.2,9.4,15
06/11/2024,21:00,,,,,,,,,23.0,8.6,13
06/11/2024,22:00,,,,,,,,,19.3,7.0,11
06/11/2024,23:00,,,,,,,,,13.8,5.3,8
07/11/2024,00:00,,,,,,,,,12.5,4.9,7
07/11/2024,01:00,,,,,,,,,12.5,5.1,6
07/11/2024,02:00,,,,,,,,,14.0,5.5,8
07/11/2024,03:00,,,,,,,,,16.7,6.0,9
07/11/2024,04:00,,,,,,,,,17.7,6.7,10
07/11/2024,05:00,,,,,,,,,17.5,7.5,14
07/11/2024,06:00,,,,,,,,,18.9,7.5,14
07/11/2024,07:00,,,,,,,,,19.8,7.9,15
07/11/2024,08:00,,,,,,,,,21.0,8.6,17
07/11/2024,09:00,,,,,,,,,23.0,9.8,20
07/11/2024,10:00,,,,,,,,,29.4,9.6,20
07/11/2024,11:00,,,,,,,,,26.4,8.6,17
07/11/2024,12:00,,,,,,,,,26.6,8.6,16
07/11/2024,13:00,,,,,,,,,29.3,9.4,16
07/11/2024,14:00,,,,,,,,,30.0,10.6,18
07/11/2024,15:00,,,,,,,,,30.2,11.6,20
07/11/2024,16:00,,,,,,,,,31.1,11.9,21
07/11/2024,17:00,,,,,,,,,30.2,11.7,21
07/11/2024,18:00,,,,,,,,,29.2,11.7,20
07/11/2024,19:00,,,,,,,,,29.7,11.8,21
07/11/2024,20:00,,,,,,,,,28.3,11.4,21
07/11/2024,21:00,,,,,,,,,26.7,11.0,20
07/11/2024,22:00,,,,,,,,,25.3,10.6,20
07/11/2024,23:00,,,,,,,,,27.7,12.7,24
08/11/2024,00:00,,,,,,,,,26.2,12.0,26
08/11/2024,01:00,,,,,,,,,23.4,10.4,18
08/11/2024,02:00,,,,,,,,,21.4,9.6,18
08/11/2024,03:00,,,,,,,,,20.1,9.2,17
08/11/2024,04:00,,,,,,,,,20.8,9.6,17
08/11/2024,05:00,,,,,,,,,21.4,9.9,19
08/11/2024,06:00,,,,,,,,,23.2,10.1,19
08/11/2024,07:00,,,,,,,,,24.4,10.8,21
08/11/2024,08:00,,,,,,,,,32.4,12.9,26
08/11/2024,09:00,,,,,,,,,31.0,13.7,30
08/11/2024,10:00,,,,,,,,,34.7,15.4,35
08/11/2024,11:00,,,,,,,,,35.8,17.0,40
08/11/2024,12:00,,,,,,,,,42.3,17.1,41
08/11/2024,13:00,,,,,,,,,40.4,17.9,42
08/11/2024,14:00,,,,,,,,,42.0,18.6,46
08/11/2024,15:00,,,,,,,,,37.5,18.6,46
08/11/2024,16:00,,,,,,,,,38.3,19.0,48
08/11/2024,17:00,,,,,,,,,35.2,16.5,44
08/11/2024,18:00,,,,,,,,,50.6,29.4,63
08/11/2024,19:00,,,,,,,,,61.1,37.5,175
08/11/2024,20:00,,,,,,,,,43.4,20.3,61
08/11/2024,21:00,,,,,,,,,39.2,19.0,53
08/11/2024,22:00,,,,,,,,,45.3,17.4,45
08/11/2024,23:00,,,,,,,,,29.5,12.9,31
09/11/2024,00:00,,,,,,,,,26.2,13.2,24
09/11/2024,01:00,,,,,,,,,26.1,14.0,30
09/11/2024,02:00,,,,,,,,,21.2,12.4,31
09/11/2024,03:00,,,,,,,,,20.2,11.6,28
09/11/2024,04:00,,,,,,,,,19.2,10.4,27
09/11/2024,05:00,,,,,,,,,14.2,7.8,19
09/11/2024,06:00,,,,,,,,,15.3,8.1,18
09/11/2024,07:00,,,,,,,,,20.3,10.6,25
09/11/2024,08:00,,,,,,,,,23.7,11.8,31
09/11/2024,09:00,,,,,,,,,21.4,11.3,31
09/11/2024,10:00,,,,,,,,,18.9,9.9,27
09/11/2024,11:00,,,,,,,,,21.8,9.5,23
09/11/2024,12:00,,,,,,,,,21.7,10.4,27
09/11/2024,13:00,,,,,,,,,23.7,11.7,29
09/11/2024,14:00,,,,,,,,,25.1,11.8,28
09/11/2024,15:00,,,,,,,,,23.3,11.2,26
09/11/2024,16:00,,,,,,,,,24.3,11.4,25
09/11/2024,17:00,,,,,,,,,25.6,11.7,26
09/11/2024,18:00,,,,,,,,,24.0,11.5,25
09/11/2024,19:00,,,,,,,,,27.2,12.3,26
09/11/2024,20:00,,,,,,,,,26.8,12.1,25
09/11/2024,21:00,,,,,,,,,26.0,11.8,24
09/11/2024,22:00,,,,,,,,,24.0,11.6,23
09/11/2024,23:00,,,,,,,,,23.8,11.5,24
10/11/2024,00:00,,,,,,,,,22.1,10.9,23
10/11/2024,01:00,,,,,,,,,23.5,12.4,26
10/11/2024,02:00,,,,,,,,,24.8,11.5,25
10/11/2024,03:00,,,,,,,,,21.8,11.2,25
10/11/2024,04:00,,,,,,,,,21.1,11.1,26
10/11/2024,05:00,,,,,,,,,21.0,10.7,24
10/11/2024,06:00,,,,,,,,,20.4,10.2,23
10/11/2024,07:00,,,,,,,,,26.6,16.0,36
10/11/2024,08:00,,,,,,,,,26.8,16.8,43
10/11/2024,09:00,,,,,,,,,25.3,15.0,41
10/11/2024,10:00,,,,,,,,,27.1,14.8,44
10/11/2024,11:00,,,,,,,,,27.3,13.7,40
10/11/2024,12:00,,,,,,,,,23.6,14.2,41
10/11/2024,13:00,,,,,,,,,21.1,11.7,35
10/11/2024,14:00,,,,,,,,,18.4,8.6,25
10/11/2024,15:00,,,,,,,,,13.9,6.0,14
10/11/2024,16:00,,,,,,,,,17.2,7.0,12
10/11/2024,17:00,,,,,,,,,16.8,7.4,13
10/11/2024,18:00,,,,,,,,,16.6,7.4,14
10/11/2024,19:00,,,,,,,,,17.8,7.5,14
10/11/2024,20:00,,,,,,,,,11.2,4.9,9
10/11/2024,21:00,,,,,,,,,8.7,3.9,6
10/11/2024,22:00,,,,,,,,,13.5,5.5,7
10/11/2024,23:00,,,,,,,,,16.3,6.5,8
11/11/2024,00:00,,,,,,,,,15.4,6.2,8
11/11/2024,01:00,,,,,,,,,15.1,6.4,8
11/11/2024,02:00,,,,,,,,,16.4,6.4,9
11/11/2024,03:00,,,,,,,,,17.0,7.1,10
11/11/2024,04:00,,,,,,,,,14.9,6.7,11
11/11/2024,05:00,,,,,,,,,14.8,5.7,9
11/11/2024,06:00,,,,,,,,,14.6,6.1,11
11/11/2024,07:00,,,,,,,,,14.9,6.5,13
11/11/2024,08:00,,,,,,,,,13.6,6.4,13
11/11/2024,09:00,,,,,,,,,13.8,6.5,14
11/11/2024,10:00,,,,,,,,,14.2,7.0,14
11/11/2024,11:00,,,,,,,,,16.6,7.7,16
11/11/2024,12:00,,,,,,,,,23.8,8.2,17
11/11/2024,13:00,,,,,,,,,18.9,7.7,15
11/11/2024,14:00,,,,,,,,,17.6,7.5,15
11/11/2024,15:00,,,,,,,,,15.6,7.0,14
11/11/2024,16:00,,,,,,,,,18.2,7.6,14
11/11/2024,17:00,,,,,,,,,17.8,7.7,15
11/11/2024,18:00,,,,,,,,,17.4,7.8,15
11/11/2024,19:00,,,,,,,,,18.1,8.0,14
11/11/2024,20:00,,,,,,,,,18.2,7.9,14
11/11/2024,21:00,,,,,,,,,17.7,7.9,14
11/11/2024,22:00,,,,,,,,,17.6,7.9,15
11/11/2024,23:00,,,,,,,,,14.9,7.1,14
12/11/2024,00:00,,,,,,,,,15.3,7.2,13
12/11/2024,01:00,,,,,,,,,14.5,6.8,12
12/11/2024,02:00,,,,,,,,,12.1,6.0,13
12/11/2024,03:00,,,,,,,,,9.7,5.3,12
12/11/2024,04:00,,,,,,,,,12.3,6.0,14
12/11/2024,05:00,,,,,,,,,11.0,5.8,14
12/11/2024,06:00,,,,,,,,,11.6,5.8,14
12/11/2024,07:00,,,,,,,,,13.3,5.9,14
12/11/2024,08:00,,,,,,,,,13.8,6.2,16
12/11/2024,09:00,,,,,,,,,14.9,6.7,17
12/11/2024,10:00,,,,,,,,,15.4,6.9,19
12/11/2024,11:00,,,,,,,,,16.0,8.8,25
12/11/2024,12:00,,,,,,,,,17.0,10.0,30
12/11/2024,13:00,,,,,,,,,18.2,11.9,40
12/11/2024,14:00,,,,,,,,,18.8,12.8,45
12/11/2024,15:00,,,,,,,,,21.9,14.9,53
12/11/2024,16:00,,,,,,,,,22.2,14.4,53
12/11/2024,17:00,,,,,,,,,21.9,13.4,48
12/11/2024,18:00,,,,,,,,,20.4,13.2,45
12/11/2024,19:00,,,,,,,,,21.9,13.3,46
12/11/2024,20:00,,,,,,,,,15.4,7.2,24
12/11/2024,21:00,,,,,,,,,14.5,6.2,13
12/11/2024,22:00,,,,,,,,,11.5,5.1,11
12/11/2024,23:00,,,,,,,,,10.0,4.6,9
13/11/2024,00:00,,,,,,,,,9.2,4.5,8
13/11/2024,01:00,,,,,,,,,8.3,4.0,7
13/11/2024,02:00,,,,,,,,,9.3,4.2,7
13/11/2024,03:00,,,,,,,,,11.9,5.4,10
13/11/2024,04:00,,,,,,,,,12.6,5.3,11
13/11/2024,05:00,,,,,,,,,10.7,5.1,11
13/11/2024,06:00,,,,,,,,,10.8,5.0,10
13/11/2024,07:00,,,,,,,,,14.2,6.2,13
13/11/2024,08:00,,,,,,,,,16.8,8.6,20
13/11/2024,09:00,,,,,,,,,15.9,8.4,23
13/11/2024,10:00,,,,,,,,,17.3,9.1,23
13/11/2024,11:00,,,,,,,,,21.7,10.6,28
13/11/2024,12:00,,,,,,,,,26.2,11.8,33
13/11/2024,13:00,,,,,,,,,22.4,12.2,36
13/11/2024,14:00,,,,,,,,,23.4,10.9,33
13/11/2024,15:00,,,,,,,,,20.8,9.9,25
13/11/2024,16:00,,,,,,,,,21.9,10.0,24
13/11/2024,17:00,,,,,,,,,21.7,9.8,21
13/11/2024,18:00,,,,,,,,,14.3,6.2,14
13/11/2024,19:00,,,,,,,,,12.1,5.9,13
13/11/2024,20:00,,,,,,,,,13.2,6.7,16
13/11/2024,21:00,,,,,,,,,10.7,5.3,12
13/11/2024,22:00,,,,,,,,,11.8,5.6,13
13/11/2024,23:00,,,,,,,,,10.9,4.9,11
14/11/2024,00:00,,,,,,,,,10.8,4.7,10
14/11/2024,01:00,,,,,,,,,13.6,5.3,9
14/11/2024,02:00,,,,,,,,,15.1,6.4,12
14/11/2024,03:00,,,,,,,,,12.8,5.2,10
14/11/2024,04:00,,,,,,,,,14.6,6.0,11
14/11/2024,05:00,,,,,,,,,14.6,6.4,13
14/11/2024,06:00,,,,,,,,,16.4,6.3,13
14/11/2024,07:00,,,,,,,,,13.7,6.1,13
14/11/2024,08:00,,,,,,,,,15.1,6.9,15
14/11/2024,09:00,,,,,,,,,15.5,6.6,16
14/11/2024,10:00,,,,,,,,,15.5,6.9,16
14/11/2024,11:00,,,,,,,,,12.5,5.7,15
14/11/2024,12:00,,,,,,,,,11.5,5.5,13
14/11/2024,13:00,,,,,,,,,11.8,5.8,13
14/11/2024,14:00,,,,,,,,,14.8,6.4,14
14/11/2024,15:00,,,,,,,,,14.0,5.7,15
14/11/2024,16:00,,,,,,,,,10.9,4.9,12
14/11/2024,17:00,,,,,,,,,11.1,5.2,12
14/11/2024,18:00,,,,,,,,,11.4,5.5,12
14/11/2024,19:00,,,,,,,,,11.8,5.9,12
14/11/2024,20:00,,,,,,,,,14.8,6.8,14
14/11/2024,21:00,,,,,,,,,16.0,7.0,14
14/11/2024,22:00,,,,,,,,,15.5,6.6,13
14/11/2024,23:00,,,,,,,,,13.9,6.4,13
15/11/2024,00:00,,,,,,,,,13.6,6.3,12
15/11/2024,01:00,,,,,,,,,14.0,6.5,11
15/11/2024,02:00,,,,,,,,,17.6,7.4,15
15/11/2024,03:00,,,,,,,,,17.7,7.0,14
15/11/2024,04:00,,,,,,,,,18.9,7.5,16
15/11/2024,05:00,,,,,,,,,18.3,7.7,17
15/11/2024,06:00,,,,,,,,,16.8,8.0,18
15/11/2024,07:00,,,,,,,,,15.6,6.5,15
15/11/2024,08:00,,,,,,,,,14.8,6.1,12
15/11/2024,09:00,,,,,,,,,13.3,5.6,11
15/11/2024,10:00,,,,,,,,,11.7,4.6,11
15/11/2024,11:00,,,,,,,,,12.0,4.7,11
15/11/2024,12:00,,,,,,,,,11.3,4.5,11
15/11/2024,13:00,,,,,,,,,12.9,4.6,11
15/11/2024,14:00,,,,,,,,,13.1,4.1,10
15/11/2024,15:00,,,,,,,,,10.8,3.8,9
15/11/2024,16:00,,,,,,,,,11.2,3.9,9
15/11/2024,17:00,,,,,,,,,12.0,4.3,9
15/11/2024,18:00,,,,,,,,,13.2,4.4,9
15/11/2024,19:00,,,,,,,,,13.3,4.8,10
15/11/2024,20:00,,,,,,,,,14.2,4.8,10
15/11/2024,21:00,,,,,,,,,13.9,4.9,10
15/11/2024,22:00,,,,,,,,,14.7,5.1,10
15/11/2024,23:00,,,,,,,,,13.3,4.8,10
16/11/2024,00:00,,,,,,,,,13.8,5.1,11
16/11/2024,01:00,,,,,,,,,14.6,5.2,10
16/11/2024,02:00,,,,,,,,,15.1,5.3,11
16/11/2024,03:00,,,,,,,,,14.0,5.5,12
16/11/2024,04:00,,,,,,,,,14.3,5.6,12
16/11/2024,05:00,,,,,,,,,14.0,5.5,11
16/11/2024,06:00,,,,,,,,,16.3,5.7,11
16/11/2024,07:00,,,,,,,,,17.1,5.8,11
16/11/2024,08:00,,,,,,,,,15.9,5.6,11
16/11/2024,09:00,,,,,,,,,14.8,5.4,11
16/11/2024,10:00,,,,,,,,,13.2,5.1,11
16/11/2024,11:00,,,,,,,,,10.1,3.6,8
16/11/2024,12:00,,,,,,,,,7.0,3.1,7
16/11/2024,13:00,,,,,,,,,7.0,3.4,8
16/11/2024,14:00,,,,,,,,,4.9,2.6,7
16/11/2024,15:00,,,,,,,,,5.4,2.7,6
16/11/2024,16:00,,,,,,,,,3.0,1.4,5
16/11/2024,17:00,,,,,,,,,3.7,1.5,3
16/11/2024,18:00,,,,,,,,,4.1,1.9,4
16/11/2024,19:00,,,,,,,,,7.3,3.4,7
16/11/2024,20:00,,,,,,,,,11.3,4.4,11
16/11/2024,21:00,,,,,,,,,14.2,5.0,11
16/11/2024,22:00,,,,,,,,,14.6,5.2,10
16/11/2024,23:00,,,,,,,,,14.2,5.0,10
17/11/2024,00:00,,,,,,,,,15.4,5.2,10
17/11/2024,01:00,,,,,,,,,17.0,5.5,8
17/11/2024,02:00,,,,,,,,,15.1,5.4,9
17/11/2024,03:00,,,,,,,,,14.3,5.1,10
17/11/2024,04:00,,,,,,,,,15.2,5.2,10
17/11/2024,05:00,,,,,,,,,16.2,6.0,13
17/11/2024,06:00,,,,,,,,,17.0,6.0,13
17/11/2024,07:00,,,,,,,,,18.2,5.7,12
17/11/2024,08:00,,,,,,,,,20.0,6.0,11
17/11/2024,09:00,,,,,,,,,17.2,5.8,11
17/11/2024,10:00,,,,,,,,,15.4,5.3,10
17/11/2024,11:00,,,,,,,,,14.0,5.2,10
17/11/2024,12:00,,,,,,,,,15.6,5.3,10
17/11/2024,13:00,,,,,,,,,15.0,5.1,10
17/11/2024,14:00,,,,,,,,,14.4,5.1,10
17/11/2024,15:00,,,,,,,,,14.4,5.0,10
17/11/2024,16:00,,,,,,,,,15.4,5.1,10
17/11/2024,17:00,,,,,,,,,15.1,5.2,11
17/11/2024,18:00,,,,,,,,,14.7,5.3,11
17/11/2024,19:00,,,,,,,,,14.8,5.1,11
17/11/2024,20:00,,,,,,,,,14.5,4.9,10
17/11/2024,21:00,,,,,,,,,13.4,4.5,9
17/11/2024,22:00,,,,,,,,,13.1,4.2,8
17/11/2024,23:00,,,,,,,,,12.0,4.0,7
18/11/2024,00:00,,,,,,,,,12.7,4.4,8
18/11/2024,01:00,,,,,,,,,14.0,4.8,8
18/11/2024,02:00,,,,,,,,,14.5,4.7,9
18/11/2024,03:00,,,,,,,,,13.4,4.4,8
18/11/2024,04:00,,,,,,,,,13.9,4.2,8
18/11/2024,05:00,,,,,,,,,13.2,4.4,8
18/11/2024,06:00,,,,,,,,,13.4,4.4,9
18/11/2024,07:00,,,,,,,,,13.6,4.5,9
18/11/2024,08:00,,,,,,,,,15.2,4.7,9
18/11/2024,09:00,,,,,,,,,15.8,4.9,9
18/11/2024,10:00,,,,,,,,,14.9,5.3,10
18/11/2024,11:00,,,,,,,,,17.1,5.0,10
18/11/2024,12:00,,,,,,,,,17.7,4.9,9
18/11/2024,13:00,,,,,,,,,16.4,4.9,9
18/11/2024,14:00,,,,,,,,,15.2,4.8,9
18/11/2024,15:00,,,,,,,,,17.2,4.6,8
18/11/2024,16:00,,,,,,,,,16.0,4.7,8
18/11/2024,17:00,,,,,,,,,13.6,4.4,7
18/11/2024,18:00,,,,,,,,,13.7,4.4,7
18/11/2024,19:00,,,,,,,,,13.9,4.7,8
18/11/2024,20:00,,,,,,,,,15.0,4.4,8
18/11/2024,21:00,,,,,,,,,14.9,4.5,7
18/11/2024,22:00,,,,,,,,,15.8,4.4,7
18/11/2024,23:00,,,,,,,,,13.0,4.2,8
19/11/2024,00:00,,,,,,,,,8.3,3.5,8
19/11/2024,01:00,,,,,,,,,1.9,1.0,2
19/11/2024,02:00,,,,,,,,,4.0,1.9,3
19/11/2024,03:00,,,,,,,,,5.0,2.6,5
19/11/2024,04:00,,,,,,,,,5.1,2.4,5
19/11/2024,05:00,,,,,,,,,5.8,2.5,5
19/11/2024,06:00,,,,,,,,,7.6,3.2,6
19/11/2024,07:00,,,,,,,,,9.8,3.6,7
19/11/2024,08:00,,,,,,,,,12.9,4.7,11
19/11/2024,09:00,,,,,,,,,12.1,5.0,12
19/11/2024,10:00,,,,,,,,,11.5,4.8,14
19/11/2024,11:00,,,,,,,,,8.0,3.7,10
19/11/2024,12:00,,,,,,,,,7.7,3.4,8
19/11/2024,13:00,,,,,,,,,11.6,3.8,8
19/11/2024,14:00,,,,,,,,,9.5,3.4,8
19/11/2024,15:00,,,,,,,,,9.2,3.4,7
19/11/2024,16:00,,,,,,,,,11.2,4.4,10
19/11/2024,17:00,,,,,,,,,12.8,5.1,12
19/11/2024,18:00,,,,,,,,,13.4,5.1,12
19/11/2024,19:00,,,,,,,,,11.6,4.9,11
19/11/2024,20:00,,,,,,,,,10.4,4.3,10
19/11/2024,21:00,,,,,,,,,8.8,3.7,8
19/11/2024,22:00,,,,,,,,,8.1,3.4,7
19/11/2024,23:00,,,,,,,,,8.7,3.7,7
20/11/2024,00:00,,,,,,,,,8.7,3.7,8
20/11/2024,01:00,,,,,,,,,10.3,3.9,7
20/11/2024,02:00,,,,,,,,,11.2,4.2,8
20/11/2024,03:00,,,,,,,,,13.6,4.5,9
20/11/2024,04:00,,,,,,,,,13.8,4.8,10
20/11/2024,05:00,,,,,,,,,15.0,5.1,10
20/11/2024,06:00,,,,,,,,,16.2,5.8,12
20/11/2024,07:00,,,,,,,,,16.3,6.2,14
20/11/2024,08:00,,,,,,,,,17.3,6.0,13
20/11/2024,09:00,,,,,,,,,18.0,6.5,13
20/11/2024,10:00,,,,,,,,,21.5,7.5,15
20/11/2024,11:00,,,,,,,,,21.6,7.4,14
20/11/2024,12:00,,,,,,,,,18.6,7.0,14
20/11/2024,13:00,,,,,,,,,16.0,6.3,14
20/11/2024,14:00,,,,,,,,,14.4,5.9,14
20/11/2024,15:00,,,,,,,,,12.7,5.1,12
20/11/2024,16:00,,,,,,,,,12.8,5.3,12
20/11/2024,17:00,,,,,,,,,15.1,5.6,12
20/11/2024,18:00,,,,,,,,,17.3,6.6,13
20/11/2024,19:00,,,,,,,,,17.5,6.1,14
20/11/2024,20:00,,,,,,,,,14.3,5.5,12
20/11/2024,21:00,,,,,,,,,13.7,5.1,12
20/11/2024,22:00,,,,,,,,,13.1,4.9,11
20/11/2024,23:00,,,,,,,,,12.1,4.5,9
21/11/2024,00:00,,,,,,,,,13.3,4.6,9
21/11/2024,01:00,,,,,,,,,13.7,4.6,8
21/11/2024,02:00,,,,,,,,,14.0,4.2,8
21/11/2024,03:00,,,,,,,,,13.2,4.2,8
21/11/2024,04:00,,,,,,,,,14.8,4.6,8
21/11/2024,05:00,,,,,,,,,14.3,4.8,9
21/11/2024,06:00,,,,,,,,,16.9,4.8,9
21/11/2024,07:00,,,,,,,,,16.7,5.0,9
21/11/2024,08:00,,,,,,,,,18.7,5.6,9
21/11/2024,09:00,,,,,,,,,18.4,5.4,8
21/11/2024,10:00,,,,,,,,,19.0,5.7,8
21/11/2024,11:00,,,,,,,,,18.2,5.8,8
21/11/2024,12:00,,,,,,,,,17.8,5.7,8
21/11/2024,13:00,,,,,,,,,18.8,5.6,9
21/11/2024,14:00,,,,,,,,,18.8,6.2,9
21/11/2024,15:00,,,,,,,,,18.5,5.6,9
21/11/2024,16:00,,,,,,,,,16.8,5.8,9
21/11/2024,17:00,,,,,,,,,17.2,6.2,10
21/11/2024,18:00,,,,,,,,,18.2,6.4,11
21/11/2024,19:00,,,,,,,,,18.0,7.4,12
21/11/2024,20:00,,,,,,,,,18.8,6.4,11
21/11/2024,21:00,,,,,,,,,13.8,5.0,9
21/11/2024,22:00,,,,,,,,,8.3,3.0,6
21/11/2024,23:00,,,,,,,,,9.8,3.4,6
22/11/2024,00:00,,,,,,,,,7.2,2.3,5
22/11/2024,01:00,,,,,,,,,7.7,2.8,3
22/11/2024,02:00,,,,,,,,,8.1,3.0,5
22/11/2024,03:00,,,,,,,,,6.9,2.6,4
22/11/2024,04:00,,,,,,,,,8.4,2.4,4
22/11/2024,05:00,,,,,,,,,6.8,2.3,4
22/11/2024,06:00,,,,,,,,,7.2,2.3,4
22/11/2024,07:00,,,,,,,,,6.7,2.7,6
22/11/2024,08:00,,,,,,,,,7.4,2.8,6
22/11/2024,09:00,,,,,,,,,9.2,3.5,7
22/11/2024,10:00,,,,,,,,,14.6,5.4,11
22/11/2024,11:00,,,,,,,,,16.0,5.7,11
22/11/2024,12:00,,,,,,,,,14.5,5.5,11
22/11/2024,13:00,,,,,,,,,10.2,3.8,8
22/11/2024,14:00,,,,,,,,,14.0,5.1,8
22/11/2024,15:00,,,,,,,,,16.4,5.3,10
22/11/2024,16:00,,,,,,,,,11.9,4.3,8
22/11/2024,17:00,,,,,,,,,9.5,3.8,8
22/11/2024,18:00,,,,,,,,,12.3,4.2,9
22/11/2024,19:00,,,,,,,,,11.8,4.7,10
22/11/2024,20:00,,,,,,,,,12.6,4.8,12
22/11/2024,21:00,,,,,,,,,10.7,3.8,9
22/11/2024,22:00,,,,,,,,,9.9,3.3,7
22/11/2024,23:00,,,,,,,,,11.5,3.6,7
23/11/2024,00:00,,,,,,,,,10.3,3.3,6
23/11/2024,01:00,,,,,,,,,9.7,3.1,4
23/11/2024,02:00,,,,,,,,,11.0,3.4,5
23/11/2024,03:00,,,,,,,,,9.4,3.1,5
23/11/2024,04:00,,,,,,,,,10.2,3.2,5
23/11/2024,05:00,,,,,,,,,12.4,3.7,6
23/11/2024,06:00,,,,,,,,,12.5,3.6,6
23/11/2024,07:00,,,,,,,,,10.6,3.4,5
23/11/2024,08:00,,,,,,,,,10.9,3.2,5
23/11/2024,09:00,,,,,,,,,9.8,3.1,5
23/11/2024,10:00,,,,,,,,,10.9,3.3,5
23/11/2024,11:00,,,,,,,,,9.3,3.2,5
23/11/2024,12:00,,,,,,,,,12.8,3.7,5
23/11/2024,13:00,,,,,,,,,11.1,3.5,5
23/11/2024,14:00,,,,,,,,,11.7,3.7,5
23/11/2024,15:00,,,,,,,,,12.1,3.6,5
23/11/2024,16:00,,,,,,,,,11.5,3.5,4
23/11/2024,17:00,,,,,,,,,11.6,3.5,4
23/11/2024,18:00,,,,,,,,,11.9,3.7,5
23/11/2024,19:00,,,,,,,,,14.2,4.3,6
23/11/2024,20:00,,,,,,,,,14.6,4.8,8
23/11/2024,21:00,,,,,,,,,14.3,5.2,10
23/11/2024,22:00,,,,,,,,,14.2,4.9,9
23/11/2024,23:00,,,,,,,,,16.2,5.6,11
24/11/2024,00:00,,,,,,,,,13.6,4.5,9
24/11/2024,01:00,,,,,,,,,14.9,5.1,9
24/11/2024,02:00,,,,,,,,,15.8,5.9,12
24/11/2024,03:00,,,,,,,,,15.0,6.0,13
24/11/2024,04:00,,,,,,,,,15.5,5.8,12
24/11/2024,05:00,,,,,,,,,12.8,4.8,10
24/11/2024,06:00,,,,,,,,,14.6,5.3,9
24/11/2024,07:00,,,,,,,,,14.2,4.6,8
24/11/2024,08:00,,,,,,,,,15.8,4.6,8
24/11/2024,09:00,,,,,,,,,13.3,4.3,7
24/11/2024,10:00,,,,,,,,,13.6,4.4,7
24/11/2024,11:00,,,,,,,,,13.9,4.4,7
24/11/2024,12:00,,,,,,,,,14.0,4.4,7
24/11/2024,13:00,,,,,,,,,13.5,4.4,7
24/11/2024,14:00,,,,,,,,,14.4,4.3,6
24/11/2024,15:00,,,,,,,,,14.9,4.4,7
24/11/2024,16:00,,,,,,,,,15.6,4.4,7
24/11/2024,17:00,,,,,,,,,16.7,4.8,7
24/11/2024,18:00,,,,,,,,,15.8,4.8,7
24/11/2024,19:00,,,,,,,,,17.1,5.1,8
24/11/2024,20:00,,,,,,,,,14.8,4.9,11
24/11/2024,21:00,,,,,,,,,15.5,4.8,8
24/11/2024,22:00,,,,,,,,,14.7,4.9,8
24/11/2024,23:00,,,,,,,,,15.3,4.8,8
25/11/2024,00:00,,,,,,,,,16.0,5.0,8
25/11/2024,01:00,,,,,,,,,15.7,4.9,7
25/11/2024,02:00,,,,,,,,,16.5,5.7,10
25/11/2024,03:00,,,,,,,,,17.2,6.3,12
25/11/2024,04:00,,,,,,,,,16.2,6.3,13
25/11/2024,05:00,,,,,,,,,17.4,6.6,13
25/11/2024,06:00,,,,,,,,,18.9,6.6,13
25/11/2024,07:00,,,,,,,,,19.7,6.0,13
25/11/2024,08:00,,,,,,,,,16.3,4.6,8
25/11/2024,09:00,,,,,,,,,15.6,4.2,6
25/11/2024,10:00,,,,,,,,,20.1,4.8,7
25/11/2024,11:00,,,,,,,,,19.2,4.6,7
25/11/2024,12:00,,,,,,,,,14.3,4.2,6
25/11/2024,13:00,,,,,,,,,16.5,4.4,6
25/11/2024,14:00,,,,,,,,,16.7,4.4,7
25/11/2024,15:00,,,,,,,,,19.2,4.2,6
25/11/2024,16:00,,,,,,,,,15.7,4.1,6
25/11/2024,17:00,,,,,,,,,17.5,4.3,6
25/11/2024,18:00,,,,,,,,,17.3,4.9,7
25/11/2024,19:00,,,,,,,,,19.1,5.5,8
25/11/2024,20:00,,,,,,,,,21.1,5.9,8
25/11/2024,21:00,,,,,,,,,19.3,6.2,9
25/11/2024,22:00,,,,,,,,,19.6,6.3,10
25/11/2024,23:00,,,,,,,,,19.6,6.5,10
26/11/2024,00:00,,,,,,,,,18.4,6.4,11
26/11/2024,01:00,,,,,,,,,18.6,6.3,8
26/11/2024,02:00,,,,,,,,,16.7,6.1,11
26/11/2024,03:00,,,,,,,,,18.0,6.8,12
26/11/2024,04:00,,,,,,,,,19.1,7.0,13
26/11/2024,05:00,,,,,,,,,18.4,7.3,14
26/11/2024,06:00,,,,,,,,,21.5,7.5,15
26/11/2024,07:00,,,,,,,,,21.4,6.6,13
26/11/2024,08:00,,,,,,,,,23.0,6.5,11
26/11/2024,09:00,,,,,,,,,21.7,5.3,9
26/11/2024,10:00,,,,,,,,,24.7,6.5,10
26/11/2024,11:00,,,,,,,,,27.3,6.3,10
26/11/2024,12:00,,,,,,,,,23.5,6.0,10
26/11/2024,13:00,,,,,,,,,20.0,5.7,9
26/11/2024,14:00,,,,,,,,,17.4,5.3,8
26/11/2024,15:00,,,,,,,,,17.3,5.5,8
26/11/2024,16:00,,,,,,,,,17.8,5.3,9
26/11/2024,17:00,,,,,,,,,19.6,5.8,9
26/11/2024,18:00,,,,,,,,,18.1,5.6,9
26/11/2024,19:00,,,,,,,,,20.2,6.2,10
26/11/2024,20:00,,,,,,,,,16.9,6.1,10
26/11/2024,21:00,,,,,,,,,16.3,5.7,10
26/11/2024,22:00,,,,,,,,,15.0,5.3,9
26/11/2024,23:00,,,,,,,,,15.1,5.1,8
27/11/2024,00:00,,,,,,,,,14.6,5.2,8
27/11/2024,01:00,,,,,,,,,15.1,5.6,8
27/11/2024,02:00,,,,,,,,,14.1,5.4,9
27/11/2024,03:00,,,,,,,,,14.5,6.2,12
27/11/2024,04:00,,,,,,,,,15.1,6.3,14
27/11/2024,05:00,,,,,,,,,16.2,6.4,15
27/11/2024,06:00,,,,,,,,,14.7,7.0,18
27/11/2024,07:00,,,,,,,,,15.2,6.7,17
27/11/2024,08:00,,,,,,,,,12.7,5.4,15
27/11/2024,09:00,,,,,,,,,10.8,3.8,8
27/11/2024,10:00,,,,,,,,,11.8,4.1,8
27/11/2024,11:00,,,,,,,,,12.6,4.3,8
27/11/2024,12:00,,,,,,,,,12.1,4.2,8
27/11/2024,13:00,,,,,,,,,14.1,4.7,9
27/11/2024,14:00,,,,,,,,,15.1,5.0,9
27/11/2024,15:00,,,,,,,,,15.1,4.8,9
27/11/2024,16:00,,,,,,,,,15.7,5.1,9
27/11/2024,17:00,,,,,,,,,15.9,5.6,10
27/11/2024,18:00,,,,,,,,,14.0,5.5,11
27/11/2024,19:00,,,,,,,,,17.9,6.7,12
27/11/2024,20:00,,,,,,,,,17.8,6.6,13
27/11/2024,21:00,,,,,,,,,13.9,5.2,10
27/11/2024,22:00,,,,,,,,,11.0,4.0,7
27/11/2024,23:00,,,,,,,,,12.3,4.5,7
28/11/2024,00:00,,,,,,,,,13.6,5.0,8
28/11/2024,01:00,,,,,,,,,13.2,4.9,7
28/11/2024,02:00,,,,,,,,,13.6,5.1,8
28/11/2024,03:00,,,,,,,,,14.3,5.1,9
28/11/2024,04:00,,,,,,,,,13.6,5.4,9
28/11/2024,05:00,,,,,,,,,16.4,6.0,10
28/11/2024,06:00,,,,,,,,,17.4,6.2,11
28/11/2024,07:00,,,,,,,,,16.4,6.0,12
28/11/2024,08:00,,,,,,,,,15.0,5.5,11
28/11/2024,09:00,,,,,,,,,9.6,3.4,8
28/11/2024,10:00,,,,,,,,,13.7,5.0,9
28/11/2024,11:00,,,,,,,,,16.8,5.6,11
28/11/2024,12:00,,,,,,,,,14.6,5.0,10
28/11/2024,13:00,,,,,,,,,12.5,4.4,9
28/11/2024,14:00,,,,,,,,,11.7,3.7,8
28/11/2024,15:00,,,,,,,,,17.5,4.7,8
28/11/2024,16:00,,,,,,,,,24.1,5.8,10
28/11/2024,17:00,,,,,,,,,20.2,5.5,10
28/11/2024,18:00,,,,,,,,,16.6,5.2,10
28/11/2024,19:00,,,,,,,,,18.5,5.4,10
28/11/2024,20:00,,,,,,,,,15.5,5.4,9
28/11/2024,21:00,,,,,,,,,15.7,5.5,10
28/11/2024,22:00,,,,,,,,,15.0,4.9,9
28/11/2024,23:00,,,,,,,,,13.9,4.1,8
29/11/2024,00:00,,,,,,,,,11.7,4.0,7
29/11/2024,01:00,,,,,,,,,10.5,4.0,6
29/11/2024,02:00,,,,,,,,,10.5,3.7,6
29/11/2024,03:00,,,,,,,,,6.8,2.9,5
29/11/2024,04:00,,,,,,,,,4.7,2.3,4
29/11/2024,05:00,,,,,,,,,9.7,3.7,6
29/11/2024,06:00,,,,,,,,,11.6,4.2,8
29/11/2024,07:00,,,,,,,,,9.1,3.3,6
29/11/2024,08:00,,,,,,,,,11.1,3.7,6
29/11/2024,09:00,,,,,,,,,13.2,4.2,8
29/11/2024,10:00,,,,,,,,,14.6,4.4,8
29/11/2024,11:00,,,,,,,,,14.1,4.8,9
29/11/2024,12:00,,,,,,,,,13.8,4.4,9
29/11/2024,13:00,,,,,,,,,15.1,4.8,9
29/11/2024,14:00,,,,,,,,,14.3,4.8,9
29/11/2024,15:00,,,,,,,,,13.8,5.0,11
29/11/2024,16:00,,,,,,,,,15.3,5.3,11
29/11/2024,17:00,,,,,,,,,14.0,5.3,11
29/11/2024,18:00,,,,,,,,,14.5,5.5,11
29/11/2024,19:00,,,,,,,,,15.6,5.9,11
29/11/2024,20:00,,,,,,,,,15.3,5.9,12
29/11/2024,21:00,,,,,,,,,15.6,5.8,11
29/11/2024,22:00,,,,,,,,,11.0,4.1,9
29/11/2024,23:00,,,,,,,,,9.6,3.4,6
30/11/2024,00:00,,,,,,,,,6.8,2.7,4
30/11/2024,01:00,,,,,,,,,8.4,3.0,4
30/11/2024,02:00,,,,,,,,,9.4,3.5,5
30/11/2024,03:00,,,,,,,,,8.8,3.3,6
30/11/2024,04:00,,,,,,,,,9.2,3.2,5
30/11/2024,05:00,,,,,,,,,10.3,3.5,5
30/11/2024,06:00,,,,,,,,,9.0,3.2,5
30/11/2024,07:00,,,,,,,,,14.1,5.1,8
30/11/2024,08:00,,,,,,,,,11.5,4.1,8
30/11/2024,09:00,,,,,,,,,13.6,4.9,8
30/11/2024,10:00,,,,,,,,,15.9,5.9,11
30/11/2024,11:00,,,,,,,,,14.8,5.2,10
30/11/2024,12:00,,,,,,,,,17.8,6.2,11
30/11/2024,13:00,,,,,,,,,22.8,8.1,14
30/11/2024,14:00,,,,,,,,,19.9,6.9,12
30/11/2024,15:00,,,,,,,,,20.1,7.1,12
30/11/2024,16:00,,,,,,,,,19.4,6.9,11
30/11/2024,17:00,,,,,,,,,21.6,8.0,13
30/11/2024,18:00,,,,,,,,,13.3,4.8,11
30/11/2024,19:00,,,,,,,,,15.0,5.6,10
30/11/2024,20:00,,,,,,,,,14.7,5.7,11
30/11/2024,21:00,,,,,,,,,11.2,4.5,10
30/11/2024,22:00,,,,,,,,,8.9,3.7,8
30/11/2024,23:00,,,,,,,,,9.8,3.8,8
01/12/2024,00:00,,,,,,,,,10.4,3.9,7
01/12/2024,01:00,,,,,,,,,10.4,4.0,5
01/12/2024,02:00,,,,,,,,,9.0,3.4,6
01/12/2024,03:00,,,,,,,,,11.0,3.8,7
01/12/2024,04:00,,,,,,,,,10.8,3.9,7
01/12/2024,05:00,,,,,,,,,10.2,3.8,7
01/12/2024,06:00,,,,,,,,,12.8,4.0,8
01/12/2024,07:00,,,,,,,,,10.2,3.6,8
01/12/2024,08:00,,,,,,,,,9.4,3.3,6
01/12/2024,09:00,,,,,,,,,9.2,3.5,7
01/12/2024,10:00,,,,,,,,,8.3,3.4,8
01/12/2024,11:00,,,,,,,,,8.0,3.4,8
01/12/2024,12:00,,,,,,,,,10.7,3.9,9
01/12/2024,13:00,,,,,,,,,7.6,3.2,6
01/12/2024,14:00,,,,,,,,,8.1,3.4,7
01/12/2024,15:00,,,,,,,,,12.6,4.6,9
01/12/2024,16:00,,,,,,,,,14.0,4.9,10
01/12/2024,17:00,,,,,,,,,13.6,5.0,10
01/12/2024,18:00,,,,,,,,,12.4,4.9,10
01/12/2024,19:00,,,,,,,,,11.4,4.4,9
01/12/2024,20:00,,,,,,,,,10.6,4.0,8
01/12/2024,21:00,,,,,,,,,13.2,4.5,8
01/12/2024,22:00,,,,,,,,,13.6,4.6,8
01/12/2024,23:00,,,,,,,,,12.8,4.5,7
02/12/2024,00:00,,,,,,,,,15.1,4.7,7
02/12/2024,01:00,,,,,,,,,15.4,5.3,8
02/12/2024,02:00,,,,,,,,,13.4,5.3,9
02/12/2024,03:00,,,,,,,,,12.3,4.7,9
02/12/2024,04:00,,,,,,,,,11.4,4.2,8
02/12/2024,05:00,,,,,,,,,11.8,3.9,8
02/12/2024,06:00,,,,,,,,,13.0,4.1,8
02/12/2024,07:00,,,,,,,,,13.5,4.7,12
02/12/2024,08:00,,,,,,,,,12.6,4.7,14
02/12/2024,09:00,,,,,,,,,11.1,4.2,12
02/12/2024,10:00,,,,,,,,,10.7,4.1,11
02/12/2024,11:00,,,,,,,,,11.5,4.1,10
02/12/2024,12:00,,,,,,,,,15.4,4.3,11
02/12/2024,13:00,,,,,,,,,11.8,4.2,13
02/12/2024,14:00,,,,,,,,,11.7,4.1,9
02/12/2024,15:00,,,,,,,,,12.9,4.2,8
02/12/2024,16:00,,,,,,,,,13.9,4.3,8
02/12/2024,17:00,,,,,,,,,12.4,4.4,8
02/12/2024,18:00,,,,,,,,,13.2,4.7,9
02/12/2024,19:00,,,,,,,,,14.5,5.3,9
02/12/2024,20:00,,,,,,,,,15.8,6.1,14
02/12/2024,21:00,,,,,,,,,15.2,5.1,9
02/12/2024,22:00,,,,,,,,,13.6,4.7,8
02/12/2024,23:00,,,,,,,,,12.8,4.5,8
03/12/2024,00:00,,,,,,,,,13.5,4.7,8
03/12/2024,01:00,,,,,,,,,12.3,4.4,7
03/12/2024,02:00,,,,,,,,,9.1,3.5,6
03/12/2024,03:00,,,,,,,,,11.0,3.9,7
03/12/2024,04:00,,,,,,,,,11.3,4.1,7
03/12/2024,05:00,,,,,,,,,11.1,4.0,7
03/12/2024,06:00,,,,,,,,,10.7,3.9,7
03/12/2024,07:00,,,,,,,,,13.3,4.2,7
03/12/2024,08:00,,,,,,,,,14.0,4.0,7
03/12/2024,09:00,,,,,,,,,10.7,3.8,7
03/12/2024,10:00,,,,,,,,,10.6,3.7,7
03/12/2024,11:00,,,,,,,,,14.4,4.0,7
03/12/2024,12:00,,,,,,,,,11.8,4.1,8
03/12/2024,13:00,,,,,,,,,13.2,4.3,8
03/12/2024,14:00,,,,,,,,,13.3,3.9,7
03/12/2024,15:00,,,,,,,,,10.7,3.6,6
03/12/2024,16:00,,,,,,,,,11.1,3.6,6
03/12/2024,17:00,,,,,,,,,10.0,3.7,6
03/12/2024,18:00,,,,,,,,,11.3,4.0,7
03/12/2024,19:00,,,,,,,,,11.1,4.3,8
03/12/2024,20:00,,,,,,,,,12.8,4.5,8
03/12/2024,21:00,,,,,,,,,12.2,4.3,7
03/12/2024,22:00,,,,,,,,,11.7,4.4,7
03/12/2024,23:00,,,,,,,,,11.9,4.4,7
04/12/2024,00:00,,,,,,,,,12.6,4.6,8
04/12/2024,01:00,,,,,,,,,14.1,5.1,8
04/12/2024,02:00,,,,,,,,,13.4,5.0,9
04/12/2024,03:00,,,,,,,,,15.8,5.4,9
04/12/2024,04:00,,,,,,,,,15.4,5.4,9
04/12/2024,05:00,,,,,,,,,15.8,5.2,10
04/12/2024,06:00,,,,,,,,,13.7,4.9,10
04/12/2024,07:00,,,,,,,,,11.4,4.4,10
04/12/2024,08:00,,,,,,,,,10.4,3.8,10
04/12/2024,09:00,,,,,,,,,10.9,3.7,9
04/12/2024,10:00,,,,,,,,,10.0,3.5,8
04/12/2024,11:00,,,,,,,,,9.0,3.3,7
04/12/2024,12:00,,,,,,,,,8.0,3.2,7
04/12/2024,13:00,,,,,,,,,7.7,3.0,6
04/12/2024,14:00,,,,,,,,,8.7,3.3,7
04/12/2024,15:00,,,,,,,,,13.7,4.9,10
04/12/2024,16:00,,,,,,,,,13.7,5.0,11
04/12/2024,17:00,,,,,,,,,10.5,4.1,10
04/12/2024,18:00,,,,,,,,,10.7,4.2,10
04/12/2024,19:00,,,,,,,,,9.0,3.8,9
04/12/2024,20:00,,,,,,,,,16.0,6.0,11
04/12/2024,21:00,,,,,,,,,18.1,6.9,13
04/12/2024,22:00,,,,,,,,,18.4,7.0,12
04/12/2024,23:00,,,,,,,,,16.7,6.6,12
05/12/2024,00:00,,,,,,,,,16.9,6.6,13
05/12/2024,01:00,,,,,,,,,14.1,5.5,10
05/12/2024,02:00,,,,,,,,,12.4,5.1,10
05/12/2024,03:00,,,,,,,,,14.4,5.4,10
05/12/2024,04:00,,,,,,,,,12.8,4.9,11
05/12/2024,05:00,,,,,,,,,12.7,5.2,11
05/12/2024,06:00,,,,,,,,,15.7,6.1,11
05/12/2024,07:00,,,,,,,,,21.3,7.2,13
05/12/2024,08:00,,,,,,,,,21.0,7.0,13
05/12/2024,09:00,,,,,,,,,23.8,7.2,14
05/12/2024,10:00,,,,,,,,,,,14
05/12/2024,11:00,,,,,,,,,,,
05/12/2024,12:00,,,,,,,,,22.0,6.3,
05/12/2024,13:00,,,,,,,,,20.4,6.3,
05/12/2024,14:00,,,,,,,,,21.2,6.2,
05/12/2024,15:00,,,,,,,,,22.0,6.0,17
05/12/2024,16:00,,,,,,,,,25.2,6.8,24
05/12/2024,17:00,,,,,,,,,26.0,7.0,25
05/12/2024,18:00,,,,,,,,,23.5,6.5,25
05/12/2024,19:00,,,,,,,,,27.5,6.6,26
05/12/2024,20:00,,,,,,,,,22.4,6.5,25
05/12/2024,21:00,,,,,,,,,17.1,6.1,24
05/12/2024,22:00,,,,,,,,,17.4,5.9,23
05/12/2024,23:00,,,,,,,,,16.7,5.8,23
06/12/2024,00:00,,,,,,,,,16.2,5.7,22
06/12/2024,01:00,,,,,,,,,16.0,5.7,17
06/12/2024,02:00,,,,,,,,,16.1,5.4,19
06/12/2024,03:00,,,,,,,,,14.5,5.1,20
06/12/2024,04:00,,,,,,,,,15.1,5.5,22
06/12/2024,05:00,,,,,,,,,18.3,6.7,27
06/12/2024,06:00,,,,,,,,,19.0,6.5,25
06/12/2024,07:00,,,,,,,,,15.6,5.0,18
06/12/2024,08:00,,,,,,,,,15.9,5.4,19
06/12/2024,09:00,,,,,,,,,21.7,5.6,19
06/12/2024,10:00,,,,,,,,,18.9,5.0,16
06/12/2024,11:00,,,,,,,,,16.6,4.5,14
06/12/2024,12:00,,,,,,,,,18.7,4.4,14
06/12/2024,13:00,,,,,,,,,22.0,4.7,15
06/12/2024,14:00,,,,,,,,,21.0,5.0,16
06/12/2024,15:00,,,,,,,,,21.1,4.5,15
06/12/2024,16:00,,,,,,,,,19.0,4.0,14
06/12/2024,17:00,,,,,,,,,12.1,3.7,13
06/12/2024,18:00,,,,,,,,,15.2,3.8,13
06/12/2024,19:00,,,,,,,,,14.8,4.1,14
06/12/2024,20:00,,,,,,,,,10.9,4.0,14
06/12/2024,21:00,,,,,,,,,10.5,3.8,13
06/12/2024,22:00,,,,,,,,,10.5,3.6,12
06/12/2024,23:00,,,,,,,,,9.5,3.2,11
07/12/2024,00:00,,,,,,,,,12.5,4.0,14
07/12/2024,01:00,,,,,,,,,12.1,4.1,12
07/12/2024,02:00,,,,,,,,,11.7,3.9,14
07/12/2024,03:00,,,,,,,,,11.4,3.9,14
07/12/2024,04:00,,,,,,,,,10.6,3.7,14
07/12/2024,05:00,,,,,,,,,10.6,3.6,13
07/12/2024,06:00,,,,,,,,,10.1,3.5,12
07/12/2024,07:00,,,,,,,,,10.3,3.4,11
07/12/2024,08:00,,,,,,,,,10.8,3.4,10
07/12/2024,09:00,,,,,,,,,10.6,3.6,10
07/12/2024,10:00,,,,,,,,,11.3,3.9,10
07/12/2024,11:00,,,,,,,,,11.7,3.9,11
07/12/2024,12:00,,,,,,,,,11.8,3.8,12
07/12/2024,13:00,,,,,,,,,11.8,3.9,11
07/12/2024,14:00,,,,,,,,,12.1,3.9,12
07/12/2024,15:00,,,,,,,,,11.6,3.9,12
07/12/2024,16:00,,,,,,,,,11.3,4.0,12
07/12/2024,17:00,,,,,,,,,12.5,4.2,13
07/12/2024,18:00,,,,,,,,,13.2,4.5,16
07/12/2024,19:00,,,,,,,,,14.1,4.8,17
07/12/2024,20:00,,,,,,,,,12.6,4.7,18
07/12/2024,21:00,,,,,,,,,14.4,4.9,18
07/12/2024,22:00,,,,,,,,,14.3,4.6,17
07/12/2024,23:00,,,,,,,,,14.5,4.6,17
08/12/2024,00:00,,,,,,,,,14.5,4.7,16
08/12/2024,01:00,,,,,,,,,14.4,4.8,15
08/12/2024,02:00,,,,,,,,,13.8,5.4,19
08/12/2024,03:00,,,,,,,,,15.4,5.8,21
08/12/2024,04:00,,,,,,,,,16.2,5.9,22
08/12/2024,05:00,,,,,,,,,15.0,5.8,21
08/12/2024,06:00,,,,,,,,,14.9,5.9,24
08/12/2024,07:00,,,,,,,,,13.2,5.7,21
08/12/2024,08:00,,,,,,,,,14.7,6.4,21
08/12/2024,09:00,,,,,,,,,14.3,6.8,23
08/12/2024,10:00,,,,,,,,,13.1,5.8,19
08/12/2024,11:00,,,,,,,,,14.1,6.3,21
08/12/2024,12:00,,,,,,,,,14.8,6.1,21
08/12/2024,13:00,,,,,,,,,14.2,6.1,21
08/12/2024,14:00,,,,,,,,,15.9,5.8,20
08/12/2024,15:00,,,,,,,,,17.4,5.8,21
08/12/2024,16:00,,,,,,,,,17.6,5.9,21
08/12/2024,17:00,,,,,,,,,17.8,6.3,24
08/12/2024,18:00,,,,,,,,,18.4,6.9,27
08/12/2024,19:00,,,,,,,,,20.1,7.4,29
08/12/2024,20:00,,,,,,,,,22.5,8.0,37
08/12/2024,21:00,,,,,,,,,21.5,7.7,31
08/12/2024,22:00,,,,,,,,,21.6,7.9,30
08/12/2024,23:00,,,,,,,,,12.8,5.2,21
09/12/2024,00:00,,,,,,,,,11.2,4.2,17
09/12/2024,01:00,,,,,,,,,13.2,4.3,15
09/12/2024,02:00,,,,,,,,,16.8,5.4,22
09/12/2024,03:00,,,,,,,,,15.8,5.5,21
09/12/2024,04:00,,,,,,,,,17.9,6.5,27
09/12/2024,05:00,,,,,,,,,17.2,6.6,31
09/12/2024,06:00,,,,,,,,,16.4,7.4,37
09/12/2024,07:00,,,,,,,,,20.8,8.4,41
09/12/2024,08:00,,,,,,,,,21.5,8.8,40
09/12/2024,09:00,,,,,,,,,21.6,8.8,40
09/12/2024,10:00,,,,,,,,,21.3,9.1,40
09/12/2024,11:00,,,,,,,,,21.4,9.2,41
09/12/2024,12:00,,,,,,,,,25.5,9.9,43
09/12/2024,13:00,,,,,,,,,22.8,9.5,40
09/12/2024,14:00,,,,,,,,,22.3,9.6,40
09/12/2024,15:00,,,,,,,,,22.1,9.5,40
09/12/2024,16:00,,,,,,,,,21.5,9.0,37
09/12/2024,17:00,,,,,,,,,18.6,7.3,32
09/12/2024,18:00,,,,,,,,,18.6,6.7,28
09/12/2024,19:00,,,,,,,,,13.8,5.2,21
09/12/2024,20:00,,,,,,,,,12.1,4.5,17
09/12/2024,21:00,,,,,,,,,11.6,4.2,15
09/12/2024,22:00,,,,,,,,,12.5,4.3,16
09/12/2024,23:00,,,,,,,,,11.3,4.2,16
10/12/2024,00:00,,,,,,,,,11.1,4.0,15
10/12/2024,01:00,,,,,,,,,11.8,4.0,13
10/12/2024,02:00,,,,,,,,,10.7,4.0,15
10/12/2024,03:00,,,,,,,,,9.5,3.9,14
10/12/2024,04:00,,,,,,,,,10.4,4.1,15
10/12/2024,05:00,,,,,,,,,11.4,4.7,18
10/12/2024,06:00,,,,,,,,,14.5,5.3,20
10/12/2024,07:00,,,,,,,,,14.6,5.4,21
10/12/2024,08:00,,,,,,,,,15.9,5.6,22
10/12/2024,09:00,,,,,,,,,17.0,6.0,25
10/12/2024,10:00,,,,,,,,,16.7,7.0,31
10/12/2024,11:00,,,,,,,,,14.8,6.3,25
10/12/2024,12:00,,,,,,,,,15.8,5.7,20
10/12/2024,13:00,,,,,,,,,12.1,4.4,15
10/12/2024,14:00,,,,,,,,,13.9,4.8,17
10/12/2024,15:00,,,,,,,,,11.9,5.3,26
10/12/2024,16:00,,,,,,,,,7.7,3.8,15
10/12/2024,17:00,,,,,,,,,7.2,3.6,14
10/12/2024,18:00,,,,,,,,,8.6,4.0,16
10/12/2024,19:00,,,,,,,,,8.2,3.8,15
10/12/2024,20:00,,,,,,,,,8.7,4.2,17
10/12/2024,21:00,,,,,,,,,8.5,3.8,15
10/12/2024,22:00,,,,,,,,,7.7,3.5,13
10/12/2024,23:00,,,,,,,,,8.9,4.1,21
11/12/2024,00:00,,,,,,,,,8.0,3.5,14
11/12/2024,01:00,,,,,,,,,8.2,3.4,13
11/12/2024,02:00,,,,,,,,,8.0,3.4,12
11/12/2024,03:00,,,,,,,,,7.9,3.0,10
11/12/2024,04:00,,,,,,,,,7.0,2.6,8
11/12/2024,05:00,,,,,,,,,7.6,2.5,7
11/12/2024,06:00,,,,,,,,,7.5,2.8,9
11/12/2024,07:00,,,,,,,,,5.3,2.2,8
11/12/2024,08:00,,,,,,,,,7.9,3.2,14
11/12/2024,09:00,,,,,,,,,9.7,4.1,18
11/12/2024,10:00,,,,,,,,,12.4,5.4,25
11/12/2024,11:00,,,,,,,,,13.9,6.0,27
11/12/2024,12:00,,,,,,,,,16.4,6.5,27
11/12/2024,13:00,,,,,,,,,18.4,7.1,28
11/12/2024,14:00,,,,,,,,,19.6,7.5,30
11/12/2024,15:00,,,,,,,,,22.1,8.3,34
11/12/2024,16:00,,,,,,,,,24.2,8.1,33
11/12/2024,17:00,,,,,,,,,24.3,8.5,33
11/12/2024,18:00,,,,,,,,,25.7,9.0,36
11/12/2024,19:00,,,,,,,,,26.9,9.6,37
11/12/2024,20:00,,,,,,,,,24.7,9.0,36
11/12/2024,21:00,,,,,,,,,26.2,9.1,37
11/12/2024,22:00,,,,,,,,,27.4,9.3,39
11/12/2024,23:00,,,,,,,,,27.7,9.4,38
12/12/2024,00:00,,,,,,,,,25.8,9.0,37
12/12/2024,01:00,,,,,,,,,26.7,9.2,33
12/12/2024,02:00,,,,,,,,,24.5,9.0,38
12/12/2024,03:00,,,,,,,,,24.6,9.0,39
12/12/2024,04:00,,,,,,,,,22.7,8.7,39
12/12/2024,05:00,,,,,,,,,24.5,8.9,41
12/12/2024,06:00,,,,,,,,,24.4,8.6,37
12/12/2024,07:00,,,,,,,,,24.0,7.9,31
12/12/2024,08:00,,,,,,,,,26.1,7.7,27
12/12/2024,09:00,,,,,,,,,23.0,7.4,24
12/12/2024,10:00,,,,,,,,,20.5,7.0,24
12/12/2024,11:00,,,,,,,,,19.4,6.7,21
12/12/2024,12:00,,,,,,,,,19.9,6.9,23
12/12/2024,13:00,,,,,,,,,20.9,6.9,23
12/12/2024,14:00,,,,,,,,,20.6,6.8,24
12/12/2024,15:00,,,,,,,,,21.1,6.5,24
12/12/2024,16:00,,,,,,,,,20.7,6.5,24
12/12/2024,17:00,,,,,,,,,19.5,6.3,24
12/12/2024,18:00,,,,,,,,,20.2,6.3,25
12/12/2024,19:00,,,,,,,,,18.3,6.1,26
12/12/2024,20:00,,,,,,,,,18.5,6.5,27
12/12/2024,21:00,,,,,,,,,17.4,6.2,26
12/12/2024,22:00,,,,,,,,,17.3,5.8,24
12/12/2024,23:00,,,,,,,,,15.4,5.7,24
13/12/2024,00:00,,,,,,,,,15.3,5.6,24
13/12/2024,01:00,,,,,,,,,15.5,5.7,21
13/12/2024,02:00,,,,,,,,,17.4,7.1,32
13/12/2024,03:00,,,,,,,,,17.6,6.8,30
13/12/2024,04:00,,,,,,,,,17.9,6.9,30
13/12/2024,05:00,,,,,,,,,16.9,6.7,30
13/12/2024,06:00,,,,,,,,,19.7,6.7,29
13/12/2024,07:00,,,,,,,,,20.2,6.2,26
13/12/2024,08:00,,,,,,,,,14.8,5.2,19
13/12/2024,09:00,,,,,,,,,14.2,4.7,17
13/12/2024,10:00,,,,,,,,,13.4,4.5,15
13/12/2024,11:00,,,,,,,,,13.5,4.3,15
13/12/2024,12:00,,,,,,,,,12.3,3.9,13
13/12/2024,13:00,,,,,,,,,10.0,3.6,12
13/12/2024,14:00,,,,,,,,,11.8,3.6,12
13/12/2024,15:00,,,,,,,,,12.1,3.6,12
13/12/2024,16:00,,,,,,,,,9.0,3.1,10
13/12/2024,17:00,,,,,,,,,6.9,2.4,7
13/12/2024,18:00,,,,,,,,,9.5,2.6,8
13/12/2024,19:00,,,,,,,,,8.2,2.4,8
13/12/2024,20:00,,,,,,,,,7.1,2.8,9
13/12/2024,21:00,,,,,,,,,7.6,2.8,9
13/12/2024,22:00,,,,,,,,,5.1,2.1,10
13/12/2024,23:00,,,,,,,,,3.6,1.6,5
14/12/2024,00:00,,,,,,,,,5.5,2.0,7
14/12/2024,01:00,,,,,,,,,5.3,2.2,6
14/12/2024,02:00,,,,,,,,,5.8,2.4,7
14/12/2024,03:00,,,,,,,,,6.7,2.7,9
14/12/2024,04:00,,,,,,,,,7.8,2.9,10
14/12/2024,05:00,,,,,,,,,8.5,3.4,12
14/12/2024,06:00,,,,,,,,,8.5,3.1,11
14/12/2024,07:00,,,,,,,,,8.1,2.9,9
14/12/2024,08:00,,,,,,,,,9.1,3.0,10
14/12/2024,09:00,,,,,,,,,8.9,3.2,11
14/12/2024,10:00,,,,,,,,,7.5,2.8,9
14/12/2024,11:00,,,,,,,,,6.9,2.7,10
14/12/2024,12:00,,,,,,,,,8.8,3.5,14
14/12/2024,13:00,,,,,,,,,7.0,3.0,10
14/12/2024,14:00,,,,,,,,,8.8,3.8,15
14/12/2024,15:00,,,,,,,,,9.6,3.7,16
14/12/2024,16:00,,,,,,,,,9.6,3.8,15
14/12/2024,17:00,,,,,,,,,8.5,3.7,15
14/12/2024,18:00,,,,,,,,,10.3,3.9,16
14/12/2024,19:00,,,,,,,,,12.5,4.2,19
14/12/2024,20:00,,,,,,,,,13.6,4.9,22
14/12/2024,21:00,,,,,,,,,14.9,5.0,24
14/12/2024,22:00,,,,,,,,,14.7,4.3,18
14/12/2024,23:00,,,,,,,,,12.8,4.0,16
15/12/2024,00:00,,,,,,,,,11.9,3.8,15
15/12/2024,01:00,,,,,,,,,11.3,3.7,12
15/12/2024,02:00,,,,,,,,,12.3,3.9,16
15/12/2024,03:00,,,,,,,,,15.5,4.4,21
15/12/2024,04:00,,,,,,,,,15.0,4.2,19
15/12/2024,05:00,,,,,,,,,14.8,3.9,16
15/12/2024,06:00,,,,,,,,,10.7,3.6,14
15/12/2024,07:00,,,,,,,,,12.3,4.2,15
15/12/2024,08:00,,,,,,,,,11.9,4.4,17
15/12/2024,09:00,,,,,,,,,11.2,4.3,17
15/12/2024,10:00,,,,,,,,,11.2,4.1,18
15/12/2024,11:00,,,,,,,,,11.0,4.1,16
15/12/2024,12:00,,,,,,,,,10.4,4.2,17
15/12/2024,13:00,,,,,,,,,11.6,4.4,18
15/12/2024,14:00,,,,,,,,,11.4,4.4,18
15/12/2024,15:00,,,,,,,,,11.7,4.6,19
15/12/2024,16:00,,,,,,,,,13.4,5.1,22
15/12/2024,17:00,,,,,,,,,14.1,5.6,24
15/12/2024,18:00,,,,,,,,,15.5,6.5,29
15/12/2024,19:00,,,,,,,,,19.1,7.9,35
15/12/2024,20:00,,,,,,,,,21.8,9.0,40
15/12/2024,21:00,,,,,,,,,22.8,9.1,39
15/12/2024,22:00,,,,,,,,,17.8,6.4,27
15/12/2024,23:00,,,,,,,,,16.9,5.8,24
16/12/2024,00:00,,,,,,,,,16.3,5.4,23
16/12/2024,01:00,,,,,,,,,9.6,3.6,9
16/12/2024,02:00,,,,,,,,,13.0,4.4,17
16/12/2024,03:00,,,,,,,,,15.6,5.2,18
16/12/2024,04:00,,,,,,,,,17.4,5.7,23
16/12/2024,05:00,,,,,,,,,19.0,5.8,21
16/12/2024,06:00,,,,,,,,,19.1,5.9,21
16/12/2024,07:00,,,,,,,,,19.5,6.1,22
16/12/2024,08:00,,,,,,,,,16.9,5.2,18
16/12/2024,09:00,,,,,,,,,14.4,4.6,17
16/12/2024,10:00,,,,,,,,,13.2,4.2,14
16/12/2024,11:00,,,,,,,,,12.8,3.9,13
16/12/2024,12:00,,,,,,,,,10.4,3.5,11
16/12/2024,13:00,,,,,,,,,11.4,3.8,12
16/12/2024,14:00,,,,,,,,,10.8,3.7,12
16/12/2024,15:00,,,,,,,,,10.8,3.8,14
16/12/2024,16:00,,,,,,,,,11.0,3.9,14
16/12/2024,17:00,,,,,,,,,18.7,6.3,22
16/12/2024,18:00,,,,,,,,,10.6,3.8,14
16/12/2024,19:00,,,,,,,,,7.0,2.6,8
16/12/2024,20:00,,,,,,,,,8.8,3.1,10
16/12/2024,21:00,,,,,,,,,10.5,3.6,12
16/12/2024,22:00,,,,,,,,,6.9,2.8,9
16/12/2024,23:00,,,,,,,,,7.7,2.8,9
17/12/2024,00:00,,,,,,,,,6.2,2.1,7
17/12/2024,01:00,,,,,,,,,6.1,2.1,6
17/12/2024,02:00,,,,,,,,,11.4,3.8,14
17/12/2024,03:00,,,,,,,,,7.7,3.0,11
17/12/2024,04:00,,,,,,,,,7.9,3.1,11
17/12/2024,05:00,,,,,,,,,10.1,3.7,16
17/12/2024,06:00,,,,,,,,,10.7,4.0,17
17/12/2024,07:00,,,,,,,,,11.0,4.0,17
17/12/2024,08:00,,,,,,,,,14.2,4.5,17
17/12/2024,09:00,,,,,,,,,13.8,3.9,15
17/12/2024,10:00,,,,,,,,,14.4,3.7,14
17/12/2024,11:00,,,,,,,,,11.5,3.5,13
17/12/2024,12:00,,,,,,,,,11.3,3.7,14
17/12/2024,13:00,,,,,,,,,14.8,4.2,18
17/12/2024,14:00,,,,,,,,,10.4,3.8,15
17/12/2024,15:00,,,,,,,,,12.7,3.9,15
17/12/2024,16:00,,,,,,,,,12.2,4.0,16
17/12/2024,17:00,,,,,,,,,11.9,4.3,17
17/12/2024,18:00,,,,,,,,,14.3,4.5,18
17/12/2024,19:00,,,,,,,,,14.9,4.6,19
17/12/2024,20:00,,,,,,,,,17.3,4.9,19
17/12/2024,21:00,,,,,,,,,12.3,3.9,16
17/12/2024,22:00,,,,,,,,,11.6,3.7,13
17/12/2024,23:00,,,,,,,,,8.6,3.3,13
18/12/2024,00:00,,,,,,,,,9.3,3.2,12
18/12/2024,01:00,,,,,,,,,10.0,2.9,9
18/12/2024,02:00,,,,,,,,,6.8,2.4,9
18/12/2024,03:00,,,,,,,,,5.7,2.1,8
18/12/2024,04:00,,,,,,,,,7.1,2.4,9
18/12/2024,05:00,,,,,,,,,7.8,2.9,12
18/12/2024,06:00,,,,,,,,,10.0,3.4,17
18/12/2024,07:00,,,,,,,,,12.5,4.9,35
18/12/2024,08:00,,,,,,,,,10.5,4.4,23
18/12/2024,09:00,,,,,,,,,9.8,4.3,21
18/12/2024,10:00,,,,,,,,,9.6,3.7,15
18/12/2024,11:00,,,,,,,,,9.1,3.3,11
18/12/2024,12:00,,,,,,,,,9.7,3.2,13
18/12/2024,13:00,,,,,,,,,8.7,4.0,17
18/12/2024,14:00,,,,,,,,,8.8,3.7,16
18/12/2024,15:00,,,,,,,,,6.7,2.4,8
18/12/2024,16:00,,,,,,,,,8.2,3.0,11
18/12/2024,17:00,,,,,,,,,8.3,2.9,10
18/12/2024,18:00,,,,,,,,,8.8,2.9,10
18/12/2024,19:00,,,,,,,,,9.4,2.8,9
18/12/2024,20:00,,,,,,,,,7.9,2.3,7
18/12/2024,21:00,,,,,,,,,9.4,2.9,8
18/12/2024,22:00,,,,,,,,,14.4,4.1,15
18/12/2024,23:00,,,,,,,,,25.9,8.1,32
19/12/2024,00:00,,,,,,,,,31.1,9.5,33
19/12/2024,01:00,,,,,,,,,32.7,10.4,25
19/12/2024,02:00,,,,,,,,,34.0,10.1,28
19/12/2024,03:00,,,,,,,,,31.9,9.6,31
19/12/2024,04:00,,,,,,,,,18.9,6.1,22
19/12/2024,05:00,,,,,,,,,20.2,5.9,22
19/12/2024,06:00,,,,,,,,,25.9,8.0,29
19/12/2024,07:00,,,,,,,,,28.7,8.7,31
19/12/2024,08:00,,,,,,,,,27.7,8.0,22
19/12/2024,09:00,,,,,,,,,27.0,7.8,23
19/12/2024,10:00,,,,,,,,,27.1,7.6,20
19/12/2024,11:00,,,,,,,,,24.8,7.1,19
19/12/2024,12:00,,,,,,,,,27.1,7.8,23
19/12/2024,13:00,,,,,,,,,31.4,8.8,28
19/12/2024,14:00,,,,,,,,,32.2,8.7,28
19/12/2024,15:00,,,,,,,,,30.7,8.3,26
19/12/2024,16:00,,,,,,,,,29.4,8.0,24
19/12/2024,17:00,,,,,,,,,26.0,7.4,21
19/12/2024,18:00,,,,,,,,,32.3,13.3,44
19/12/2024,19:00,,,,,,,,,26.6,10.0,31
19/12/2024,20:00,,,,,,,,,23.4,7.0,21
19/12/2024,21:00,,,,,,,,,22.7,7.0,21
19/12/2024,22:00,,,,,,,,,22.4,7.0,21
19/12/2024,23:00,,,,,,,,,22.6,6.5,21
20/12/2024,00:00,,,,,,,,,21.4,6.7,23
20/12/2024,01:00,,,,,,,,,21.6,7.2,21
20/12/2024,02:00,,,,,,,,,19.2,6.5,23
20/12/2024,03:00,,,,,,,,,18.5,5.8,22
20/12/2024,04:00,,,,,,,,,18.9,5.6,21
20/12/2024,05:00,,,,,,,,,16.3,5.5,20
20/12/2024,06:00,,,,,,,,,19.4,5.8,21
20/12/2024,07:00,,,,,,,,,21.9,6.5,23
20/12/2024,08:00,,,,,,,,,23.1,6.8,21
20/12/2024,09:00,,,,,,,,,21.9,6.6,18
20/12/2024,10:00,,,,,,,,,18.6,6.2,18
20/12/2024,11:00,,,,,,,,,24.5,6.9,21
20/12/2024,12:00,,,,,,,,,25.3,6.8,21
20/12/2024,13:00,,,,,,,,,26.0,6.7,20
20/12/2024,14:00,,,,,,,,,26.2,6.8,21
20/12/2024,15:00,,,,,,,,,24.0,7.1,22
20/12/2024,16:00,,,,,,,,,25.4,7.1,23
20/12/2024,17:00,,,,,,,,,24.9,7.0,24
20/12/2024,18:00,,,,,,,,,25.1,7.2,25
20/12/2024,19:00,,,,,,,,,22.6,7.2,26
20/12/2024,20:00,,,,,,,,,23.3,7.5,27
20/12/2024,21:00,,,,,,,,,21.4,7.2,28
20/12/2024,22:00,,,,,,,,,21.2,6.9,26
20/12/2024,23:00,,,,,,,,,20.0,6.4,24
21/12/2024,00:00,,,,,,,,,19.7,6.2,23
21/12/2024,01:00,,,,,,,,,19.3,6.4,19
21/12/2024,02:00,,,,,,,,,19.4,6.3,24
21/12/2024,03:00,,,,,,,,,18.3,6.5,26
21/12/2024,04:00,,,,,,,,,20.5,6.7,27
21/12/2024,05:00,,,,,,,,,21.3,7.0,28
21/12/2024,06:00,,,,,,,,,21.4,6.7,26
21/12/2024,07:00,,,,,,,,,22.2,7.4,27
21/12/2024,08:00,,,,,,,,,23.9,7.6,25
21/12/2024,09:00,,,,,,,,,22.5,8.0,26
21/12/2024,10:00,,,,,,,,,22.0,8.5,27
21/12/2024,11:00,,,,,,,,,23.6,8.0,26
21/12/2024,12:00,,,,,,,,,20.9,7.8,26
21/12/2024,13:00,,,,,,,,,19.4,7.6,26
21/12/2024,14:00,,,,,,,,,19.7,7.0,24
21/12/2024,15:00,,,,,,,,,20.6,7.0,24
21/12/2024,16:00,,,,,,,,,20.7,7.0,24
21/12/2024,17:00,,,,,,,,,19.6,6.6,24
21/12/2024,18:00,,,,,,,,,17.0,6.2,23
21/12/2024,19:00,,,,,,,,,18.7,6.7,25
21/12/2024,20:00,,,,,,,,,17.1,6.4,24
21/12/2024,21:00,,,,,,,,,15.8,5.8,23
21/12/2024,22:00,,,,,,,,,17.0,5.5,22
21/12/2024,23:00,,,,,,,,,17.8,5.6,22
22/12/2024,00:00,,,,,,,,,18.3,5.8,23
22/12/2024,01:00,,,,,,,,,18.4,6.1,20
22/12/2024,02:00,,,,,,,,,20.0,6.0,23
22/12/2024,03:00,,,,,,,,,18.0,5.8,24
22/12/2024,04:00,,,,,,,,,17.7,6.5,29
22/12/2024,05:00,,,,,,,,,17.7,7.3,33
22/12/2024,06:00,,,,,,,,,18.6,8.3,39
22/12/2024,07:00,,,,,,,,,17.2,5.9,23
22/12/2024,08:00,,,,,,,,,14.8,5.2,18
22/12/2024,09:00,,,,,,,,,14.0,5.2,16
22/12/2024,10:00,,,,,,,,,14.4,5.1,15
22/12/2024,11:00,,,,,,,,,12.2,4.4,12
22/12/2024,12:00,,,,,,,,,12.8,4.4,12
22/12/2024,13:00,,,,,,,,,18.4,4.8,14
22/12/2024,14:00,,,,,,,,,15.8,4.6,15
22/12/2024,15:00,,,,,,,,,15.8,4.6,14
22/12/2024,16:00,,,,,,,,,12.5,4.3,14
22/12/2024,17:00,,,,,,,,,13.2,4.3,15
22/12/2024,18:00,,,,,,,,,13.4,4.4,16
22/12/2024,19:00,,,,,,,,,11.6,4.0,15
22/12/2024,20:00,,,,,,,,,12.3,4.0,14
22/12/2024,21:00,,,,,,,,,12.2,3.9,13
22/12/2024,22:00,,,,,,,,,12.4,3.8,14
22/12/2024,23:00,,,,,,,,,12.1,3.9,14
23/12/2024,00:00,,,,,,,,,11.7,4.1,15
23/12/2024,01:00,,,,,,,,,13.3,4.2,12
23/12/2024,02:00,,,,,,,,,12.0,4.0,14
23/12/2024,03:00,,,,,,,,,12.2,3.8,14
23/12/2024,04:00,,,,,,,,,11.7,3.7,14
23/12/2024,05:00,,,,,,,,,11.5,3.8,14
23/12/2024,06:00,,,,,,,,,11.6,3.9,14
23/12/2024,07:00,,,,,,,,,12.4,4.0,14
23/12/2024,08:00,,,,,,,,,12.2,4.0,12
23/12/2024,09:00,,,,,,,,,13.2,4.2,12
23/12/2024,10:00,,,,,,,,,13.9,4.6,13
23/12/2024,11:00,,,,,,,,,15.8,5.0,15
23/12/2024,12:00,,,,,,,,,15.7,5.1,16
23/12/2024,13:00,,,,,,,,,16.9,5.0,16
23/12/2024,14:00,,,,,,,,,16.3,4.9,16
23/12/2024,15:00,,,,,,,,,16.1,5.0,16
23/12/2024,16:00,,,,,,,,,15.6,4.6,16
23/12/2024,17:00,,,,,,,,,16.8,5.1,19
23/12/2024,18:00,,,,,,,,,16.1,5.3,19
23/12/2024,19:00,,,,,,,,,17.1,5.5,19
23/12/2024,20:00,,,,,,,,,16.7,5.3,19
23/12/2024,21:00,,,,,,,,,17.0,5.5,21
23/12/2024,22:00,,,,,,,,,14.8,5.0,20
23/12/2024,23:00,,,,,,,,,14.5,5.0,19
24/12/2024,00:00,,,,,,,,,15.2,5.0,20
24/12/2024,01:00,,,,,,,,,14.0,5.3,18
24/12/2024,02:00,,,,,,,,,14.6,5.6,22
24/12/2024,03:00,,,,,,,,,14.8,5.8,23
24/12/2024,04:00,,,,,,,,,15.6,6.0,23
24/12/2024,05:00,,,,,,,,,23.4,8.7,33
24/12/2024,06:00,,,,,,,,,31.3,11.5,42
24/12/2024,07:00,,,,,,,,,35.7,12.2,43
24/12/2024,08:00,,,,,,,,,33.7,12.0,37
24/12/2024,09:00,,,,,,,,,31.6,11.3,33
24/12/2024,10:00,,,,,,,,,29.7,11.1,33
24/12/2024,11:00,,,,,,,,,28.9,10.3,28
24/12/2024,12:00,,,,,,,,,30.4,10.1,27
24/12/2024,13:00,,,,,,,,,35.7,10.7,32
24/12/2024,14:00,,,,,,,,,35.0,9.9,31
24/12/2024,15:00,,,,,,,,,32.8,9.4,30
24/12/2024,16:00,,,,,,,,,30.9,9.3,30
24/12/2024,17:00,,,,,,,,,30.5,8.7,28
24/12/2024,18:00,,,,,,,,,30.5,8.3,27
24/12/2024,19:00,,,,,,,,,28.7,8.2,28
24/12/2024,20:00,,,,,,,,,29.9,8.2,27
24/12/2024,21:00,,,,,,,,,26.4,7.7,26
24/12/2024,22:00,,,,,,,,,25.8,7.4,25
24/12/2024,23:00,,,,,,,,,25.6,7.2,23
25/12/2024,00:00,,,,,,,,,23.7,6.7,21
25/12/2024,01:00,,,,,,,,,23.0,6.8,17
25/12/2024,02:00,,,,,,,,,23.6,6.7,20
25/12/2024,03:00,,,,,,,,,22.6,6.6,21
25/12/2024,04:00,,,,,,,,,20.5,6.4,21
25/12/2024,05:00,,,,,,,,,21.0,6.3,20
25/12/2024,06:00,,,,,,,,,21.1,6.3,20
25/12/2024,07:00,,,,,,,,,24.1,6.3,19
25/12/2024,08:00,,,,,,,,,23.9,6.6,16
25/12/2024,09:00,,,,,,,,,22.4,6.5,17
25/12/2024,10:00,,,,,,,,,22.1,6.3,16
25/12/2024,11:00,,,,,,,,,21.5,6.5,17
25/12/2024,12:00,,,,,,,,,20.1,6.5,18
25/12/2024,13:00,,,,,,,,,20.6,6.3,18
25/12/2024,14:00,,,,,,,,,21.7,6.3,19
25/12/2024,15:00,,,,,,,,,22.4,6.9,23
25/12/2024,16:00,,,,,,,,,19.9,6.4,21
25/12/2024,17:00,,,,,,,,,24.4,7.0,23
25/12/2024,18:00,,,,,,,,,24.5,7.4,24
25/12/2024,19:00,,,,,,,,,23.9,7.0,23
25/12/2024,20:00,,,,,,,,,22.5,6.6,23
25/12/2024,21:00,,,,,,,,,21.4,6.4,22
25/12/2024,22:00,,,,,,,,,21.2,6.4,22
25/12/2024,23:00,,,,,,,,,20.1,6.3,22
26/12/2024,00:00,,,,,,,,,21.8,6.7,24
26/12/2024,01:00,,,,,,,,,20.3,6.5,18
26/12/2024,02:00,,,,,,,,,19.6,6.6,25
26/12/2024,03:00,,,,,,,,,17.3,6.1,23
26/12/2024,04:00,,,,,,,,,18.4,6.2,23
26/12/2024,05:00,,,,,,,,,18.2,6.0,22
26/12/2024,06:00,,,,,,,,,18.4,6.1,22
26/12/2024,07:00,,,,,,,,,18.2,6.0,21
26/12/2024,08:00,,,,,,,,,16.5,5.5,16
26/12/2024,09:00,,,,,,,,,17.2,4.5,12
26/12/2024,10:00,,,,,,,,,14.8,4.2,11
26/12/2024,11:00,,,,,,,,,13.8,4.3,11
26/12/2024,12:00,,,,,,,,,15.7,4.5,11
26/12/2024,13:00,,,,,,,,,16.2,4.7,13
26/12/2024,14:00,,,,,,,,,16.7,4.6,14
26/12/2024,15:00,,,,,,,,,16.9,4.5,14
26/12/2024,16:00,,,,,,,,,14.3,4.4,14
26/12/2024,17:00,,,,,,,,,14.9,4.2,13
26/12/2024,18:00,,,,,,,,,14.6,4.1,13
26/12/2024,19:00,,,,,,,,,14.7,4.4,14
26/12/2024,20:00,,,,,,,,,16.3,5.0,17
26/12/2024,21:00,,,,,,,,,15.3,4.6,16
26/12/2024,22:00,,,,,,,,,13.3,4.3,15
26/12/2024,23:00,,,,,,,,,13.3,4.7,16
27/12/2024,00:00,,,,,,,,,15.3,5.0,17
27/12/2024,01:00,,,,,,,,,14.2,4.9,14
27/12/2024,02:00,,,,,,,,,16.0,4.9,16
27/12/2024,03:00,,,,,,,,,14.4,4.7,16
27/12/2024,04:00,,,,,,,,,14.8,4.7,17
27/12/2024,05:00,,,,,,,,,12.7,4.4,16
27/12/2024,06:00,,,,,,,,,14.2,4.5,16
27/12/2024,07:00,,,,,,,,,15.2,4.5,15
27/12/2024,08:00,,,,,,,,,13.0,4.5,12
27/12/2024,09:00,,,,,,,,,12.6,4.4,11
27/12/2024,10:00,,,,,,,,,14.8,4.6,12
27/12/2024,11:00,,,,,,,,,14.7,4.7,13
27/12/2024,12:00,,,,,,,,,19.4,5.5,16
27/12/2024,13:00,,,,,,,,,19.6,5.4,16
27/12/2024,14:00,,,,,,,,,17.3,5.3,16
27/12/2024,15:00,,,,,,,,,19.5,5.6,17
27/12/2024,16:00,,,,,,,,,22.7,6.7,21
27/12/2024,17:00,,,,,,,,,20.7,6.8,24
27/12/2024,18:00,,,,,,,,,22.8,7.3,26
27/12/2024,19:00,,,,,,,,,22.7,7.5,28
27/12/2024,20:00,,,,,,,,,22.8,7.7,28
27/12/2024,21:00,,,,,,,,,22.0,7.3,28
27/12/2024,22:00,,,,,,,,,22.5,7.3,27
27/12/2024,23:00,,,,,,,,,19.7,6.8,26
28/12/2024,00:00,,,,,,,,,18.7,6.9,27
28/12/2024,01:00,,,,,,,,,20.9,7.0,22
28/12/2024,02:00,,,,,,,,,19.1,6.6,24
28/12/2024,03:00,,,,,,,,,18.7,6.6,25
28/12/2024,04:00,,,,,,,,,16.1,5.9,22
28/12/2024,05:00,,,,,,,,,15.0,4.8,18
28/12/2024,06:00,,,,,,,,,14.3,5.1,19
28/12/2024,07:00,,,,,,,,,15.0,5.5,19
28/12/2024,08:00,,,,,,,,,16.5,6.2,20
28/12/2024,09:00,,,,,,,,,18.1,7.6,23
28/12/2024,10:00,,,,,,,,,19.5,8.4,26
28/12/2024,11:00,,,,,,,,,21.0,7.5,25
28/12/2024,12:00,,,,,,,,,21.1,7.7,26
28/12/2024,13:00,,,,,,,,,21.9,7.7,27
28/12/2024,14:00,,,,,,,,,24.7,7.6,27
28/12/2024,15:00,,,,,,,,,24.6,8.3,29
28/12/2024,16:00,,,,,,,,,26.1,8.7,31
28/12/2024,17:00,,,,,,,,,28.4,9.1,33
28/12/2024,18:00,,,,,,,,,28.2,9.3,34
28/12/2024,19:00,,,,,,,,,28.5,9.4,36
28/12/2024,20:00,,,,,,,,,18.5,7.2,22
28/12/2024,21:00,,,,,,,,,13.2,5.5,19
28/12/2024,22:00,,,,,,,,,15.2,6.4,24
28/12/2024,23:00,,,,,,,,,16.5,7.0,28
29/12/2024,00:00,,,,,,,,,17.6,7.4,28
29/12/2024,01:00,,,,,,,,,15.2,6.6,22
29/12/2024,02:00,,,,,,,,,14.9,6.2,23
29/12/2024,03:00,,,,,,,,,15.9,7.1,30
29/12/2024,04:00,,,,,,,,,17.0,7.0,29
29/12/2024,05:00,,,,,,,,,17.3,6.9,27
29/12/2024,06:00,,,,,,,,,19.1,7.2,29
29/12/2024,07:00,,,,,,,,,19.7,7.3,30
29/12/2024,08:00,,,,,,,,,20.2,7.9,33
29/12/2024,09:00,,,,,,,,,19.0,8.5,35
29/12/2024,10:00,,,,,,,,,22.2,9.0,38
29/12/2024,11:00,,,,,,,,,18.7,8.6,35
29/12/2024,12:00,,,,,,,,,21.2,9.2,37
29/12/2024,13:00,,,,,,,,,22.3,9.6,39
29/12/2024,14:00,,,,,,,,,20.5,8.8,35
29/12/2024,15:00,,,,,,,,,20.4,8.6,34
29/12/2024,16:00,,,,,,,,,21.4,8.7,35
29/12/2024,17:00,,,,,,,,,22.2,8.5,34
29/12/2024,18:00,,,,,,,,,23.1,9.0,37
29/12/2024,19:00,,,,,,,,,25.2,10.2,43
29/12/2024,20:00,,,,,,,,,25.6,10.1,44
29/12/2024,21:00,,,,,,,,,25.0,9.9,42
29/12/2024,22:00,,,,,,,,,26.9,10.1,44
29/12/2024,23:00,,,,,,,,,23.2,9.4,40
30/12/2024,00:00,,,,,,,,,21.6,8.6,37
30/12/2024,01:00,,,,,,,,,18.8,7.7,25
30/12/2024,02:00,,,,,,,,,18.0,7.3,27
30/12/2024,03:00,,,,,,,,,18.8,7.6,30
30/12/2024,04:00,,,,,,,,,17.6,7.6,31
30/12/2024,05:00,,,,,,,,,19.7,8.0,35
30/12/2024,06:00,,,,,,,,,22.1,8.4,35
30/12/2024,07:00,,,,,,,,,21.6,7.7,28
30/12/2024,08:00,,,,,,,,,18.9,7.3,26
30/12/2024,09:00,,,,,,,,,20.7,7.5,26
30/12/2024,10:00,,,,,,,,,19.5,7.1,25
30/12/2024,11:00,,,,,,,,,19.5,7.1,25
30/12/2024,12:00,,,,,,,,,18.3,6.7,23
30/12/2024,13:00,,,,,,,,,19.6,6.7,21
30/12/2024,14:00,,,,,,,,,18.4,6.6,20
30/12/2024,15:00,,,,,,,,,18.0,6.7,21
30/12/2024,16:00,,,,,,,,,19.2,7.1,25
30/12/2024,17:00,,,,,,,,,21.9,7.5,29
30/12/2024,18:00,,,,,,,,,22.2,8.0,32
30/12/2024,19:00,,,,,,,,,22.3,8.1,33
30/12/2024,20:00,,,,,,,,,19.6,7.5,32
30/12/2024,21:00,,,,,,,,,20.2,7.8,32
30/12/2024,22:00,,,,,,,,,16.7,7.1,30
30/12/2024,23:00,,,,,,,,,16.4,6.4,28
31/12/2024,00:00,,,,,,,,,17.3,6.3,26
31/12/2024,01:00,,,,,,,,,14.4,5.9,21
31/12/2024,02:00,,,,,,,,,14.1,5.8,23
31/12/2024,03:00,,,,,,,,,15.1,6.1,24
31/12/2024,04:00,,,,,,,,,15.4,6.0,24
31/12/2024,05:00,,,,,,,,,10.1,3.6,11
31/12/2024,06:00,,,,,,,,,9.1,3.6,14
31/12/2024,07:00,,,,,,,,,7.6,3.3,13
31/12/2024,08:00,,,,,,,,,8.9,3.5,13
31/12/2024,09:00,,,,,,,,,7.9,3.6,13
31/12/2024,10:00,,,,,,,,,9.5,4.0,14
31/12/2024,11:00,,,,,,,,,13.4,5.2,19
31/12/2024,12:00,,,,,,,,,18.3,6.8,25
31/12/2024,13:00,,,,,,,,,17.9,6.6,24
31/12/2024,14:00,,,,,,,,,19.1,6.7,23
31/12/2024,15:00,,,,,,,,,17.1,6.4,22
31/12/2024,16:00,,,,,,,,,19.5,6.6,23
31/12/2024,17:00,,,,,,,,,20.5,7.0,25
31/12/2024,18:00,,,,,,,,,21.0,7.4,28
31/12/2024,19:00,,,,,,,,,20.1,7.4,29
31/12/2024,20:00,,,,,,,,,20.3,7.9,32
31/12/2024,21:00,,,,,,,,,19.5,7.7,31
31/12/2024,22:00,,,,,,,,,19.6,7.2,30
31/12/2024,23:00,,,,,,,,,20.6,7.3,29
